mode,kz_real,kz_imag,pq_relative_residual,forward_uv_flux,forward_cartesian_flux
0,5.553369955966755e-16,9.06934139677371,8.445210254045615e-15,-1.7441859842122017e-16,-4.721458129022796e-18
1,5.528751176979622e-16,9.029135879551482,8.70079042088266e-15,-2.1330175614782808e-16,7.759565321549597e-18
2,5.528743874130063e-16,9.029123953093071,7.909599770545343e-15,-1.8331054472695406e-16,5.2422638749477764e-18
3,5.491785732960272e-16,8.968766728143766,7.947320501104738e-15,-1.6017999387640606e-16,5.621820096609292e-18
4,5.443827404501411e-16,8.890444834039684,8.567259899799741e-15,-1.782431037038327e-16,-4.278635661589003e-18
5,5.528751176979583e-16,9.029135879551418,1.0414766178683054e-14,-1.4223503996189627e-16,-4.1699347709699844e-16
6,5.480975092414084e-16,8.951111612311651,9.544200802948818e-15,-2.35438182357744e-16,3.5715847245711755e-18
7,5.480975092414091e-16,8.951111612311664,8.10944784413343e-15,-1.0907025877191359e-16,3.642997584334313e-16
8,5.277020896610932e-16,8.618029133436677,6.613090719020585e-15,-5.722937858870529e-17,-1.4754038546171478e-18
9,2.4482909814376734e-15,8.64274705607994,6.8218643120024524e-15,3.29033488039068e-17,1.7209575397145138e-18
10,5.284921417474371e-16,8.63093166316025,7.352755549416938e-15,-4.4580745968565123e-17,-9.95816828030005e-19
11,2.44128896382747e-15,8.618029133436746,1.3600867259705886e-14,3.229311092056418e-17,9.33693423489336e-19
12,5.062635516261484e-16,8.26791123740541,8.974912715135208e-15,-2.956302375684619e-17,5.5403994159489194e-18
13,5.019631142360891e-16,8.19767976506492,8.99691342086653e-15,-1.87122059911859e-17,6.2960437585139e-18
14,4.993904631727384e-16,8.155665184777089,7.172194545281989e-15,-1.7987433439905515e-17,4.952508032038463e-18
15,5.019631142360878e-16,8.1976797650649,8.592784417203182e-15,-1.6320831613252073e-17,1.0429778211356601e-17
16,4.846220018666322e-16,7.914477908308663,1.9186072124730886e-14,-9.305020384268193e-17,-5.667009912414664e-18
17,4.855044896800315e-16,7.928890028015566,2.1607627624134874e-14,-9.817742694135994e-17,-5.304304483186949e-18
18,4.853948105297434e-16,7.927098831560156,2.0480919382002334e-14,-1.2453650835934132e-16,-1.0572650763296557e-18
19,4.853851432162082e-16,7.926940952348909,1.9102671591763703e-14,-1.1908425359362033e-16,-1.0561918724204747e-18
20,4.849660210880346e-16,7.920096168555486,1.6565487584627424e-14,-1.067501133188421e-16,-4.713288841726973e-18
21,4.853419906289061e-16,7.92623621711697,1.74904889221386e-14,-7.485728432358108e-17,-1.8734519713843796e-18
22,4.849660210880356e-16,7.920096168555502,1.917061421555906e-14,-8.291414285051487e-17,-8.265542255977729e-18
23,4.853419906289043e-16,7.926236217116941,2.102516225631184e-14,-8.355894015431166e-17,8.1438996975308e-18
24,4.778281224973025e-16,7.803525438191405,1.4569646128609112e-14,1.292231794177767e-17,1.5689857064487133e-19
25,4.775852633129328e-16,7.799559246722341,1.193882898693389e-14,1.2912111063177779e-17,-1.807145726809752e-20
26,4.737190731061717e-16,7.736419569070745,1.1444933994023145e-14,1.0612637537698018e-17,1.1652218106757156e-18
27,4.730813361908056e-16,7.726004534861533,9.51602333935593e-15,9.688966449681333e-18,1.896941375003304e-18
28,4.764886611167877e-16,7.781650373781856,1.0472874017262902e-14,1.0426401842060664e-17,-4.14358080204838e-20
29,4.77696299220015e-16,7.801372600697699,1.390171205828602e-14,1.2654003797466697e-17,5.426960521315858e-20
30,4.776962992200173e-16,7.801372600697737,1.2587762948189211e-14,1.3021171721656828e-17,2.3170316082240367e-19
31,4.764886611167898e-16,7.781650373781891,1.0879732215431048e-14,9.697865670661542e-18,2.4255005517876523e-18
32,4.68120617762331e-16,7.644989854842309,1.589185037106125e-14,-1.245056307877122e-16,-3.0525861056206884e-18
33,4.676324358170692e-16,7.637017238646328,1.7553164847377632e-14,-8.22683286994086e-17,-5.6137739106817075e-18
34,4.625297447394343e-16,7.553683969312058,1.6052214666551547e-14,-1.0737655135283584e-16,-9.009536401271028e-18
35,4.626759131006465e-16,7.5560710798048785,1.9425360862984792e-14,-1.1710302968348785e-16,-8.433623061279992e-18
36,4.627336302800099e-16,7.557013672875853,1.716019286310707e-14,-1.0985807749337711e-16,-9.595636580768602e-18
37,4.678390123403368e-16,7.640390889292562,1.9077330291967882e-14,-1.341525023199253e-16,-1.743233525404564e-17
38,4.678390123403321e-16,7.640390889292486,1.5921637158917956e-14,-1.6695982108225241e-16,-8.374861254205952e-19
39,4.626759131006422e-16,7.55607107980481,1.5305661361801915e-14,-8.885987027476538e-17,-9.097600309581017e-18
40,4.577108208672186e-16,7.474984970130077,1.1333216485875806e-14,1.2108068733726022e-17,1.4942740069886892e-19
41,4.541320673074013e-16,7.416539489158599,1.0584505950639675e-14,1.084441930761105e-17,6.374674486727652e-19
42,4.546676220233575e-16,7.425285761411614,1.2518095471048004e-14,1.0506705326725678e-17,4.145749973472836e-19
43,4.561369350663822e-16,7.449281464402021,1.1574126122164355e-14,-3.7661075028939346e-17,-3.873120979180418e-18
44,4.562779245474602e-16,7.451583997363791,1.5651095640956323e-14,1.2383034781941832e-17,5.295989985730701e-20
45,4.569969223599441e-16,7.463326122733888,1.3634165003777269e-14,-9.01681550811787e-17,-5.903248571785091e-18
46,4.492178221520349e-16,7.336283775286031,1.8372174513333013e-14,-8.467068504646771e-17,-9.41980124175597e-18
47,4.4916741865762925e-16,7.335460623754655,1.9097872105927738e-14,-1.1121626690622764e-16,-1.5946234737197047e-17
48,4.491895617906805e-16,7.335822248560545,1.4616585327395134e-14,-1.0071652996408072e-16,-9.861130553077106e-18
49,4.514942666259368e-16,7.373460934863581,1.094657910082899e-14,1.0502225088555557e-17,1.9002094533619348e-18
50,4.569807047149311e-16,7.463061268491434,1.5517076949468056e-14,1.596725543955472e-17,-1.45432981815727e-19
51,4.569807047149313e-16,7.463061268491439,9.827348061309989e-15,1.2197095446726124e-17,-1.6491378905200515e-18
52,4.565413195004501e-16,7.455885563385491,1.4297849123876427e-14,-5.975076094684972e-17,-3.612460804387273e-18
53,4.565413195004486e-16,7.455885563385466,1.3496901513146408e-14,-5.1764396928940656e-17,-2.3562159058485645e-17
54,4.514942666259365e-16,7.373460934863577,1.0678568083293069e-14,2.656220497150455e-17,-1.186029030061372e-18
55,4.452738569456116e-16,7.271873935499257,1.206083834493181e-14,1.1576295778594942e-17,6.757716732681083e-19
56,4.443649122865032e-16,7.257029742712549,1.1355192651892789e-14,1.1085226515723788e-17,7.582375552073518e-19
57,4.4364728561636914e-16,7.245310009796354,1.1577688678435811e-14,1.148654843801854e-17,4.110574005290048e-19
58,4.429054790507734e-16,7.233195389219838,1.4221048532931584e-14,-7.696702602553173e-17,1.6034802052719262e-17
59,4.491674186576258e-16,7.3354606237545985,1.6025731772367175e-14,-8.39006327075516e-17,4.661774256554396e-19
60,4.430043655922908e-16,7.234810328998169,1.3431864829602865e-14,-8.047387930230713e-17,-5.313106756821641e-18
61,4.427371368870609e-16,7.230446153051014,1.2353775138257027e-14,-7.843460286233824e-17,-6.646045054407366e-18
62,4.404818557581921e-16,7.193614617126713,1.172217854072308e-14,1.0238372791230333e-17,3.827007378008111e-18
63,2.0557492144363096e-15,7.257029742712538,8.375983505492993e-15,5.130446966294222e-17,-7.523539609572563e-19
64,4.3831361340932727e-16,7.158204532351667,1.079432745189131e-14,1.0264436556240407e-17,3.5640507119143424e-18
65,4.404818557581912e-16,7.193614617126698,1.1651329275660546e-14,1.1380367597154366e-17,1.428286086905398e-18
66,4.429054790507727e-16,7.233195389219826,1.259308819576481e-14,-8.481204586004885e-17,4.2420332564939944e-18
67,4.3767050445172686e-16,7.147701766034911,8.810398179564252e-15,1.0186380366350894e-17,4.7166032777353637e-20
68,4.362977304972875e-16,7.125282666007129,1.4984651225815822e-14,-1.027974732170366e-16,-1.8201277889678074e-17
69,4.358474101147213e-16,7.1179283760538175,1.5030805980986748e-14,-1.0521976231672905e-16,-1.533321228288211e-17
70,4.3561931038648415e-16,7.114203224795578,1.2692266183983629e-14,-1.0219836308161471e-16,-1.389198041364647e-17
71,4.358474101147201e-16,7.117928376053798,1.2939706867604496e-14,-8.889599637857159e-17,-9.840587582573857e-18
72,4.300297904609665e-16,7.0229194370224945,9.662362838303259e-15,1.1954615082731223e-17,1.5863317045441243e-19
73,4.3143281365873227e-16,7.045832544683293,1.401856663076297e-14,-1.170642700740526e-16,-9.58959896861139e-18
74,4.3129853533137877e-16,7.043639613179336,1.3252757814745914e-14,1.1971684323886148e-17,1.7682518119250392e-18
75,-4.2868927729293526e-16,7.001027195619266,1.4138730331202614e-14,3.997286185806745e-16,6.721493129336328e-17
76,4.309171912519169e-16,7.037411791741721,1.2193558319860251e-14,-1.0038815363029169e-16,-1.2951620732586054e-17
77,-4.283668615870627e-16,6.995761747555432,1.68300785858037e-14,4.127269478721594e-16,7.420870094330899e-17
78,-4.3116100398271027e-16,7.041393555805663,1.2305525213083239e-14,2.87649535606079e-16,-7.08373519893061e-18
79,4.309486628719962e-16,7.037925762302069,8.90185525184377e-15,1.1786687245674986e-17,-2.4716924367653146e-18
80,4.2704073798937524e-16,6.974104505669677,1.0308745067516282e-14,9.334418220794426e-18,-1.0124105598770183e-18
81,4.3116100398271156e-16,7.041393555805684,1.3498452767082968e-14,-8.751292756713875e-17,8.38010642156648e-18
82,3.556415553636117e-15,7.037925762302058,9.925047449441821e-15,9.231394406081553e-17,-2.783184205551735e-17
83,4.2852437456250115e-16,6.998334129658551,1.631578646583734e-14,-1.5583984347170901e-16,-1.7576904765090194e-16
84,4.285243745625018e-16,6.998334129658562,1.6949007824267102e-14,-1.4151804672851936e-16,-3.1957660305080993e-19
85,4.26843742675165e-16,6.970887328041853,1.0401302432685835e-14,1.1791538247040161e-17,9.131472602114044e-19
86,4.263464643385599e-16,6.962766156501596,1.1473220935388177e-14,1.1569600665115223e-17,2.3913869719456603e-18
87,-4.2357457549066035e-16,6.917497776266095,1.3875803394301695e-14,4.159462069739171e-16,4.331725260339916e-17
88,4.2704073798937395e-16,6.974104505669657,9.30658028626779e-15,6.932184803443236e-18,-1.7415002086519874e-17
89,4.237522188297339e-16,6.920398912156006,1.4884462734091763e-14,-8.857954245522446e-17,-1.2628016883681196e-17
90,4.2370439573598086e-16,6.9196179017653145,1.4049666854893758e-14,-9.99696840552913e-17,-3.547915324935874e-17
91,4.2249623888047227e-16,6.8998872029818,1.4552284603965904e-14,-1.0806937664114376e-16,-1.4271919563886656e-17
92,1.9601682189656503e-15,6.9196179017653705,1.5220636960774998e-14,-1.0692526887135088e-15,-6.504605484075301e-17
93,-0.002439064650017845,6.871163141817628,9.303947676957649e-15,2.3726739256339367e-06,1.173178760380603e-05
94,1.9464809458311693e-15,6.871300262854929,1.0912373124907631e-14,5.378249933569872e-17,3.540613833034574e-17
95,0.0024390646500193716,6.871163141817631,9.281952671810805e-15,-2.3726739256761664e-06,-1.1731787603826516e-05
96,-4.2047227731188206e-16,6.8668334021634845,1.3242688710325299e-14,1.8709804221747793e-16,1.10783362729563e-17
97,-4.219829804394167e-16,6.891505056530874,1.4306320423094e-14,3.007339683849427e-16,8.685588296627622e-18
98,1.9384700479529838e-15,6.843020877529338,1.013773044914061e-14,5.1868078179013226e-17,1.3232803652276412e-17
99,4.189040230765654e-16,6.841221866879866,9.009245454290439e-15,1.2343076886229763e-17,5.8190460095600245e-18
100,4.17728497328912e-16,6.822024074529095,1.2985549796943653e-14,-1.0329921938525457e-16,-2.6931984110123836e-17
101,1.9522044980556555e-15,6.891505056530821,1.7076918586439274e-14,-7.69907661899478e-16,-7.463528071238915e-19
102,-0.001961938494854884,6.8471916655229395,1.0310963504696307e-14,-2.91133926593666e-06,4.0253338583013794e-06
103,0.001961938494853358,6.847191665522921,1.1598993438480151e-14,2.911339265621591e-06,-4.025333858458772e-06
104,-1.9436795388470413e-15,6.861410975940701,1.221281343872313e-14,-4.303959433182276e-17,5.44368014515422e-18
105,4.201402494660094e-16,6.861410975940613,1.2226400028686376e-14,8.90476647237958e-18,7.538885329955637e-17
106,4.1596926097754107e-16,6.793293564596014,1.0958357408733904e-14,1.3473613369672378e-17,5.114245935695845e-18
107,0.001961938494807741,6.847191665522901,9.61889355596213e-15,2.911339265819729e-06,-4.025333858742833e-06
108,-0.0019619384948092638,6.847191665522909,1.0439656749902593e-14,-2.9113392660609096e-06,4.025333858575344e-06
109,4.1504558853193125e-16,6.778208848802809,9.851230407280285e-15,1.1939924871293767e-17,3.353730201147137e-18
110,-4.15318708707477e-16,6.782669239761833,1.2658551159411015e-14,3.387366906022724e-16,3.874725493499769e-17
111,-4.1296504610173886e-16,6.744231012390857,1.1878518075682756e-14,3.3766304931278746e-16,2.7324133619509804e-17
112,4.124182042536704e-16,6.735300407281708,1.0988452863369198e-14,1.2932807406244308e-17,-1.1554357402713173e-18
113,4.115993455660304e-16,6.721927430057416,1.1762153809453825e-14,1.092728019985211e-17,9.149933804987288e-18
114,0.003795845070392491,6.763654598570578,1.0388131021851816e-14,1.337104159021378e-07,-7.401547283838046e-05
115,-0.003795845070390993,6.763654598570585,1.2608723475983812e-14,-1.3371041595396267e-07,7.401547283820863e-05
116,-0.003795845070431536,6.763654598570573,1.1072200823356215e-14,-1.337104144267555e-07,7.401547283919349e-05
117,4.109635738587677e-16,6.711544490132119,9.912162198520074e-15,8.264616541994071e-18,3.435538894877865e-18
118,4.108536742699784e-16,6.709749693642783,9.377926600570384e-15,-2.1763821742576173e-18,4.287508663656046e-18
119,0.003795845070427037,6.763654598570585,1.1147790870783956e-14,1.3371041401627655e-07,-7.401547283928368e-05
120,-4.1052317781766845e-16,6.704352276974728,1.6499924617429424e-14,3.607910657184438e-16,1.2499783014176645e-16
121,-4.086932969210187e-16,6.6744680540637,1.677804738545663e-14,3.875907556834991e-16,2.459113173955792e-16
122,-3.3552347784772553e-15,6.639801488291722,1.059110974546001e-14,-6.945812533544763e-17,-5.833140938350552e-17
123,4.122235559949821e-16,6.732121559979387,7.965458190999613e-15,1.266066413937104e-17,6.077478094914734e-20
124,-4.0614339317331444e-16,6.632824965632333,1.0190487486345371e-14,4.1656882708532856e-17,-5.611433140993228e-17
125,4.058973913033421e-16,6.628807450212481,8.819781121740482e-15,1.0716340550981327e-17,2.1747477717319954e-18
126,1.9070548280878927e-15,6.732121559979395,8.024794461434689e-15,6.523029173127962e-17,3.727129987564387e-17
127,-4.0409012311322394e-16,6.599292520824244,1.6655236472548298e-14,3.4743449025752383e-16,9.229351964031367e-17
128,4.0189676998731144e-16,6.563472345938888,1.6558090908169772e-14,-1.822892697775638e-16,-9.179750406575434e-17
129,-4.103897677447767e-16,6.7021735251422045,1.4339931925179577e-14,3.595289668421479e-16,4.735111204356801e-16
130,1.886635939392398e-15,6.6600405485720895,9.111503349305548e-15,4.4987891192159587e-17,5.470629622260728e-17
131,-1.8849836366854832e-15,6.654207731123424,1.1723651791969841e-14,7.087801248540662e-16,-6.69193365654798e-17
132,4.0282234389519673e-16,6.578588114967635,9.79804161745175e-15,1.2241008775118188e-17,-1.2574251894251447e-17
133,4.103897677447776e-16,6.70217352514222,1.5983167717663053e-14,-1.8915025538699335e-16,-1.149094559295418e-16
134,4.030018783649253e-16,6.581520135364921,1.135112759495344e-14,1.029543586100004e-17,4.2837635979765e-18
135,-4.0355977258621676e-16,6.590631239426597,1.2535599690601132e-14,-8.485846254680878e-18,7.814388333134833e-18
136,-4.035597725862161e-16,6.590631239426586,9.609306928520887e-15,1.7896600280657655e-17,4.3133690529513674e-17
137,-4.023120644341699e-16,6.570254618952586,1.4042576295390223e-14,-1.1707064441370746e-17,4.800743717086731e-17
138,-4.023120644341689e-16,6.57025461895257,1.253876434605318e-14,-3.825153397559933e-17,2.282112311504169e-16
139,1.8633170837831633e-15,6.577722322431534,1.4834240106863704e-14,-2.272298870910815e-16,-3.2802100692051167e-16
140,1.8633170837831554e-15,6.577722322431507,1.2305075778777553e-14,-2.163275965047815e-16,-4.382393970156387e-16
141,1.886635939392401e-15,6.660040548572099,9.420857404389635e-15,2.3376024736890678e-17,9.984479826528263e-17
142,-4.0745270993909284e-16,6.654207731123411,1.133482798963446e-14,2.3634058813428647e-16,7.564942960777741e-17
143,4.001730136085593e-16,6.53532126793089,1.6887032949068286e-14,-1.5213142608107057e-16,-8.626420518703486e-17
144,4.0063119368265223e-16,6.542803916387766,9.228125724301785e-15,1.2464957977411336e-17,9.414979125411274e-18
145,4.006238944286015e-16,6.542684710522764,1.5468879229285766e-14,-1.1399802147884247e-16,-6.413713021920271e-17
146,3.9696788278535816e-16,6.4829775092988875,1.0810594049858296e-14,9.360585096541578e-18,7.330091334903752e-18
147,3.9835990072771817e-16,6.505710887499512,1.4207875972374813e-14,-1.4388572051266324e-16,-3.883769144615586e-17
148,3.9807756720271007e-16,6.501100031125173,1.3374775564857986e-14,-9.998863648159477e-17,-2.5544950060595972e-17
149,-4.004545390170738e-16,6.539918926761346,1.3118369019758278e-14,1.1814538305849784e-16,-7.939119309783681e-17
150,3.9926039081417775e-16,6.520417006636663,1.1532422568286362e-14,5.0565187827280275e-18,-6.63259965133092e-18
151,4.004545390170741e-16,6.5399189267613504,1.3459667709899482e-14,-4.9487704436264674e-17,2.613515879805861e-17
152,-3.992603908141795e-16,6.52041700663669,9.939106141218201e-15,-1.5074296534934692e-17,-6.739286061178431e-18
153,3.9815384780895074e-16,6.502345787963696,1.3666515167561918e-14,-1.2961886376460296e-16,-1.0474449538831324e-17
154,1.841964649383293e-15,6.502345787963703,1.179211870635316e-14,-9.07983531235256e-16,-2.63037399159816e-16
155,3.943498810947185e-16,6.440222297061982,1.60913383823012e-14,1.3790290230960725e-17,9.84168840566033e-18
156,3.9369867152236957e-16,6.429587237666859,1.1849142701561018e-14,-1.1754725750607557e-16,-1.3292423427716797e-17
157,3.9332911963139753e-16,6.423551997281969,1.3851824539966149e-14,9.055168542102833e-18,4.10000420613268e-18
158,3.930910143836703e-16,6.419663443490083,1.1829693827353111e-14,9.437688970215396e-18,1.368840975387988e-20
159,3.942807832872978e-16,6.439093844230213,1.0749459805862459e-14,9.906179492013853e-18,6.915222359760222e-19
160,3.9282747918943253e-16,6.415359587154995,9.747128912156046e-15,1.2377550071917534e-17,1.7228560307332116e-17
161,3.928771858767934e-16,6.416171358963741,1.4340164550588108e-14,-2.171095827320458e-17,2.8001220623864417e-18
162,-3.911046747709649e-16,6.387224055838258,1.4860364292402083e-14,-9.509656421213643e-18,-1.8834174242782897e-17
163,3.9086478856561484e-16,6.383306416801156,1.7578595402987542e-14,-5.2202522143682134e-17,-2.1964925602172748e-17
164,3.9428078328729494e-16,6.439093844230166,9.960920911214309e-15,1.0012146806656392e-17,-4.176871464057749e-18
165,0.0070890369900718925,6.362220099846212,9.304307939294761e-15,1.4075480859797838e-05,0.00018026451770650328
166,-0.0070890369900733045,6.362220099846211,9.492177038738186e-15,-1.407548085980391e-05,-0.00018026451770651695
167,-3.926079929259193e-16,6.411775104450823,1.2950144762396211e-14,-3.220641862990839e-18,5.3695001354264975e-17
168,3.932377588916895e-16,6.422059963174312,1.2900185570087255e-14,-1.369694640516279e-16,-5.613763731803019e-17
169,3.926079929259185e-16,6.411775104450809,1.2397230715760737e-14,7.391812135576709e-18,1.5412470850446494e-16
170,-1.8192215262195945e-15,6.422059963174324,1.454817537058057e-14,1.1684796401538114e-15,8.044834813839985e-17
171,3.891104619167757e-16,6.354656088395275,9.171723146602456e-15,1.0505060249321833e-17,1.004120993638293e-17
172,-3.8815520490177253e-16,6.33905555743944,1.4529338338531998e-14,3.509905496977805e-16,4.7228383777974604e-17
173,3.90238163038954e-16,6.373072845340436,1.4879974860190434e-14,-9.589643350938467e-17,-5.313287861658465e-17
174,3.902381630389555e-16,6.37307284534046,1.446082692823644e-14,-1.0011981738647783e-16,-1.2044215623302899e-16
175,3.871732805131483e-16,6.323019515222077,1.7610590295657786e-14,-1.27269012228053e-16,-4.859900316798049e-17
176,-3.8750560492211336e-16,6.328446784687795,1.2403423984059175e-14,1.6098511410758034e-16,-5.192517934058618e-17
177,3.873391882834938e-16,6.325728994730144,8.755467445012454e-15,7.957551726902194e-18,1.4098301491243385e-17
178,-3.8750560492211267e-16,6.328446784687784,1.2995948453078642e-14,1.5299183546748093e-16,-7.244257100336676e-17
179,-3.87339188283496e-16,6.325728994730181,9.126697413400165e-15,-1.4753694072550427e-17,-2.395331937076943e-17
180,3.8534061478239376e-16,6.293089812518726,1.5436094498249127e-14,-2.007500883445675e-16,-1.2672255162453506e-16
181,3.809552038844082e-16,6.221470617481613,1.0691412640848759e-14,1.1318334803050875e-17,2.405198110119867e-17
182,-3.807661212473375e-16,6.218382663678077,1.217997493158362e-14,-8.132530608918651e-18,-8.038307786751186e-18
183,3.8356503145193655e-16,6.264092336157486,1.218345495322979e-14,1.3519698312877801e-17,1.6673146380557006e-17
184,-3.840393481715179e-16,6.271838516034191,1.8159537738207083e-14,2.486887407137108e-16,1.338801711993557e-16
185,3.8335278693007763e-16,6.260626120069603,1.1582073704232583e-14,1.1628634150617097e-17,2.6457664601500228e-17
186,-3.8402921411125963e-16,6.271673014270494,2.109535902740449e-14,3.396045927888128e-16,1.9517133205062162e-16
187,3.8340069365557823e-16,6.2614084962703815,9.854501466042262e-15,1.5858859107077232e-17,1.6585157032035975e-16
188,-3.787149209745121e-16,6.184884021061227,1.1004793834599738e-14,-1.2524935848834644e-17,-1.2973836662204089e-17
189,1.758262658665636e-15,6.206868191816916,1.484106744675034e-14,5.0768993490378523e-17,3.47616477879655e-17
190,-3.8486157221757924e-16,6.285266453732372,1.5162095951020327e-14,2.91175193217173e-16,2.138040783069838e-16
191,3.8396246655011644e-16,6.270582943873222,1.3214642153809313e-14,-8.541217708068487e-17,1.2552376025093018e-16
192,-3.7623550256129927e-16,6.144392045498328,1.3766674007618144e-14,2.3122390672863576e-16,4.788977768110298e-17
193,-3.8486157221757687e-16,6.285266453732333,1.8282986208146384e-14,2.945160670942516e-16,2.6333832512191403e-16
194,3.772345347783642e-16,6.160707479756769,1.3873246472065322e-14,-1.539035075901474e-16,-1.1588663466015518e-16
195,-0.0013203203229235948,6.164397352336041,1.3634805333529e-14,-1.049829890663735e-05,-0.00046180802436471285
196,0.0013203203229222257,6.16439735233604,1.3686838377180527e-14,1.0498298906538254e-05,0.0004618080243652453
197,0.003229370551008872,6.1524484628935365,1.3267981773653029e-14,3.087134011855357e-07,0.0002814490280473793
198,-0.0032293705510061392,6.152448462893536,1.3770534202770458e-14,-3.0871340125178046e-07,-0.0002814490280473264
199,3.7732865250884176e-16,6.162244538940577,1.3102783323724647e-14,-7.793140573659099e-17,-3.5982464529102e-17
200,-3.8188403465028945e-16,6.236639575037831,1.2594522579155833e-14,-1.0960921709775639e-17,8.932323941102339e-18
201,-1.776129394421805e-15,6.269939811583171,1.6576456609241118e-14,1.3047775498677636e-15,9.816189906125684e-16
202,3.818840346502881e-16,6.23663957503781,1.0912382100095423e-14,1.7647062349320948e-17,6.470028106565831e-17
203,3.839230860550938e-16,6.26993981158316,2.041258053290513e-14,-1.97251086803097e-16,-1.1835541059135247e-16
204,3.82895060129029e-16,6.253150874123306,1.2270630580995315e-14,7.52399821232862e-18,-2.2746527410784524e-17
205,-3.828950601290276e-16,6.253150874123283,1.0841919533561143e-14,4.358622215093948e-18,-4.86469115203811e-17
206,-1.7568845424782014e-15,6.202003284127352,9.249134111128173e-15,-9.43767353441642e-17,1.7513267751723923e-16
207,3.7976317351039667e-16,6.202003284127351,9.002426340524928e-15,8.583337737565298e-17,-9.840435260928917e-17
208,3.774238176037953e-16,6.163798702884333,1.3144435119136818e-14,-5.937305817589194e-17,-8.955929183653835e-17
209,3.1147003132425274e-15,6.163798702884309,1.3422528557719367e-14,-1.0292388387811357e-15,-4.564222170084715e-16
210,-0.0032293705510129606,6.152448462893519,1.221786604065612e-14,-3.0871340081083543e-07,-0.0002814490280469221
211,0.003229370551012961,6.15244846289352,1.2298195401001076e-14,3.087134007360255e-07,0.0002814490280474103
212,3.743039262721925e-16,6.112847010791969,1.0359184425197205e-14,1.1419859403429319e-17,1.179805870418458e-17
213,3.741562432916584e-16,6.1104351646884725,1.2764601114488338e-14,-1.401274288796305e-16,-5.476634866892877e-17
214,3.7397847237939845e-16,6.10753194537032,1.1961900791189669e-14,-1.0420618337892039e-16,-6.750498022653297e-17
215,3.7322104045267673e-16,6.095162143281275,1.693635199766941e-14,-7.680304411135947e-17,-4.632331186268943e-17
216,3.7337671002434106e-16,6.097704420316135,1.636520804013572e-14,-9.298752398340773e-17,-1.1838608006473262e-16
217,3.7350441332393144e-16,6.099789973467938,1.9049247787202573e-14,-1.4099061997107867e-16,-8.648114315989871e-17
218,3.7402578424306593e-16,6.108304606740119,1.3770852026339598e-14,-1.328013738454822e-16,-1.855221265851946e-16
219,-3.7201500694493073e-16,6.075466121398302,1.1838585638901277e-14,-8.183499116176342e-18,7.541223375269883e-18
220,3.7141489942480484e-16,6.065665621849473,8.315790289473423e-15,1.1293062535407237e-17,1.0203958181088676e-17
221,-1.730341867408434e-15,6.108304606740153,1.450746920999425e-14,9.369044102971372e-16,4.39753339103252e-16
222,3.7002535448908316e-16,6.042972630912182,1.3729559569192538e-14,1.3730200438542523e-17,2.2422755613135593e-17
223,3.7123653945913973e-16,6.062752782559168,8.68712422293095e-15,1.2001762307954599e-17,-7.676670220478104e-19
224,3.699061493477121e-16,6.041025863216319,1.2079950639646515e-14,9.968943749451006e-18,1.6552519477875315e-17
225,3.6940144803288736e-16,6.032783465242044,1.213939016813061e-14,-9.907730124390017e-17,-8.253142752965942e-17
226,3.6924366456205997e-16,6.030206665613984,1.1309685514471915e-14,1.1242088178735805e-17,2.603898952723197e-17
227,3.7038673369216085e-16,6.048874401174911,1.1862802860552158e-14,1.5377268091278392e-17,-4.0752401694911815e-20
228,1.7135066603421752e-15,6.0488744011748965,1.170872597891413e-14,5.044153578221752e-17,1.8544018832852215e-16
229,3.7123653945914294e-16,6.062752782559221,1.0484586662095501e-14,1.0744663188849565e-17,-4.732605026385311e-17
230,1.7059044359882056e-15,6.022037680109842,1.1352276591935281e-14,-4.290052499086763e-16,-5.95491751472026e-17
231,3.6830465217983236e-16,6.014871429644211,1.3083779123620538e-14,1.3431547065177045e-17,-2.0288145259823598e-18
232,3.68423426659011e-16,6.016811164092728,1.1228199629678554e-14,1.3232980913406636e-17,2.6137090178787853e-17
233,3.689593067859315e-16,6.025562750710088,1.164691471836458e-14,-6.900858542475251e-17,-1.1583153472756321e-17
234,1.7069030072183607e-15,6.025562750710169,1.4594808035475283e-14,-6.141346318450803e-16,-3.0419553240227326e-16
235,-3.6255981353482424e-16,5.921051094687097,1.0029992714115983e-14,-1.3993907899134473e-17,-9.587505391108471e-19
236,-1.6554166172037938e-15,5.843809907971973,1.1957198147526296e-14,-5.617828247841387e-17,-8.972394882775645e-17
237,-1.6565032666085704e-15,5.847645904597917,1.0869120940255732e-14,-5.668742758024314e-17,-1.2579591087540798e-16
238,1.6734502256135071e-15,5.907470607282325,7.637481466002479e-15,5.4289591332500075e-17,7.660410194290667e-17
239,-3.663503802766991e-16,5.982955747432917,1.3978826749729502e-14,2.847814869265196e-16,1.285247797327277e-16
240,3.6118674247588354e-16,5.898627142574591,1.0933018671098055e-14,1.2370486785056572e-17,-4.937488895960587e-18
241,1.6711939109606864e-15,5.89950555861323,1.0445304957712387e-14,6.26343317247635e-17,2.7938909572375245e-17
242,3.607926114499477e-16,5.892190494453512,8.541371519354343e-15,1.2658656137709607e-17,1.4388160151130622e-17
243,-3.5854016144037257e-16,5.855405194216034,1.0943048882032687e-14,-1.8794091752475476e-17,7.146423622437016e-17
244,3.586123773412129e-16,5.856584569377763,8.343688076739093e-15,7.338187327230814e-18,6.655767522098431e-17
245,3.0143452719695047e-15,5.965202301620072,1.31749764681079e-14,-1.3293965228162887e-16,-2.4623997596768644e-16
246,1.6676330170710073e-15,5.886935196096939,1.4565148503144586e-14,-9.478804664492399e-16,-5.6900198452322e-16
247,-3.0156465853428214e-15,5.967777520060316,1.3592164181074205e-14,-5.728921837592614e-17,2.2176267711119954e-16
248,3.655421806031145e-16,5.969756845118432,2.0500572022395015e-14,-2.0799938838660466e-16,1.5006582214889917e-16
249,-3.5918096132403857e-16,5.865870250493683,1.0609302760752618e-14,9.282263484539185e-17,1.1546086423698228e-16
250,1.6989688500723315e-15,5.997554268942183,1.1434202062270271e-14,5.4652209992699987e-17,3.836726159473539e-17
251,3.672442819086314e-16,5.997554268942215,1.2862908081578134e-14,9.899241695855666e-18,4.162147286330282e-17
252,-3.0161998524495046e-15,5.9688724013431225,1.1350361472944106e-14,2.082867288620496e-15,7.139767755325208e-16
253,3.5986033707230164e-16,5.876965298449323,1.4800553154628806e-14,-1.1064837209891475e-16,-8.937637649422523e-17
254,-3.6580803633208234e-16,5.974098598661625,1.6348520056979094e-14,3.5852026303104983e-16,9.93580944537974e-16
255,-3.017439691998486e-15,5.971325966898468,1.4906938788004955e-14,1.7062144119145715e-15,7.987839382219126e-16
256,-3.5963946735346505e-16,5.8733582222051295,1.1833709604810432e-14,-1.1205708991535771e-17,-5.953442020593056e-18
257,-1.6937269427939534e-15,5.979049736988288,1.3836550734093169e-14,8.684252464197507e-16,7.421706981787815e-16
258,1.6937269427939424e-15,5.979049736988249,1.4716937498891952e-14,-7.599918161480644e-16,1.7054509183962883e-16
259,1.660155597532454e-15,5.860539050298144,1.2425096999547132e-14,-7.154044033441821e-16,-2.294240589873887e-16
260,-1.6601555975324505e-15,5.860539050298131,1.186355403329063e-14,8.133738332861842e-16,6.603086195513791e-16
261,-1.666244281993588e-15,5.882032802511765,1.1754343422232815e-14,4.83855788758385e-16,1.9851040441669664e-16
262,3.601706322037889e-16,5.882032802511773,1.2226589136180338e-14,-7.034868358604344e-17,-2.1243583718511682e-16
263,-1.6892496092837534e-15,5.963244237843066,1.5062857809712478e-14,1.061797715346805e-15,2.6259021493958997e-16
264,-3.0133558201470773e-15,5.963244237843048,1.4984110094670274e-14,1.8349874158233025e-15,1.1222774664086336e-15
265,0.002042956375620969,5.974101431224928,9.36499985029145e-15,-1.6492127060426095e-06,0.00020886993752248075
266,0.0020429563756249394,5.974101431224901,9.819930046873073e-15,-1.6492127064603526e-06,0.00020886993752312097
267,-1.6629838580138426e-15,5.870523133127626,1.1487822492727088e-14,-9.952098908051212e-17,3.526663295656744e-17
268,-0.002042956375620969,5.974101431224927,9.496729477026942e-15,1.6492127060400074e-06,-0.00020886993752212187
269,1.6629838580138436e-15,5.870523133127629,1.108561769723554e-14,1.3817887102826088e-16,-8.431971835118349e-17
270,-0.00204295637562096,5.974101431224901,1.0534076562031222e-14,1.649212706512828e-06,-0.0002088699375223398
271,3.7337671002434047e-16,6.097704420316125,1.534425117507952e-14,-1.1673612748220912e-16,-1.0264837057795953e-16
272,1.7118348248927587e-15,6.0429726309121925,1.1776770859986497e-14,3.911535178259193e-17,1.121953699114737e-16
273,-3.611867424758859e-16,5.89862714257463,1.1625107384723094e-14,-1.7934179082441087e-17,7.585297626729567e-18
274,0.0069466609123571485,5.825944653569381,1.2029385099742392e-14,1.364764352221532e-05,0.00039471455987266196
275,-0.006946660912357145,5.825944653569378,1.2096172416224496e-14,-1.3647643522127282e-05,-0.00039471455987266977
276,-0.0003430969345058447,5.845672391959733,1.0369005671320888e-14,-6.489637631138683e-07,0.0010248329425188265
277,0.00034309693450584465,5.845672391959732,9.911661161840822e-15,6.489637632047245e-07,-0.0010248329425182868
278,3.5806504198065073e-16,5.847645904597956,1.0187389063743241e-14,1.8547110644277496e-17,5.626863620054076e-18
279,-3.559197267206474e-16,5.812610247598778,1.7243350891561833e-14,3.4183739200553516e-16,1.9653005692291871e-16
280,3.5538787195872583e-16,5.8039244001807,1.3624252310934512e-14,-8.660980248026179e-17,-1.6434036531575677e-16
281,-1.6067435615987691e-15,5.671988457323277,1.0720988511578204e-14,-5.707054757735302e-17,-5.4215446499929774e-17
282,0.008028678851078875,5.781525824030766,1.2299162846837693e-14,-3.140420214578976e-05,-1.5788547442519354e-05
283,-0.008028678851078877,5.781525824030767,1.306255037324219e-14,3.1404202145629296e-05,1.578854744233027e-05
284,3.561793680329277e-16,5.8168505120156055,1.614747578862812e-14,-1.111784894057833e-16,-1.256304287686932e-17
285,-1.6432852813545446e-15,5.800984905555044,1.7042307691294352e-14,7.990260059678629e-16,5.93346367727084e-16
286,-3.5283767837456236e-16,5.762276578360743,1.3555804197276949e-14,-1.027369598515582e-17,3.827590208944597e-17
287,-3.4758860160878814e-16,5.676552649315588,8.72884924461113e-15,-2.3140055303281428e-17,-2.0334200388021357e-16
288,-1.6206903098912686e-15,5.72122207320504,1.2835808820760507e-14,-5.303304444481089e-17,-4.7387437460997703e-17
289,1.647779641881407e-15,5.816850512015634,1.688785084157048e-14,-6.596537219869277e-16,-1.2511969443635692e-15
290,-0.0026303699801709,5.686729453561739,1.508175568937917e-14,3.5470153573037653e-06,-0.00036743300518144584
291,0.002630369980169641,5.686729453561746,1.5029059168768945e-14,-3.5470153574217265e-06,0.000367433005181749
292,1.6363973710192955e-15,5.776669794637321,1.4926325775769643e-14,-9.045355215831061e-16,-5.133955867995644e-16
293,3.538499960407172e-16,5.778808980468186,1.1065777362885007e-14,1.5892206548917388e-17,4.302297964934916e-17
294,2.9108378796771592e-15,5.760367593241237,9.37070975065572e-15,1.0068148100321371e-16,-9.004726498124168e-17
295,1.6187279525162256e-15,5.714294727332055,1.3024863079732653e-14,-9.38690765278261e-16,-3.5709155388197255e-16
296,3.4849562803345934e-16,5.6913655149565665,1.5209602969873198e-14,-1.3757325884168515e-16,-1.209977026653879e-16
297,1.6180277722380597e-15,5.711823010904667,1.4619299589791577e-14,-9.537233125461577e-16,-5.214324494722781e-16
298,-0.0031688097420391344,5.798561355679924,1.1401388832499932e-14,-3.6253393104751096e-06,-0.0008038859755204218
299,-1.6312841069667622e-15,5.758619387977308,1.2798266177813806e-14,-4.7454708446934976e-17,-8.654403722573849e-17
300,-0.003168809742054589,5.798561355679932,1.0545694917436641e-14,-3.6253393089954447e-06,-0.0008038859755232464
301,0.0031688097420378503,5.79856135567993,1.0190805600311056e-14,3.6253393103192555e-06,0.0008038859755194756
302,0.003168809742055869,5.798561355679918,9.81913243223572e-15,3.6253393093471056e-06,0.0008038859755235485
303,3.526137400497141e-16,5.758619387977293,1.3244534253070259e-14,5.619145461164769e-18,2.5884509366588845e-16
304,1.6237360652082204e-15,5.731973937668335,1.0640564220636485e-14,5.608169076254549e-17,1.0476585082922865e-16
305,-2.8964899536383755e-15,5.731973937668362,1.0248479314711476e-14,-9.622949087069337e-17,-1.84304710798761e-16
306,2.921590744110512e-15,5.781646844912674,1.2871071612147949e-14,-4.956517204166674e-16,9.326753679260845e-16
307,1.6378072546158158e-15,5.781646844912647,1.373196375533149e-14,-3.069940395896e-16,-6.040616542550588e-16
308,1.6144182753343173e-15,5.699081074192377,1.3483061239262558e-14,5.016619524752629e-17,2.1249428177212243e-16
309,-1.6181993842980724e-15,5.712428821095412,1.2072563903517916e-14,1.00139105388548e-15,7.264802291399502e-16
310,3.4834994154853863e-16,5.688986274100801,1.2709082153867266e-14,-1.4336162145397688e-16,2.5175009901930782e-16
311,3.4724367289428765e-16,5.670919535919291,9.612035003259536e-15,1.5692472762184246e-17,-1.1977232411258093e-16
312,-3.4724367289428666e-16,5.670919535919275,9.031226245231996e-15,-2.7529481277767086e-17,-9.990543653615876e-17
313,-3.4978538355557774e-16,5.712428821095387,1.1974377792745077e-14,2.592366217522956e-16,1.6410521290793446e-16
314,-1.6115586512051642e-15,5.688986274100756,1.4929205808212635e-14,9.751172087402566e-16,8.179861488122272e-16
315,1.6086146882615912e-15,5.678593748352516,1.0624881110779456e-14,6.26987864854192e-17,7.154825438562869e-17
316,3.4771358287890245e-16,5.678593748352491,9.997509944358679e-15,2.6952230933386994e-17,-1.4256707506326413e-16
317,-1.6144182753343147e-15,5.699081074192368,1.1761365971440519e-14,-6.225951097229073e-17,-8.17756344382354e-17
318,3.372118639558937e-16,5.5070876630008545,1.1831893725143272e-14,1.1668373681649095e-17,-4.0698183892503773e-17
319,-3.456996422255921e-16,5.645703601500149,1.0894147657115588e-14,-1.4806207556571822e-17,8.616498151630755e-18
320,-3.377018055800225e-16,5.5150890169335955,1.2079587856869348e-14,-9.601368680351078e-18,-2.4993426986891728e-17
321,-3.4555827761631227e-16,5.643394942229929,9.802270215168995e-15,-1.2966903640113174e-17,2.0588215365969442e-19
322,0.005034246420107415,5.6143785705823435,9.84466792321065e-15,9.190587248896495e-06,-9.883884265490415e-05
323,-0.005034246420106171,5.614378570582347,9.663679455244761e-15,-9.190587248674234e-06,9.883884265514246e-05
324,-3.4317270756634154e-16,5.6044356267500435,9.904790655602889e-15,-1.0059504925431845e-17,-5.4227948367115175e-18
325,3.447102046564597e-16,5.629544859733604,1.7337644338863267e-14,-1.6093464230087941e-16,-1.2727830579238293e-16
326,3.383439733371401e-16,5.525576412279987,8.806517423025627e-15,1.25307756319039e-17,5.454879925873185e-18
327,-1.5936499407643072e-15,5.625766478898956,1.651780414275031e-14,1.1631539890549157e-15,9.427189060579306e-16
328,-1.5845418541105049e-15,5.593613891763481,9.942345262649123e-15,4.608800520530706e-16,3.8071105577316606e-17
329,3.385942842232879e-16,5.529664299274377,1.2566968055033897e-14,1.2401993718849609e-17,5.218110846906016e-17
330,3.4126658577405945e-16,5.573306295523943,1.5924440684638977e-14,-1.5227587747903576e-16,-1.0384743512995746e-16
331,1.5826071036556073e-15,5.5867840014746655,1.285383192184374e-14,-5.38086877055169e-16,-3.875968482290488e-16
332,3.4415450944347427e-16,5.620469668202914,1.4782036514701998e-14,-9.154225934405101e-17,5.044973179022547e-18
333,3.404287216147761e-16,5.5596229353932225,1.7377194237173853e-14,-2.0193203247158063e-16,-1.6827429914948953e-16
334,1.574807315728796e-15,5.559249858411772,1.2955133788252281e-14,5.649323810182032e-17,2.575597280587253e-17
335,-3.446458371151296e-16,5.628493658009566,1.8997833386315112e-14,2.908506320787458e-16,1.1315118349140615e-15
336,-3.446458371151293e-16,5.628493658009561,1.8431326161699163e-14,2.838116602736778e-16,1.0491191485379598e-15
337,3.394782521554766e-16,5.5441005911555,1.2739347557686019e-14,1.2442330105511069e-17,1.4304468227545856e-17
338,-3.391908477208611e-16,5.539406920542624,1.2341168311195756e-14,1.5259907278001518e-16,2.8519346161746164e-16
339,-1.569077792428219e-15,5.539023986154659,1.158348897311287e-14,4.838485234040637e-16,1.0933180777113784e-16
340,-0.004309609119881713,5.586847964851584,1.2026842693478615e-14,-1.3657662331225274e-05,-8.021939217193831e-05
341,0.004309609119882954,5.586847964851585,1.1494590372054076e-14,1.3657662331372942e-05,8.021939217183141e-05
342,0.004309609119897839,5.586847964851582,9.9361744827812e-15,1.365766233074649e-05,8.021939217169381e-05
343,-0.004309609119900313,5.5868479648515725,1.0304030245545919e-14,-1.3657662330990002e-05,-8.021939217176732e-05
344,-1.5732898728574177e-15,5.553893111599891,1.0899138536005852e-14,-5.076335304273689e-17,-3.2073753444092226e-17
345,-1.592102152173778e-15,5.620302608229312,1.4961898170620938e-14,6.513125146365981e-16,5.655784823441951e-16
346,-1.5921021521737831e-15,5.62030260822933,1.5161578839396586e-14,6.630252260504749e-16,-5.886645245134189e-16
347,-3.407774589801712e-16,5.565318248778893,1.494019309698161e-14,1.6124241853912347e-16,1.456717571508226e-16
348,-1.5765263508123505e-15,5.565318248778903,1.6089421657542917e-14,6.952347603994762e-16,7.800305512400306e-16
349,0.0014407683187881274,5.5393477270255485,1.2137908779696705e-14,7.853005214847049e-07,0.00010209528534997148
350,0.0014407683187881294,5.539347727025556,1.1289004136920556e-14,7.853005216579604e-07,0.00010209528535051992
351,-3.4007787109636804e-16,5.5538931115999075,1.084245810993392e-14,4.3402410022288313e-17,-1.4451663510360913e-16
352,-0.0014407683187881296,5.5393477270255564,1.134702848985651e-14,-7.853005208776059e-07,-0.00010209528534982956
353,-0.0014407683187832106,5.53934772702556,1.1164019331117013e-14,-7.853005212911748e-07,-0.00010209528534985704
354,-1.968777288892001,2.021745911010105e-17,3.5445573325788704e-14,-1.9546818631754244,-1.954697738902762
355,1.9253793964741495,1.6759055025345537e-16,3.4888870326881977e-14,1.6882674233726123,1.688260908090292
356,-1.9687772888920132,2.3336913034623514e-16,2.8084430577269525e-14,-1.9546818631754213,-1.954697738902758
357,-1.9151621762182998,1.1624291114472428e-16,3.190990932074206e-14,-2.181860158332271,-2.1819221517344616
358,1.9194437983646329,1.849273403294383e-18,3.518177881171457e-14,2.3458883761401133,2.345874220341015
359,1.919401676415146,1.0013069591434305e-17,3.1130744211834625e-14,1.618192272935722,1.618223027841804
360,1.8589188208509948,1.4808821704696308e-16,3.173251293259933e-14,1.666329004639894,1.6663594936475108
361,-1.8521675953395773,3.2508187898919456e-16,3.420721280586667e-14,-1.886942838370084,-1.8870227662291945
362,1.8267944307633963,7.133125048234446e-16,4.368379100906521e-14,2.0947613630491495,2.0948909826538173
363,1.8267944307633237,6.904963530995419e-16,3.438729512211568e-14,2.094761363049491,2.094890982654158
364,0.018040248434399372,5.438726774799965,1.3369800824185016e-14,-4.712077897955046e-06,0.0021070765505542413
365,-0.018040248434398186,5.438726774799972,1.2980194266593451e-14,4.712077897775502e-06,-0.002107076550554418
366,2.756191941890636e-15,5.454332875653088,1.2673796516173822e-14,9.849014571207237e-17,2.1363722034297514e-16
367,-3.302261421030985e-16,5.393002167368008,9.76086082792788e-15,1.93818389171825e-17,-5.73511538726621e-16
368,1.5476224813783763e-15,5.46328428535144,1.1123644669179349e-14,6.564697671862799e-17,1.681156780951528e-17
369,-3.315933105882268e-16,5.415329723134784,1.3880528158391307e-14,7.743757960445967e-17,1.5999071268822692e-17
370,-3.3114066033106833e-16,5.407937383441844,1.4081840797640506e-14,2.0740871338696876e-16,1.5494073237116817e-16
371,2.766392331449046e-15,5.474518813819186,1.0636871975534285e-14,9.611707516490549e-17,8.676886979945281e-17
372,3.326412378630607e-16,5.432443674284839,1.5388405448681857e-14,-9.973347607129018e-17,-1.4460035143144874e-16
373,-1.556154298980562e-15,5.493402576854928,7.853302125124685e-15,-5.115102850261013e-17,-2.0320965665269403e-17
374,2.7744810107861724e-15,5.490525808454995,1.3416759750897123e-14,-4.29485535170329e-16,-2.477113277180305e-16
375,-2.777512969887159e-15,5.496525867431585,1.3724595038629625e-14,1.7335583475478363e-15,1.169200611057614e-15
376,3.926197746521029e-15,5.397828481537136,1.3395579126664164e-14,-3.674602856884608e-16,3.186034600215703e-16
377,1.5600309683744251e-15,5.507087663000829,1.0530816327371804e-14,5.669561111130555e-17,-8.736820271791475e-17
378,3.3142547499240763e-16,5.412588759847475,1.5191350847357572e-14,-8.552100053747665e-17,6.878815757214789e-16
379,-3.314254749924063e-16,5.412588759847454,1.6818228584717226e-14,2.0542854501236631e-16,7.402912276835454e-16
380,1.5396846986027015e-15,5.435263004696319,1.688283525607832e-14,-5.598738474037955e-16,-3.9124603935946434e-16
381,-3.328138720612728e-16,5.435263004696387,1.8425082506259433e-14,1.874655916282352e-16,7.21459839451548e-16
382,-2.7692307353251985e-15,5.480135839012816,1.3364358636536383e-14,-1.0621063920216468e-16,-4.04814964764085e-17
383,-1.5523961380160953e-15,5.480135839012825,1.3186897733956144e-14,-8.251294291944375e-17,-1.0068190810592361e-16
384,-0.004503794593678228,5.493963070804288,1.0508174232541465e-14,-6.598775161305282e-07,0.00014602356307956942
385,-0.0045037945936879835,5.493963070804283,9.942380548659924e-15,-6.598775155671225e-07,0.00014602356308031199
386,0.004503794593681898,5.4939630708043,1.0309157791641377e-14,6.598775165358572e-07,-0.0001460235630794868
387,0.004503794593694102,5.493963070804306,1.110940501873881e-14,6.598775162510915e-07,-0.00014602356308018915
388,-1.529114788937406e-15,5.397950015212888,1.5012894121474116e-14,8.787944853871447e-16,1.2681241358939133e-15
389,3.926286146003437e-15,5.397950015212896,1.428459377853126e-14,-1.7684250820715246e-15,-1.727749663484254e-15
390,-1.85891882085103,8.027315793858283e-17,3.478688501338288e-14,-1.6663290046398933,-1.6663594936475103
391,-1.8521675953395975,3.5753716907191895e-17,2.87057828831192e-14,-1.8869428383701083,-1.8870227662292194
392,-1.7393471623331092,1.377185950546379e-16,3.939029947889508e-14,-1.4358114854394284,-1.4357865861911918
393,-1.7779785825132457,5.390019733415506e-17,3.6367524886069936e-14,-1.5300692385246557,-1.5300777635032055
394,1.777989268094992,2.6028021591842448e-17,3.282536684716386e-14,1.69632883274799,1.696421316397371
395,-1.7656816728972993,1.9085638661624203e-16,3.718283393606167e-14,-1.8444029222467242,-1.8443428117578842
396,1.7656404862117117,2.2244825498025473e-16,3.36924743528291e-14,1.8944838574666236,1.8946508634260495
397,1.701728962406611,3.0176395914686746e-17,4.051124002806514e-14,2.409263747495939,2.409600192255459
398,-1.7126306946574463,3.833631586240593e-16,3.849400065153039e-14,-1.7343428246934178,-1.7345746209165043
399,-1.7128586154379968,1.8225753025339808e-16,3.4322717997661074e-14,-2.562951529211759,-2.5629648135871306
400,1.6793522405670906,1.6515985366801838e-17,3.99149101736627e-14,1.5299402457392361,1.5300128790592322
401,-1.6793522405670955,2.018491422104068e-16,3.7524540080449225e-14,-1.5299402457392692,-1.5300128790592658
402,-3.2719397159643504e-16,5.343483065063988,9.696957519009786e-15,-1.2871922734302239e-17,-1.0531493714719969e-16
403,-3.3007195333717183e-16,5.390484073726086,1.0376932229675216e-14,-1.2829341859200347e-17,-1.888888801286017e-17
404,-3.2994684149998065e-16,5.388440842366999,9.034179277212867e-15,-1.098586067273623e-17,-3.2643247097595957e-17
405,-0.005551126171282303,5.373948200470149,1.263963261745592e-14,-4.1921079521193335e-06,-0.00018217358845988726
406,0.005551126171284687,5.373948200470147,1.3161313817363718e-14,4.192107952082037e-06,0.00018217358846004945
407,-3.2809902018822495e-16,5.3582636302427815,1.4473897428461643e-14,-1.09991886827947e-17,-7.04377820224914e-18
408,3.266297974134294e-16,5.33426940144443,1.1513126774766458e-14,1.5636876537757613e-17,5.766478496911306e-17
409,-1.5178279765774331e-15,5.358106277260057,7.793426257647638e-15,-4.9087769025681675e-17,-6.483965384543301e-17
410,-0.001565581405020465,5.366373948922211,1.2763978203962812e-14,-6.367063758265447e-06,0.00022831228833831318
411,0.0015655814050204685,5.366373948922224,1.313600646332554e-14,6.367063758684545e-06,-0.00022831228833802806
412,1.520791541186206e-15,5.368567999127338,1.342527664924368e-14,-8.081962423805663e-16,-6.051984663938845e-16
413,-1.5291115112388664e-15,5.397938444562333,1.5289321427745613e-14,9.062579325580008e-16,8.965979857810157e-16
414,1.5110755392208542e-15,5.334269401444476,1.3691207832465566e-14,5.73334872186384e-17,1.3324973584663165e-17
415,3.2900307525666217e-16,5.373027969953899,1.3511128961691932e-14,-1.9518774142443937e-16,-4.861893997222033e-16
416,-3.2830314700189193e-16,5.361597274095182,1.0731190221563072e-14,-1.9691580285739464e-17,2.240097718219067e-16
417,3.283031470018925e-16,5.361597274095192,1.0538949227906628e-14,3.3940562928356414e-18,3.4910818531781066e-16
418,1.5218963473681879e-15,5.372468091252522,1.22290617153763e-14,-3.383702907437617e-16,-2.2441499114593556e-16
419,5.100679011751704e-15,5.3724680912525296,1.2109447647378003e-14,-1.1668966382629408e-15,1.7364590586526753e-16
420,0.001061778569483272,5.369043565766973,1.1704181273365402e-14,8.443084065890656e-08,-3.6625961108365185e-05
421,0.00106177856949996,5.369043565766962,1.2217968337316602e-14,8.443084015870989e-08,-3.6625961109747326e-05
422,-0.0010617785694796939,5.369043565766965,1.1308631969352056e-14,-8.443084045957599e-08,3.662596110901321e-05
423,-0.00106177856950354,5.3690435657669795,1.1215946055971198e-14,-8.443084022593042e-08,3.66259611087452e-05
424,1.65720753642673,3.985870651792349e-17,4.327382970208247e-14,1.8658173457367173,1.8659532348499686
425,-1.6053687459340684,5.168996539869581e-17,5.269338748952745e-14,-1.3316604583289005,-1.3316978094856204
426,-1.5606428580583727,2.8640416276377307e-16,5.544939097947865e-14,-1.4204915479955433,-1.4205234898712038
427,-1.560675560180863,4.0949228808754997e-17,4.023570989026733e-14,-1.449557810735507,-1.4497051752309322
428,1.5705184057659658,3.475448298691759e-16,4.659122824507215e-14,2.0701800495936475,2.0705884768939358
429,-1.5705184057659891,6.817173497608565e-19,4.270372149456558e-14,-2.070180049593418,-2.070588476893705
430,1.6053687459340642,1.7016095393524787e-16,4.450621778582991e-14,1.3316604583289022,1.3316978094856227
431,-3.215619720926092e-16,5.25150553312993,1.0099026469610384e-14,-1.2198613927103448e-17,-6.716488489307089e-18
432,-0.00249044935259297,5.267066685337327,9.04328989904696e-15,-4.887185605474846e-06,-0.0001395793357039117
433,0.0024904493525918087,5.267066685337344,8.872589890427484e-15,4.887185605025905e-06,0.00013957933570357922
434,-3.2467354695333267e-16,5.302321406945791,1.0759272438772398e-14,-1.2327421702768914e-17,2.6340720494360572e-17
435,-1.4978446568083698e-15,5.287562873957825,1.3311197151501907e-14,-5.0347035028797723e-17,-6.419778522679272e-17
436,0.0006121196797129333,5.271821670481981,9.791091448668437e-15,-8.452155279791026e-06,-0.00023054891240358667
437,-0.000612119679710594,5.271821670481996,1.0844754437624257e-14,8.45215527982301e-06,0.00023054891240338284
438,-3.2451436606999345e-16,5.299721785839525,1.5009616369533498e-14,2.0910637795752534e-16,3.8452440887716766e-16
439,3.242714132540692e-16,5.295754065251134,1.2992792788469279e-14,-3.377405404504967e-17,-3.919594015917546e-17
440,3.2445282034622027e-16,5.298716667893419,1.2304417943763808e-14,-1.9060841592462273e-18,5.153860304080788e-16
441,2.673826856728434e-15,5.29133748154494,1.1617353001551269e-14,1.1120392061383673e-16,4.291006666410045e-16
442,-0.0060802763444105495,5.272404636894804,1.134337575892293e-14,-6.85493560728407e-06,4.0861846260551e-05
443,1.4989139161137714e-15,5.291337481544917,1.242895701249234e-14,8.437053032972663e-17,3.9004376588782177e-16
444,-0.006080276344401207,5.272404636894825,1.19135741846295e-14,-6.854935608348323e-06,4.0861846259671714e-05
445,0.0060802763444128965,5.27240463689481,1.2013040836019626e-14,6.854935607281901e-06,-4.086184626098978e-05
446,0.006080276344400041,5.272404636894829,1.2510424053305868e-14,6.854935608870474e-06,-4.0861846259299074e-05
447,-3.853417037827033e-15,5.297767861146068,1.4202270907382616e-14,1.0843970087864737e-15,7.662428335686832e-16
448,2.700177143807887e-15,5.343483065063977,9.641951031890326e-15,1.023441553018037e-16,-8.287398275456662e-18
449,-2.677076266114332e-15,5.297767861146079,1.3809404315762014e-14,7.916024372672239e-16,8.755247156184226e-16
450,1.657207536426743,7.485090325041532e-17,3.586315300346936e-14,1.8658173457366956,1.865953234849947
451,-1.5220948202547573,3.708412955503844e-17,5.612597334257463e-14,-1.8876770438254429,-1.8879496723131646
452,-1.5220888315516574,2.2118873813007142e-16,4.858539995879337e-14,-1.8715690379023493,-1.871719323625885
453,-1.5386617645674423,2.305071996803289e-16,4.8902861441446254e-14,-2.4433624534441623,-2.4439877669665124
454,-1.4476919474905467,5.917678768741145e-17,5.736647966544567e-14,-1.1285756672692004,-1.1285707144446528
455,-1.4474074695663937,2.534975772462742e-16,4.7309589102980396e-14,-1.3449358971126837,-1.3450349053643942
456,1.538661764567434,4.2625173370238377e-16,4.1250451467935264e-14,2.4433624534445046,2.443987766966853
457,-1.3341115173060065,1.2172770130139792e-15,6.153221849346955e-14,-2.0068268628507218,-2.0081732861373354
458,-1.3350655289460087,2.244604093833304e-16,6.123459116667988e-14,-2.848116616863871,-2.8485135877685885
459,-1.351931525972311,3.882734139114882e-17,6.66092141471302e-14,-1.9153807884118115,-1.915686174263263
460,-1.4088605040316355,4.314673547220449e-16,6.069520894109427e-14,-1.1131209932998745,-1.113073340032888
461,-1.418159696621723,4.787457490461986e-17,6.320158137254809e-14,-1.3220466813212435,-1.322193631859169
462,1.4181596966217556,1.0353710186290719e-15,4.94772382739738e-14,1.322046681321213,1.3221936318591374
463,3.168090158299723e-16,5.173883866769538,8.11913638320664e-15,9.59325931391064e-18,1.3821303479826113e-16
464,-1.4692737423846768e-15,5.186704279780476,8.644077697203568e-15,-7.005487463979182e-17,-4.176122424398467e-16
465,1.4738257369472543e-15,5.202773340975933,9.29679686748803e-15,5.00620581863432e-17,2.314726563073124e-16
466,-3.21074728592173e-16,5.243548242901018,1.3668157269877045e-14,2.5661407865164448e-16,2.108005488710131e-16
467,1.4842880424418906e-15,5.239706475435498,1.3191971988225196e-14,-5.601053356970649e-16,-4.373130613658051e-16
468,-0.004748377856398514,5.231825163434186,1.1061777980998188e-14,-4.3435171169496796e-07,-0.0004207681954948362
469,0.004748377856396194,5.2318251634341895,1.1481054051060876e-14,4.3435171164326507e-07,0.00042076819549484055
470,-3.8097977928469676e-15,5.237799103050485,1.3227374864053696e-14,2.7652390446212013e-15,2.0033396815703215e-15
471,-1.4814801601077524e-15,5.229794329795464,1.3466123580076285e-14,1.0211682534378518e-15,7.568552624290101e-16
472,3.1971901739498474e-16,5.22140779884593,1.2222561210922944e-14,1.2859692284174393e-17,5.612177147189759e-18
473,-3.1923706392299096e-16,5.2135369013376955,1.3342811821090438e-14,6.035006821586709e-17,2.1749808230859265e-16
474,-3.1921513754230447e-16,5.213178816366555,1.0904467461218014e-14,6.463721670618456e-17,-4.2740625306030193e-16
475,-3.197222292520392e-16,5.221460252452254,1.0671562137447946e-14,-1.1414826136464418e-17,-9.236973029270724e-18
476,-3.1864113339988586e-16,5.203804617326991,9.758194257313234e-15,-6.2695705414039954e-18,-2.2040221579699227e-16
477,1.4741178737613122e-15,5.203804617326994,1.0147961270551036e-14,4.0429793748172195e-17,-3.656947930871513e-16
478,-1.4767054679650425e-15,5.212939120683081,9.052988792154587e-15,1.8206616211452126e-16,-5.348698961265249e-17
479,-3.2035538135781854e-16,5.231800411038717,1.3970638704065077e-14,2.1287849416092563e-16,4.0067339322267394e-16
480,-1.482048436673529e-15,5.231800411038724,1.402941842553617e-14,7.910782587487914e-16,7.799277966727681e-16
481,-3.19200460414728e-16,5.212939120683086,9.34529094667676e-15,5.600901254048166e-17,-1.1653747966208096e-16
482,-4.957310544802106e-15,5.221460252452262,1.1121081923746395e-14,-1.69017163640064e-16,-7.556668662720489e-16
483,-1.3927176858380224,3.9838006923583977e-16,5.885571097202438e-14,-2.033589571992887,-2.0336687861190565
484,1.3924624737863882,3.313068743839555e-17,5.49079294049454e-14,2.1142905271959465,2.1150723064444996
485,1.3214501451700238,5.359701951694923e-16,6.27279271021521e-14,2.706764169117453,2.708316350047279
486,-1.3519315259723312,5.330110826543642e-16,5.0999946671067975e-14,-1.9153807884118037,-1.9156861742632563
487,-1.1791358436866146,4.0757519512684755e-17,7.514976336452437e-14,-0.9407911890600613,-0.9407967326387744
488,2.591398352849183e-15,5.128216585729863,1.0333668022953667e-14,6.359755659987631e-17,4.796766289289507e-16
489,-1.4534885672218095e-15,5.130980806875117,1.2388195289260148e-14,1.8232777540208275e-16,4.605879131232686e-16
490,-3.732808453772869e-15,5.1319523591881495,1.2554130152866948e-14,-8.008581081174581e-17,6.774504109788954e-17
491,1.454824782102215e-15,5.13569779816066,1.264031728106407e-14,-2.254909086079763e-16,-6.023201613340258e-16
492,0.0027310297415227085,5.143914520062022,1.1789901838029924e-14,-9.420716220292493e-07,-0.0008214363370850158
493,-0.002731029741521566,5.1439145200620215,1.2463387540070526e-14,9.420716220769542e-07,0.0008214363370859896
494,-3.15051546485191e-16,5.145182214244012,1.0745194587998804e-14,-8.667685601268622e-18,-5.882002999906018e-18
495,-1.4635149047153787e-15,5.166374924450522,9.332564830845003e-15,1.3888085499044497e-16,3.57509649431224e-19
496,3.16388659136381e-16,5.167018920992781,9.558477869948912e-15,-8.431988605812899e-18,1.6963214741194815e-16
497,-2.6074842621762278e-15,5.160049602416317,1.212044731036603e-14,8.27304915519785e-17,-8.004835253693586e-16
498,-1.4606189257795291e-15,5.156151787735136,1.2751332793870006e-14,1.7136015566472936e-16,1.517583937757149e-16
499,1.4607922719628956e-15,5.156763719579566,1.1677201489477928e-14,2.5691818438599423e-17,1.1008758507852866e-16
500,-1.463334516736076e-15,5.16573813426141,1.261290215346685e-14,3.9167412238018185e-16,2.062407751727803e-16
501,3.7726331477183604e-15,5.186704279780523,1.0438488122268067e-14,1.6392730212245726e-16,3.8606422964232853e-16
502,2.6036687956325416e-15,5.15249903081465,1.1748307912788772e-14,-1.8401947651688355e-16,-4.381049808313831e-16
503,3.7477534073064214e-15,5.152499030814697,1.4313133408816642e-14,-2.557471622837515e-16,-9.081391137135134e-16
504,-2.6064881035323265e-15,5.158078266255647,1.1260071845078974e-14,-3.4598269708405974e-17,2.5273364040822586e-16
505,-1.4611646527292097e-15,5.158078266255678,1.1558752919819004e-14,-2.58796858720451e-17,1.0809794324118876e-16
506,-2.6103587999043316e-15,5.165738134261435,1.3403387695003465e-14,6.959457137062064e-16,9.317164606301292e-16
507,-1.24567721936877,1.9067836672728601e-16,7.089450235177084e-14,-1.1845061940796184,-1.1846862428995806
508,-1.2458012941382786,3.9988705509526577e-16,6.031235837209287e-14,-1.187963111334835,-1.188127646738195
509,-1.258853398667464,8.061409172193076e-17,7.476715245724342e-14,-1.1016871991166544,-1.1017773577945862
510,-1.2588533986675081,3.9392556712515236e-16,5.987546577797347e-14,-1.1016871991166122,-1.1017773577945444
511,-1.1296729267971897,4.938369193716083e-16,9.183291640985933e-14,-1.982059480129422,-1.9822243734395641
512,1.1651115348571865,1.402460419756274e-16,8.168061736642774e-14,2.0051536379885153,2.0061316813044274
513,-1.1651115348571233,2.2106346657691898e-16,7.875605015870985e-14,-2.0051536379888257,-2.0061316813047383
514,3.2083948818068874e-16,5.239706475435525,1.3238546838977247e-14,-7.603039328802639e-17,-6.589720266753989e-16
515,3.1052891608408193e-16,5.071322054657461,1.299251788291853e-14,-1.9182916476163084e-17,8.106652234607114e-17
516,-1.438205093263931e-15,5.07702839657846,9.292816278647343e-15,-5.134464480757002e-17,-6.601946006266885e-17
517,-3.1148491031409107e-16,5.0869346252480145,9.080865004267158e-15,-1.601798354107288e-17,-1.303102149324203e-16
518,1.443863014842592e-15,5.097001506571615,7.260736121249173e-15,5.55253354495528e-17,5.4995931004535797e-17
519,-1.452178998761035e-15,5.126357880497123,1.1771316186817569e-14,-4.7286102662812546e-17,8.59521453970284e-16
520,3.13779488128378e-16,5.124407924747666,1.1874766647002508e-14,-1.169532750800513e-16,-1.6990142589118386e-16
521,3.729764568242111e-15,5.127767554174947,1.1814900867247729e-14,-2.6856425482428497e-16,-8.515913463286763e-17
522,-2.567966902792516e-15,5.08184719961206,9.019025850169915e-15,-9.78457970933824e-17,-4.561390355431704e-17
523,-3.141922165156359e-16,5.131148290827833,1.264976484173639e-14,7.884461645592669e-17,-2.1463885381156653e-16
524,-3.1275155111336487e-16,5.107620439315477,1.3273744425403922e-14,-1.2565361264235263e-17,-1.3225746177618903e-17
525,1.4468711136681921e-15,5.107620439315503,1.3226792686168153e-14,6.450624633673469e-17,1.6418491329038986e-17
526,-2.567966902792503e-15,5.081847199612034,8.767704984750577e-15,-9.729824050656776e-17,-1.1627192734650031e-15
527,3.137021887210665e-16,5.123145529625002,1.1036874764884976e-14,-4.981588432918842e-17,-3.19353711606162e-16
528,3.137021887210668e-16,5.123145529625007,1.1135852574405092e-14,-4.663395658016354e-17,2.0620413601424988e-16
529,-1.4527055271008038e-15,5.1282165857298665,1.1149767043461258e-14,-2.1178124370193592e-17,-4.926888052005244e-16
530,1.4534885672218028e-15,5.130980806875093,1.181366705258368e-14,-4.646712298025563e-17,-1.8260806554440354e-16
531,1.1295587660500774,1.2408802333812105e-16,7.436240199026579e-14,1.9900266590382945,1.9907307898797293
532,1.1791358436866035,1.5171968771837197e-16,6.510281339944677e-14,0.9407911890599729,0.9407967326386869
533,1.0904339694735137,2.654560486717942e-16,8.714380436595303e-14,1.7633724694677348,1.7651186087154453
534,0.864143526260192,1.6248610828734197e-15,1.364560254553678e-13,1.4854451213408384,1.4867631249411015
535,1.0330302181979243,1.1431030603285267e-16,1.0780579218374518e-13,0.9921753208814812,0.9922214483694627
536,1.0334487912910875,3.611728549854916e-16,8.464985414911171e-14,0.9584091252680504,0.9585604387695845
537,1.0858054048876495,5.42528469958643e-16,9.86679406284687e-14,2.140928388990773,2.14194859115039
538,-1.0858054048876382,2.282722269213293e-16,7.707237306986421e-14,-2.140928388992492,-2.141948591152104
539,1.0904339694735434,7.822763528449611e-17,7.677051566107316e-14,1.7633724694668085,1.7651186087145203
540,1.0319153537402332,7.302051322487271e-17,1.0434094745646328e-13,1.015002687194803,1.0151614722364881
541,-1.0319153537402712,9.616676950682658e-16,8.311169806185168e-14,-1.0150026871947557,-1.0151614722364408
542,1.4244674123268887e-15,5.028532812362296,1.2681603356828088e-14,6.240618541633563e-17,7.395060253339805e-17
543,3.087008737372681e-16,5.041467857543868,1.1247048573129467e-14,1.1889745209164426e-17,3.7838983137557803e-16
544,1.4281517445553793e-15,5.041538926326212,1.0776859210620493e-14,5.5209971290899844e-17,9.723330246032809e-17
545,3.0899587124221197e-16,5.046285532405701,9.470946882770883e-15,1.6744612724814644e-17,-1.8050921897476742e-17
546,0.00480916269693109,5.058661167426734,8.040299974612576e-15,-1.6271455120175048e-06,-0.00016809448862629603
547,-0.004809162696931089,5.058661167426733,7.555699352706158e-15,1.6271455118709206e-06,0.00016809448862578825
548,1.4353154190010608e-15,5.066827516079449,9.624250151721133e-15,-2.318029955826485e-16,-2.032086789398364e-16
549,3.6858940765867224e-15,5.067453376274376,1.1238573465661201e-14,-9.298883375138038e-16,-2.0789023807537395e-15
550,-1.4338769930674952e-15,5.06174970809136,1.175129520463782e-14,3.195746437486137e-16,1.6943131254244529e-16
551,-2.557336883362767e-15,5.0608110505822,1.1854508268462911e-14,-1.3022848423890623e-16,-3.035556541714317e-16
552,2.5566914062001595e-15,5.059533691318869,1.298450477071829e-14,-1.0202880125974975e-15,-7.078329938957452e-16
553,1.4286414457211997e-15,5.043267627424791,1.08593894040454e-14,5.657689779626558e-17,1.3391146969826373e-16
554,2.554991847807132e-15,5.056170370689311,1.0463650681374757e-14,-1.3804386472692975e-15,-1.4781177929070184e-15
555,-1.4365886181580971e-15,5.0713220546574656,1.1487081676715316e-14,2.900218562651617e-16,2.1759105939228224e-15
556,-3.0881107785846247e-16,5.043267627424801,1.0827880875349765e-14,-4.353243472953874e-17,6.898309027101477e-17
557,0.0014420802128872945,5.058685702895575,1.1219889322483992e-14,-2.6978262803172438e-06,0.0009280855513704822
558,0.0014420802128850515,5.058685702895588,1.0931465279225598e-14,-2.6978262807376974e-06,0.0009280855513686955
559,-0.001442080212900783,5.058685702895609,1.132764932359519e-14,2.697826280910519e-06,-0.0009280855513720159
560,-0.0014420802128805575,5.058685702895584,1.107311141826126e-14,2.697826280450167e-06,-0.0009280855513642643
561,-1.4322489460930835e-15,5.056002516151374,1.1424858303892555e-14,-2.1047589165267086e-17,5.6754102052389125e-15
562,-2.5549070272918875e-15,5.05600251615139,1.168806244006885e-14,3.277463124295596e-17,2.401443895491155e-15
563,0.6630826654131042,2.1221284572269422e-16,2.2574776686749906e-13,1.0984374985554155,1.0985297397197265
564,-0.9618291146104643,8.68381545438771e-16,1.0288105034843358e-13,-1.2159389437244998,-1.2159721161554304
565,0.9294318461602069,5.26834375088276e-17,1.182194003195238e-13,0.855005958961595,0.8550409982909146
566,-0.9416646524219301,8.313281384152212e-16,1.0683391105093716e-13,-1.3604892410197649,-1.3604647758169384
567,-0.9489931731678036,4.859866541326359e-16,1.0603569367987937e-13,-0.8707210267354202,-0.8707282917092694
568,0.7770531470531735,2.899802015261933e-17,1.4687938363813197e-13,1.017449204896527,1.0173832136804857
569,0.7955617810885603,7.820478509329173e-16,1.689651804133859e-13,1.080357484320882,1.080274089645316
570,0.8082416193684104,1.6938905067111074e-16,1.428616561522803e-13,2.137850505346769,2.138943592451323
571,0.7582085951100692,5.947511044394576e-16,1.5863555036442011e-13,1.1127486074397992,1.1132312086557334
572,0.748754018946926,3.195613421695296e-16,1.6244776490757705e-13,0.7984398614152382,0.7986339918912444
573,0.7498683641291835,8.479847180657381e-16,2.1856960272052458e-13,0.7825875895784696,0.7827339388314372
574,0.8819476041677176,2.1122290816087752e-16,1.1824275935437628e-13,1.0961135064203729,1.095987391293784
575,0.8545544860453343,9.181186865504456e-16,1.1435811330293482e-13,0.9182225103897597,0.9180878848631734
576,0.860071619512117,4.707940808279256e-16,1.3327821449931462e-13,1.55654093113282,1.5575894460665403
577,-0.864927303036495,7.134641879634516e-16,1.243059812769868e-13,-1.581862349197646,-1.582927033551266
578,-0.9519582220269209,3.271220647046851e-17,1.1494174616877553e-13,-1.0199920113443568,-1.0200244534922411
579,-0.9519582220269277,6.156206669432265e-16,1.1571421815081607e-13,-1.0199920113443206,-1.0200244534922054
580,-1.407243671676894e-15,4.967731038828819,9.444364185490977e-15,-6.322602347307434e-17,-1.6459458859648406e-16
581,-1.4124997419734906e-15,4.986285567856159,1.496741436580242e-14,7.958891909739101e-16,6.129761084881484e-16
582,-3.064528086246868e-16,5.004754168108734,9.41079041136306e-15,-9.955112310941063e-18,-2.755460260480622e-17
583,-0.6805035331619422,2.45992855222813e-19,2.2751685001828913e-13,-1.4453769164759538,-1.4454589340037252
584,-0.8860719303441038,1.2878138784932205e-15,1.2674015503932327e-13,-0.7690603368936656,-0.7691520470979285
585,-0.8832343434831833,8.395772822828095e-17,1.1523598868184132e-13,-1.592792670801205,-1.5932728071581022
586,0.8603606500999269,1.8867458444594306e-16,1.3026962659316558e-13,0.8357500677559894,0.8357027968518042
587,0.8141294523506176,2.309667273340297e-15,1.4500793124044e-13,0.7250490380132515,0.7251037340547977
588,0.8819476041677534,1.6325465121246414e-15,1.1905620008120396e-13,1.0961135064200866,1.095987391293498
589,-0.8545544860453401,5.521529559212411e-16,1.306665937320812e-13,-0.9182225103901289,-0.9180878848635422
590,-0.8082416193683657,1.7210724642323018e-16,1.78564553235382e-13,-2.1378505053469383,-2.138943592451492
591,-3.056017917581523e-16,4.990856007967753,9.716565438957453e-15,-1.0301627441003501e-17,-4.5410046029022544e-17
592,1.4113502891691432e-15,4.982227868049969,1.5522315311902087e-14,-8.220946938026571e-16,-8.217508411905538e-16
593,-0.0011690162575837806,4.972121029029892,1.02430204247151e-14,-4.2153416548236945e-06,0.0007239609123696495
594,0.0011690162575837806,4.972121029029892,9.743067238845429e-15,4.215341654761461e-06,-0.0007239609123686501
595,2.513586429279294e-15,4.97423161596251,9.646888964556797e-15,2.0633003347411773e-16,-2.8054135080178064e-15
596,-1.4090318219150642e-15,4.974043413593072,1.3558147623533098e-14,7.349899594396482e-16,8.305205563685867e-16
597,-3.046616619210912e-16,4.975502522575628,1.3102750507406895e-14,1.922662398927058e-16,3.363399726920047e-16
598,1.4117804452878766e-15,4.983746368325069,1.1880171993997884e-14,-3.681166371898796e-16,-2.6968935810481085e-16
599,-1.4117804452878817e-15,4.983746368325087,1.2644461184408625e-14,4.059652246602564e-16,1.5431911740563446e-16
600,0.7694481067089523,2.0609801243532645e-16,1.6468208038548317e-13,0.7655738636183146,0.7657461596563097
601,0.7762639181604762,6.600847227290268e-16,1.4502635205683039e-13,1.5777505452484337,1.5779484899517608
602,-0.7250289954326413,8.883449863135332e-17,1.8329572992887543e-13,-0.7540429088213378,-0.7539607453186914
603,-0.7770531470532157,3.4526684606675216e-16,1.4790873017725208e-13,-1.0174492048965158,-1.0173832136804744
604,-0.7955617810885466,1.0851496686490798e-15,1.2655843822273273e-13,-1.080357484320908,-1.080274089645342
605,-0.7250289954326282,2.1252433420532027e-16,1.5642772243022564e-13,-0.7540429088213483,-0.7539607453187025
606,-0.005948077807852644,4.937362858547505,9.12486057310762e-15,9.092278400600791e-06,-0.0012444688627936728
607,-0.005465749075587119,4.962982318868842,1.0932508610302457e-14,4.942059074931979e-06,0.00038456825976809067
608,0.0054657490755860155,4.962982318868841,1.1183357280361335e-14,-4.942059075090707e-06,-0.0003845682597682969
609,-1.403426546304473e-15,4.9542561498857545,9.869717618035367e-15,-5.70273693562639e-17,-6.91379997993328e-17
610,-0.0019809837931674176,4.945529424352592,1.0025457988788713e-14,-5.592711652748568e-06,0.0002954113508909905
611,-1.401715630579e-15,4.948216421780867,9.769239798262949e-15,-5.61525145014814e-17,-9.862994726073945e-17
612,-3.02922868627962e-16,4.9471058731198045,1.0596112685557501e-14,8.452178833365688e-17,9.90639742257603e-16
613,0.0019809837931663277,4.945529424352612,9.612010557011204e-15,5.59271165322887e-06,-0.000295411350889964
614,0.0019809837931597427,4.945529424352621,9.952908025150316e-15,5.5927116535843795e-06,-0.0002954113508919881
615,-1.4020755629171474e-15,4.94948702408243,1.1507011354479644e-14,4.0757246290796216e-16,1.1802371402572658e-15
616,4.6990962354489905e-15,4.9494870240824165,1.1866059205533905e-14,-1.04239246223394e-15,-1.4243537636677146e-15
617,0.0011690162575738444,4.972121029029892,1.0670019526741143e-14,4.215341655634244e-06,-0.0007239609123662826
618,2.5135864292792956e-15,4.9742316159625135,9.293424487573828e-15,2.1122263726194646e-16,-2.3329191151671464e-15
619,-0.0011690162575738524,4.972121029029926,1.1136704017953891e-14,-4.215341654373317e-06,0.0007239609123713326
620,-0.6874495521168977,9.07578958614599e-16,1.81688944071098e-13,-0.8117505462044323,-0.81168364385156
621,-0.6911315606377701,5.8717431665560915e-16,1.7957381935039393e-13,-0.9988711352567046,-0.9988472785403189
622,0.6479768035943583,2.3659506881035385e-15,2.0794385679459332e-13,1.8650956270838006,1.8651845535826679
623,0.6511067608788855,2.1197197078250464e-16,2.30359112884014e-13,0.6091019264210819,0.6090976327697517
624,0.6805035331619508,1.63565507170267e-16,1.817410486328379e-13,1.4453769164761354,1.4454589340039057
625,0.6511067608788984,4.883750325176076e-16,1.921564791901081e-13,0.6091019264209787,0.6090976327696489
626,-3.014001862768818e-16,4.922238583185427,1.3427841674168063e-14,-1.4693476678340638e-17,8.5055030885724e-17
627,3.0560179175815215e-16,4.990856007967751,9.359064365237772e-15,-1.0257803855961467e-17,-1.2017146858251681e-16
628,0.005948077807852636,4.937362858547499,8.69221952637595e-15,-9.09227840058778e-06,0.001244468862794033
629,3.01879871181678e-16,4.930072432179768,9.757353173063111e-15,-4.1702226708330514e-17,-9.464100777973748e-18
630,1.3981239596099452e-15,4.935537412655906,1.4007165853717855e-14,5.266745338083646e-17,7.414820714166039e-17
631,3.0257300112359343e-16,4.9413921031640555,8.640469985859547e-15,-3.5517183948079963e-19,-8.205316059736378e-17
632,1.3996403292295303e-15,4.940890370766263,1.3835120887892133e-14,-2.4802378669395804e-16,-2.627380311273102e-16
633,3.015244827167718e-16,4.92426849809602,1.1631163461067069e-14,1.5482431214122964e-17,1.0404124357880913e-16
634,-1.3970265489627274e-15,4.931663427613906,1.095105432662545e-14,3.320108605589106e-16,2.3712064022254626e-15
635,-1.3949317359212811e-15,4.9242684980960245,1.1140489817116738e-14,-3.5313494511996383e-17,-4.7108237468758063e-17
636,-1.3970265489627307e-15,4.931663427613918,1.0412923323507253e-14,3.158246363435683e-16,-1.6701289476011722e-15
637,-0.0019809837931630335,4.945529424352612,9.878650296753501e-15,-5.5927116534220745e-06,0.000295411350895272
638,0.5165901553977875,2.264375500400603e-16,3.6168831780230526e-13,0.7155322633320942,0.7152992139787505
639,-0.47814956757098076,2.209205233844701e-15,4.181194174821588e-13,-0.4301952743659173,-0.4301576604446563
640,0.4541469459087033,5.799310213044346e-16,4.229352274171474e-13,0.5036833899936393,0.5035610210247585
641,-0.47252777090743325,2.1064194368068647e-15,4.3024299637299074e-13,-2.392708856629695,-2.392811290478202
642,0.47252777090743003,1.0241021349933758e-15,3.588929011053072e-13,2.3927088566300503,2.3928112904785577
643,3.0113411887965424e-16,4.917893372837222,9.637406218420395e-15,1.0143118587304054e-17,-1.0931196949156099e-17
644,-2.987770770304701e-16,4.879399958232698,7.678021480700306e-15,-8.405876251626157e-18,-1.169774474881166e-17
645,1.389067063995371e-15,4.903565535741129,1.0588873023941376e-14,5.879815101228801e-17,6.729357224248775e-17
646,2.9928187159444434e-16,4.8876438790811525,1.2702781394273539e-14,-1.5350814101456618e-16,-4.7476932931677797e-17
647,-2.99847320528385e-16,4.896878360963347,1.560956593573415e-14,1.9104362423996548e-16,1.415290675479393e-16
648,2.9941830014341146e-16,4.889871926368944,1.3590134902917143e-14,-1.5185734082512691e-16,-2.40532020051008e-16
649,-2.9996952810659953e-16,4.898874162173943,1.3013810306017511e-14,8.444896047634627e-17,-1.7901533427582236e-16
650,-3.0021853559213107e-16,4.902940763020895,1.1708301729844551e-14,-1.1693488421995148e-17,-2.5521434072653978e-18
651,-2.9993129428159457e-16,4.898249756426399,1.2686203124450089e-14,7.301155600087447e-17,-1.3728509275695246e-16
652,2.994794622304995e-16,4.89087077905252,1.3861172960797446e-14,-8.389299463039315e-17,-2.510517201709486e-16
653,1.3854709321046052e-15,4.890870779052551,1.4249692171731663e-14,-5.2627005344993305e-16,-1.865659413294854e-15
654,-2.9993129428159595e-16,4.898249756426421,1.4073119268963204e-14,6.637940845381864e-17,-2.5612057633876105e-16
655,-3.002185355921324e-16,4.902940763020918,1.1373216130111322e-14,-7.482667352411016e-18,-4.753217953049216e-16
656,-1.3798913156195812e-15,4.8711740949918685,9.872198424337154e-15,-5.562776325915069e-17,-2.206645078300564e-17
657,2.9822825051697934e-16,4.8704369410775,1.0086253300752989e-14,1.4551915451046344e-17,-8.79730687052883e-18
658,0.015517288506708473,4.826211476955075,1.1581602319552582e-14,-2.1612381734245623e-05,0.0008889805199055532
659,-0.015517288506706306,4.826211476955068,1.1601172540886548e-14,2.1612381734422998e-05,-0.0008889805199063781
660,1.377843767758003e-15,4.863946016962333,1.0690609199976134e-14,6.412654228441743e-17,6.401738124003546e-17
661,-2.971185988609766e-16,4.85231495428465,1.5140324934976257e-14,-1.7471805868105347e-17,-3.980816651811041e-18
662,1.3753792810549196e-15,4.8552460971573295,8.481317872333455e-15,6.123391024159821e-17,-7.364725585417638e-16
663,-2.975107055718146e-16,4.8587185428313395,8.941130357660937e-15,-1.3247464273950302e-17,1.564272674801809e-17
664,3.512969004872033e-15,4.829711943586606,7.722379299358123e-15,1.3224977917356483e-16,4.2141793307540144e-16
665,0.005628392303242995,4.844623954446691,8.479614906126179e-15,-7.1913118780503825e-06,-0.0004306780548300441
666,-0.005628392303246241,4.844623954446707,8.535821233202623e-15,7.191311877458571e-06,0.0004306780548306025
667,-1.369740032685888e-15,4.835338905728911,1.0048578558113464e-14,2.580047535522448e-16,-4.091952965826919e-15
668,-0.39489836861322697,4.560602939274349e-16,5.608196735939217e-13,-3.1412027462067886,-3.141120527787397
669,-0.3484458787807819,1.0159306528952917e-15,6.860704175454537e-13,-0.35003154381119944,-0.3500072089556641
670,0.3313433673333332,1.3855252953001925e-16,7.89102393320288e-13,3.316937766377046,3.3169053300150018
671,-0.40904135963448873,1.410115486310972e-16,5.93552085414869e-13,-0.4065795977960239,-0.4066842311349943
672,-0.40904135963449945,1.6938946014484626e-18,5.112158903588228e-13,-0.40657959779602393,-0.4066842311349941
673,-2.9744154577915587e-16,4.857589077703812,9.033977502159381e-15,-1.073212330407043e-17,1.716323267148429e-16
674,-3.522560592646327e-15,4.842898682771387,1.1729097679995231e-14,1.99011304323984e-15,8.02093361727742e-15
675,-0.026230047398296454,0.32310303971943316,8.653407520938176e-13,2.7015352732180295e-06,0.00020650596916287414
676,0.026230047398296454,0.3231030397194314,8.605702791406409e-13,-2.7015352745268784e-06,-0.00020650596916415437
677,9.66184005646818e-16,0.3858989224890286,5.671794924603047e-13,-9.602573603516182e-16,-9.65886492608318e-16
678,0.19620263776045288,1.6055162500499258e-15,2.0350999309398637e-12,6.0396716389876834,6.038136327309896
679,0.06496281650882697,5.887285799390163e-15,2.1075076036581698e-11,0.06367920641598963,0.06369655299570812
680,1.0620670621912609e-16,0.3749218146334403,7.380158103523758e-13,1.0848372805385397e-16,1.3359791228768324e-16
681,-0.04295247277602086,1.4701352082456118e-14,4.608652545720488e-11,-0.03443212800348537,-0.03443053411503902
682,-2.06010603366923e-16,0.17585868791538614,2.625409457112965e-12,-1.0444645682374103e-14,-1.049479724380493e-14
683,-0.020976786459688035,0.22930209333289567,1.8149893696410906e-12,-8.122889087053276e-08,5.1257670578284606e-05
684,0.020976786459694353,0.2293020933328766,1.807474921890465e-12,8.122888329326061e-08,-5.125767058583239e-05
685,3.44491188793489e-16,0.2132353351590324,2.0629042302399154e-12,7.354153059777107e-15,7.124783371568815e-15
686,-2.5191599746289207e-15,0.2562414829260073,1.2570639223112827e-12,-4.7055895534616284e-14,-4.706341024012523e-14
687,-0.2665259400153765,6.000159700527398e-17,1.6011268393817126e-12,-0.2803465259984371,-0.2803023319595984
688,0.2665259400155595,1.780668405331285e-15,1.212890032604575e-12,0.2803465259982494,0.28030233195941084
689,0.2502258299969254,2.797316818032904e-15,1.5657624061956579e-12,0.4648581413795566,0.4654479755794228
690,-0.2502258299968983,1.5393915078564135e-15,1.6203007669562448e-12,-0.46485814137951037,-0.46544797557937617
691,0.19373220533980084,1.4817381984198483e-15,2.427428572467446e-12,0.3008085492304411,0.3006419204566464
692,-0.1937322053399587,6.309938939081661e-15,2.205495557469408e-12,-0.3008085492294924,-0.30064192045569843
693,-1.1617429076112253e-14,0.07679746128314197,1.3182814207931679e-11,-9.850524262600759e-13,-9.859344939557161e-13
694,-9.96334026698139e-15,0.07679746128318528,1.3165192168533227e-11,-8.444984626177188e-13,-8.452157957706274e-13
695,-2.2051475056178844e-16,0.23226485303509814,1.3386819528900938e-12,-2.647934670833354e-16,-2.782328971070018e-16
696,-5.5841231336966495e-15,0.2322648530350725,1.4340830099778243e-12,4.3923671600453916e-15,4.374111669385312e-15
697,-4.343512635620943e-17,0.7093494448595408,1.680610283690299e-13,-5.815089541133683e-17,-5.923920266047933e-17
698,-2.7823915569994618e-15,0.6856499266897527,1.7015441199858394e-13,2.2356597581413145e-15,2.239091512600952e-15
699,1.8941143125558826e-16,0.6686440060775912,1.796082741817326e-13,4.873494999356897e-16,5.043334100245709e-16
700,1.8449031693169054e-16,0.651271909926453,2.2306634986281132e-13,4.230591301768389e-16,4.128836943147219e-16
701,1.1718619895594546e-15,0.5135964801623015,3.1374360896654847e-13,5.306385346926908e-15,5.247275141969502e-15
702,-3.1568653864546568e-15,0.610818041935081,2.971222937356955e-13,2.3609755211755053e-15,2.3435838058620568e-15
703,-3.161750988749476e-16,0.6256909070975436,2.1395571030411066e-13,-1.1905778076068663e-15,-1.1871122750318949e-15
704,-1.892754953737282e-15,0.5580218062996339,3.145596871214591e-13,1.3946171750154992e-15,1.3980318541547592e-15
705,-3.5431271705065984e-15,4.871174094991847,9.41783153290074e-15,-1.4162028014189011e-16,1.0585584647904918e-16
706,-2.1518632387216703e-15,0.5954331435922434,2.5921718557648355e-13,1.507282849550082e-15,1.4834279113284358e-15
707,0.0074154218580310275,4.762873934990165,9.005559473088504e-15,1.5488902791376295e-05,-0.00011585328635406561
708,-0.007415421858035255,4.762873934990163,9.397684539079483e-15,-1.5488902791251178e-05,0.00011585328635443564
709,0.0032143975652979702,4.759706304925767,8.351203422125781e-15,-1.951669388292011e-06,5.63102750830006e-05
710,-0.0032143975653021856,4.759706304925749,8.747737008238404e-15,1.9516693876047353e-06,-5.631027508339222e-05
711,-0.001808514089473085,4.767159963045167,9.316692531336023e-15,-9.75314647498279e-07,-0.0002987495109211466
712,0.0018085140894741338,4.767159963045141,9.136981860797075e-15,9.75314647174211e-07,0.00029874951092131644
713,-2.9140733638731704e-16,4.759042959818393,1.1681382562446915e-14,-1.2669729054199474e-17,-6.992339766585282e-17
714,-3.5332458887198025e-15,4.857589077703779,9.428468610444678e-15,-1.5695231480485464e-16,-1.961857039876912e-16
715,-0.028969532510698445,0.5705995131926164,2.7108906345337763e-13,-4.789154824380581e-07,-0.00021357594612900904
716,-0.028969532510700613,0.5705995131926116,2.755354991579838e-13,-4.789154866430279e-07,-0.00021357594613326605
717,3.504667058019197e-15,4.8182982329007,1.2097875504892538e-14,-5.259012285497466e-16,-1.8480170772698523e-15
718,2.4192582726260238e-15,4.787562045489576,9.48938981861811e-15,1.1648878434418726e-16,2.896717652901734e-16
719,3.497445890512856e-15,4.808370402935891,1.3639658440204608e-14,-6.134964631754843e-16,-6.404534760458716e-16
720,-9.883529376465179e-15,4.798682878426136,9.540033128833382e-15,1.898192365198721e-16,-1.6183804331098796e-15
721,1.094659696890767e-14,4.797607331815465,9.259833111180106e-15,1.3104438718250997e-16,1.7428122976464548e-15
722,8.626720402841909e-16,0.34455570456707807,6.839423762791936e-13,-8.42150161255176e-16,-8.472127534336063e-16
723,0.017518461235288423,4.826758838158198,1.0200310960348307e-14,-3.724324554826982e-05,0.0011234719456779557
724,0.01751846123530346,4.826758838158207,9.816398471517883e-15,-3.7243245548763894e-05,0.0011234719456783202
725,-2.4215057087147608e-15,4.792009582091951,8.751462760533985e-15,-1.1826227402360833e-16,-2.5100296967694267e-16
726,-5.606089628589914e-15,0.34455570456704354,7.153885385726842e-13,3.9532390973643704e-15,3.897048972870875e-15
727,-0.01751846123528845,4.826758838158206,1.0815308894335395e-14,3.724324554831926e-05,-0.00112347194567809
728,-0.017518461235298197,4.826758838158233,1.052171152715141e-14,3.72432455487022e-05,-0.0011234719456791518
729,1.3572497185872274e-15,4.791246669052728,1.4939773130607835e-14,-7.425167872173571e-16,-4.61637368344571e-16
730,4.27057752532723e-15,0.3750889137949675,6.200671316714443e-13,9.022761148564266e-15,9.065155035449163e-15
731,-1.6054104957158813e-15,0.37508891379502757,5.654842689019542e-13,-3.6195922326909565e-15,-3.632246590986891e-15
732,0.028969532510710303,0.5705995131926047,2.448633889734007e-13,4.789155006179602e-07,0.00021357594614732425
733,0.02896953251069971,0.5705995131926213,2.8547022736279434e-13,4.789154814943686e-07,0.00021357594612824576
734,-0.0012404498543175284,4.842693955283034,9.201333567103141e-15,3.902162760188103e-06,0.0007979495387358825
735,-0.0012404498543390386,4.842693955283051,9.351151301694207e-15,3.9021627601843085e-06,0.0007979495387447434
736,0.0012404498543218349,4.842693955283054,9.509061750744043e-15,-3.902162759765373e-06,-0.000797949538734784
737,0.0012404498543390336,4.842693955283031,8.78226141471843e-15,-3.902162760797642e-06,-0.0007979495387571181
738,-0.004778840948437109,4.806891814406982,1.0368332678655494e-14,-3.435166527960675e-06,-0.00030841000983599173
739,-0.004778840948457373,4.806891814406966,1.0165520933452325e-14,-3.435166527992117e-06,-0.00030841000983720967
740,0.004778840948445649,4.806891814406984,1.0508770318228412e-14,3.4351665278446655e-06,0.0003084100098365567
741,0.004778840948458447,4.806891814406972,9.843691301030601e-15,3.4351665278149583e-06,0.0003084100098364683
742,-2.954542664835278e-16,4.825134343865261,9.923366738396826e-15,-3.471510452344636e-18,-3.8011423376736283e-16
743,-2.954542664835303e-16,4.825134343865302,1.039247048170131e-14,-2.513198758381461e-17,-1.0892466307883534e-15
744,2.935819797111282e-16,4.794557580447381,1.2485793353035487e-14,-8.257476770541919e-17,-1.571620389564873e-16
745,1.3581876234518817e-15,4.794557580447384,1.200530985704119e-14,-4.672419568479518e-16,-9.531796484091597e-16
746,-1.163019905570062e-15,0.7198934179693179,1.567136837316961e-13,8.599621243018102e-16,8.573697222588442e-16
747,-3.449033595659432e-15,4.741812047782246,1.0447269417177481e-14,9.994882663740562e-16,6.602119689527473e-16
748,1.3457763272285378e-15,4.750744285904489,6.471635713544825e-15,5.389028003042994e-17,1.761297730262001e-17
749,3.4521133549243614e-15,4.746046172844145,6.551356337449275e-15,1.415012546691049e-16,2.0206638640530305e-16
750,-0.0034478197262990647,4.740749543281658,1.1111731799922435e-14,-2.0484009188952417e-06,-0.000239508601342259
751,-0.007415421858036317,4.762873934990166,8.779283776384308e-15,-1.5488902791214424e-05,0.00011585328635464216
752,0.007415421858035259,4.762873934990166,9.274719250108937e-15,1.548890279118103e-05,-0.0001158532863544941
753,-0.003447819726304335,4.740749543281667,1.1503159725003182e-14,-2.048400918173868e-06,-0.00023950860134154344
754,0.003447819726295903,4.740749543281653,1.1019195510745956e-14,2.0484009188366406e-06,0.00023950860134319425
755,0.0034478197263064303,4.7407495432816535,1.181550165183215e-14,2.0484009185034653e-06,0.00023950860134305677
756,-4.508647336318838e-15,4.7488900778261325,7.537841337227784e-15,-1.3985331192781521e-16,-6.293307658430885e-16
757,-2.3997164939922457e-15,4.7488900778261645,8.291566526400758e-15,-7.43705281474683e-17,-2.646869038168703e-16
758,5.564108549497333e-16,0.7649666558301593,1.344351852316453e-13,1.0378221779297493e-15,1.0470534030224183e-15
759,1.1061147954946115e-15,0.793767362539303,1.3262416914489607e-13,-1.1050301667840276e-15,-1.1092786056764267e-15
760,-1.2422131215766272e-15,0.6760015435065189,1.8765443598545348e-13,8.576654199738864e-16,8.669237931711209e-16
761,-9.420081302634415e-16,0.6760015435065526,1.660756331340806e-13,5.514158755206361e-16,5.476874690710065e-16
762,3.6545251532741213e-16,0.7232078573864108,1.653469835564288e-13,6.280212372181823e-16,6.944863360175902e-16
763,-1.9712965450478682e-15,0.7232078573864168,1.4381216101639473e-13,-3.743196847088089e-15,-3.766844351664728e-15
764,-0.00811559704441869,0.7761189088326252,1.5197276797962738e-13,9.170529358115687e-08,-4.2137915458838326e-05
765,-0.008115597044420856,0.7761189088326347,1.2807417370661452e-13,9.170528134268274e-08,-4.213791547110629e-05
766,0.008115597044421656,0.7761189088326124,1.5271007390213605e-13,-9.170528833361835e-08,4.2137915464184744e-05
767,0.008115597044420423,0.7761189088326262,1.2810184983994586e-13,-9.170527643254794e-08,4.213791547611964e-05
768,-1.3401485481485588e-15,4.730877582377609,1.2705506429760939e-14,3.3691524152621795e-16,1.0167520943218529e-16
769,-0.0004045566683171814,4.723678085592735,8.541109916583408e-15,-2.5439331249307103e-06,-0.0005969121787983379
770,0.00040455666832032804,4.723678085592735,8.493440806191827e-15,2.5439331249897993e-06,0.0005969121787963718
771,-3.4412203301235166e-15,4.731070187599339,1.0172962756564529e-14,4.778714344725751e-16,1.0444715662673182e-15
772,2.3853585482366948e-15,4.720476593855369,1.229829355805961e-14,-5.906118433616475e-16,-7.346426143695635e-16
773,4.48324859374884e-15,4.722137966254149,9.727767119447814e-15,1.3458390066658963e-16,-2.784610630486854e-17
774,2.895488620349175e-16,4.728691770337581,1.1529171676514216e-14,-1.3962219807705144e-16,-9.697175763071934e-17
775,-1.339529357991771e-15,4.7286917703375755,1.1420167730093212e-14,9.733816823219408e-16,1.1132438611696883e-15
776,-0.04575642015606968,0.8854292884529589,1.1589421155951398e-13,-1.4243314620798753e-07,-0.0005302625270752447
777,0.0457564201560697,0.8854292884529593,1.1597975172639885e-13,1.4243314657748363e-07,0.0005302625270756679
778,4.361490259333455e-16,0.8631118662949456,1.101085670288338e-13,1.6082152923646827e-16,1.7439576619128948e-16
779,-0.04290757853795814,0.9010074676993074,1.0152250464702823e-13,-2.24448247928416e-07,-0.0006319990600591845
780,0.042907578537960026,0.901007467699305,1.0170562136941607e-13,2.2444824838985244e-07,0.0006319990600596251
781,0.11909017986630484,0.9228910010508385,1.2609099684218e-13,-2.270265320981294e-06,0.0008746465343943098
782,-0.11909017986630357,0.9228910010508417,1.2719394458336558e-13,2.2702653216725814e-06,-0.0008746465343937668
783,0.11909017986629651,0.9228910010508418,9.64480633943624e-14,-2.2702653409462266e-06,0.0008746465343744889
784,-0.11909017986629718,0.9228910010508453,9.802982772358525e-14,2.2702653415963142e-06,-0.0008746465343738869
785,-0.0008601278643558775,0.9899671576348177,9.924718640224681e-14,-7.412572373965975e-08,0.00014088177914603397
786,-6.562853733809537e-16,0.9022764794745602,1.1075730375471503e-13,1.583324713323554e-16,1.5008350606772858e-16
787,6.643840493830878e-16,0.913410728641148,9.203298628519141e-14,8.163079993698568e-16,8.214959537383732e-16
788,1.6697738012941102e-15,0.9086763353046231,1.0820422005400501e-13,-1.3686496052065482e-15,-1.346557594369121e-15
789,1.3248500784211026e-15,4.676872235300008,7.826878496202064e-15,6.106909671240187e-17,8.421109796844771e-17
790,2.8721004161709024e-16,4.6904959342899035,8.248812544981854e-15,1.0510760721406502e-17,-1.5344370354863367e-17
791,-0.004074885216748217,4.702222478487733,9.042245485240195e-15,-3.0706681683955947e-06,-6.558336703970974e-05
792,0.0040748852167503055,4.702222478487733,9.042162693427439e-15,3.07066816841034e-06,6.558336703984006e-05
793,1.3362643433739083e-15,4.717165895476075,1.2354988441040087e-14,-6.706218810388749e-16,-5.124200337229905e-16
794,0.0008601278643547834,0.9899671576348235,9.921699238311443e-14,7.412572715012611e-08,-0.00014088177914270525
795,0.0008601278643701814,0.9899671576348358,7.446476478677028e-14,7.412572772258486e-08,-0.00014088177914458873
796,1.3360233212370348e-15,4.716315059778967,1.3128552506036519e-14,-5.59655931055645e-16,1.9281037508268225e-15
797,-4.512081845628666e-16,0.8929130070443553,1.1003205846485702e-13,-4.519912130254786e-16,-4.364537286542997e-16
798,3.821738954549842e-15,0.8929130070443602,9.113803021110148e-14,3.8132044077297645e-15,3.912795709895353e-15
799,2.8778895229208035e-16,4.699950263087287,9.392040863081231e-15,1.379500416475926e-17,5.106854380532836e-17
800,1.3344276438130265e-15,4.710682136052433,1.2027710254681101e-14,6.203996412960842e-17,8.003276369627178e-17
801,-2.3811584995321717e-15,4.712164958014539,1.2241274307675375e-14,4.868837940066536e-16,-6.933616137928614e-16
802,-2.8851695380130047e-16,4.711839429983849,6.991167316626287e-15,2.7331167851640605e-16,4.2625713829601673e-16
803,-2.3801107432699888e-15,4.710091513368091,9.170044678684641e-15,9.723400482811466e-16,1.3211954329961453e-15
804,-1.3341371195348872e-15,4.7096565521375116,8.149258726193208e-15,-4.451823811215222e-17,-2.9623584401277116e-16
805,0.0022470271395130317,4.711968737438164,7.793220959978762e-15,-3.6360444531177314e-06,0.0004997252344337615
806,0.0022470271395088628,4.711968737438197,9.014444606139116e-15,-3.6360444526724496e-06,0.0004997252344320773
807,-1.700112449095834e-15,1.0523463580031205,7.317109005301857e-14,-2.2276245770346072e-15,-2.2397910270272967e-15
808,-5.241715682862695e-16,1.0373030172293713,8.344444653193757e-14,3.000848027348074e-16,3.0390520884329016e-16
809,-1.227649176004942e-15,1.0479692296619803,6.217774452197213e-14,9.182413658454337e-16,9.203277608056334e-16
810,-4.584611320060044e-16,0.9072661401056741,8.166046589014806e-14,4.1656617011130293e-16,4.177377622496082e-16
811,6.153519075480081e-17,1.0049459288611868,7.83823555625706e-14,4.4164299121010875e-17,4.206033131276269e-17
812,-9.328828428441186e-16,0.9825913950887425,7.802605478799638e-14,-9.838887586845203e-16,-9.782562937928615e-16
813,-9.440056560362125e-16,0.994306886069808,8.095288843562723e-14,7.736870508660565e-16,7.706854521439358e-16
814,-6.609404119069373e-16,0.9086763353046625,8.561902611680545e-14,4.784352233736351e-16,4.510547484061527e-16
815,-0.0008601278643717232,0.9899671576348393,7.401889515821253e-14,-7.412572860382438e-08,0.0001408817791437912
816,-1.2999788413271406e-15,4.5890739250482255,8.235432347099769e-15,-7.452118235427418e-17,2.7429446541909335e-17
817,2.8331094993522213e-16,4.6268189347732624,1.1327058725063796e-14,1.2948498572466673e-17,3.7015482588454365e-17
818,-1.3090022142021535e-15,4.620927462859991,1.7895196304215144e-14,-1.2379222048844892e-16,-9.408829050659353e-17
819,0.0006026758068961061,4.617891299706654,1.14967518387419e-14,-1.1078014136608311e-07,-0.0004103405999314833
820,-0.0006026758068961046,4.617891299706643,1.151314801682467e-14,1.1078014158522748e-07,0.00041034059993097613
821,2.8539076395795636e-16,4.660784875388668,1.0951150487699168e-14,1.5084186648505438e-17,-3.6537371209752295e-17
822,-2.8522523077086445e-16,4.658081513289372,1.5649158189520865e-14,1.0416223081753491e-16,1.0798522640825351e-16
823,-2.8528207440377355e-16,4.659009840264116,1.430844960969584e-14,1.0890097818591858e-16,5.061543666171938e-17
824,-1.3058195472337995e-15,4.60969228461534,1.1970614183551682e-14,-6.389857151266521e-17,-6.642536509392641e-17
825,1.3141839221680139e-15,4.63921948435864,1.3083507371079852e-14,4.79776078320976e-17,9.765766488569523e-17
826,-0.002247027139516162,4.711968737438146,7.689974921446239e-15,3.6360444532504378e-06,-0.0004997252344341547
827,2.86811503856651e-16,4.683987318732884,9.963652987503854e-15,-1.5284603529240316e-17,2.1073206345940898e-16
828,-1.3268656175185497e-15,4.683987318732879,9.679073592831213e-15,-6.437931487115357e-18,8.172548650753022e-17
829,-0.002247027139510935,4.711968737438155,8.18056901289429e-15,3.6360444528762796e-06,-0.0004997252344328001
830,-0.0002510128519706159,4.612465962385327,1.2189578733874738e-14,3.8321991337306096e-07,0.00018595263014596871
831,0.00025101285196754323,4.612465962385325,1.2161799005334307e-14,-3.832199133288255e-07,-0.00018595263014686104
832,2.846940997208783e-16,4.649407484984134,9.87845187224385e-15,1.6134919894420365e-17,9.29894020474901e-17
833,2.860215851294448e-16,4.671086966929308,1.039861623537438e-14,1.505798212120212e-17,-3.783954381913362e-17
834,1.3313875516266012e-15,4.699950263087312,1.044899127872503e-14,6.1721212764221e-17,-2.07190039601749e-16
835,-2.3604009054140156e-15,4.671086966929326,1.0078770475536043e-14,-1.1349832113247163e-16,2.0891042316717253e-16
836,-2.8460475845863424e-16,4.64794843144631,9.338709255476885e-15,-1.1692107010090077e-17,-2.017947992903741e-17
837,2.8432124868733257e-16,4.643318365512213,9.348973905639066e-15,-6.297775968287012e-17,-7.765638182867999e-17
838,-1.315995273640946e-15,4.645613762133996,1.1071228586551299e-14,8.921145972830512e-16,8.632154077869917e-16
839,-1.301913959591605e-15,4.595905113746861,1.235594135164619e-14,-6.518220763031825e-17,1.1153252217998082e-16
840,-4.363401765356138e-15,4.595905113746834,1.1480072878539935e-14,-2.0360558782107958e-16,7.776939593480348e-16
841,1.3340331924426275e-15,4.709289677620763,8.32086295729579e-15,-8.727964367758452e-17,-9.22093140907392e-16
842,1.3063842204220987e-15,4.611685645524163,1.2883416957406984e-14,-3.9172054637483693e-16,-7.936744324584875e-16
843,1.3340331924426223e-15,4.709289677620745,9.680517237304231e-15,-8.991435205977176e-17,-3.654122786473902e-15
844,-1.3063842204221011e-15,4.611685645524171,1.2207148058963683e-14,3.865700628275448e-16,2.2248079980937637e-16
845,-1.3164633210076857e-15,4.647266022846331,9.780021991438385e-15,-5.250860813975593e-17,-8.083333804047184e-17
846,2.3546459030718524e-15,4.659698174299452,1.423004687413039e-14,-1.1298947701118495e-15,-1.2419775244704875e-15
847,-2.8532422270743063e-16,4.6596981742994705,1.7252018730285602e-14,1.1178891729427137e-16,-3.901644229261606e-16
848,-0.0013117305242651874,4.643873036166788,1.1206629120886922e-14,-2.484748774646533e-06,0.0002510328711771317
849,3.380264017056539e-15,4.647266022846308,1.0234705114211581e-14,1.44085296026863e-16,2.604273929175071e-15
850,-0.0013117305242672534,4.643873036166801,1.1960578935036642e-14,-2.4847487740818804e-06,0.0002510328711751332
851,0.001311730524265186,4.6438730361667835,1.163133737936418e-14,2.484748774752351e-06,-0.00025103287117764336
852,0.0013117305242662167,4.643873036166782,1.1405933135771701e-14,2.484748774835184e-06,-0.0002510328711784888
853,0.14509365530908677,1.2314659441367235,6.329106806698095e-14,3.223948513993158e-06,0.0012084705817803527
854,-0.13830255979219738,1.2363600850372793,7.423928280243943e-14,-4.256612184751901e-06,-0.0008631955571594078
855,-0.14509365530908933,1.231465944136724,6.322597464331975e-14,-3.223948515096442e-06,-0.0012084705817814734
856,0.012380903190603346,1.1110712481685385,7.531782667102123e-14,8.010176486307474e-07,-4.412683651684561e-05
857,-0.01238090319060365,1.1110712481685436,7.499712782742651e-14,-8.010176512224243e-07,4.4126836514214035e-05
858,2.92552254002904e-16,1.032742901560011,8.664594989062321e-14,2.4893440565906477e-16,2.5419744099609046e-16
859,2.314343682984177e-15,4.579942580850026,9.711114281928396e-15,1.0619916329610165e-16,1.4301250974947614e-16
860,2.318957947986257e-15,4.589073925048266,8.587202595373253e-15,1.3579519530472477e-16,-4.296339468974874e-16
861,0.13830255979219533,1.2363600850372882,7.352098735513404e-14,4.256612185582834e-06,0.0008631955571599369
862,5.84568118943094e-16,1.1568240443453546,5.49893603150969e-14,-5.336352920445402e-16,-5.25706846255282e-16
863,-3.13325023001878e-16,1.1060731508946249,6.13979058994182e-14,1.2461292019567698e-16,1.2388640500788142e-16
864,-3.178865667958241e-16,1.1221759219684933,5.539435719094175e-14,-3.4152332135525817e-16,-3.519877298962889e-16
865,1.5770857060648072e-15,1.1317443419981763,5.77569223928822e-14,1.3488901564625186e-15,1.3485394923885447e-15
866,1.0473746594742215e-15,1.1031838946633277,6.305957630599965e-14,7.680621528414688e-16,7.663100956893781e-16
867,-2.9554995424551953e-16,1.043325126117184,7.720480937109076e-14,1.3611105435424356e-16,1.4468922100673535e-16
868,-7.511822331349664e-16,1.0327429015600331,6.829616530865026e-14,-8.506907725669813e-16,-8.042374051787017e-16
869,-5.272146696825569e-16,1.0433251261171619,6.199943129332078e-14,2.7278521330817766e-16,2.8648750635147936e-16
870,-1.3372021878962205e-15,4.7204765938553646,1.1428021767685766e-14,3.4723384771566315e-16,-1.44617613289699e-15
871,-2.308513719083098e-15,4.568405443945216,1.1175375454798197e-14,1.4025467458620026e-15,1.436939456403789e-15
872,-2.7970895062698606e-16,4.567993821920416,1.256119319624233e-14,1.808093315169953e-16,5.275804679147903e-16
873,-1.2940089522870489e-15,4.567999534251721,1.4611905972902922e-14,1.102079701337811e-15,1.0512487528005415e-15
874,-0.013760419342199511,4.570034256105279,1.1303632370621348e-14,3.3687800480273773e-06,-0.00045575391131154005
875,-0.013760419342208586,4.570034256105259,1.10414628766993e-14,3.36878004925361e-06,-0.00045575391130999593
876,0.013760419342198491,4.570034256105277,1.0986360660012823e-14,-3.3687800480112226e-06,0.0004557539113114817
877,0.013760419342209613,4.570034256105264,1.0992992568242154e-14,-3.368780049115374e-06,0.0004557539113104823
878,-0.028517218463741514,1.2007808576331411,5.5445264601356526e-14,1.3634794967208597e-07,-0.00034024283998195046
879,0.028517218463743648,1.2007808576331411,5.507984636836768e-14,-1.3634794894783892e-07,0.000340242839982776
880,-0.023009627847334645,1.207379802239009,5.255741242824334e-14,2.5914471603327716e-08,-0.0005192546737623604
881,0.023009627847336112,1.2073798022390156,5.257069359601742e-14,-2.591446780775275e-08,0.0005192546737662084
882,0.006271287413613274,4.53666902825023,9.815258916475886e-15,-4.054918839016455e-09,-0.0005509063835439495
883,-0.0062712874136122655,4.5366690282502296,9.835864630359672e-15,4.054918689396555e-09,0.0005509063835437977
884,-7.597442300267775e-17,1.2407564867776424,5.548829786163012e-14,-5.4706555887001775e-17,-6.042264629681785e-17
885,-2.778139794803891e-16,4.537046594557942,1.4343060626086693e-14,1.8755487984398128e-16,1.4434559093306054e-16
886,2.298773781619618e-15,4.549130711911342,8.888501495058068e-15,1.132016339427166e-16,9.269046864868881e-17
887,-3.44351463756747e-16,1.2156000337397834,5.1675852699362934e-14,2.022529817043138e-16,1.952157452154967e-16
888,6.146654605804437e-16,1.2163848163900441,5.634866044628462e-14,4.1499664277815443e-16,4.250975504346652e-16
889,2.784917447942458e-16,4.548115342123829,1.216277088772908e-14,-2.4768981662227147e-17,-7.418681047774837e-18
890,2.3021239167146346e-15,4.555760421442418,1.2519832755695973e-14,-4.630178313573327e-16,-2.881858406726664e-16
891,1.0473746594741884e-15,1.1031838946632928,6.366280389720754e-14,7.759050549363101e-16,7.75800975687099e-16
892,0.05575989181465066,1.2881870671841464,5.935144051255966e-14,4.5914168179082837e-07,0.0007902869058422149
893,0.05575989181465027,1.2881870671841507,4.761713351262178e-14,4.59141682665129e-07,0.0007902869058429504
894,-6.829897998618985e-17,1.1154069897335666,6.435825949407265e-14,-4.5532576863900926e-17,-7.190629626160148e-17
895,-6.829897998618957e-17,1.115406989733562,6.057510557900978e-14,-3.487065496740091e-17,-3.3475097544815187e-17
896,-1.5805131805116654e-15,1.1342039577296854,6.276300337650445e-14,-1.1834159986950463e-15,-1.1869614268340535e-15
897,-8.249815714161846e-16,1.1342039577296907,5.636154102829241e-14,-6.658450086706192e-16,-6.339368253394192e-16
898,-2.30244494776041e-15,4.556395721967198,1.3713945601172667e-14,1.6503598816865368e-15,1.4581020761987714e-15
899,-2.7964581887510386e-16,4.56696280216964,1.2322129089064903e-14,1.6647337805474307e-16,6.892773587386127e-16
900,-1.2937152699901778e-15,4.566962802169648,1.289771682325566e-14,6.255513080035747e-16,7.044992582779652e-17
901,-1.2916156232341026e-15,4.55955080908653,1.2108554883731706e-14,5.928905736147227e-16,1.879731740985498e-16
902,2.7919196519487773e-16,4.559550809086539,1.286298165410766e-14,-1.007071993345571e-16,-3.981370048218164e-17
903,1.5154082060806018e-15,1.2936115637838694,6.25810755050222e-14,-1.1285524861362616e-15,-1.1295709347866101e-15
904,1.5295379354007157e-15,1.3056732519602254,4.576411924995326e-14,-1.5026938199940988e-15,-1.5045587806311352e-15
905,-3.728475000741296e-16,1.3161942996417,4.658073732786602e-14,-1.8331273787381147e-16,-1.8721840754412346e-16
906,-1.13987547347239e-15,1.2006136036246404,5.387111189842055e-14,9.512325537289923e-16,9.527931345364946e-16
907,-0.05575989181465091,1.2881870671841522,5.987878895739652e-14,-4.591416820735883e-07,-0.0007902869058425584
908,-0.055759891814652275,1.2881870671841507,5.6084699308667577e-14,-4.5914168094601804e-07,-0.0007902869058413926
909,0.009746674409611118,1.2218646221241487,6.035094319433117e-14,1.8355850868456702e-07,9.728185192875438e-06
910,-0.009746674409610856,1.2218646221241498,6.109875806631808e-14,-1.8355851028745152e-07,-9.728185194268421e-06
911,0.009746674409603643,1.2218646221241303,5.247903345675859e-14,1.835585069984158e-07,9.728185191126837e-06
912,-0.00974667440960312,1.2218646221241327,4.8919295427893215e-14,-1.8355850843476684e-07,-9.728185192525891e-06
913,-0.045466637928907254,4.443006118143341,1.3746931285796607e-14,-3.650375009399149e-05,0.002312259199989581
914,0.04546663792891123,4.443006118143344,1.372949850713082e-14,3.6503750093759904e-05,-0.002312259199989678
915,-0.02301679460606702,4.495394646989074,1.1616899045137155e-14,3.3347452659858792e-06,0.0003796511655174942
916,0.023016794606064015,4.495394646989072,1.1061975173399875e-14,-3.3347452660153695e-06,-0.00037965116551752693
917,0.025850509775303863,4.448886714985195,1.1258225859156159e-14,5.166813836249935e-06,0.0005776882235060806
918,-0.025850509775307874,4.448886714985205,1.1920448174054855e-14,-5.166813836194857e-06,-0.0005776882235062433
919,2.7319035271700493e-16,4.4615370392052744,1.1064209117476428e-14,-8.348259862527128e-19,-1.852631829617822e-16
920,1.281106576645174e-15,4.522452673220615,1.2451171111695941e-14,-7.833343370354588e-16,-1.1322893031114157e-15
921,-2.765354725306345e-16,4.5161669915467755,1.1255102869059136e-14,-6.6497934399858065e-18,-1.8821273429857427e-16
922,-2.7629407282126543e-16,4.512224635113277,1.0451495334628114e-14,-1.0176809747007557e-17,-1.449915250565875e-16
923,1.2778649502408928e-15,4.511009361426826,1.3251701995600649e-14,-3.345035440714872e-16,-1.673271152829747e-16
924,-0.003385061004852701,4.535416509444188,1.0455812266199221e-14,-4.770579241468453e-07,-0.00013892495712534416
925,-0.003385061004861758,4.535416509444179,1.0694210766948322e-14,-4.770579236841078e-07,-0.00013892495712578608
926,2.260019590876511e-15,4.472438572504512,9.171019035531354e-15,1.1656614459577835e-16,1.0925572369996946e-16
927,0.0040784198283473445,4.495210462847299,1.0032103223447957e-14,1.9086405635259512e-06,0.0002956786668387578
928,-0.00407841982834435,4.495210462847299,1.0432781709243511e-14,-1.9086405633796924e-06,-0.00029567866683861206
929,-0.004446798813889144,4.500141251555513,9.019538685702125e-15,7.017845458862863e-06,0.000738132839046748
930,0.0044467988138841615,4.500141251555527,9.24505364670324e-15,-7.017845458324231e-06,-0.000738132839046301
931,0.0033850610048557243,4.5354165094441905,1.1088927921741507e-14,4.770579239547247e-07,0.0001389249571255302
932,0.0033850610048607554,4.535416509444185,1.0887954503837123e-14,4.770579235457637e-07,0.00013892495712549747
933,2.755111561383823e-16,4.499438635371503,7.785505733584949e-15,4.1580959145785126e-18,-2.301583848849147e-16
934,1.2666876893509319e-15,4.471552352687194,9.198921680874794e-15,4.646186425631285e-17,-2.1053201058166415e-17
935,-3.2709670202752507e-15,4.497001955608412,8.48502359918351e-15,-1.4548255187705556e-16,1.1754984371703423e-16
936,-1.2726028872631444e-15,4.49243367754993,1.3267505627015918e-14,8.61275620312458e-16,8.492809020637482e-16
937,-1.2666876893509315e-15,4.471552352687193,8.984916223832457e-15,-8.685509570558805e-17,-6.615508831052095e-16
938,0.006193065152147636,4.517429020451368,9.962272541519021e-15,1.9838241823604864e-06,4.8751726915066316e-05
939,0.006193065152151658,4.517429020451375,1.0020995718259208e-14,1.983824182105482e-06,4.875172691477331e-05
940,-0.006193065152148637,4.517429020451366,1.0331320181763794e-14,-1.9838241824376816e-06,-4.8751726914979905e-05
941,-0.006193065152149656,4.517429020451377,1.020467240148789e-14,-1.9838241824788813e-06,-4.8751726915422856e-05
942,-2.754380746247172e-16,4.498245123679545,1.0246115011826009e-14,4.0904613936994835e-17,-5.552649805240594e-16
943,-3.271871258654872e-15,4.4982451236795935,1.07652756243451e-14,5.114604280848664e-16,1.0338628640868313e-15
944,-0.0024579551463611822,4.490761687850143,9.5757796968267e-15,-2.0104131875236814e-06,-0.00046718803801348006
945,-0.0024579551463721396,4.490761687850123,8.947816197486106e-15,-2.010413186245407e-06,-0.0004671880380148895
946,0.002457955146360174,4.490761687850123,8.985700994467298e-15,2.010413187591119e-06,0.0004671880380126797
947,0.002457955146373129,4.490761687850108,9.032255584185936e-15,2.0104131859732723e-06,0.00046718803801459635
948,0.14845459051374355,1.502381342198565,5.070632158881033e-14,1.0878503469735927e-06,0.0010123307518115077
949,-6.802854488432781e-16,1.3462427024980899,3.7904319483452125e-14,-3.455078340441048e-16,-3.5128627064325386e-16
950,-6.824099231963847e-16,1.3504469054534483,4.808241366632776e-14,5.893594785322495e-16,5.784979529477019e-16
951,2.72663624233076e-16,4.452934910260085,9.511194015799038e-15,1.3411769852886742e-17,6.23905278696134e-17
952,-0.14845459051374574,1.5023813421985668,5.1550955096400927e-14,-1.087850347372037e-06,-0.0010123307518117722
953,0.0037635168699723573,1.4378176238650042,3.860962272238805e-14,-3.1851976750596478e-09,4.604937562635147e-05
954,-0.003763516869972987,1.437817623865001,3.842577359241446e-14,3.185198660382582e-09,-4.6049375625437485e-05
955,0.011576396807621793,1.3827244385031787,3.684171339816949e-14,-8.22806477913246e-07,0.0002908730017887953
956,-0.011576396807622725,1.3827244385031798,3.705982113679268e-14,8.228064764179144e-07,-0.0002908730017901727
957,3.884052545462586e-16,1.371114951509743,4.058090672108996e-14,-2.795952541518112e-16,-2.8101121236357246e-16
958,-0.03109139187480636,4.336627394635107,1.3294476379967183e-14,4.516439333022634e-06,-0.00035672292671816777
959,0.031091391874804402,4.336627394635102,1.3102411329981369e-14,-4.516439332920286e-06,0.000356722926718343
960,0.005604283983103413,1.3382423346297574,4.405411004712689e-14,2.0878546629424233e-08,7.808788767211302e-05
961,0.005604283983107025,1.3382423346297687,3.820080742976253e-14,2.0878544393365672e-08,7.808788766974686e-05
962,-0.005604283983102531,1.3382423346297596,4.350656387175504e-14,-2.0878545970229312e-08,-7.808788767165939e-05
963,-0.00560428398310795,1.3382423346297767,3.868481646761268e-14,-2.0878541101727877e-08,-7.808788766643093e-05
964,1.2602278583408324e-15,4.448748410725799,9.23256512659856e-15,5.616136000506849e-17,8.804632676640224e-17
965,1.2603999358474034e-15,4.4493558639961055,9.805776386547998e-15,-6.570997882917623e-17,-2.36482517051424e-16
966,-4.224266330823086e-15,4.4493558639961295,1.045386031449402e-14,2.0605567742126264e-16,6.297142552399034e-16
967,3.2389141429498275e-15,4.452934910260099,8.74445278547075e-15,1.7060418630465375e-16,-1.351145103044794e-15
968,1.4064652467568368e-15,1.2006136036246366,4.6193390587657916e-14,-1.3036780901231347e-15,-1.3110893258941473e-15
969,0.14845459051375162,1.5023813421985546,3.8833150573867314e-14,1.0878503457069193e-06,0.0010123307518099672
970,-0.14845459051375282,1.502381342198553,3.9416235070592664e-14,-1.0878503452870078e-06,-0.0010123307518100878
971,-3.9805595418429257e-16,1.4051830245117318,4.0206081308363713e-14,-1.6562832519584872e-16,-1.7401420698230113e-16
972,9.224208183252134e-17,1.50642751684394,3.600231891744334e-14,2.5456798049258613e-17,1.5223356307572243e-17
973,-3.9729996041707414e-16,1.4025142800873232,4.0669782957693604e-14,-2.317556301839853e-16,-2.370610635786435e-16
974,-7.258898921473678e-16,1.43649106677519,4.2198799797859386e-14,4.778500250323404e-16,4.701447391370906e-16
975,-4.11422895458904e-16,1.4523698553361064,3.629915022396468e-14,2.1914758708963156e-16,2.119667434756599e-16
976,8.872665123196541e-17,1.449016178276714,3.433626514968322e-14,2.439316546838489e-17,2.4691565642404067e-17
977,1.2465364787253132e-15,4.400416275467834,1.0499461162328833e-14,-1.57629050264732e-16,6.179794713873909e-16
978,0.005537890757451832,4.4109040454041235,1.0257284281969824e-14,5.794617895857519e-06,0.0005726121092253997
979,-0.005537890757451839,4.410904045404129,1.0099115774506257e-14,-5.794617896071974e-06,-0.0005726121092255302
980,0.001809716425094654,1.3865777854879862,4.68821663583394e-14,1.2199497368466788e-08,3.653651912774599e-05
981,0.0018097164250839117,1.386577785488012,4.06573929955717e-14,1.2199494618930079e-08,3.653651912465623e-05
982,-0.0018097164250996042,1.3865777854880046,4.4667799183088235e-14,-1.2199494359155238e-08,-3.653651912489692e-05
983,-0.0018097164250795938,1.3865777854880061,4.406136250346554e-14,-1.2199494850949344e-08,-3.653651912491752e-05
984,-1.2497483413557446e-15,4.411754517737303,1.1794232757134904e-14,6.446621661591697e-16,-4.381839973609917e-16
985,-2.7161418239730616e-16,4.435796224452871,1.1264828933918632e-14,4.737613408149089e-17,2.825641793039364e-16
986,-2.7177643380752433e-16,4.438445991068538,8.69109554144537e-15,4.652076472948912e-18,4.1551141185679317e-17
987,-1.2575320028851085e-15,4.439231732773617,1.1475271867682541e-14,-4.7803427286366884e-17,2.857440161855245e-17
988,1.2505938136448225e-15,4.414739131573169,1.085587247929231e-14,-2.166069330390213e-16,-2.9841012221075067e-16
989,-1.2567407145355002e-15,4.4364383944384524,8.447493982893461e-15,-1.987172123007441e-17,1.276337461778269e-16
990,-1.2569246660571926e-15,4.437087764339589,1.4654011415685432e-14,-7.067473180891639e-17,1.1958149634311366e-15
991,2.720975632157626e-16,4.443690432297827,9.613157805008602e-15,1.2363108270455499e-17,-3.857890121834704e-16
992,2.7209756321576325e-16,4.443690432297838,1.015938080040154e-14,1.1813180466589244e-17,-2.87361272177118e-17
993,-7.294445353941593e-16,1.4435254852521897,4.0797274387414676e-14,4.049725443483414e-16,4.0078626763948938e-16
994,-4.089174893221288e-16,1.443525485252211,3.7559828369074575e-14,2.3219107796096183e-16,2.573030482927471e-16
995,7.233720262885081e-16,1.4315083664335575,3.658329830565671e-14,3.8295462102827683e-16,3.8500959668370014e-16
996,7.233720262885159e-16,1.431508366433573,3.551766146188834e-14,3.7173839190363663e-16,3.893576361455787e-16
997,-2.7139175161749104e-16,4.432163654148193,1.0148256453296747e-14,4.7213356556484905e-17,1.0170393530829496e-16
998,-1.2555297791659208e-15,4.432163654148232,1.10097170647268e-14,1.8661133004267052e-16,5.232985435827076e-16
999,-1.2197938558648583e-15,4.306011759521233,1.1688223380664113e-14,1.852549285312052e-16,6.066612739056251e-16
1000,1.2203950353707056e-15,4.308133991904447,8.493282977274952e-15,5.708683078262307e-17,5.2473012218049864e-17
1001,-1.2228206389214549e-15,4.316696649736542,9.02382872716015e-15,-6.256885246493805e-17,-3.027074242905652e-17
1002,-2.6639849812038953e-16,4.350617636135848,1.183937103847826e-14,-1.779084371351926e-17,2.107611461942988e-17
1003,-1.2386873132440803e-15,4.372707823992931,1.2101549136794221e-14,1.218704703689125e-16,8.725199102241168e-17
1004,2.680549593827303e-16,4.377669701490431,9.688419405352225e-15,7.656386471206133e-18,1.198237424219824e-16
1005,-1.2529804721745424e-15,4.423164309028788,9.403004723402166e-15,-4.566798054203804e-17,-2.871145334902098e-17
1006,-2.700132535819024e-16,4.409651072781085,1.1199594690577433e-14,2.899508027164486e-16,1.2588365691378417e-16
1007,1.2529804721745399e-15,4.423164309028779,8.936232176617839e-15,6.038873930897955e-17,-3.088810317998475e-16
1008,1.2357033634872994e-15,4.362174140222726,1.1329506016271324e-14,5.344890266261003e-17,7.121004762358176e-17
1009,-1.236832339810282e-15,4.366159555708802,1.5838302531260824e-14,8.845630935594814e-16,9.220424059924827e-16
1010,-1.2477369937324362e-15,4.404654230687315,6.750233767887143e-15,-5.021343297646977e-17,-7.124789665023522e-17
1011,-2.2025820542185217e-15,4.358773250533031,1.1578614406001081e-14,1.5475968117091752e-16,1.4479816919007182e-16
1012,-1.226877003250069e-15,4.331016079545058,1.255223628690718e-14,-3.662472617227504e-17,-1.9671373606177943e-17
1013,2.64704306740238e-16,4.322949391196473,1.61361454122003e-14,-8.49147139730928e-17,5.505433437886227e-16
1014,2.6869670392796333e-16,4.38815018526224,1.397599976821232e-14,-8.939228404599742e-17,-6.55732719656773e-17
1015,1.2444996972913438e-15,4.39322620415859,9.529553407711385e-15,5.0607189780877476e-17,4.1982838442947583e-16
1016,-2.1888476517450133e-15,4.331593720036572,1.00991599368189e-14,-1.2361307224961347e-16,-6.769094611518421e-16
1017,-3.1510598913780796e-15,4.332150830604837,1.1544425483164095e-14,-1.5592269740149522e-16,-2.4582443675399723e-16
1018,2.668352737205894e-16,4.357750723006348,1.164681724119213e-14,-3.417986263345713e-17,-3.489610647322441e-17
1019,-0.0036123444477874495,4.411636835300294,9.27456494735555e-15,-8.612438442544713e-08,0.0002603056746964975
1020,-0.0036123444477698143,4.411636835300291,9.524238351751889e-15,-8.61243849293843e-08,0.0002603056746950943
1021,0.0036123444477884313,4.411636835300297,9.314492273599622e-15,8.612438421608769e-08,-0.00026030567469656886
1022,0.003612344447768855,4.411636835300316,9.844065660033262e-15,8.6124385431912e-08,-0.00026030567469697056
1023,0.0009054879417781194,4.384329054726123,1.0103505400880461e-14,-2.1358035480055926e-07,-8.80792784244096e-06
1024,0.0009054879418598961,4.3843290547261295,1.0367458967337682e-14,-2.1358035474634916e-07,-8.807927843601164e-06
1025,-0.0009054879417810407,4.384329054726127,1.0222939357395205e-14,2.1358035480817579e-07,8.807927842579378e-06
1026,-0.0009054879418628098,4.384329054726097,1.0161581975732108e-14,2.1358035472016567e-07,8.807927843126026e-06
1027,-1.2442687570720093e-15,4.392410958782972,8.129935269688985e-15,-3.1001160728785695e-17,-3.2922197447723893e-16
1028,1.2442687570720057e-15,4.39241095878296,8.568827900259396e-15,3.801348698354417e-17,-1.6685573793469203e-16
1029,-2.225076890012867e-15,4.4032891351275385,1.0739802712069475e-14,3.5083975310315165e-16,1.6394828200576924e-15
1030,-3.202803486392943e-15,4.403289135127537,1.043481925555875e-14,4.1831346810961125e-16,7.848470693327379e-16
1031,-2.6532393854789075e-16,4.333068746558103,1.0705661881674216e-14,-9.349273570771963e-18,4.0653374151960094e-18
1032,1.2374675590919903e-15,4.368401952392274,1.2708216981666632e-14,-4.3708774539665147e-16,-1.2183700485464308e-16
1033,1.237467559092e-15,4.3684019523923086,1.3202972242058777e-14,-4.179619952024592e-16,5.224586411057316e-16
1034,-0.00668056237103476,4.323716714060305,1.3675740980767244e-14,-4.264533224539527e-06,0.0002659481392358609
1035,0.006680562371030936,4.323716714060316,1.3158212414987361e-14,4.264533224865655e-06,-0.0002659481392353379
1036,2.201671828713743e-15,4.356971970723916,1.0143101264687531e-14,-4.2216756460694765e-16,-4.172699420104534e-16
1037,0.006680562371025173,4.323716714060314,1.3902742762215326e-14,4.264533225442884e-06,-0.0002659481392345564
1038,3.1691139486225822e-15,4.356971970723933,1.013800940359628e-14,-5.703110271780775e-16,-9.064687557197142e-16
1039,-0.006680562371031891,4.323716714060312,1.3414401968699412e-14,-4.264533225527669e-06,0.00026594813923444365
1040,-1.2274584764903958e-15,4.33306874655814,1.2529086257924239e-14,-5.890898782805864e-17,1.8583741901971919e-16
1041,-0.1447681829311546,1.73672374136653,3.678749258447102e-14,6.910396991221743e-06,-0.0004668908545272057
1042,0.009920039177845551,1.5849743383144703,3.558223054756896e-14,-1.4266286267258788e-07,-0.00012931040403296384
1043,-0.009920039177847253,1.5849743383144612,3.55241563192077e-14,1.426628637602595e-07,0.00012931040403410255
1044,-7.711529571606506e-16,1.5260638645918114,3.293039389250075e-14,-3.515917655153144e-16,-3.535654474867053e-16
1045,-0.004522119593260687,1.5364516661955037,3.017115045315094e-14,-2.557848448672684e-09,-0.00017864251255744344
1046,0.004522119593260338,1.536451666195501,3.007492813199617e-14,2.5578490783773056e-09,0.0001786425125581627
1047,1.217030389840723e-15,4.296256408533236,1.4477058807932007e-14,-3.2938024231765273e-16,-2.4623049841847126e-16
1048,1.2201393870005146e-15,4.30723152393164,1.1206088778317056e-14,-7.262705673876493e-16,-6.454872967473494e-16
1049,0.14476818293115432,1.7367237413665315,3.667004472760916e-14,-6.910396990999698e-06,0.0004668908545275869
1050,-0.13663324617688882,1.7337797577531462,3.753185340035992e-14,-5.951933643687235e-08,-0.0010678514551281661
1051,0.13663324617688638,1.7337797577531446,3.780529425077867e-14,5.9519336169724935e-08,0.0010678514551279862
1052,0.04117939655647855,1.6507598500742158,3.3277840971875104e-14,-1.2111997223715476e-06,0.00020967541881786178
1053,-0.04117939655647856,1.650759850074216,3.290262440887934e-14,1.2111997217678638e-06,-0.00020967541881848628
1054,0.01543880458900048,1.561320314485575,3.385203587703153e-14,3.020392952048784e-07,0.0002191779269390716
1055,-0.015438804589000476,1.5613203144855745,3.401558998471713e-14,-3.020392949637518e-07,-0.00021917792693889964
1056,-0.011338413713097977,1.5549441078215822,3.181513305458855e-14,-1.351577210706445e-07,0.00014817942772732753
1057,0.011338413713097281,1.5549441078215815,3.1072373728463565e-14,1.3515772078614985e-07,-0.00014817942772767448
1058,-1.1529862391050721e-15,1.5851524457158186,2.924436947366153e-14,1.0919070265481983e-15,1.0872012184083747e-15
1059,4.388943047611185e-16,1.549347070737872,3.2240695054977986e-14,-2.9557393425735147e-16,-2.981474266746882e-16
1060,1.111093770467223e-15,1.527557700118592,3.1028691240012865e-14,4.3425277498093974e-16,4.350889429374792e-16
1061,9.353593239815589e-17,1.5275577001185852,3.0472477739425306e-14,2.3621290219359678e-17,1.7839880125516183e-17
1062,0.0017480941645985218,4.270497004487488,1.0466518666825971e-14,3.2160871839283754e-06,-0.0004265642534776767
1063,-0.001748094164595679,4.270497004487493,1.078292561354059e-14,-3.2160871842558045e-06,0.0004265642534770509
1064,2.626375995192154e-16,4.289197500896976,8.687400947630315e-15,7.935248248012706e-18,1.1435059596905522e-16
1065,-2.6253017604919986e-16,4.287443142496001,8.957058356483414e-15,1.002843334591061e-17,1.400468308626096e-16
1066,4.364186168351578e-16,1.5406076093355738,3.558848449190055e-14,-3.176087635021891e-16,-3.3646236530500825e-16
1067,-9.479407243448184e-17,1.548104686191662,3.2775530769479795e-14,-2.306502767670554e-17,-4.668302075057162e-17
1068,-9.479407243448152e-17,1.548104686191657,3.033563608358437e-14,-5.056923619674902e-17,-7.095624552654568e-17
1069,2.625219288332831e-16,4.287308455238867,8.942121116621646e-15,1.7076513499719787e-17,1.4236566613309355e-16
1070,-4.364186168351604e-16,1.540607609335583,2.983298368808994e-14,2.2123309270298543e-16,2.681571840879272e-16
1071,-1.2184453459313112e-15,4.301251365292515,1.1512436460175625e-14,4.565661107174518e-16,4.225611136248527e-16
1072,2.6440257580068183e-16,4.318021751002317,9.140253528407113e-15,1.1510813535101781e-17,5.542875377181518e-16
1073,-1.2231960095596894e-15,4.318021751002338,1.0040533925704432e-14,-7.933238194358289e-17,3.82929070263354e-16
1074,-8.018819589981275e-16,1.5868746529882043,2.561214064248796e-14,-3.6084991054553336e-16,-3.5849087968477283e-16
1075,-0.00973345173864222,1.5756882270495898,3.5359063110757414e-14,-2.694153706309099e-07,-0.00022303761019594936
1076,-0.00973345173864813,1.5756882270495838,2.940001295562733e-14,-2.6941536956232026e-07,-0.00022303761019538146
1077,0.009733451738642889,1.5756882270495849,3.4676594113603384e-14,2.694153710264269e-07,0.00022303761019642132
1078,0.009733451738649182,1.5756882270495842,2.966024103983562e-14,2.6941536974793567e-07,0.00022303761019529678
1079,-0.009926549794235849,4.224164108612499,9.975052734945369e-15,5.644648228844912e-07,0.0004159447841964853
1080,0.0099265497942396,4.224164108612498,1.0099884942278758e-14,-5.644648228371116e-07,-0.0004159447841965933
1081,0.003087836279551824,4.2414817950628425,9.50711130230535e-15,-1.19429766810928e-07,-0.0004950040267069
1082,-0.003087836279548996,4.241481795062839,9.708217652389813e-15,1.1942976685126033e-07,0.0004950040267069039
1083,2.6040956718146497e-16,4.252810971502514,1.0532409849328621e-14,7.356827474900975e-18,-3.7983181134032504e-16
1084,1.1479170660379328e-15,1.5781832280334207,2.6635602623787132e-14,5.056972026772077e-16,5.193251817521395e-16
1085,-7.974899946699669e-16,1.5781832280334713,3.579842591170978e-14,-3.496224226610281e-16,-3.397990269023561e-16
1086,-3.0997657886094424e-15,4.261630498534252,1.0291120312223933e-14,2.3641916121609827e-16,3.999123934607094e-16
1087,0.005841077358004047,4.251713325918352,1.1809503302312716e-14,2.6029323631972137e-06,0.00017197823672912929
1088,-0.005841077358002158,4.251713325918352,1.1534672611010236e-14,-2.6029323631953163e-06,-0.00017197823672903843
1089,-1.208475178073232e-15,4.266055532951771,1.1841234271781884e-14,1.3469530158485475e-16,3.2157280677024766e-16
1090,-1.20793565184899e-15,4.264150943700902,9.869226750821408e-15,-3.4967157988649606e-17,1.0126405368860636e-15
1091,2.622297511279514e-16,4.282536831199428,1.218502350010718e-14,-5.2705040760410566e-17,-2.487123129254122e-18
1092,-2.164058148649106e-15,4.2825368311994465,1.3316201943868021e-14,3.8905452190605504e-16,4.0313761981896797e-16
1093,-1.2142347806059964e-15,4.286387588337201,9.18643246848205e-15,-7.742180180637951e-17,2.8198086166285385e-17
1094,-1.2142347806060078e-15,4.2863875883372415,9.869875271903556e-15,-7.692999103712199e-17,-2.7852342190754043e-16
1095,0.003011474751284246,1.6960355416887156,2.7824319150274355e-14,1.2184649845689566e-07,9.299529741548757e-05
1096,-1.0399361792340955e-16,1.6983446655119492,2.6189186871547956e-14,9.708812371458084e-17,9.706583885092664e-17
1097,-0.003011474751283877,1.6960355416887198,2.7910050651166993e-14,-1.218464989022859e-07,-9.299529741598614e-05
1098,-8.379226533853809e-16,1.658196951435575,2.66194160301602e-14,-4.2343906762136354e-16,-4.223978069624632e-16
1099,4.796651200197128e-16,1.6932727095699347,2.3248476353952427e-14,1.741778305870762e-16,1.711557311647466e-16
1100,-8.352462242681614e-16,1.6529004642419465,2.5590052468805585e-14,6.401262266173434e-16,6.391947103149873e-16
1101,-0.0032695187587597043,1.6506856342272505,2.8756664163213545e-14,-2.8103735618192904e-07,-7.920263165372282e-05
1102,0.003269518758758599,1.6506856342272473,2.8092931677817597e-14,2.8103735586620937e-07,7.920263165321628e-05
1103,0.0032695187587585897,1.650685634227243,2.6709567122474363e-14,2.810373556094703e-07,7.920263165318159e-05
1104,-0.0032695187587574947,1.6506856342272451,2.6340605723856845e-14,-2.810373568445934e-07,-7.92026316544115e-05
1105,-0.08610022602468043,4.107968195469292,1.540476669407593e-14,-1.824606649309746e-05,-0.001952300930052206
1106,-0.08610022602469705,4.107968195469303,1.626765704703722e-14,-1.8246066491983768e-05,-0.0019523009300511486
1107,0.08610022602468409,4.107968195469293,1.5426659907333187e-14,1.8246066493464138e-05,0.0019523009300528179
1108,0.0861002260246962,4.107968195469305,1.5861467195884275e-14,1.82460664918374e-05,0.0019523009300510992
1109,-2.633756858416845e-16,4.301251365292538,1.1264656434412748e-14,1.1446848929124944e-16,-4.351387689801066e-17
1110,0.008844510457115644,4.181407359147192,1.286950045655388e-14,-4.009323446370512e-06,-0.0005730098971139195
1111,-0.008844510457111042,4.181407359147211,1.2499440870646194e-14,4.0093234471650155e-06,0.0005730098971158306
1112,0.005841077358000284,4.251713325918362,1.1294627441568446e-14,2.6029323629425346e-06,0.00017197823672826344
1113,-0.005841077357998404,4.251713325918368,1.1392363108926721e-14,-2.6029323630833725e-06,-0.00017197823672839225
1114,1.1897776335990625e-15,4.200051063431911,1.0185078573297361e-14,5.85345678317278e-17,-5.405748474389946e-18
1115,2.5809635218268214e-16,4.21503330368199,9.878039376939459e-15,1.5504139767636287e-17,1.0839428452542812e-17
1116,-2.580963521826849e-16,4.215033303682035,1.023800724469159e-14,-1.0726195927331212e-17,-2.030153372648478e-16
1117,1.208475178073239e-15,4.266055532951795,1.1489823085195192e-14,-1.0479849578013603e-16,5.513350943668761e-16
1118,-2.562396215484267e-16,4.184710591279554,9.296007694275216e-15,-8.388365059983034e-18,-7.268444307047433e-16
1119,-2.5687453738696328e-16,4.19507955380783,9.874198468436171e-15,3.10834401119773e-17,-4.196551333153785e-17
1120,-2.5679612595499837e-16,4.193798997944384,1.4151840534037786e-14,9.029594180688467e-17,6.557662628994662e-17
1121,-1.2079356518489815e-15,4.264150943700872,1.0930250393782717e-14,-2.91949751854453e-17,1.1671456536947595e-15
1122,1.1877950453284405e-15,4.193052300184711,1.343303952806035e-14,-7.380826564736954e-16,6.84982513810938e-16
1123,2.564118105064126e-16,4.187522650366399,1.095153159730371e-14,-1.323037384783314e-16,3.293353623363638e-16
1124,-2.5641181050641234e-16,4.187522650366395,1.1571857589272711e-14,1.1197231404736378e-16,2.4315200690939646e-17
1125,-2.5669818745534504e-16,4.192199540864653,1.01285504936754e-14,4.28794445490608e-18,1.837969591639672e-15
1126,1.1873026180858445e-15,4.191313975723465,1.2943668342837782e-14,-4.68411201641901e-16,-3.840330871190057e-16
1127,2.56698187455345e-16,4.192199540864652,9.732980589718149e-15,-2.0779415078269617e-18,-3.762629584491292e-15
1128,-1.1873026180858443e-15,4.191313975723464,1.437849361787694e-14,5.478871983791078e-16,1.1350846327299678e-15
1129,-0.0035160604943982954,4.1746921401616435,8.67163484860574e-15,3.647701337509404e-06,-7.423716118175165e-05
1130,0.003516060494402001,4.174692140161641,8.720623154844541e-15,-3.647701337638207e-06,7.423716118189368e-05
1131,-0.0018313093964088542,4.165522928627738,8.04048600718803e-15,-1.329022735964587e-06,-0.0010726791412227522
1132,0.001831309396407931,4.165522928627742,8.070725883160387e-15,1.329022735904739e-06,0.0010726791412224834
1133,0.14684136034841735,1.9600902442851085,3.5010009155067624e-14,-2.2373564689762843e-06,0.0008470922242415952
1134,-0.14684136034841835,1.9600902442851045,3.439217105682968e-14,2.2373564682654813e-06,-0.0008470922242424248
1135,0.14684136034841533,1.960090244285099,2.7972796644323864e-14,-2.237356472385016e-06,0.0008470922242383152
1136,-0.14684136034841594,1.9600902442850954,2.8569868337023994e-14,2.2373564717947762e-06,-0.0008470922242387788
1137,1.0504154067709737e-16,1.7154585428260847,2.270931737252132e-14,4.088052620987448e-17,4.086294613958213e-17
1138,1.2557472589482891e-15,1.7264306990063012,2.1721096453221725e-14,4.789338671664087e-16,4.815715712669547e-16
1139,-0.012246163733669593,1.7978569393859165,2.7454913183106283e-14,-1.859345905273497e-07,-0.00021456060823041518
1140,0.012246163733670832,1.7978569393859225,2.7565074066668427e-14,1.859345895068986e-07,0.00021456060822965233
1141,0.012002432051097918,4.140687908980578,1.0625523989527541e-14,-3.0956346241384474e-06,0.0002034761441486691
1142,-0.012002432051096997,4.140687908980577,1.0496159057916257e-14,3.09563462422063e-06,-0.0002034761441484921
1143,1.1041137704933545e-16,1.803154625908599,2.27896207144976e-14,1.4932557398536573e-17,9.02301375774062e-18
1144,-1.172384104314113e-15,4.1386499166066,1.1153516790436314e-14,-5.308590744753472e-17,-5.3904696371756777e-17
1145,1.3318324478185414e-15,1.8310343960235727,2.3502378172208353e-14,-6.212681471662019e-16,-6.147952510370283e-16
1146,-1.1761843215054857e-15,4.1520651177376005,1.0071779793377481e-14,-7.377617712343087e-17,6.867999461681317e-17
1147,1.1123917242521124e-16,1.8166735503274951,2.491753578987649e-14,-1.4066944121698186e-16,-1.406802268816065e-16
1148,0.003383981389856567,4.126548653705217,9.083900669934135e-15,-5.447009014708688e-07,-0.0012887137513507443
1149,-0.009683881461250396,1.753248391149491,2.555085944399979e-14,5.416179571851587e-07,2.4255362551630147e-06
1150,0.00968388146125117,1.75324839114949,2.5378276937795502e-14,-5.416179572406699e-07,-2.4255362553547016e-06
1151,-2.1035823441717226e-15,4.162858965689002,6.716384974316604e-15,-1.1215245941827938e-16,3.5522614242241234e-16
1152,0.005005634398440017,1.7579901292930757,2.455628756759015e-14,-4.588667021354631e-08,5.589524687469802e-05
1153,-0.00500563439844001,1.7579901292930733,2.4452939895773883e-14,4.588667032890542e-08,-5.5895246874707125e-05
1154,-8.831900926413825e-16,1.7477784056071854,2.3993170888233374e-14,5.5991889830356e-16,5.603078763764075e-16
1155,0.003737012263872174,1.7042893608687535,2.5231344659337437e-14,7.088324513199878e-08,0.00010352743979872778
1156,-0.003737012263871417,1.7042893608687533,2.5649388122146632e-14,-7.088324480110028e-08,-0.00010352743979810328
1157,0.0037370122638646333,1.7042893608687664,2.4801891581324636e-14,7.088324680513958e-08,0.00010352743980000193
1158,-0.0037370122638665207,1.7042893608687641,2.4606790710276257e-14,-7.088324619321587e-08,-0.00010352743979941061
1159,0.03218969532854083,1.8299971724888924,2.648631059771543e-14,-7.485844288716847e-08,0.0005680621474793389
1160,0.03218969532854304,1.8299971724888793,2.272006208018763e-14,-7.485843956864247e-08,0.0005680621474824924
1161,-1.1787920736500282e-15,4.161270780929235,8.464901536632207e-15,-5.1462725614949177e-17,-5.957225140991324e-17
1162,1.0753412793913987e-16,1.7561655820112267,2.192225352470586e-14,-1.2517782240636684e-16,-1.3101785868351537e-16
1163,1.1800157468105665e-15,4.16559048707774,1.1575580950019332e-14,-3.150617129702962e-16,-2.5732955849669485e-16
1164,-0.03218969532854,1.829997172488891,2.6136534777580455e-14,7.485844228174998e-08,-0.0005680621474792756
1165,-0.03218969532854272,1.8299971724888842,2.2837938013009022e-14,7.48584397039509e-08,-0.0005680621474822337
1166,2.104962640793198e-15,4.165590487077712,1.214643809748884e-14,-5.816072691307377e-16,-7.355091376142446e-16
1167,-1.1396372812496608e-16,1.861168921591304,2.4622912242947985e-14,-5.95800682436196e-17,-5.963941928011461e-17
1168,-5.341202238736023e-16,1.8855054515479177,1.95408611682893e-14,-1.5069625309941578e-16,-1.5306226765281148e-16
1169,-1.2807160996228917e-15,1.7607584450969707,2.469802470862366e-14,1.1633513603077015e-16,1.0076827777067758e-16
1170,0.003607205942468709,1.778026326428235,2.6013776713803207e-14,1.3454927217694534e-07,7.357413668981959e-05
1171,0.003607205942458052,1.7780263264282363,2.1544748159905917e-14,1.345492741458565e-07,7.35741366915722e-05
1172,-4.934980276357361e-16,1.7421044548493325,2.6953039833234363e-14,1.4553413018078588e-16,1.5671134408797946e-16
1173,-1.0667313222057918e-16,1.7421044548493356,2.660051359410517e-14,1.656472597457193e-17,1.2526989049658063e-16
1174,-0.003607205942469509,1.77802632642824,2.6138625978225692e-14,-1.345492730668585e-07,-7.357413669041883e-05
1175,-0.003607205942456852,1.7780263264282286,2.136261199609745e-14,-1.3454927275460826e-07,-7.357413669004434e-05
1176,-0.0033839813898574904,4.126548653705226,9.041130260726137e-15,5.44700901079255e-07,0.0012887137513500992
1177,0.00671275250455339,4.119911255279349,9.87652404520398e-15,9.741762260657982e-06,0.0007792107726152038
1178,-0.006712752504554286,4.119911255279337,1.0131682235440424e-14,-9.741762260787653e-06,-0.000779210772615202
1179,0.005961298703039489,1.749191788551336,2.5110948138084863e-14,1.259655974077123e-07,0.0002691351190493019
1180,-0.0059612987030398775,1.749191788551336,2.5374854297432192e-14,-1.259655971080388e-07,-0.0002691351190490729
1181,0.005961298703043304,1.7491917885513157,2.4713312198429488e-14,1.2596559351152337e-07,0.0002691351190453311
1182,-0.0059612987030421526,1.7491917885513197,2.4320613683728344e-14,-1.2596559314896616e-07,-0.0002691351190451212
1183,0.010417609139254085,4.058448078683216,1.3646550024655016e-14,3.0779221315158783e-06,0.001069790415540256
1184,-0.010417609139254068,4.058448078683209,1.337883749408435e-14,-3.0779221316390437e-06,-0.0010697904155404303
1185,2.5212904291373145e-16,4.117579747716215,1.0405530381215564e-14,1.5804459434486883e-18,1.8875718112494153e-16
1186,-2.541297523962794e-16,4.150253813151913,1.1687845697111491e-14,-1.86266234895687e-17,-1.3247732107280855e-16
1187,2.0972126889561366e-15,4.150253813151942,1.2049408943462743e-14,1.33262345041237e-16,2.3581070503602023e-16
1188,1.1776504819773294e-15,4.157240831816458,8.348949565726274e-15,6.592098025433262e-17,-4.175157976018389e-16
1189,-1.177650481977334e-15,4.157240831816474,8.722002273533834e-15,-6.72472282297817e-17,7.079437059587168e-16
1190,0.0055238005975902895,4.065919731469956,1.084235501174408e-14,-1.1806114126513417e-07,0.00032067146824481946
1191,-0.005523800597587574,4.0659197314699504,1.0721471005928287e-14,1.1806114120962302e-07,-0.0003206714682449053
1192,-1.1787920736500192e-15,4.161270780929203,8.587413117626709e-15,-4.99986963136e-17,-3.452479498648865e-16
1193,-8.915486624593706e-16,1.76431949676226,2.6526790007003598e-14,-2.6768944995245764e-16,-2.9543963305931273e-16
1194,1.0803341121915715e-16,1.7643194967622373,2.0625699267054096e-14,1.880818889568578e-17,2.459028145137057e-17
1195,1.1646954759844743e-15,4.1115081796296264,1.1759446399007194e-14,-1.964371072808444e-16,-5.473436529284121e-16
1196,-2.4901793381570494e-16,4.066771480382441,7.971737365050181e-15,-1.2079720469784361e-17,8.253446036758716e-17
1197,2.528053205639223e-16,4.128624199890699,1.107902445317003e-14,-1.1073713170153809e-16,-2.4130432827682704e-16
1198,-1.1695440499125667e-15,4.128624199890666,1.18155450537278e-14,5.618478768019001e-16,6.723422785365681e-16
1199,-1.162520545224423e-15,4.1038304254059135,9.138780473392425e-15,-6.428418903093247e-17,3.633254871627836e-16
1200,1.1636678176641354e-15,4.1078804282756805,1.069760099453105e-14,-5.273740461740222e-16,-2.6781574682604503e-16
1201,2.069844680846383e-15,4.0960942228471495,1.426300147107288e-14,-1.4768207759263839e-15,-1.5023565554271394e-15
1202,-0.0017103892629035265,4.1107183422573454,8.930630237583422e-15,-2.2822944542740496e-07,0.00035419959419132665
1203,0.0010262920909552065,4.08696763233737,9.621655135223691e-15,-3.767836367482222e-07,-0.0004624225617936735
1204,1.158697475616214e-15,4.090334552630965,1.5194030004152996e-14,-6.136976834106813e-16,-9.283464040591217e-16
1205,0.008963626911254116,4.097768982519239,1.1949678840395399e-14,-6.052863313473975e-08,-0.0006850633336931925
1206,0.008963626911254116,4.097768982519239,1.1595674943921413e-14,-6.052863308746853e-08,-0.0006850633336932375
1207,2.5035804912366916e-16,4.088657224237685,1.4593829412198723e-14,-1.0776863866165569e-16,-1.3014074474390984e-15
1208,2.5041098830891866e-16,4.089521786743158,8.48867424659324e-15,4.674503432621529e-17,6.036280284931134e-16
1209,1.1584182220729386e-15,4.089348755698598,1.7353841048148778e-14,-5.990183763076935e-16,-5.693376854700502e-16
1210,0.001710389262905349,4.110718342257338,8.668456578628052e-15,2.2822944524547584e-07,-0.0003541995941918666
1211,0.0017103892629062845,4.1107183422573925,9.624226830354455e-15,2.2822944764286368e-07,-0.00035419959418996744
1212,-0.008963626911257757,4.09776898251924,1.1752331520596004e-14,6.052863302263324e-08,0.0006850633336928913
1213,-0.008963626911251413,4.097768982519251,1.178926003103579e-14,6.05286323922781e-08,0.000685063333692973
1214,-0.0017103892629099307,4.110718342257381,9.432248008516629e-15,-2.2822944723422788e-07,0.0003541995941909044
1215,2.50622896503598e-16,4.09298251019137,9.395930040450489e-15,1.3931639445924918e-17,-1.145265471404476e-16
1216,-2.977096949825119e-15,4.0929825101913755,9.278735163571822e-15,-1.278587960125281e-16,-1.5936815804988733e-16
1217,-1.1401089968761168e-15,4.024715097620907,9.14006046746697e-15,-6.921747143147689e-17,-2.1370444759046764e-16
1218,-2.0399690684695563e-15,4.036972239254302,9.71908914228936e-15,-1.3517137872362087e-16,-1.5116092996989042e-16
1219,-1.1446237212660154e-15,4.040652590846037,1.2286010791464409e-14,-9.839552066516298e-17,-6.487231308701887e-17
1220,1.1523168601297622e-15,4.067810250524062,1.0387682116239579e-14,5.316101381550452e-17,1.9521030243252716e-16
1221,2.498978224303384e-16,4.0811411519521705,9.219712214178628e-15,-2.2746846064695588e-17,1.4406245912413737e-17
1222,-0.001026292090955209,4.086967632337379,9.762816184120677e-15,3.7678363632494966e-07,0.0004624225617924641
1223,-1.1556587205593227e-15,4.079607399885962,1.1375318209226945e-14,-5.863538689802788e-17,1.6992114208330474e-17
1224,2.063490610456999e-15,4.0835199117143555,9.450829858151898e-15,1.2963781128983912e-16,9.364710293634005e-17
1225,2.066086605183124e-15,4.088657224237667,1.6427251881276066e-14,-7.372140247091163e-16,-1.6085693459954763e-15
1226,-0.1349314744099199,2.1718111704442156,3.072733689868565e-14,-7.074879007550267e-06,-0.0004087820048003718
1227,0.13493147440991804,2.1718111704442244,3.014627964345948e-14,7.074879006787639e-06,0.0004087820047996441
1228,-5.401089899188711e-16,1.9066464803307401,2.1202193979172917e-14,4.360461856782966e-16,4.2906449111613464e-16
1229,-1.171692958183533e-16,1.9135198148548809,2.3214598230403184e-14,2.2557914816236106e-17,2.43941379964231e-17
1230,0.004083394200492156,1.9150197938796656,1.897609957410755e-14,6.497196853444409e-08,0.00016725267865198238
1231,-0.004083394200491726,1.9150197938796636,1.8983478657786254e-14,-6.49719681285188e-08,-0.0001672526786515591
1232,1.19088095121509e-16,1.9448561855454614,2.294515063613533e-14,2.6550871562033486e-17,2.9326224616726594e-17
1233,-0.017687433589305752,1.8898934081149936,2.4876693983797648e-14,-1.0867781996375114e-07,-0.0002513495293103348
1234,-0.01768743358930245,1.8898934081149994,2.0638124670844377e-14,-1.086778194797633e-07,-0.00025134952930993236
1235,0.01768743358930579,1.8898934081149974,2.354643858515826e-14,1.0867781960639811e-07,0.0002513495293101197
1236,0.017687433589303705,1.889893408114999,2.1938792322801197e-14,1.0867781911286928e-07,0.00025134952930933735
1237,5.492966293668976e-16,1.9390798979243984,1.9563484722968296e-14,1.5444805594690493e-16,1.5638995712515802e-16
1238,-0.018165679011087447,3.986020647129419,1.2944165722255373e-14,-1.3211493787865583e-06,-0.0004999834257984129
1239,0.018165679011087454,3.9860206471294197,1.303433796776092e-14,1.3211493787674763e-06,0.0004999834257984181
1240,1.1262105466453928e-15,3.9756519794187044,1.0683817908063778e-14,7.759084817906921e-17,6.231394988902522e-17
1241,-2.4482288118511045e-16,3.99826107177295,1.340578242551291e-14,1.5537810256114275e-16,1.3479524829651084e-16
1242,2.4534844557272723e-16,4.006844189582635,1.477386294007751e-14,-5.803134528206257e-17,1.9248231576469154e-16
1243,-2.4582848691172297e-16,4.014683859589203,1.0999666958684274e-14,1.8690151079042548e-16,1.4879964513338966e-16
1244,1.1394914565500971e-15,4.022535109672096,1.2609475396177591e-14,4.7653442615171786e-17,-4.020845058175772e-16
1245,-2.0613710133950132e-15,4.0793253606155675,1.1328635986423103e-14,7.647908692217625e-16,8.395411406791943e-16
1246,1.157217865296049e-15,4.08511135904993,1.0889680484126068e-14,-2.5516632766544625e-16,-7.60523303136534e-16
1247,-1.2137446399536727e-16,1.9821954228741363,1.66179377133902e-14,3.9329068825785335e-17,3.487360029478515e-17
1248,-5.627580800796668e-16,1.9866003578699039,1.900735050014871e-14,2.0049147055445097e-16,2.0122766917273135e-16
1249,-9.826930365271034e-16,1.9446885590008807,1.9961597393104198e-14,8.308123617045866e-16,8.283191206338836e-16
1250,-9.688223512983909e-16,1.9172393333860256,2.1282242303084947e-14,-3.096845358887022e-16,-2.9045583016196335e-16
1251,-1.1880953626723756e-16,1.9403069742224024,1.945594935333777e-14,-1.0185097397527298e-16,-9.406439461843803e-17
1252,5.496442317917388e-16,1.9403069742224202,1.8219494821899204e-14,2.3925942819356254e-16,2.3851737259271587e-16
1253,-5.468178651004166e-16,1.9303295766883724,2.485843276183979e-14,2.9163779533258005e-16,3.002085856523125e-16
1254,-1.4040564015621497e-15,1.930329576688356,2.174774296397061e-14,7.963985657320213e-16,7.776931337013854e-16
1255,0.0690325673865193,3.8318707828158085,1.583030710613445e-14,-3.6230159607703732e-06,0.0025957585358411996
1256,-0.06903256738651936,3.831870782815812,1.5854262338715705e-14,3.6230159607547607e-06,-0.0025957585358409637
1257,-0.03823052477577394,3.88186866316124,1.4092103595996964e-14,1.8431977376141134e-06,-0.0004049107954692318
1258,0.038230524775775626,3.881868663161236,1.422606490245265e-14,-1.8431977376782982e-06,0.0004049107954691381
1259,0.016530705432620477,3.9064607540405873,1.1441269669025312e-14,-1.335853410179208e-06,0.0012612785703914504
1260,-0.016530705432619544,3.9064607540405722,1.1457182777357775e-14,1.335853410474111e-06,-0.0012612785703908346
1261,-2.4292017862350155e-16,3.967187580821377,7.434247191698361e-15,-1.5205419673628858e-17,-6.563602237183352e-17
1262,1.1138137639119182e-15,3.9318899191542482,9.236029471735658e-15,7.399407429485864e-17,9.971738357641737e-17
1263,1.1091523219383694e-15,3.9154344960859007,1.1304324074580075e-14,-3.1455844569458735e-16,-3.0504674733522233e-16
1264,1.108361628446608e-15,3.912643257666941,9.311534818052271e-15,6.992860149389685e-17,-4.0777088773797346e-17
1265,-2.417936558999201e-16,3.9487900685857547,1.1011506301621927e-14,1.3202405855175865e-16,1.9885637659028235e-16
1266,1.1197184818057319e-15,3.952734248353947,1.1349110918195811e-14,-8.365561274327678e-16,-1.004225148002574e-15
1267,2.4149133333146616e-16,3.9438527663584604,1.3500890971298965e-14,-1.2433423967507625e-16,-1.3391190888819403e-16
1268,-0.004040818323992981,3.9940528790639194,1.0004742232294815e-14,1.7069181334474978e-07,-0.00032504905868003
1269,0.007865119512670363,3.9559437423154233,1.1149954940122077e-14,-1.3856455607138413e-07,4.3983929907197294e-05
1270,2.88716060265379e-15,3.9693359168130935,1.0142061539828976e-14,1.5393036098206561e-16,2.0595708064332182e-16
1271,2.4146705023311357e-16,3.943456193267027,1.2913821491198564e-14,-7.819137595159142e-17,-3.192508612476244e-16
1272,0.004040818323990324,3.994052879063923,9.994388365785921e-15,-1.7069181330506798e-07,0.0003250490586798188
1273,0.004040818323989449,3.9940528790639345,9.948288283759105e-15,-1.706918132675546e-07,0.00032504905868004
1274,-1.157217865296049e-15,4.08511135904993,1.0803278457559304e-14,2.1580770734383302e-16,-3.905218606645896e-16
1275,1.1458646940044504e-15,4.045033366482226,1.2535038899769264e-14,7.309949816424325e-17,3.440111850392581e-17
1276,-2.4614415453440723e-16,4.019839103091313,1.0301726270491633e-14,1.2675786769410288e-17,1.7081291995310338e-16
1277,7.386812838599322e-15,4.019839103091364,1.0142995916602401e-14,-3.3487115336441647e-16,-1.1711776792678423e-15
1278,2.4768685823533665e-16,4.045033366482253,9.320161251856178e-15,1.7084528770112548e-17,3.8934909419647385e-17
1279,-2.032226729087942e-15,4.021650629905632,9.533901404360813e-15,-5.650639027833977e-17,3.20623630568862e-16
1280,-4.711184204879597e-15,4.021650629905595,9.494223645177194e-15,-1.362950099538165e-16,7.530114276034971e-16
1281,-0.00786511951266682,3.9559437423154087,1.1440697594686396e-14,1.38564556831193e-07,-4.398392990622021e-05
1282,-1.1551266414327247e-15,4.077729099741138,8.114765767642824e-15,-6.914433468120413e-17,-1.2285962379635498e-15
1283,2.496888944894011e-16,4.077729099741154,8.811881406709255e-15,4.787650145394415e-18,-1.4941698809136386e-15
1284,2.494488571743951e-16,4.073808992896092,1.0080597817433511e-14,-1.926115099138145e-17,-4.613756297550816e-16
1285,-2.4944885717439485e-16,4.0738089928960886,9.745591990581115e-15,9.100118791025923e-17,-1.3215169188919395e-16
1286,-0.007865119512674788,3.9559437423154398,1.1731773105587362e-14,1.385645556047435e-07,-4.398392990681479e-05
1287,0.1367008065121159,2.1814813515314024,2.8172298528109286e-14,5.088906159387424e-06,0.0008926304394892906
1288,-0.1367008065121178,2.1814813515314015,2.801849057663651e-14,-5.088906158843588e-06,-0.0008926304394887476
1289,-0.00685735517958606,1.999034913235712,2.0166525689116463e-14,1.9577820668803536e-07,8.77122257939779e-05
1290,1.2162719622084992e-16,1.986322853340759,1.700004812702896e-14,3.18654607837175e-17,3.285501390237552e-17
1291,-1.1059259098387446e-15,3.904044892526867,1.323352705511659e-14,1.188688756423436e-16,2.8924037488847526e-16
1292,0.00786511951267213,3.9559437423154287,1.1223969025086276e-14,-1.385645559065854e-07,4.398392990685989e-05
1293,-1.1170902227062709e-15,3.9434561932670706,1.2946372654345602e-14,4.864444612711098e-16,6.885640002746707e-16
1294,-0.003022287948410921,2.015759061577872,1.9684746532743377e-14,-6.606379951022614e-08,2.298615224090566e-05
1295,0.0030222879484104784,2.0157590615778753,1.974000743442424e-14,6.606379890502449e-08,-2.2986152241535255e-05
1296,0.006857355179585173,1.9990349132357121,2.0351932830530787e-14,-1.957782069065021e-07,-8.771222579417566e-05
1297,0.00685735517959223,1.999034913235699,1.812247555913245e-14,-1.9577821239657664e-07,-8.77122257998803e-05
1298,-0.0068573551795904925,1.9990349132357101,1.7510621238292477e-14,1.9577821153160015e-07,8.771222579885898e-05
1299,0.05570641682966974,3.813985836802497,1.5411323148472533e-14,1.3483505865649614e-08,0.0015546306370543862
1300,-0.05570641682966984,3.813985836802504,1.5253723100026777e-14,-1.3483506020040004e-08,-0.001554630637054591
1301,1.101259612795917e-15,3.8875723305089283,1.0985140087214251e-14,6.590322452900784e-17,1.073415760936734e-16
1302,-2.383049200114756e-16,3.8918146877514848,1.3250303816730239e-14,6.051199526810809e-19,7.564195061426523e-16
1303,-0.0022428722634337075,3.8981857767729684,9.198203776668365e-15,-2.255821945104479e-07,7.4223166706697055e-06
1304,0.002242872263433708,3.898185776772969,9.362330494023721e-15,2.2558219454254028e-07,-7.422316670716543e-06
1305,-0.0040408183239885745,3.994052879063947,9.365456676262596e-15,1.7069181283083795e-07,-0.0003250490586805938
1306,-1.1244213517267861e-15,3.969335916813082,9.287043248893206e-15,-2.867590954613386e-17,-9.419409325109193e-17
1307,-0.004565543225345135,3.9145815033377174,1.0951635437305772e-14,-4.371905334091958e-07,-6.252530942761647e-05
1308,0.004565543225346019,3.91458150333773,1.0692607362827497e-14,4.3719053395866944e-07,6.25253094285337e-05
1309,0.004565543225343427,3.9145815033377436,1.0704239851247515e-14,4.3719053382032524e-07,6.252530942811661e-05
1310,-0.004565543225342542,3.9145815033377307,1.0643916464032063e-14,-4.371905333213754e-07,-6.252530942756486e-05
1311,0.007915217412399964,2.024477811284266,1.8289481260297204e-14,-2.8711558045391855e-07,0.0001988898364152069
1312,-1.173970506415297e-16,1.9172393333860194,1.5652878808235254e-14,-3.911970263254854e-17,-2.6327799347133565e-17
1313,-0.007915217412399027,2.0244778112842567,1.8395773886451383e-14,2.8711558065601384e-07,-0.00019888983641512797
1314,-0.0023439176823582463,2.030587646899192,1.895546140624327e-14,1.8632017144588897e-07,-1.1537547436199719e-05
1315,-0.0023439176823604932,2.0305876468991855,1.668470389253444e-14,1.8632017276080937e-07,-1.1537547434794593e-05
1316,0.002343917682356454,2.0305876468992015,1.9127561847516636e-14,-1.8632017337923829e-07,1.1537547434227122e-05
1317,0.002343917682358251,2.030587646899196,1.6462605663354477e-14,-1.8632017468288298e-07,1.153754743307223e-05
1318,-2.365840105364083e-16,3.8637101032089793,1.266203659509195e-14,-3.0712982705678536e-17,4.2495418747773476e-17
1319,2.3561853643014377e-16,3.8479427144902605,1.3469784303713389e-14,1.752675550040899e-18,1.6680546163499811e-16
1320,-2.3591018258508687e-16,3.8527056576530754,9.505483816491312e-15,-1.6529857456945372e-17,-1.2371144265252816e-17
1321,1.1004510769694835e-15,3.884718106608818,1.095121934876576e-14,-6.37417617959136e-16,-7.679683095563502e-16
1322,2.371136271690288e-16,3.8723593992017373,1.2165304442243038e-14,3.9978182724660725e-18,3.8817068503372147e-19
1323,-1.0986292739795498e-15,3.8782869337836168,9.838934460891878e-15,-6.855487436572567e-17,-7.216262504047556e-17
1324,1.9691048355504197e-15,3.896736318292408,9.620542334270347e-15,1.3970123894054527e-16,1.7944860381884452e-16
1325,2.3389482564668693e-16,3.819792381109943,1.0888440215682512e-14,-7.337592470577957e-17,-6.87739234178031e-17
1326,-2.3754193288023126e-16,3.879354162287726,1.0562799865749582e-14,-1.843172857227168e-17,-2.746012660600665e-18
1327,1.086011072230882e-15,3.8337432390826374,8.624915920240164e-15,4.774923814458214e-17,3.920294392044236e-17
1328,1.0853966109455055e-15,3.831574120499296,1.1127755266013972e-14,-1.175398647255087e-16,-1.2696966427117686e-16
1329,1.084783164102713e-15,3.829408583014249,1.431422781635263e-14,-4.0900344235285014e-16,-3.448543106617614e-16
1330,-1.083233132788835e-15,3.823936795274793,1.0152893512279773e-14,8.581500069692042e-16,7.813457208479843e-16
1331,2.360712943950488e-16,3.8553368131841905,8.36568951279816e-15,1.5698350397831764e-17,-2.766957338444682e-16
1332,2.3859721247088643e-16,3.8965881858672575,1.2617675487962159e-14,-1.1309315487159144e-16,-1.7549113355873674e-16
1333,-1.0990487028234996e-15,3.879767565552376,1.09565754452693e-14,7.012919089186254e-17,-4.9257352083255255e-17
1334,1.9571267094210756e-15,3.8730323497323718,9.777839849068061e-15,7.040354005323852e-17,-9.194968949310944e-17
1335,-4.537084523295634e-15,3.8730323497323624,9.940952847445759e-15,-1.7025449097558974e-16,-2.2252267168826787e-16
1336,6.267937440587668e-15,3.8797675655523767,1.0746660101407011e-14,-3.6425769040239297e-16,-3.9355905905738084e-16
1337,-1.0858402042135304e-15,3.8331400554475463,1.59564000772895e-14,4.783024394941124e-16,3.6250774113806563e-16
1338,-2.360712943950483e-16,3.855336813184182,8.994895626125223e-15,-3.855476584025296e-17,-6.004055417988127e-16
1339,2.38597212470887e-16,3.896588185867267,1.5457260365235243e-14,-2.6714845106244013e-16,-6.368461058293926e-16
1340,1.93266859486347e-15,3.82463125825522,8.953271751917786e-15,-2.379757269698385e-16,-4.665249116565016e-16
1341,-2.7819073315866797e-15,3.8246312582552258,9.405705110996607e-15,2.9660222060710037e-16,5.169019571733219e-16
1342,-2.3471213497936594e-16,3.8331400554475246,1.4626116437377052e-14,7.511948740607035e-17,7.712604982797418e-16
1343,1.084178272709339e-15,3.8272732472437183,8.674352100954804e-15,6.535483020093242e-17,-3.613723645959338e-17
1344,-1.9340036488337185e-15,3.8272732472437307,8.814255080445334e-15,-9.043809822901939e-17,3.8775319238156265e-17
1345,-0.038682866280296525,2.134729427606884,2.2096236246706496e-14,-1.8988246933311637e-07,-0.0006294371969120388
1346,0.03868286628029656,2.1347294276068856,2.221747235982525e-14,1.8988246895754873e-07,0.000629437196911671
1347,-5.815429432689937e-16,2.0529130724366516,1.625982191903643e-14,-1.411457042501325e-16,-1.4615685935011989e-16
1348,0.005851215331772316,2.059909269724644,1.7175949720830294e-14,9.455146372490744e-08,6.930888447661404e-05
1349,-0.005851215331773629,2.0599092697246233,1.660540611192977e-14,-9.455146309650386e-08,-6.930888447618036e-05
1350,2.3261753905552333e-16,3.7989327080670234,1.2087971681772302e-14,1.189012196888348e-17,1.483478622711989e-17
1351,-2.8276885372865657e-15,3.88757233050889,1.148919738053621e-14,-1.7885432600692035e-16,-2.1492112281672543e-16
1352,-0.0305042400592092,2.1310251064643606,2.0457702634750956e-14,-9.780840411841712e-07,-6.030404509940919e-05
1353,0.030504240059208775,2.131025106464364,2.0741321659643224e-14,9.780840408103383e-07,6.030404509910561e-05
1354,0.01677978724183842,2.0819729943448735,1.7881261002533473e-14,-3.17359937049462e-08,0.0002285619763060555
1355,-0.016779787241838408,2.0819729943448717,1.7604538547149297e-14,3.173599362905205e-08,-0.00022856197630615697
1356,1.0845082609109346e-15,2.146174572060548,1.667645042173972e-14,-9.784991128216022e-16,-9.75526523232814e-16
1357,-0.008071997182638685,2.1169469027603114,2.1414695659037095e-14,-6.44770849420051e-08,7.255499862599186e-06
1358,0.008071997182639134,2.116946902760306,2.1222929985384016e-14,6.447708412581771e-08,-7.2554998634559225e-06
1359,-0.0031526061981344204,2.18745486979644,1.541574496117137e-14,-9.541733879021852e-07,-0.00013986138060796249
1360,0.0031526061981353905,2.187454869796439,1.554698371150651e-14,9.541733881016784e-07,0.00013986138060817542
1361,5.835641243086018e-16,2.0600480725703445,1.57702252608578e-14,1.1536816626031749e-16,1.2816407423710618e-16
1362,0.0011350553066151994,2.064101165941616,1.5362911504783514e-14,-3.527279230025951e-08,4.858281408285124e-05
1363,-1.2652421099502178e-16,2.066297173733894,2.1932873420737782e-14,6.393737629584296e-17,8.733760880941788e-17
1364,-0.00113505530661429,2.0641011659416293,1.5289299481043487e-14,3.527279136611092e-08,-4.8582814083719005e-05
1365,-0.1378628409840922,2.3737241929682833,2.7594184988797793e-14,-5.043609787426864e-06,-0.0009377663019654921
1366,-0.13786284098409282,2.3737241929682757,2.5013520304454596e-14,-5.04360979090325e-06,-0.000937766301969031
1367,0.13786284098409135,2.373724192968287,2.7244537230977864e-14,5.043609787410601e-06,0.000937766301965375
1368,0.13786284098409193,2.373724192968279,2.466485781202927e-14,5.0436097912506285e-06,0.00093776630196909
1369,0.09181073946176783,3.63361084450683,1.827306946806374e-14,-6.088187753021477e-06,-0.0001339642883562888
1370,-0.09181073946176631,3.633610844506833,1.7982469214314616e-14,6.088187753168928e-06,0.00013396428835642932
1371,0.0918107394617689,3.63361084450684,1.7217870761508633e-14,-6.0881877526211894e-06,-0.00013396428835575104
1372,-0.09181073946176764,3.6336108445068542,1.7894343011108503e-14,6.088187752804203e-06,0.0001339642883558534
1373,-0.008453106969145013,3.785502011680057,1.0211183079694416e-14,-9.308422586036882e-07,7.257868521069613e-05
1374,0.008453106969144144,3.785502011680044,1.0254212774448807e-14,9.308422590614384e-07,-7.257868521046021e-05
1375,1.918807627037849e-15,3.797201262778275,9.50370943993445e-15,1.1749516097992752e-16,1.4232657751122797e-16
1376,-0.0028357533853396524,3.7887929580273028,8.055286726885784e-15,-6.606788997220135e-07,-0.00013333760746890057
1377,0.0028357533853413377,3.7887929580273068,7.91584671164257e-15,6.606788997582259e-07,0.00013333760746906363
1378,3.606747588253625e-15,3.7989327080670403,1.17453913871173e-14,2.9998947698932484e-16,1.8630692954951962e-16
1379,-0.017688607389163738,3.7210138394148458,9.958644837729159e-15,1.7994525002649336e-06,-0.0003432913217439361
1380,0.017688607389167058,3.7210138394148493,1.0179781697858142e-14,-1.799452500375956e-06,0.0003432913217438424
1381,2.313193496991955e-16,3.777731666963063,1.0966988833666429e-14,-6.1159899523898e-17,1.9174123167746914e-17
1382,-2.748901881179685e-15,3.7792545931571158,1.1495154798960216e-14,2.0158648290527196e-15,1.9952449019851767e-15
1383,-6.259221174253115e-16,2.2095766306896594,1.7690742571213175e-14,-1.465077689183256e-16,-1.6162882390579233e-16
1384,1.111943521391989e-15,2.2004672506362186,1.4031313036317761e-14,2.5462507852685004e-16,2.5795831085964753e-16
1385,-1.9110696567643606e-15,3.7818882996235517,1.054668763258954e-14,2.0283980932817203e-16,8.713156574942809e-16
1386,-2.7508175501248976e-15,3.781888299623589,1.0569577971557255e-14,2.794162541123938e-16,9.180797555108018e-16
1387,5.973977970339671e-16,2.108882518773188,1.3229600202392137e-14,1.3387319050044e-16,1.2778427099126506e-16
1388,-3.840867990881063e-15,2.090166852323188,1.8218406800327655e-14,1.6229091177524958e-16,9.754229658200866e-17
1389,-2.459472373529031e-15,2.099501566929545,1.463279369537806e-14,-5.60405411622059e-16,-6.328781117270529e-16
1390,4.787347907926556e-15,2.0981694574356626,1.794833743012294e-14,2.183644777400807e-16,2.7239090551520023e-16
1391,1.5211368266693512e-15,2.0912944832150635,1.494087468901022e-14,-6.99381914395759e-16,-7.165711282094959e-16
1392,1.3135146251733506e-16,2.145132173762869,1.8911042677103846e-14,-8.617767101330384e-17,-1.0546831390130591e-16
1393,-1.313514625173342e-16,2.1451321737628546,1.622353551228631e-14,-1.7539005553862266e-17,3.493494209023908e-18
1394,1.0598835003462022e-15,2.0974436984729947,1.741798262314668e-14,-6.244397289109038e-16,-6.158692219548029e-16
1395,1.5488935108280128e-15,2.1294550217252324,1.8561319613343545e-14,1.743014179566858e-16,1.8886103747177484e-16
1396,-1.303915138142033e-16,2.1294550217252346,1.83360738173641e-14,-7.219958328383384e-17,-8.431649865624329e-17
1397,-0.010410563874657311,2.192875584308459,1.7120865952415035e-14,1.585151413133895e-07,-0.00023608681575870314
1398,-0.010410563874654905,2.192875584308465,1.4397165907487564e-14,1.5851514215126095e-07,-0.00023608681575768378
1399,0.010410563874657774,2.192875584308454,1.7207090321362167e-14,-1.585151417826322e-07,0.00023608681575825515
1400,0.010410563874654884,2.1928755843084606,1.4213410993266155e-14,-1.585151420324324e-07,0.00023608681575802985
1401,0.003418459056076629,2.068550242960738,1.628547959760906e-14,-6.890596319572562e-08,1.655311779751804e-05
1402,0.003418459056073419,2.068550242960741,1.3608513600364593e-14,-6.890596231795554e-08,1.6553117798490135e-05
1403,-0.0034184590560793903,2.068550242960741,1.6315006362430525e-14,6.890596320006243e-08,-1.6553117797497765e-05
1404,-0.0034184590560743617,2.0685502429607556,1.4209426021533977e-14,6.890596210631927e-08,-1.6553117798477992e-05
1405,6.361992000798306e-16,2.2458559073487097,1.389223338292679e-14,1.3996392331409225e-16,1.430151584942476e-16
1406,-6.369290813651199e-16,2.248432471726698,1.507164730427774e-14,4.512837978254543e-16,4.4222325318363245e-16
1407,1.042013973142661e-15,2.0620810126537354,1.578821325605844e-14,-7.213046752420005e-16,-6.839608838000455e-16
1408,5.84140009364554e-16,2.0620810126537363,1.537047843043385e-14,-5.236538220930206e-16,-5.25737084994961e-16
1409,-0.00046949865940521614,2.1059421504704794,1.7185433545815163e-14,9.349234687469621e-08,-6.244982421257353e-05
1410,-0.0004694986594038159,2.105942150470491,1.6094008074543347e-14,9.349234833186393e-08,-6.244982421081409e-05
1411,0.00213696289939799,2.092407404701794,1.5126421591855615e-14,1.0539662698161052e-07,1.6724944171545714e-05
1412,0.0021369628994021717,2.092407404701794,1.480590833847314e-14,1.0539662695667387e-07,1.6724944171503105e-05
1413,-0.002136962899394269,2.09240740470179,1.5090795465315345e-14,-1.0539662739545048e-07,-1.672494417195988e-05
1414,-0.002136962899405432,2.092407404701802,1.4501267470710952e-14,-1.0539662583262726e-07,-1.6724944170711745e-05
1415,0.00046949865940334757,2.105942150470488,1.7158900180910215e-14,-9.34923480785943e-08,6.244982421138242e-05
1416,0.00046949865940334806,2.10594215047049,1.7074125754147664e-14,-9.349234839084453e-08,6.244982421104307e-05
1417,2.6587137407717492e-15,3.6552618285486105,1.2523939899372313e-14,2.1552662188044885e-16,1.8393871924534215e-16
1418,-0.008453106969136585,3.785502011680047,1.0003547986019798e-14,-9.308422597590141e-07,7.257868521025855e-05
1419,0.008453106969135721,3.7855020116800366,9.793193325558181e-15,9.308422593001797e-07,-7.257868521050401e-05
1420,-2.241697031981652e-16,3.660969078664001,9.447944718414578e-15,-1.603802985448368e-17,-4.944616286562692e-17
1421,-0.015542483587266794,3.714302875291079,1.0137862207122953e-14,3.061047001151618e-07,-0.000329533790114472
1422,0.015542483587268473,3.7143028752910863,1.0070087006708265e-14,-3.06104699765615e-07,0.0003295337901147704
1423,-1.863504824895817e-15,3.687760447987955,1.2857246413179245e-14,5.096243112021086e-16,4.4388449859452203e-16
1424,2.295608890077201e-16,3.7490138245173927,9.502280668782521e-15,1.2911062295529894e-17,1.1068584696137833e-16
1425,2.2943385103701935e-16,3.7469391370109344,1.0964955045590387e-14,-6.742939619618756e-17,-4.051414065325807e-17
1426,-0.0077343890564694085,3.731371012007104,9.736993573549237e-15,2.1283484839245553e-06,-0.00018860635182636754
1427,1.0658612092118661e-15,3.7626119190686453,6.0477101298913665e-15,7.396675076329924e-17,1.0447078468464297e-16
1428,0.007734389056467751,3.731371012007104,9.917560735263481e-15,-2.1283484838534317e-06,0.00018860635182660433
1429,-2.2623742503549995e-16,3.694737538905344,1.03730239707258e-14,-2.6990612382562532e-17,2.010973685158463e-17
1430,1.0653990716234735e-15,3.7609805205494875,6.402654584815118e-15,7.125436250115043e-17,-1.1265542724961888e-16
1431,1.057632063358881e-15,3.7335620934416376,7.29288225258177e-15,7.578459037360039e-17,3.65550927758486e-16
1432,1.0461651291539663e-15,3.6930825047844134,1.2422551929730694e-14,-5.017529511169754e-16,-7.497775024919341e-16
1433,-1.0667814577757776e-15,3.7658605017031888,8.403642035649288e-15,9.30785268044303e-16,9.512571321961062e-16
1434,4.351669326562666e-15,3.7147547043872953,9.98879196617231e-15,-1.9626340704527093e-16,-1.5638911112603852e-16
1435,-3.529578332483368e-15,3.71765149760541,8.781317246416084e-15,-9.785738594940599e-17,-1.2224802798131867e-16
1436,-2.739678548421238e-15,3.7665741395802796,7.833335682024684e-15,2.6168405946437974e-15,2.520005445161558e-15
1437,-0.014197537461843613,3.707107924947762,1.2410172807390864e-14,-4.36532161259863e-07,0.0007911664065586993
1438,0.014197537461842805,3.7071079249477656,1.2002900096985962e-14,4.3653216131277206e-07,-0.0007911664065580548
1439,0.014197537461837871,3.7071079249477674,1.1938085288558256e-14,4.3653216188696553e-07,-0.0007911664065577886
1440,-0.014197537461839424,3.707107924947743,1.2453862091163845e-14,-4.3653216343000206e-07,0.0007911664065544848
1441,-0.020345582112577643,3.740480983784063,1.2180441121466994e-14,9.99917659221406e-07,-0.0005890294771362711
1442,-0.020345582112576924,3.7404809837840833,1.131149803435633e-14,9.999176596299335e-07,-0.0005890294771366943
1443,0.020345582112578472,3.7404809837840625,1.2353149508030808e-14,-9.999176593059739e-07,0.0005890294771361895
1444,0.020345582112577722,3.740480983784077,1.1204006461022112e-14,-9.999176592031915e-07,0.0005890294771365417
1445,-0.0017001955384274444,3.7669230801388647,1.0386189132275694e-14,-3.3877754541665234e-07,-0.00017756263277906312
1446,0.001700195538427444,3.766923080138864,1.0172596291496793e-14,3.3877754537371793e-07,0.0001775626327781524
1447,0.0017001955384274505,3.766923080138878,1.0651036175903329e-14,3.387775453762387e-07,0.00017756263277756324
1448,-0.0017001955384291238,3.766923080138879,1.0093956107326685e-14,-3.3877754522426066e-07,-0.00017756263277914097
1449,-3.5230532929794043e-15,3.7107787721411256,1.1164895802747522e-14,8.016008350541712e-16,2.226516429703092e-15
1450,1.875136480130865e-15,3.7107787721411225,1.1030971178671986e-14,-5.103683954418532e-16,1.8886892110554798e-16
1451,1.87933981661857e-15,3.719096914300915,9.3608851826138e-15,1.5013990200146567e-16,5.921155948447788e-16
1452,-2.7051452216324102e-15,3.7190969143009016,9.65362729591123e-15,-2.0047771767054825e-16,-2.3432858503303397e-15
1453,1.8986847245674177e-15,3.7573792870915064,7.975854941770939e-15,1.2034097002605718e-16,1.3637360094408943e-16
1454,1.0643789252116864e-15,3.7573792870915,7.0240526212983e-15,7.337312683749536e-17,-1.602469027858086e-17
1455,6.498462226807146e-16,2.2940314572740648,2.1282256167287355e-14,-4.0530058502225967e-16,-3.9744602834278517e-16
1456,1.1543816765984723e-15,2.2844497271853696,1.7233596539561455e-14,3.1749038669038474e-16,3.1774853157135305e-16
1457,-1.3914571567247437e-16,2.272421987618847,1.429375742103489e-14,-4.269265281053808e-17,-3.851316992788e-17
1458,0.0013995545655900031,2.261344435034818,1.3382360125443309e-14,-1.7853839041990366e-07,4.95208538142688e-05
1459,-0.001399554565590003,2.2613444350348177,1.3461980364691504e-14,1.7853839056128362e-07,-4.952085381437028e-05
1460,-1.1419741054744562e-15,2.2598959136210275,1.4813127237086706e-14,-3.40142276137579e-16,-3.3947845740833666e-16
1461,-6.408703926092617e-16,2.262345750994017,1.495422470695494e-14,4.948330682552539e-16,4.913249500889481e-16
1462,-0.017860775049913565,3.629393253880801,1.1465497641545155e-14,1.153688177725357e-06,0.0017565839271591012
1463,0.017860775049912785,3.629393253880806,1.1019339903913453e-14,-1.1536881779552078e-06,-0.0017565839271594013
1464,-0.10908011785824483,3.4071887086640498,1.9334974729445848e-14,-2.0518053740590722e-05,-0.0021242331442597566
1465,6.634775839997381e-16,2.342151721084035,1.3594448934601322e-14,2.2695592550517783e-16,2.180667730382762e-16
1466,-1.1746240680011965e-15,2.32450816405678,1.4704627205521474e-14,-2.2742145953709986e-16,-2.392756284206025e-16
1467,1.4115940530138465e-16,2.305308034931628,1.6370299470408714e-14,-1.384732822382846e-16,-1.3841414637160592e-16
1468,6.538948262819352e-16,2.308323490827665,1.691846364938721e-14,-5.382024999551725e-16,-5.360790621276608e-16
1469,2.1975264328065543e-16,3.588833015913744,1.604179624575109e-14,-1.0340924778322806e-16,1.547482268330306e-16
1470,-0.010115275890415791,3.631648556229875,1.0416919115408767e-14,2.6148756750643196e-07,0.00035456841845543305
1471,0.010115275890413373,3.6316485562298753,1.0619486278428129e-14,-2.6148756730910716e-07,-0.000354568418455381
1472,-1.819608034084212e-15,3.6008914220611308,8.870000866790752e-15,-1.2827873254796848e-16,-1.5459246902859093e-16
1473,1.0330046934141497e-15,3.646624662105829,1.3306356015641504e-14,-3.4521636554382437e-16,-3.7312399115583467e-16
1474,-0.009047709916850367,2.2678349556625874,1.729840734670974e-14,-6.470813209017226e-07,-0.00038941859891660456
1475,-1.031583321486369e-15,3.641607056707794,1.151398292252651e-14,4.1999112662521986e-16,5.78758129521125e-16
1476,-2.6308705676000323e-15,3.616982382920627,8.154095559803998e-15,-2.1026705473631585e-16,-1.8036969870129742e-16
1477,0.00904770991684878,2.2678349556625683,1.6575963039947072e-14,6.470813208594387e-07,0.00038941859891665487
1478,0.009047709916844794,2.267834955662579,1.6021056450769876e-14,6.470813225336637e-07,0.00038941859891850235
1479,1.416807395976824e-16,2.3138220701074963,1.6868115854951618e-14,1.121851597568529e-17,-2.303043904430095e-17
1480,6.554524470215282e-16,2.313822070107527,1.5166280278353752e-14,1.2245356508546677e-16,8.414260144629132e-17
1481,6.516413033110656e-16,2.300368297115006,1.7165577367860357e-14,-4.489408165674424e-16,-4.4158450494447425e-16
1482,-0.007623107828283146,3.6604470623623446,1.2576195053903728e-14,8.443529227401391e-07,-0.0003944078079140857
1483,-0.007623107828295285,3.6604470623623198,1.157640834938353e-14,8.443529232802886e-07,-0.0003944078079138793
1484,-0.00904770991684433,2.2678349556625887,1.684829320186075e-14,-6.470813214056598e-07,-0.00038941859891744937
1485,1.16242567302604e-15,2.3003682971150177,1.6828439505374916e-14,-7.8250895816867e-16,-7.809515255413863e-16
1486,-1.0307108585363183e-15,3.638527162753089,1.0766745604162646e-14,-5.862553558380198e-17,-3.93236250651928e-17
1487,-1.3878077861169793e-16,2.2664621131304554,1.5627540647968012e-14,-2.4354104169525244e-17,-1.6711680195554124e-16
1488,-1.1438553602641803e-15,2.263618800148311,1.6884257470017038e-14,1.6131591844822774e-16,3.678988509912307e-16
1489,-6.412310180843703e-16,2.2636188001482935,1.6558846310848188e-14,9.074869174068034e-17,2.6819410840657727e-16
1490,1.8357048077591275e-15,3.6327459386180627,1.3083772127066653e-14,-8.154958039161062e-16,-5.674803852066956e-16
1491,0.028291638773923045,3.603569450566419,1.3627590121865206e-14,-1.4652620353131258e-06,0.0001530338604602624
1492,-0.028291638773926257,3.603569450566421,1.3419738225774338e-14,1.465262035376877e-06,-0.00015303386046018087
1493,-0.028291638773927777,3.6035694505664106,1.2859042656347115e-14,1.4652620354427964e-06,-0.00015303386046039424
1494,1.1452921475869158e-15,2.2664621131304767,1.2575679294907174e-14,2.0005957858220122e-16,-3.0787692739233463e-16
1495,2.6411261271003456e-15,3.6310819659622458,1.3302601622252751e-14,-6.593426675167161e-16,-4.804847798696062e-16
1496,0.0282916387739245,3.6035694505664004,1.2257969590447039e-14,-1.465262035368637e-06,0.0001530338604605096
1497,0.007623107828283949,3.66044706236234,1.2362074478732844e-14,-8.443529228754475e-07,0.0003944078079141187
1498,-1.8383708291900897e-15,3.6380218296462172,1.0150154303952955e-14,8.222021247200745e-16,8.251981208768627e-16
1499,0.007623107828287998,3.6604470623623326,1.1574119220491086e-14,-8.443529226395251e-07,0.00039440780791430256
1500,-2.2237943180599807e-16,3.6317317280513417,1.4614063127263753e-14,7.046189490827246e-17,7.474315832629032e-17
1501,0.10908011785824347,3.4071887086640307,1.8934398778952867e-14,2.0518053740840522e-05,0.0021242331442599648
1502,-0.013607582230257141,3.5543721243284296,1.1571104721075329e-14,1.1715898518699364e-06,-0.0005698072052342015
1503,0.013607582230255573,3.5543721243284323,1.1365633075274892e-14,-1.1715898516617695e-06,0.0005698072052341824
1504,-1.804459417491167e-15,3.5709132495513334,9.92188570942591e-15,-1.7062701890135906e-16,-1.646364603240461e-16
1505,-0.000555884139224359,3.5812899135002096,1.073598425702184e-14,-6.158586045024173e-07,-0.0002886010126780837
1506,0.0005558841392243589,3.581289913500209,1.074076558811186e-14,6.158586045171624e-07,0.0002886010126787351
1507,1.8107357271425725e-15,3.5833336770074697,1.6926622922701447e-14,-1.3311701167083924e-15,-1.7261516926023856e-15
1508,1.0247490852672086e-15,3.6174814215559548,1.1401559854729091e-14,1.639326553238848e-17,-2.489384134418979e-16
1509,1.0247490852672096e-15,3.6174814215559588,1.0788219437179899e-14,8.800663561789605e-17,1.1008869335087328e-16
1510,-1.0287858685548737e-15,3.631731728051392,1.542731260343835e-14,3.6131625806211034e-16,2.409032887453694e-16
1511,2.22764589445225e-16,3.6380218296462683,1.6372615606127455e-14,-7.673721413099817e-17,-8.223004387701918e-17
1512,-0.13431552386192805,2.582449074567441,2.5956622042061745e-14,-3.3179873706564496e-06,-0.0003866783585041583
1513,0.13431552386192966,2.5824490745674393,2.5474912751065065e-14,3.3179873708210315e-06,0.0003866783585042312
1514,-6.645132748584001e-16,2.3458078282165515,1.2508776752265816e-14,-2.436859781687142e-16,-2.4497685095546533e-16
1515,-6.685391586029987e-16,2.3600196580789143,1.6574543971367386e-14,4.675826312940291e-16,4.61048294508989e-16
1516,0.11313725213705227,3.39277146299307,2.0025874572986164e-14,-1.3456059423865366e-05,0.0004183679214876373
1517,-0.11313725213704964,3.392771462993059,1.9959207432654757e-14,1.3456059423875774e-05,-0.00041836792148764075
1518,0.005582150263783051,3.547890852383594,1.1835499246385601e-14,-1.2060819919012394e-06,-0.0008421810730618495
1519,-0.005582150263784645,3.547890852383606,1.1644733967281022e-14,1.2060819927976578e-06,0.0008421810730621301
1520,-1.0048391172974627e-15,3.5471969584909804,9.476851250918677e-15,-8.06691617919849e-17,-1.5222235417573088e-16
1521,2.17481344121899e-16,3.5517398857093814,8.68416242138031e-15,-1.345135527477489e-16,-1.6757012770745622e-16
1522,2.1977959441075795e-16,3.5892731612702873,9.625508767710434e-15,1.8758997028602673e-17,2.1661389331363555e-17
1523,1.0146498605142009e-15,3.5818300036221715,1.5411564223067303e-14,-4.894525282588915e-16,-6.040272909530969e-16
1524,-1.8130574436221598e-15,3.5879282098954337,8.321987071632473e-15,-1.5220719378388126e-16,-2.860566511673307e-16
1525,1.0225747162749415e-15,3.6098056504367424,1.1456608371440877e-14,8.897210433224281e-17,1.1081305982278709e-16
1526,1.8241125857823164e-15,3.6098056504367477,1.2050299188237935e-14,1.8394033930331584e-16,1.7431991551874355e-16
1527,-1.0163773417565566e-15,3.5879282098954457,8.938725241185316e-15,-7.986809988131114e-17,-3.233741482872422e-17
1528,-0.12535446031257833,2.588911553617481,2.5619121239921852e-14,7.897215241308916e-06,-0.0007421202410558686
1529,0.1253544603125778,2.588911553617483,2.5558043580994753e-14,-7.897215241380474e-06,0.0007421202410558443
1530,-1.7263123295759309e-15,2.373374562926838,1.5537005056184026e-14,4.079024422967884e-16,4.028609799765216e-16
1531,0.008346993596030564,2.357659059508301,1.710495180371538e-14,6.329253462288714e-07,2.7641388577129148e-06
1532,-0.008346993596030562,2.3576590595083005,1.6907725229332745e-14,-6.329253461135123e-07,-2.7641388577647396e-06
1533,-1.2062761874560039e-15,2.3871457449532794,1.424765157176866e-14,-2.1838070907948204e-16,-2.2414405917668696e-16
1534,0.008346993596032706,2.3576590595083147,1.5375290915861953e-14,6.329253450596678e-07,2.7641388569008473e-06
1535,-0.008346993596033228,2.3576590595083142,1.5034699596689087e-14,-6.32925345105638e-07,-2.764138856424774e-06
1536,-0.014217359511432123,2.39206541751654,1.545236523845427e-14,-8.742403355506065e-07,0.00010639176227846686
1537,-0.014217359511430024,2.3920654175165446,1.502415998081246e-14,-8.742403358051772e-07,0.00010639176227818844
1538,0.014217359511429484,2.3920654175165432,1.5538842970117052e-14,8.742403358832397e-07,-0.00010639176227827951
1539,0.014217359511432123,2.39206541751654,1.554684969814843e-14,8.7424033536369e-07,-0.0001063917622785987
1540,0.016447951428479667,3.507823610231473,1.2071128371607395e-14,-9.898857390930327e-07,0.0014086568610334749
1541,-0.01644795142847736,3.5078236102314793,1.238663082421542e-14,9.89885739426967e-07,-0.001408656861033088
1542,2.1462982434271558e-16,3.505171033675166,1.1450200319736684e-14,1.4937075835222296e-17,1.9155392130859275e-16
1543,-9.969366499859387e-16,3.519300345461619,9.812134195507453e-15,1.782574645915374e-16,8.744561673396781e-17
1544,9.96699506574724e-16,3.5184632021095075,8.994312724418406e-15,8.325429584730346e-17,8.05723161139298e-17
1545,-1.7888915563115845e-15,3.5401054180121583,1.322868178107687e-14,7.538982105409221e-16,8.849923309243616e-16
1546,1.777326917346494e-15,3.5172197148999564,1.0795953784288552e-14,-1.1257869177241117e-15,-1.1661404163742215e-15
1547,-1.0146498605142127e-15,3.5818300036222137,1.9087835726382057e-14,4.119209581408028e-16,2.705181917466572e-16
1548,2.178488523203124e-16,3.557741750061932,8.44757672791423e-15,2.021670343703202e-17,-2.1825123964032106e-17
1549,1.7978035749559085e-15,3.5577417500619593,1.0627031209278048e-14,1.3517109004811932e-16,-1.685416582363319e-16
1550,-3.3298387237959477e-15,3.5072687874289654,8.50902568746558e-15,-2.607855720078899e-16,-7.08464303994643e-16
1551,1.7722984992548354e-15,3.507268787428973,8.145833869204657e-15,1.586575552794829e-16,2.9331349825069245e-16
1552,0.003960581837878172,3.538209061024214,1.0610941627306544e-14,-1.112377158231457e-06,-0.0001616253572732781
1553,2.5819666306386727e-15,3.5497481066992544,1.0243802399821508e-14,-7.765214141609021e-16,-1.3586968680943806e-15
1554,-1.0055617987678448e-15,3.549748106699254,1.0754028086304514e-14,2.909821259800069e-16,9.254651529220115e-16
1555,0.0039605818378805405,3.538209061024224,1.0192350690031431e-14,-1.1123771588366586e-06,-0.00016162535727383886
1556,-0.003960581837875821,3.5382090610242196,1.0604208571479378e-14,1.112377158080536e-06,0.0001616253572729212
1557,-0.003960581837882884,3.5382090610242125,1.000667991316652e-14,1.1123771587061206e-06,0.00016162535727392777
1558,1.775798098228505e-15,3.514194276704076,9.457602814759571e-15,-6.016530201787575e-16,-3.584293822757871e-16
1559,1.775798098228497e-15,3.51419427670406,9.25553582066764e-15,-6.600546233196577e-16,-8.418707011345728e-16
1560,0.01136998110313343,2.397539461277014,1.3945546618983548e-14,1.0722249345600926e-07,-6.524504444793515e-05
1561,-0.011369981103133437,2.3975394612770153,1.396406176682556e-14,-1.0722249386399454e-07,6.524504444763851e-05
1562,1.7562493265752322e-15,3.475508470288888,7.580249135005682e-15,1.477120274506678e-16,9.508187793289059e-17
1563,-9.838192994182062e-16,3.47299459836604,1.1411162606991975e-14,-5.023752617371441e-17,-9.763480982693969e-17
1564,-0.12891044051097278,2.7744833888070426,2.3906613171863572e-14,2.8504513733928604e-06,-0.0005931390907797786
1565,0.12891044051096945,2.7744833888070497,2.3637362442777976e-14,-2.8504513735257836e-06,0.0005931390907799685
1566,-7.013909145053502e-16,2.4759901120669356,1.503238325494991e-14,1.6199768437927976e-16,1.2815139520994433e-16
1567,-1.5100503717112765e-16,2.4660994055798495,1.3885839225580884e-14,-3.627725900986442e-17,-1.8908308953619746e-17
1568,0.013194086189418187,2.415655548321933,1.3455537389867877e-14,6.159418983707476e-08,0.00023429908902330353
1569,-0.013194086189416582,2.4156555483219337,1.3494026356641717e-14,-6.159418980584974e-08,-0.00023429908902325333
1570,-6.896268750945963e-16,2.43446170806767,1.580356404744552e-14,6.204646590085791e-16,6.3872665395883765e-16
1571,-6.804351230948568e-16,2.4020137726963133,1.0796997792773251e-14,2.6709850651675116e-16,2.516764295241187e-16
1572,-6.872927998871185e-16,2.426222155750955,1.5663354508023957e-14,2.9607057997619853e-16,3.0334164497166975e-16
1573,-9.810009399374542e-16,3.4630454672006996,1.1221177163919924e-14,6.001984758155363e-16,6.277376280501303e-16
1574,-6.939899886259649e-16,2.449863997629851,1.233362615139221e-14,-1.3834061967491563e-16,-1.3447764489569188e-16
1575,6.812234852513452e-16,2.404796781235239,1.1576405997766145e-14,1.0171163695040014e-16,1.223336039303262e-16
1576,1.7553559603045351e-15,3.473740553858177,8.55495622112208e-15,1.4518564449829595e-16,2.0512940697783384e-16
1577,1.4727740114467812e-16,2.405222489410308,1.2928905844296237e-14,2.2268444245366634e-17,2.0173697851253152e-17
1578,-6.970033652460116e-16,2.4605015615914985,1.1736756038689372e-14,5.141987565761214e-16,5.025954325703435e-16
1579,2.1245481866730874e-16,3.4696504953955385,8.43091954513044e-15,1.8257401477079626e-17,3.5350165705285276e-17
1580,-1.2387008190404322e-15,2.4513120794323546,1.3486355793873529e-14,1.8669814523740295e-16,2.778894941588853e-16
1581,1.473326898901717e-16,2.4061254231465017,9.057817842623035e-15,3.340921243072044e-17,3.5792070698229324e-17
1582,-1.5066702308918503e-16,2.460579216702894,1.274004906214752e-14,-5.4754653364330343e-17,-1.1832787059738788e-16
1583,-6.82210331326708e-16,2.408280460698714,1.4698038088347372e-14,2.9575270585637185e-16,2.7211957938694044e-16
1584,-9.827797869011637e-16,3.4693250003425438,1.2985068694533484e-14,2.299116539950641e-16,1.1495022756870858e-16
1585,9.82779786901165e-16,3.4693250003425486,1.2880394474983655e-14,-2.8546012555038715e-16,-6.139180855724597e-16
1586,-0.1290934302766885,2.9875197350856864,2.3810921293478685e-14,-1.3142660616023531e-05,-0.0008872346289542019
1587,0.12909343027668763,2.9875197350856815,2.361595435692859e-14,1.3142660616242974e-05,0.0008872346289543233
1588,-0.1289104405109654,2.7744833888070293,2.187141250021236e-14,2.8504513718706948e-06,-0.0005931390907816443
1589,0.12457859928131655,2.9846169331933825,2.1216197772941213e-14,9.232694204565003e-06,0.0009360469381289784
1590,-0.1245785992813166,2.9846169331933834,2.194952194947127e-14,-9.23269420445745e-06,-0.0009360469381289975
1591,0.12891044051096692,2.774483388807036,2.3102192435845786e-14,-2.8504513726199327e-06,0.0005931390907810284
1592,-9.772211811069652e-16,3.4497024864224435,1.154663176747314e-14,7.034929377511218e-17,3.7846200658884196e-17
1593,-0.10812874176070837,3.1896874825942496,2.059290849111226e-14,-1.0355417210628328e-05,-0.0010532771484672784
1594,-0.10812874176070973,3.189687482594248,2.041120910783681e-14,-1.0355417209868736e-05,-0.0010532771484665039
1595,0.10812874176070762,3.1896874825942483,2.1416106992591573e-14,1.0355417210389153e-05,0.00105327714846687
1596,0.10812874176070979,3.1896874825942496,2.0415106267082135e-14,1.0355417210110296e-05,0.0010532771484668274
1597,-1.7553559603045351e-15,3.473740553858177,8.065340173461077e-15,-1.3819746517893754e-16,-4.095652952802966e-16
1598,2.110731500885367e-16,3.447086135128823,8.266249263643194e-15,-3.3050524019220595e-17,-1.2326103730760724e-17
1599,2.0965692872308547e-16,3.42395748503253,1.012093375893341e-14,1.494762884265468e-17,4.781211629505569e-17
1600,-1.7379926587732645e-15,3.439379657241186,1.4728814868705562e-14,9.930043295764134e-16,9.011885317278498e-16
1601,-0.00917623472443,2.5072094663108393,1.7168579010792306e-14,1.2761406982424238e-06,-0.00034761088045895915
1602,0.00917623472443055,2.5072094663108375,1.7055276864829098e-14,-1.2761406983101322e-06,0.0003476108804588065
1603,-2.4923654079077685e-15,3.426562250239022,1.1889944620755453e-14,-1.6689923676165149e-16,-8.649011395879445e-17
1604,-0.012918681983708593,2.5274363848920403,1.2867600801075452e-14,-1.0408651216430552e-07,-0.00028509652989330446
1605,0.012918681983709745,2.527436384892046,1.2771412586178906e-14,1.0408651185574158e-07,0.00028509652989303145
1606,1.7393415293447105e-15,3.442048988426369,1.012627014647314e-14,-2.3445240644045874e-16,-6.20315327686042e-16
1607,1.5415570912785223e-16,2.517553783428519,1.1338163036355978e-14,2.376116284992094e-17,2.546106703531641e-17
1608,1.843243473706327e-15,2.5341342344754896,1.1784344362337947e-14,2.7622508682631747e-16,2.8259877985414767e-16
1609,2.1010538123936462e-16,3.4312812704144275,8.823649016585638e-15,2.1686598998525485e-17,3.937936788517867e-17
1610,1.5487766494956797e-16,2.5293442167553915,1.5424084557129997e-14,-1.1226421378126064e-16,-1.112206861033722e-16
1611,-6.853021435037831e-16,2.4191949111435203,9.414111871385395e-15,-5.797682146771791e-17,-8.180715066666454e-17
1612,1.2226726987886592e-15,2.4195934237409817,1.0343726872189824e-14,-2.1708778923938125e-16,-8.998519501796057e-17
1613,-1.5461471955306326e-16,2.525049992548252,1.4510337007933207e-14,4.8021224572530145e-17,4.6259601067149447e-17
1614,0.008875075754712115,3.4407823871328245,1.1684200701426199e-14,-1.2448563587637036e-06,-0.00039777959675243654
1615,-0.004847835203049575,2.410848098184534,1.3981648647341045e-14,-1.1579043826619694e-06,-9.31090474582709e-06
1616,-1.2188221259720651e-15,2.4119733790030096,1.219220713399645e-14,1.2299539488696216e-15,1.2297207571684414e-15
1617,0.008875075754716655,3.440782387132807,1.1409205482565895e-14,-1.2448563594627971e-06,-0.000397779596753264
1618,-0.008875075754710592,3.4407823871328262,1.1966105640197058e-14,1.2448563586372856e-06,0.00039777959675227
1619,-0.008875075754715156,3.4407823871328187,1.1575426854287036e-14,1.2448563594674592e-06,0.00039777959675325186
1620,2.1072754482595135e-16,3.4414419728638177,7.834228904570973e-15,2.0297217970194293e-17,3.368644349498179e-17
1621,7.089542017120807e-16,2.5026893805508936,1.3981264252665787e-14,1.0170939611251588e-16,1.0431451786362937e-16
1622,-7.089542017120802e-16,2.5026893805508914,1.3741852145903476e-14,-1.3329158157885654e-16,-9.774955425011345e-17
1623,-1.5066702308918604e-16,2.4605792167029104,1.1711073765413161e-14,-5.415872017470923e-17,-6.450322986265653e-17
1624,1.7830014412659353e-15,2.4513120794323395,1.0759714438648161e-14,-3.4430531325161437e-16,-3.6951781799381414e-16
1625,1.779098848184063e-15,2.4459467031957898,1.1912307083276303e-14,1.9438124492368677e-16,1.9557295032189765e-16
1626,-1.779098848184061e-15,2.4459467031957867,1.006791229337473e-14,-2.1653734378335407e-16,-1.7777444397166668e-16
1627,2.5031746660403107e-15,3.4414230711092455,1.6164943927279192e-14,-1.5948909478830578e-15,-1.5332185769206708e-15
1628,1.7390252398359969e-15,3.441423071109298,1.69933786737408e-14,-1.098379388279298e-15,-1.1415397732370166e-15
1629,-0.02304860408478721,3.3414332481222697,1.2933499886255606e-14,-5.365784187760098e-06,-0.000560296319666545
1630,0.023048604084787164,3.341433248122263,1.2871616393979894e-14,5.365784187581421e-06,0.0005602963196667029
1631,0.015015906248616645,3.387385068980062,1.4479734979469714e-14,3.845079149971883e-06,-0.001646160555931081
1632,-0.015015906248615799,3.387385068980041,1.4153256490071249e-14,-3.845079150298011e-06,0.0016461605559303931
1633,-9.64180367779329e-16,3.4036669245342357,1.2339261684139244e-14,3.7209622732232206e-16,2.6582278755844704e-16
1634,9.687143119064448e-16,3.419672265628965,6.863674628570101e-15,8.194376313498246e-17,7.371699869824707e-17
1635,-2.0786881017256138e-16,3.3947552929920324,1.1175590939763963e-14,-1.4878112076336632e-17,-1.2555934141508525e-16
1636,9.682202271534804e-16,3.41792808996663,1.036494181716154e-14,-1.5287348000982864e-16,-1.6659526435405323e-16
1637,-0.02144055518854971,2.582760458295205,1.6284134426029833e-14,5.900766750187303e-07,-0.0001924149105611431
1638,0.021440555188550307,2.5827604582952075,1.6383918357919774e-14,-5.900766750239345e-07,0.0001924149105613144
1639,-0.004847835203050661,2.4108480981845415,1.3646496729198936e-14,-1.1579043826953628e-06,-9.310904746083828e-06
1640,0.00484783520304902,2.410848098184524,1.403891472524731e-14,1.1579043826038561e-06,9.310904745846171e-06
1641,-1.2243256106339581e-15,2.422864433746252,1.71177336739783e-14,5.072682268303131e-16,5.303818702915123e-16
1642,-2.4855031847989135e-15,3.4171279054262933,1.1354760761340126e-14,1.7469269014367843e-15,1.686129767616675e-15
1643,-2.092387375828726e-16,3.417127905426328,1.180026920776026e-14,1.564779516805586e-16,3.806953530829616e-16
1644,0.004847835203050642,2.410848098184532,1.3467679348174705e-14,1.1579043824021945e-06,9.31090474551484e-06
1645,7.547029970376839e-16,2.664187858108238,1.780946250621532e-14,-2.0568771048125252e-16,-2.039901947911897e-16
1646,-2.1018978843051445e-16,3.432659744456226,8.369208596349659e-15,1.4101981499828315e-17,9.405700852236545e-17
1647,-1.4835765867776648e-16,2.4228644337462666,1.4491897174474505e-14,3.829880766762315e-17,9.291316298958205e-17
1648,-2.1018978843051413e-16,3.4326597444562212,7.79940400075399e-15,-1.3210813338988404e-17,6.1575637910317424e-18
1649,-0.01539437520552539,2.6070694536358197,1.55878921503714e-14,6.024178083761586e-07,-0.000370414099766221
1650,0.015394375205525349,2.6070694536358126,1.5375196641533016e-14,-6.024178084485833e-07,0.00037041409976586214
1651,1.5692428120728285e-16,2.5627679967242742,1.4365302858849847e-14,-1.1881129943820838e-16,-1.2592906668744194e-16
1652,-1.6124631515080746e-16,2.6333521675486096,9.945964371119509e-15,-2.6184629426102625e-17,-5.417701408149352e-17
1653,-7.453436062166161e-16,2.631148138532918,1.5920803499349364e-14,-1.0112861708678902e-16,-1.243040838238341e-16
1654,-1.610790629906738e-16,2.6306207324891275,1.781553762021517e-14,1.8705182050036443e-17,-1.0445522996396463e-17
1655,1.6084248129523293e-16,2.626757060194298,1.2567018711460422e-14,1.8480890962608796e-17,6.41475636583042e-17
1656,2.4351400431154176e-15,2.564896193080762,1.4373671615329465e-14,1.680244092148296e-16,2.3003199794257813e-16
1657,7.269729779989745e-16,2.566297720772065,1.551695390891451e-14,-5.039672946752481e-16,-4.996350680380296e-16
1658,7.13790685116205e-16,2.519762719880122,1.5539613141211393e-14,-2.6395498037242495e-16,-2.7776215040592693e-16
1659,-7.137906851162115e-16,2.519762719880145,1.5121280144105333e-14,2.0540076716584168e-16,2.333046154180822e-16
1660,1.5975090389958227e-16,2.6089302484733894,1.459510266283715e-14,-1.288269700709686e-17,-1.7879719683346556e-17
1661,7.427210953270798e-16,2.621890375284218,1.4429648120683594e-14,-4.413635377510472e-16,-4.1798827746518996e-16
1662,1.5973852263350608e-16,2.608728047053604,1.2912292731412835e-14,-1.843434118373339e-16,-2.2311348417398863e-16
1663,-1.5800984925542553e-16,2.5804966683526733,1.33367233558235e-14,1.1091987439540424e-16,1.0759731895887168e-16
1664,0.013282823704645078,2.624834398261978,1.4325862613922872e-14,-6.641897183905666e-07,0.00019970003013121537
1665,-0.013282823704643298,2.6248343982619717,1.4103798104411648e-14,6.641897184610397e-07,-0.00019970003013115942
1666,-0.013282823704642666,2.6248343982619624,1.3351914881112843e-14,6.641897195876342e-07,-0.00019970003013006568
1667,0.013282823704643358,2.6248343982619837,1.3779566196721106e-14,-6.641897185477759e-07,0.00019970003013089314
1668,0.000408758296530901,2.5267524583477936,1.1580780494504193e-14,-5.7270004482994595e-08,4.259855644739318e-05
1669,-0.00040875829653146383,2.5267524583478047,1.1402868741239638e-14,5.7270003554917535e-08,-4.259855644825068e-05
1670,-0.00040875829653090227,2.5267524583478016,1.1483728474830274e-14,5.727000343717318e-08,-4.259855644831421e-05
1671,0.0004087582965303411,2.5267524583478007,1.0719765811776397e-14,-5.727000329644374e-08,4.259855644830196e-05
1672,-7.249887069551177e-16,2.55929301714297,1.407882928175468e-14,-2.1356049543376638e-16,-2.319105387516822e-16
1673,-7.249887069551163e-16,2.559293017142965,1.349850830085433e-14,-2.4508777029633423e-16,-2.6707785387171984e-16
1674,0.01638356005140242,3.342280129328784,1.2285850043466244e-14,-1.0949505335408616e-06,3.539331754577775e-05
1675,-0.01638356005140392,3.3422801293287874,1.2240980907701835e-14,1.0949505331193238e-06,-3.539331754627735e-05
1676,2.0655667115257697e-16,3.3733264365919995,1.0099719555776376e-14,2.0231529922519666e-17,2.146216021886326e-17
1677,7.590471981505698e-16,2.679523384671084,1.6819892902349715e-14,-7.229658638871811e-16,-7.037542721897143e-16
1678,1.2199574837216314e-15,2.4142201815587265,1.410791540246223e-14,-2.2657190712244417e-16,-9.431112683381795e-18
1679,-1.3045466887893062e-15,2.5816169709889625,1.0800844175144875e-14,-2.570570184000004e-16,-2.731036349205904e-16
1680,-7.326034542059592e-16,2.5861739454656147,1.0213189726814957e-14,-1.3006121404309305e-16,-1.2466360895433497e-16
1681,6.837414053361615e-16,2.413685326986329,1.1971141574063847e-14,3.401862884597613e-17,3.5164872010517206e-17
1682,-1.2196872101801883e-15,2.4136853269863336,1.1077453251928007e-14,-1.0128232694940419e-16,-3.751682606900163e-17
1683,-2.445463466749001e-15,2.575769699124982,1.2566286340550428e-14,-3.169766048100755e-16,-3.721632822763547e-16
1684,1.5772040586870835e-16,2.575769699124996,1.073070110203941e-14,2.0719296628682618e-18,1.711334955850254e-17
1685,7.424021373769634e-16,2.620764417256646,1.4461825898456627e-14,-3.579955633679445e-16,-2.8769294230364425e-16
1686,-1.604755377456304e-16,2.620764417256628,1.395326572709597e-14,5.2562228792894315e-17,2.2528073370047576e-16
1687,-1.4782835088914133e-16,2.4142201815587185,1.457444611168691e-14,6.610596345142161e-18,2.0819636099810703e-16
1688,1.6541975657487622e-16,2.701509638371617,1.0519627259765415e-14,2.7382036929137642e-17,3.748087782773937e-17
1689,0.015629756123875887,2.6820414815761087,1.4324802745829886e-14,-2.7735924986241334e-07,0.0002083555188492829
1690,0.015629756123875953,2.68204148157612,1.2346193560890119e-14,-2.773592494625596e-07,0.0002083555188497981
1691,-0.01562975612387473,2.682041481576115,1.4012698082504974e-14,2.773592497366459e-07,-0.00020835551884939695
1692,-0.015629756123876553,2.6820414815761207,1.2541496675144889e-14,2.7735924999338496e-07,-0.00020835551884905
1693,0.006611045477257451,3.33000291038577,1.100033067301942e-14,4.2082927582953733e-07,9.431247353054121e-07
1694,-0.006611045477255977,3.3300029103857725,1.1254691635272534e-14,-4.2082927549820515e-07,-9.431247350014018e-07
1695,2.0411163055600943e-16,3.3333958933811756,1.701740724531846e-14,-1.679116104388233e-16,-6.912441875304783e-17
1696,2.3873404737353212e-15,3.2821715145839145,1.0274053746242476e-14,1.8724881198723312e-16,2.0119552625440693e-16
1697,2.0439025653871245e-16,3.337946200994718,9.963960376445051e-15,1.6619025210053767e-17,6.342021820412947e-18
1698,-9.565387215792275e-16,3.3766910398455825,1.9156371299191633e-14,6.745905341157721e-16,6.657347276443748e-16
1699,-0.001290781036815238,3.3835013533154528,1.4329599173941832e-14,1.370667251573976e-07,0.0001663081334875036
1700,0.001290781036815989,3.383501353315452,1.474021534984557e-14,-1.3706672507760032e-07,-0.00016630813348735875
1701,-0.002719064847953824,3.288298147111798,1.0341611423485812e-14,2.140714807327183e-07,-0.0006467113068581239
1702,0.002719064847956742,3.2882981471117945,1.0158993278837283e-14,-2.1407148034031844e-07,0.0006467113068584088
1703,-2.0521693969186003e-16,3.3514469614380253,9.006046243294732e-15,-3.0368862044578516e-17,-1.4232824228736334e-17
1704,9.316475946181557e-16,3.288822516089068,1.2549536758812716e-14,-5.982902972243746e-16,-5.843031888493026e-16
1705,-9.579562787188475e-16,3.3816951786052982,1.2102396012372325e-14,7.136634202890947e-16,6.050000766042166e-16
1706,1.7121400153709936e-15,3.388218879688511,9.17000089257276e-15,1.0586546421529512e-16,5.578264317049411e-16
1707,3.216811460450933e-15,3.388218879688516,9.568243778877102e-15,3.1985466060198904e-16,2.999274064687179e-15
1708,-9.509843218140795e-16,3.3570833736888677,1.3811520042216268e-14,7.336994731723735e-16,6.263710479656618e-16
1709,9.323092929387239e-16,3.2911583868068313,1.0773977890369377e-14,8.532611136891068e-17,4.941287823218354e-17
1710,-7.329507892445155e-16,2.5874000778594826,1.268927831763216e-14,-9.740234698321558e-17,-1.305036879474626e-16
1711,1.2985788106988624e-15,2.5698069104587553,1.4771831680391942e-14,-3.874580399437445e-16,-3.852326887233186e-16
1712,-1.8691905708653124e-15,2.5698069104587833,1.3710997843126706e-14,4.615334407409471e-16,4.2132178693883747e-16
1713,7.329507892445208e-16,2.587400077859501,1.1802047571047457e-14,7.984708209252863e-17,8.151676156365088e-17
1714,2.0592608631816766e-16,3.3630282047287663,9.096544818291271e-15,2.307529368696117e-17,2.0729766828658116e-16
1715,0.00477288695723613,3.38251882262584,1.1172412848679072e-14,-2.071298079494438e-07,0.0003071281558788433
1716,0.003163361640563535,3.35611724240064,1.1979791065337366e-14,3.164668987126057e-07,0.0005591971966238006
1717,-0.0031633616405620495,3.356117242400645,1.1927614642013106e-14,-3.16466898823628e-07,-0.0005591971966237778
1718,0.00477288695722711,3.3825188226258347,1.056921166925991e-14,-2.0712980739791016e-07,0.0003071281558804943
1719,-0.004772886957238394,3.3825188226258476,1.1207865096409637e-14,2.0712980749668097e-07,-0.00030712815587981214
1720,1.6707981110356361e-15,3.3064058156085956,1.0547230123977801e-14,-1.9470797237256833e-16,-3.329394007574502e-16
1721,2.028960269605546e-16,3.3135435801051982,9.971483369780356e-15,1.5086309026037112e-17,-2.952069501718613e-17
1722,-7.5604407784239e-15,3.3135435801052067,1.0339950537541783e-14,-4.2326692398035393e-16,-3.0683217549549685e-17
1723,5.341645976278747e-15,3.306405815608551,1.1829324241270514e-14,-6.268194350086068e-16,-1.110595552895495e-15
1724,-0.004772886957233087,3.3825188226258125,1.0956926887075118e-14,2.0712980869288123e-07,-0.0003071281558787813
1725,-2.460474792870814e-15,3.382718286879627,1.2392399014728268e-14,6.65420977340467e-16,-4.931166194953596e-16
1726,2.460474792870816e-15,3.38271828687963,1.1548296686138143e-14,-7.354050512600246e-16,6.415319596267738e-16
1727,-0.013924921544713509,3.2642751543371906,1.1447284191851663e-14,-2.911197094761925e-07,-0.00012858033260535395
1728,-0.013924921544701187,3.2642751543371906,1.1189728656867499e-14,-2.9111970943412543e-07,-0.0001285803326054832
1729,0.013924921544715634,3.264275154337179,1.1338440853721594e-14,2.9111970986954103e-07,0.00012858033260590863
1730,0.013924921544700415,3.2642751543371795,1.1286549441160614e-14,2.9111970970994647e-07,0.0001285803326059984
1731,1.685520339479822e-15,3.335540192422322,1.6328492873883802e-14,-8.646496946301006e-16,-8.107727021937041e-16
1732,-2.042429310038667e-16,3.3355401924223145,1.759952994640973e-14,-2.973049627834328e-18,-2.668746807656229e-16
1733,0.003163361640565034,3.356117242400649,1.2311944951045627e-14,3.164668975806986e-07,0.0005591971966228495
1734,-0.003163361640562043,3.356117242400638,1.1897563655466693e-14,-3.1646689683216545e-07,-0.0005591971966221157
1735,-7.695029944912125e-16,2.7164335410729166,1.2711843570215638e-14,-1.0449687181765128e-16,-8.62418208378479e-17
1736,-1.6633358205857265e-16,2.716433541072913,1.0235928205332214e-14,-1.6635624692078508e-17,-5.1272768553428225e-17
1737,1.6697729822462566e-16,2.726946223856246,1.0656194036774792e-14,2.1607158882230345e-17,1.939590362860385e-17
1738,1.672799242799792e-16,2.731888482400738,1.6211330905478135e-14,-1.1629897690130982e-16,-1.1552367405950808e-16
1739,7.87148916566964e-16,2.778725663303609,1.4237724478628127e-14,1.3937288284082714e-16,1.3149692663240168e-16
1740,-7.743086682701235e-16,2.733398118902948,1.2752250112120739e-14,-1.3424133857854694e-16,-1.5195477450268647e-16
1741,-1.5824000812271773e-16,2.584255447903683,1.429816093014726e-14,2.6043157548085163e-17,-1.1665707436855268e-17
1742,7.320599880778446e-16,2.5842554479036606,1.4894117430629504e-14,-1.779789282182393e-16,-1.9294458216272005e-16
1743,-1.7157349982478456e-16,2.80200789230398,1.1240319886950487e-14,-3.980738049588046e-17,-6.143028645575242e-17
1744,-1.6796792946583886e-16,2.7431244597672517,1.2339679594688947e-14,9.011036343229646e-17,7.919202705782023e-17
1745,7.769400431238647e-16,2.7426871729586306,1.2422977869790124e-14,-1.297387786869743e-16,-1.0371486301389e-16
1746,-0.01696196148945202,2.9872088722808425,1.6832572086640205e-14,-2.367670238015776e-06,-0.0010512818175112196
1747,0.016961961489452705,2.987208872280846,1.6769961382020082e-14,2.3676702379429176e-06,0.0010512818175110652
1748,1.8131105654467383e-16,2.961034261811808,1.635258714092035e-14,-3.833544429205392e-17,-1.3877555277176522e-16
1749,8.432436682101062e-16,2.9767465494241847,1.2234552318642029e-14,4.718591650182218e-17,3.694703974809643e-17
1750,-9.25132135918313e-16,3.265822202023455,1.4569233659661472e-14,3.5239919701949586e-16,1.6012467403977984e-16
1751,8.96088420028373e-16,3.1632945646190147,1.1355718351417193e-14,7.446836993859872e-17,9.827831677706368e-17
1752,-9.01050156661694e-16,3.1808100621664095,1.499661588516523e-14,2.0100336800214906e-16,1.9045918243095948e-16
1753,-1.9937317780352734e-16,3.2560110873165833,9.200243487429134e-15,-2.2995704567907418e-17,8.989146070732621e-19
1754,-9.220784627583422e-16,3.255042386669125,1.0677156510258632e-14,-8.456857748221362e-17,1.4557084312772597e-16
1755,0.004532951042442897,3.2211920786071193,1.1512917505476787e-14,2.3561669661945756e-07,-0.00016894582911855527
1756,-0.004532951042442897,3.2211920786071193,1.1694590713476883e-14,-2.3561669658302836e-07,0.00016894582911845986
1757,-1.948898560199873e-16,3.1827928861721957,9.425078757586338e-15,-2.7182717633090975e-17,1.7776878519641853e-17
1758,0.005927944984837648,3.2327297206548864,9.754852475717096e-15,-2.1630297666573595e-06,0.0003181887363899439
1759,-0.005927944984834792,3.2327297206548944,9.85129270787865e-15,2.1630297673286975e-06,-0.0003181887363897457
1760,2.3467117016133372e-15,3.2263141285100074,1.1359164273505236e-14,-1.4210607402377675e-15,-1.5789201026781708e-15
1761,2.4003064067032083e-15,3.2999973824546243,1.155403146971029e-14,1.2863660971545144e-16,4.3342175470905984e-16
1762,2.40030640670319e-15,3.299997382454599,1.0964875940582552e-14,1.3684483171442508e-16,-3.078898701595838e-16
1763,-9.034647193792053e-16,3.189333744594973,9.234932416501674e-15,-9.298057413548115e-17,-4.807169099622414e-17
1764,9.180810456682036e-16,3.2409310473513484,1.0443426426566653e-14,9.395448662991103e-17,1.3346520708254837e-16
1765,-1.6220231106837897e-15,3.209883115616019,1.2169682012779673e-14,9.873418307647072e-16,9.364733090455298e-16
1766,1.615695731549776e-15,3.197361624821841,1.8667855559789158e-14,-1.002895895838491e-15,-1.0526907949333935e-15
1767,-9.189893750393968e-16,3.2441375538729798,1.3676531155093413e-14,2.597126807510548e-16,3.1880169992937837e-16
1768,9.164682351348998e-16,3.235237641790323,9.4290022398034e-15,8.663847808185201e-17,3.529886453178414e-17
1769,-0.0005594537123654338,2.7503972616214765,9.5703197208708e-15,-8.652407262335019e-08,1.3382303349769066e-05
1770,0.0005594537123648225,2.750397261621474,9.699720608503752e-15,8.652407247774184e-08,-1.3382303349801267e-05
1771,0.004969322576703532,2.7356696585694857,1.2930983380658138e-14,-6.164793296594556e-08,0.0004251594944458415
1772,-0.0014201287042285586,2.758958237525444,1.1545157739486145e-14,-1.4079479915404466e-07,-1.3625999256952973e-05
1773,0.0014201287042285584,2.7589582375254436,1.1526130634002026e-14,1.4079479871646067e-07,1.3625999256400463e-05
1774,-0.017308576977794643,2.832267381724714,1.1528608013538012e-14,-2.9740247982790874e-07,0.0014825827000981141
1775,0.017308576977793366,2.8322673817247104,1.1690817141484169e-14,2.974024797396547e-07,-0.0014825827000981258
1776,-7.781264752184916e-16,2.746875413887025,1.0665268523296023e-14,-6.682800050950525e-17,-1.0710601764913056e-16
1777,7.973471861578557e-16,2.814726720838049,1.2199539769954048e-14,9.336032768658034e-17,1.3555936975187908e-16
1778,2.1434353066690455e-15,2.9468449868380797,1.173421627293223e-14,2.6041128045495496e-16,2.6954081319882243e-16
1779,8.59786272788307e-16,3.035143834755924,1.2525794927468567e-14,6.159494145603768e-17,2.983897658056348e-17
1780,0.012193844872365148,3.1164138214707973,1.0806395241842247e-14,-1.062098484681806e-07,0.0003503998184153541
1781,-0.012193844872366563,3.1164138214708053,1.0923837679700052e-14,1.0620984784281279e-07,-0.0003503998184158849
1782,1.5406732569481212e-15,3.0488968015222118,9.643001914732649e-15,1.7371450738503367e-16,1.6913299880731292e-16
1783,-0.02237167109551197,2.877871183852507,1.3023208967744251e-14,1.0576120783919313e-07,0.0005430301014498085
1784,0.022371671095514568,2.877871183852512,1.3104568552703325e-14,-1.0576120703688352e-07,-0.0005430301014489464
1785,8.589175700316743e-16,3.0320772147138544,1.0449597004908203e-14,4.050717263864818e-17,3.073359722190666e-17
1786,-1.688825414892126e-16,2.7580612076362785,9.370926939305813e-15,-8.758703941198392e-18,-1.9892968944998203e-17
1787,-7.816329116069509e-16,2.759253535198362,1.1616307738305887e-14,6.020493817271543e-16,6.000751148014125e-16
1788,-0.02089557353288079,3.146928679338381,1.3568826954559973e-14,-2.7276123995491515e-06,-0.0007132319760988419
1789,0.020895573532880744,3.1469286793383744,1.3246061508213417e-14,2.7276123996697148e-06,0.0007132319760990015
1790,0.020895573532875817,3.1469286793383686,1.331223999796189e-14,2.7276124000942883e-06,0.0007132319760992404
1791,-0.02089557353287866,3.1469286793383757,1.3446390863925536e-14,-2.7276123996662453e-06,-0.0007132319760987278
1792,-0.011239988657928681,2.919549525574192,1.4150543235379732e-14,-5.945580718990512e-07,-3.2305891389979025e-08
1793,0.011239988657929958,2.9195495255741872,1.371903296358114e-14,5.945580716197607e-07,3.230589121780772e-08
1794,1.8351306124898788e-16,2.996995727694823,1.160610315612815e-14,-1.6191273952885643e-16,-1.762963097625929e-16
1795,-1.7264130168176802e-16,2.819446420012164,1.5462006415142412e-14,2.377699902972501e-17,7.10661840342036e-17
1796,0.0015027540764736738,3.1373842324263785,1.020830646139924e-14,4.7613356896747784e-08,2.8064671546458207e-05
1797,-0.0015027540764757708,3.1373842324263936,1.0351382828027453e-14,-4.7613357413668275e-08,-2.8064671546921757e-05
1798,-0.0011481324609183554,3.1370128676336826,1.325154003323701e-14,-3.890942632369179e-08,9.645462959551737e-06
1799,0.001148132460918357,3.1370128676336866,1.3609306793986649e-14,3.8909426016212056e-08,-9.645462959908223e-06
1800,-8.529387859892823e-16,3.0109714235423417,1.1163612479622048e-14,3.291037292773464e-17,-1.1043700813664568e-17
1801,-1.846341230068826e-16,3.0153040555927157,1.0385264679980182e-14,-1.9989890321812035e-17,-2.712471049684464e-17
1802,0.010201844411147862,2.8844681721895826,1.1852629428444393e-14,2.120997956989168e-07,0.0002060710299369422
1803,-0.010201844411147853,2.88446817218958,1.177692215606175e-14,-2.1209979601463647e-07,-0.000206071029937532
1804,8.537600998116938e-16,3.0138707552290502,1.5627002670389912e-14,-7.530818527599621e-16,-7.515897199348614e-16
1805,-0.02640682029924427,2.8444951249875667,1.5312156875747153e-14,6.234392565859087e-07,0.0007115824700145508
1806,-0.026406820299246243,2.844495124987575,1.4306749151591985e-14,6.234392565108819e-07,0.000711582470014558
1807,8.284670299722479e-16,2.9245833271612764,1.1104980807880267e-14,-8.64693737173623e-17,-1.026110146856922e-16
1808,-1.4333912242428586e-15,2.8365923139218987,1.2573789288106054e-14,-2.491599322178406e-16,-2.753448999566922e-16
1809,-8.003168937697345e-16,2.82521012820857,1.514801080511816e-14,5.044777467148409e-16,4.640236258718553e-16
1810,2.1034400209594593e-15,2.8918585326989024,1.4180462718749059e-14,-1.707360867729138e-15,-1.7222757578713397e-15
1811,-8.274345090830928e-16,2.920938410383514,1.1065034625422325e-14,-5.803438566989563e-17,-3.0460413105519406e-17
1812,0.010885659884533671,3.1922398648179824,1.1797789825090734e-14,-4.794253067718496e-08,-0.0007808927823079997
1813,0.010885659884528004,3.1922398648179833,1.1444878289344782e-14,-4.794253005355187e-08,-0.0007808927823069675
1814,0.026406820299246844,2.844495124987572,1.5278391101248825e-14,-6.234392563343738e-07,-0.0007115824700142019
1815,0.026406820299249473,2.844495124987583,1.3516361444616315e-14,-6.234392563920534e-07,-0.0007115824700143483
1816,-0.010885659884530165,3.1922398648179935,1.2358186437803673e-14,4.7942530480293843e-08,0.0007808927823075356
1817,-0.010885659884528729,3.192239864817988,1.1635071022349219e-14,4.794253046901814e-08,0.0007808927823075452
1818,8.005850165853764e-16,2.8261566323999125,1.2703703333811633e-14,7.545224585148844e-17,7.50930545674263e-17
1819,0.0010006978794150725,2.9896112597126225,1.2489431965663192e-14,-2.0790553074728942e-07,-8.559747875027984e-05
1820,0.0010006978794031356,2.989611259712658,1.0210717761627116e-14,-2.0790553134381745e-07,-8.559747874968874e-05
1821,-8.015141716997026e-16,2.829436656175628,1.6098766196809238e-14,5.464378609322274e-16,5.6612213717935e-16
1822,-1.429757503483817e-15,2.829401405953643,1.1582894405239735e-14,5.778450223635204e-16,4.585368587724196e-16
1823,-0.001000697879419721,2.989611259712627,1.2298394971843633e-14,2.079055309235807e-07,8.559747875075809e-05
1824,-0.0010006978793998093,2.9896112597126367,1.090038131639879e-14,2.0790553047298627e-07,8.559747874854013e-05
1825,8.311822453940885e-16,2.9341683480071055,1.5709295852822644e-14,-5.855049121221954e-16,-5.7943830191595e-16
1826,1.8752556398708162e-16,3.0625248703159835,1.2461251614831443e-14,-1.1790537545167143e-16,-1.2488120007427574e-16
1827,-8.867440542079927e-16,3.1303078850137984,1.2281163405051582e-14,4.722347798629727e-16,4.2457563853878115e-16
1828,-0.004969322576704107,2.735669658569468,1.26686741106002e-14,6.164793223822906e-08,-0.0004251594944468312
1829,-0.004969322576699258,2.7356696585694733,1.0588459263570707e-14,6.164793212894148e-08,-0.0004251594944467141
1830,-1.390650135638491e-15,2.7520103509704756,9.382284350630073e-15,-1.4562536940914753e-16,-1.0940436945045875e-16
1831,0.004969322576700433,2.7356696585694515,1.0857425757706941e-14,-6.164793130147839e-08,0.00042515949444745915
1832,8.065395310376889e-16,2.8471767491439155,1.0853436303484259e-14,1.176117533323849e-16,1.0520989874409252e-16
1833,8.272327721614727e-16,2.9202262559873846,1.0818508322108666e-14,1.2224971446829904e-16,1.2108394100008684e-16
1834,0.0004929733731320801,2.854390985407973,9.401222436408006e-15,1.2042403267934973e-07,-0.00013078604081612135
1835,-0.0004929733731327146,2.854390985407977,9.211320172927758e-15,-1.2042403300981455e-07,0.00013078604081585637
1836,1.5731304746768474e-15,3.1131276219594066,1.1031148166132811e-14,1.7353297324328201e-16,1.7583618239653923e-16
1837,-8.161296724596227e-16,2.881031044719982,1.2582227760980644e-14,3.2013727736675366e-16,3.423944181680307e-16
1838,-1.7643705602916233e-16,2.881435792785392,9.82840970878673e-15,-3.333339618242324e-17,3.22060180005009e-17
1839,-8.180290081594029e-16,2.887735916874575,1.3313269345496884e-14,-8.74115505558871e-17,-1.1129208293994778e-16
1840,-1.8778733486543473e-16,3.0667999131860646,1.1590745696666571e-14,1.907963430399347e-17,4.154780846696788e-17
1841,-8.110199906329185e-16,2.8629932837266705,9.344258714658206e-15,-1.1151585699231204e-16,-8.47039772659747e-17
1842,1.7586481124427754e-16,2.872090326234821,1.4825118353275848e-14,-1.72669813104904e-16,-1.859171570249683e-16
1843,-1.4505190308188437e-15,2.870487180631051,1.1986338030608566e-14,1.1943292434786973e-15,1.2013876491269318e-15
1844,-8.684509726021538e-16,3.0657312156578325,1.0571576348074269e-14,-3.816238791937411e-17,9.87698710980679e-18
1845,-1.8833660171140717e-16,3.075770121516415,1.1859585487682462e-14,1.0901345956670073e-16,1.0413990307521348e-16
1846,-1.883391512411431e-16,3.0758117584967706,9.527886593630384e-15,-2.0702387646298678e-17,-1.446386605190375e-17
1847,8.747947692574803e-16,3.08812554308169,1.1905373554524029e-14,9.370847848368872e-17,4.2561349279277546e-17
1848,-1.5583360695759464e-15,3.0838504120194408,1.540037080275471e-14,8.298112188512289e-16,1.0183633990141114e-15
1849,-8.784798311754685e-16,3.101134232932952,1.0833678807053922e-14,3.2901647896191246e-16,3.632820458570061e-16
1850,2.2584921527074745e-15,3.1050278295368154,1.0263330580966926e-14,-1.2043089043274127e-15,-1.2952343769146608e-15
1851,1.893703345552809e-16,3.092652260016976,8.6898618887092e-15,2.30642394438327e-17,-1.3852875049243847e-18
1852,8.781792632292158e-16,3.1000731937213866,7.344536537048918e-15,9.047809235228815e-17,1.2430282576017511e-16
1853,8.513581439215426e-16,3.005391576342295,1.068258218583233e-14,1.0266313173375515e-16,6.977602762957637e-17
1854,-1.8402715870760163e-16,3.005391576342314,9.369635649642425e-15,-1.9225538552121276e-17,-6.98189794729145e-17
1855,1.5365401144231174e-15,3.040717568860199,1.1355777108956564e-14,1.7907494324658976e-16,1.8341522677347025e-16
1856,8.61365183156944e-16,3.040717568860168,1.0051404525719101e-14,9.561320159616509e-17,8.206829052586482e-17
1857,8.535722704551729e-16,3.0132076961276506,1.5307910018570632e-14,-4.641056393632184e-16,-3.547998465199119e-16
1858,-1.8450575801144428e-16,3.0132076961276404,1.3473779336385728e-14,8.088034636714188e-17,1.877592915914155e-17
1859,1.6891292310044092e-16,2.7585573770011838,1.0403894604512538e-14,-3.035738706230451e-17,-1.172926438079297e-16
1860,-2.008737944102708e-15,2.761659902695855,9.943722826197176e-15,-2.0518979814928392e-16,-2.1948565201544094e-16
1861,0.0069514326053151275,3.2483911541605903,1.1739329588664875e-14,1.1682321234950804e-06,0.00020803544901563942
1862,-9.167145390730348e-16,3.2361071228497056,1.457393847972815e-14,3.1738161159201454e-16,-7.378823358119939e-16
1863,9.102546791356012e-16,3.2133030787715144,9.925745302922328e-15,9.389999112075185e-17,1.6990483690103249e-16
1864,-1.8875670268021953e-16,3.082630890990599,1.6242465794119048e-14,6.376428166613191e-17,5.274486821917839e-17
1865,9.047914034833088e-16,3.1940170911506,9.217917930867597e-15,6.447394054136183e-17,8.070120508057868e-17
1866,9.04791403483307e-16,3.1940170911505934,1.073565919111599e-14,5.636443840539694e-17,9.594524125632211e-17
1867,1.3879014555491052e-15,2.7465708835849405,1.2407600111492226e-14,-6.828122813546344e-16,-7.213266976384644e-16
1868,-1.3879014555491052e-15,2.7465708835849405,1.1958082838912394e-14,5.764674692297145e-16,3.255655630210457e-16
1869,1.6910289800850255e-16,2.7616599026958397,9.231246863168488e-15,2.117922924218735e-17,4.3585280343072103e-17
1870,-0.006951432605312261,3.248391154160599,1.1715210027763957e-14,-1.1682321238281473e-06,-0.0002080354490158103
1871,0.006951432605305751,3.2483911541605908,1.1286462138089112e-14,1.1682321236136921e-06,0.00020803544901530462
1872,-0.0069514326053064365,3.248391154160574,1.1048716404830192e-14,-1.168232123195407e-06,-0.00020803544901509385
1873,-7.977501410780416e-16,2.8161491977726025,1.1963463528696776e-14,-9.425353732626567e-17,-9.66365487180436e-17
1874,-9.167145390730398e-16,3.2361071228497233,1.4215129406413844e-14,3.4540068611656036e-16,9.061516589663138e-16
1875,9.10254679135602e-16,3.213303078771517,9.710071473233989e-15,9.450331098579022e-17,1.888799416726289e-16
1876,7.977501410780457e-16,2.816149197772617,1.2175590119613936e-14,7.727010394654938e-17,8.301630700910072e-18
1877,1.768622029015363e-16,2.888378968118394,1.4038286457546998e-14,-1.4899690953639948e-16,-1.5390416306846898e-16
1878,0.0027746505827127943,3.1041062344559,1.1215297201692273e-14,2.2807564578316078e-07,6.748096227307147e-05
1879,8.76931212875741e-16,3.095667433294985,9.159271246711429e-15,9.801522436814316e-17,1.0993660556942326e-16
1880,-0.01637592460997752,2.8707841346368905,1.3327281253091463e-14,-9.324938957896468e-07,0.00013263824945162345
1881,-0.016375924609978186,2.8707841346368954,1.223886394719943e-14,-9.324938954183618e-07,0.00013263824945212565
1882,0.016375924609976215,2.870784134636885,1.3608638938643119e-14,9.324938951872641e-07,-0.00013263824945246045
1883,0.016375924609976188,2.8707841346368808,1.197680130280415e-14,9.324938946159438e-07,-0.00013263824945303204
1884,-0.0034133217648546865,2.9312702010375453,1.357654747699123e-14,-5.389638147142509e-07,0.0001817895549156845
1885,-0.003413321764857936,2.9312702010375413,1.16400939243518e-14,-5.389638140429129e-07,0.00018178955491740707
1886,0.003413321764855996,2.931270201037552,1.3245195530300721e-14,5.389638145694015e-07,-0.00018178955491590654
1887,0.0034133217648579387,2.9312702010375435,1.1551733503155544e-14,5.389638143091929e-07,-0.00018178955491677737
1888,-0.005396215916550065,3.1301655409442346,1.3658379904943536e-14,-2.8762576941010476e-07,0.00011255055319164196
1889,-0.005396215916545879,3.1301655409442257,1.3457416818365073e-14,-2.876257689018308e-07,0.00011255055319197801
1890,0.005396215916549341,3.1301655409442177,1.3304497607304524e-14,2.876257703043547e-07,-0.00011255055319081
1891,0.005396215916545159,3.1301655409442115,1.3077974208623201e-14,2.8762576962781256e-07,-0.00011255055319121533
1892,-0.012205943248537411,3.084597242779891,1.2253163616180796e-14,-1.502612405166739e-06,-0.00024565135349714296
1893,-1.7872656120760168e-16,2.9188262498548654,1.0318579701921653e-14,-2.0044099621515856e-17,1.1688996647177248e-18
1894,-0.010812189748452201,2.8483820106004183,1.2741010008600596e-14,-3.444050636680412e-07,0.00013968071316695224
1895,-0.010812189748450277,2.848382010600411,1.0871336632030242e-14,-3.444050635097477e-07,0.00013968071316729572
1896,0.0122059432485374,3.084597242779888,1.1949111048513962e-14,1.502612405169558e-06,0.0002456513534969287
1897,-8.268361827014334e-16,2.918826249854856,9.388472047742382e-15,-1.0793309637086118e-16,-6.4779508115174175e-18
1898,-2.1324007069382525e-15,2.9316743610686533,1.2198423759862911e-14,1.583008203873296e-16,2.3873708033177374e-16
1899,2.7833631822105825e-15,2.9316743610686506,1.2542215597099057e-14,-1.4176960549173408e-16,-5.288735817219946e-16
1900,0.010812189748452173,2.848382010600411,1.2762749365236075e-14,3.444050639093846e-07,-0.0001396807131667059
1901,0.01081218974845343,2.8483820106004085,1.0940770022764404e-14,3.4440506389734997e-07,-0.000139680713166581
1902,0.012205943248536069,3.0845972427798976,1.0738871540318332e-14,1.5026124054542695e-06,0.0002456513534971961
1903,-1.8768652068044554e-16,3.0651534926008086,1.2436860451660766e-14,1.228596247295531e-16,1.4735292520488757e-16
1904,-8.68287316979563e-16,3.0651534926007766,1.1339866741682791e-14,5.277092874031837e-16,5.475093583933351e-16
1905,-0.01220594324853541,3.084597242779904,1.084295586245597e-14,-1.502612405278412e-06,-0.0002456513534971423
1906,0.002774650582698335,3.1041062344559167,9.896258683410664e-15,2.280756473282573e-07,6.748096227452653e-05
1907,8.182111697511583e-16,2.8883789681184067,1.3934882508479051e-14,-5.841989579366991e-16,-6.556024455707728e-16
1908,-2.0563701136798467e-15,2.827145723375343,1.4875036460000025e-14,8.736880495454124e-16,8.43406830275982e-16
1909,8.099719868940252e-16,2.859293710719314,9.601716345248886e-15,8.002847501163858e-17,2.0992476268909765e-16
1910,8.125003989236097e-16,2.868219294234888,1.2685431530119337e-14,-1.9803795065589833e-16,-9.156705624250263e-17
1911,-8.008652032551066e-16,2.8271457233753416,1.4421184983221548e-14,3.531714778171792e-16,4.810171908071094e-16
1912,-1.7562777889687213e-16,2.868219294234893,1.2245134046262243e-14,6.857956687042007e-17,2.5350750249984076e-16
1913,-0.0027746505827121147,3.104106234455911,1.1097379439300064e-14,-2.280756448023915e-07,-6.748096227217999e-05
1914,-0.0027746505826976393,3.1041062344559096,9.934579946485026e-15,-2.280756479787786e-07,-6.748096227510039e-05
1915,1.750812445327282e-16,2.8592937107193124,9.47956467196199e-15,2.531052759038523e-18,1.859658242517474e-16
1916,-8.769312128757383e-16,3.0956674332949756,8.690906698853015e-15,-9.943909706754138e-17,-1.2231902683170954e-16
1917,8.731796691742069e-16,3.0824240551475275,1.5509431815556835e-14,-4.863585520291283e-16,-6.162447020566178e-16
1918,-1.8874403763756186e-16,3.082424055147538,1.568833738929244e-14,5.851770355525769e-17,3.1265960892048794e-17
1919,7.795810845076581e-16,2.752010350970487,8.279833533428278e-15,7.698308454139054e-17,7.972237116980027e-17
1920,1.6891292310044092e-16,2.7585573770011838,1.0382095432267663e-14,2.2926810091195183e-16,9.771231849092422e-17
1921,-9.526683553889041e-16,3.363028204728767,8.159446128392742e-15,-7.005273786665656e-17,-3.934680451251879e-17
