mode,kz_real,kz_imag,pq_relative_residual,forward_uv_flux,forward_cartesian_flux
0,5.052242591344479e-16,8.250938302965471,6.1490966985786764e-15,-1.8116595488917876e-16,-5.245191100792262e-18
1,5.038908748751082e-16,8.22916248547641,7.11815317992099e-15,-1.8197569047795829e-16,4.1789627223371494e-18
2,4.98773652485636e-16,8.145591901810409,7.812206445530528e-15,-1.611842840903709e-16,2.809954558909886e-18
3,4.952251131905092e-16,8.087639857227476,8.824710119397645e-15,-1.7334649774867941e-16,-4.815343036487489e-18
4,5.03790782898606e-16,8.227527859450818,7.431258714026602e-15,-2.0772339536932923e-16,4.50687702388292e-18
5,5.03790782898606e-16,8.227527859450818,7.429104316633867e-15,-1.238328287567897e-16,-1.3050660134820632e-18
6,4.839241856691721e-16,7.903081704963405,6.4656329905484054e-15,-3.6650908301363843e-17,-1.867690473324817e-18
7,4.811952173363744e-16,7.858514269933195,5.555893171984279e-15,-4.1233149295797355e-17,2.3230006377096013e-18
8,4.978531244190516e-16,8.130558537623687,8.291206935025239e-15,-2.441738623362497e-16,-6.013153733840872e-18
9,4.785879380189925e-16,7.815934167340396,6.4823969398532075e-15,-5.14745230381397e-17,-2.7511962183104e-18
10,4.978531244190546e-16,8.130558537623735,8.927393678809608e-15,-1.2757597322982485e-16,-8.598731064668385e-18
11,2.2140739523261502e-15,7.8159341673404175,8.394945465922757e-15,4.204205682049357e-17,3.17814702743694e-18
12,4.592023316999312e-16,7.499343190536989,9.659885327220756e-15,-2.3200961678548005e-17,3.959490817353775e-18
13,4.610235358753101e-16,7.529085711836142,1.491483376966748e-14,-8.20385158384782e-18,5.1270031621756556e-18
14,4.610235358753067e-16,7.529085711836086,8.803942336400957e-15,-3.7346526368666906e-18,8.263445811079203e-18
15,4.53812901522842e-16,7.411327116337612,8.077440582220221e-15,-1.1829937625190794e-17,3.4599385432768758e-18
16,4.495231243962745e-16,7.341269739311776,1.4120867920348564e-14,-4.818078147121088e-17,-1.211464449942723e-18
17,4.493874712507562e-16,7.339054355323301,1.5174564386410434e-14,-1.1024444970866384e-16,-1.5660223144532928e-18
18,4.482380180893557e-16,7.320282360619184,1.7561331905810478e-14,-9.519740029684292e-17,-9.464808678615494e-18
19,4.476868495780943e-16,7.311281095737829,1.461351927865857e-14,-9.302117024858679e-17,-6.693093691318481e-18
20,4.47284802586178e-16,7.304715170081613,1.4242223142182398e-14,-7.513873311436781e-17,-4.962693545835869e-18
21,4.491578115447384e-16,7.335303727694542,1.6476983218322623e-14,-7.975069308283414e-17,-2.0399729743435756e-18
22,4.491578115447403e-16,7.335303727694573,2.142677251871596e-14,-9.220726548427429e-17,-1.1921856383706269e-17
23,4.476868495780956e-16,7.31128109573785,1.7081391903597935e-14,-7.14014893217485e-17,-1.1706630605764871e-17
24,4.419818178967469e-16,7.218110857832182,9.242443799842809e-15,1.4354149777199648e-17,1.7000503249210997e-19
25,4.416005873055754e-16,7.211884889799,1.3001369576798407e-14,1.4293487381573792e-17,-1.5809403816151577e-19
26,4.417821598353911e-16,7.214850194243386,8.69819257485837e-15,1.414893430388689e-17,5.4085042793066325e-20
27,4.37319758916056e-16,7.141973656739805,1.1682362358309187e-14,1.1391601581114994e-17,1.0245125886594074e-18
28,4.417821598353934e-16,7.214850194243423,1.1899696670703843e-14,1.4224038994784254e-17,1.4798751263086603e-18
29,4.361413344118437e-16,7.122728524101843,1.2576955036061146e-14,9.864300845537388e-18,1.979993066702906e-18
30,4.3786693056992377e-16,7.150909647986404,8.765264119614806e-15,9.37128136084596e-18,5.7473170704674405e-18
31,4.378669305699229e-16,7.150909647986389,7.947304045091387e-15,7.5624160322048e-18,8.96928481803499e-19
32,4.3104090418650034e-16,7.039432177287489,1.2369701033320703e-14,-7.895504966775371e-17,-7.609056420931579e-18
33,4.3149852097699036e-16,7.046905626625023,1.36906035310912e-14,-1.2522819584262152e-16,-2.172791573167023e-18
34,4.3132562576128903e-16,7.044082033474382,1.2412466877395104e-14,-9.96707474064953e-17,4.5397215742728336e-18
35,4.3132562576129317e-16,7.044082033474449,1.3101041826820211e-14,-1.2115488777193092e-16,-1.3678028342773846e-17
36,4.257956976309544e-16,6.953771453571918,1.4779114075299742e-14,-9.41953495756119e-17,-8.216202606511022e-18
37,4.2568360286827955e-16,6.951940807172436,1.2916141103979604e-14,-1.0024676672119134e-16,-1.0418400530086678e-17
38,4.253509987890998e-16,6.946508970345502,1.4852806081248916e-14,-8.62074353008858e-17,-9.256731900876278e-18
39,4.2568360286827867e-16,6.951940807172422,1.1836587761007848e-14,-7.548397636927742e-17,-6.958236695351168e-18
40,4.217838901670574e-16,6.888253665640081,1.0263915172084316e-14,1.3439945849375904e-17,1.258459707403895e-19
41,4.205603576682086e-16,6.868271863544969,9.467488521064827e-15,1.365692715493773e-17,2.4874074255592467e-19
42,4.2021908415959243e-16,6.862698444190853,1.0636623077563704e-14,-4.0258898476699214e-17,-4.452135874355117e-18
43,4.1930813271696263e-16,6.8478214781421265,1.0826675940313364e-14,-1.2943726812063412e-17,-1.0199931683205713e-18
44,4.181553725686088e-16,6.828995476242535,8.508799258930895e-15,1.0358906967863775e-17,8.9871068612084e-19
45,4.1796036679599067e-16,6.825810790294654,8.665637217046935e-15,1.1150413402500534e-17,2.1631703110212257e-18
46,4.211116236031229e-16,6.8772747194753165,8.608373619838519e-15,1.2964296895400962e-17,1.9360232030167797e-19
47,4.211116236031218e-16,6.877274719475299,9.686242645945576e-15,1.4220635766949057e-17,3.865894767215579e-19
48,4.198165361086934e-16,6.856124335620458,1.2800024730567915e-14,-7.854757542548801e-17,-1.2908153458889997e-18
49,-4.1981653610869225e-16,6.856124335620439,1.328127801540197e-14,2.5910399043330146e-16,2.678699344044362e-17
50,4.124619429236871e-16,6.736014713970741,1.2495511460755024e-14,-9.308031175317593e-17,-9.647103198542801e-18
51,4.1207027250745065e-16,6.729618250655618,1.0805763502489296e-14,-6.232676030640329e-17,-5.853467006950049e-18
52,4.1447637636285266e-16,6.7689129086268345,1.0454732878951795e-14,1.1806871661116498e-17,4.182271499182411e-18
53,1.9174769689308386e-15,6.768912908626819,9.520108008792383e-15,4.169096166385666e-17,4.745893839730323e-17
54,4.094078641416332e-16,6.686137822377503,8.764392299489706e-15,1.2971826216962003e-17,1.0337379420512024e-18
55,4.1216576090649646e-16,6.731177694555888,1.2012088968311585e-14,-9.360868811295143e-17,-1.525565191905578e-17
56,4.0795021077589924e-16,6.662332536367711,9.351944837547137e-15,1.2934458693032462e-17,1.294450691771188e-18
57,4.121657609064966e-16,6.731177694555891,1.1780898506338634e-14,-9.557750370228074e-17,-5.929442389016916e-18
58,4.065426822041599e-16,6.639345850366175,1.1062450841100426e-14,-9.227668824479118e-17,-8.738527876422035e-18
59,4.063034846490134e-16,6.635439457840378,1.1984201638563141e-14,-7.327583648407891e-17,-1.0734376775635291e-17
60,4.08688189474496e-16,6.674384643132054,9.173844625298961e-15,1.2437926096071977e-17,1.093011439214041e-18
61,4.0868818947449456e-16,6.674384643132031,8.689668769554964e-15,1.418060208645787e-17,1.7123234249888711e-18
62,4.064131438176139e-16,6.637230327970066,1.0191497922547873e-14,-4.855709427954189e-17,-1.4565742239348658e-18
63,4.0460705089037066e-16,6.607734592081143,1.0050282801251323e-14,1.085427061536573e-17,4.3479965145219506e-18
64,4.0641314381761747e-16,6.637230327970124,1.0731076904363771e-14,-4.2196428575130666e-17,1.828750750566935e-18
65,4.0460705089037515e-16,6.607734592081216,1.0674767657494108e-14,1.0959653425404985e-17,1.4421596194841518e-18
66,4.0120744761441987e-16,6.5522148572756835,7.723933966659789e-15,1.2043353002854513e-17,4.862505496477989e-18
67,4.0069218539064856e-16,6.543799986569614,1.1202925167982921e-14,-1.0641119786712804e-16,-2.2620005965092136e-17
68,4.0053626625049193e-16,6.541253633771972,1.0435094265708269e-14,1.1924310815178111e-17,4.341154919996174e-18
69,3.9964304019819634e-16,6.526666145315423,1.3257987914826143e-14,-1.0101379994245585e-16,-1.8095485953415004e-17
70,4.0017507126442563e-16,6.535354872001349,1.0694020149361269e-14,-9.664455345758435e-17,-1.1037856734876974e-17
71,-4.001750712644237e-16,6.535354872001318,1.1192650246382902e-14,3.761445678651773e-16,1.3545206359493527e-16
72,3.903492191614419e-16,6.374886529458424,1.0779559744903723e-14,1.1044449364359021e-17,-2.1914562142816366e-18
73,3.9631500536107486e-16,6.472315211814619,1.1449268825051908e-14,-9.743623323923601e-17,-7.883737182555192e-18
74,3.9580406983426466e-16,6.463971001432231,8.291631773044812e-15,1.5006100251009003e-17,3.025094085555143e-17
75,0.0006578601442985753,6.458250566752692,7.573954855814936e-15,-2.479880337015309e-06,-0.00013228329356552705
76,-0.0006578601442971409,6.458250566752688,7.859087212252972e-15,2.4798803369499318e-06,0.0001322832935653985
77,3.925450378257319e-16,6.410746969641158,9.208887563075754e-15,1.0759412726933277e-17,-1.2591367894794295e-17
78,-3.9277952711677643e-16,6.414576470378967,1.0563492175324217e-14,-1.0737897585373602e-17,-6.414206506359999e-18
79,-3.948984760492407e-16,6.449181532572239,8.647319729957505e-15,-1.0625286145680446e-17,1.2169907203099187e-18
80,3.945025423303893e-16,6.442715444241676,1.2324340446783376e-14,-1.4503387600654353e-16,-5.787239301146718e-17
81,3.937991567160536e-16,6.431228285416365,1.4305643460086853e-14,-1.1194773550779495e-16,-2.8537279446163057e-17
82,1.823766900151013e-15,6.438105652784913,1.0986725930548845e-14,-5.858684266186502e-16,-2.5733121322473705e-17
83,-3.9389888696114135e-16,6.432857003919646,1.2055613477166537e-14,3.061312596648602e-16,-1.8577126599181315e-17
84,-1.8222800789356977e-15,6.432857003919638,1.2198986644294654e-14,1.1082172506060584e-15,4.538538056660102e-16
85,0.00065786014434733,6.458250566752673,9.331893675282763e-15,-2.4798803398846502e-06,-0.00013228329357608116
86,-0.000657860144348765,6.458250566752682,7.093938410507272e-15,2.479880339831199e-06,0.00013228329357589314
87,3.903492191614411e-16,6.374886529458411,9.499215007675493e-15,9.857557681908734e-18,8.196499602563449e-18
88,3.88741606344396e-16,6.348632219755983,9.393950149659828e-15,-1.0529695457259372e-16,-4.892741510459824e-18
89,3.890111932092597e-16,6.353034907372549,1.3532240577168888e-14,-9.052322949703986e-17,-1.0640205840557434e-17
90,3.8771853423256715e-16,6.331924184222126,1.3250555161973395e-14,-6.99716924895167e-17,-2.8399955894652704e-17
91,-3.8891018530206116e-16,6.351385323063525,1.0671051638917181e-14,3.6526601784447194e-16,2.0183948100122723e-17
92,3.88910185302063e-16,6.351385323063554,1.186105563369173e-14,-7.255176006411984e-17,1.7994367931470356e-17
93,-1.791217536281181e-15,6.32320267724151,1.0137086142225317e-14,4.657597685574761e-16,-1.4662867825587747e-17
94,-0.002339502579244058,6.303219871816368,9.46285073883497e-15,-1.0671843884976784e-05,-0.0002990384710029765
95,0.002339502579245457,6.303219871816366,9.785076918713462e-15,1.0671843885003563e-05,0.0002990384710028632
96,3.859267989366556e-16,6.302662926247027,8.083191071148695e-15,1.2926677828753519e-17,3.68986883418963e-18
97,3.848321300927219e-16,6.28478562734426,8.047857280981512e-15,1.3588885528327683e-17,1.5410686967228232e-18
98,3.8541105381310117e-16,6.294240169189016,9.440233112623516e-15,1.2233773313524206e-17,-6.99923312801816e-18
99,3.8518139137862596e-16,6.290489497001164,9.284634208944909e-15,-1.0661395517397633e-17,4.5928315208828815e-18
100,1.788276455274562e-15,6.312820325060184,9.705385432384368e-15,5.411713017315093e-17,6.527171695352258e-17
101,3.825812500020859e-16,6.248025965828742,1.0168086415015557e-14,-8.666481775010402e-17,-9.296783439229523e-18
102,-3.865487602338654e-16,6.312820325060184,9.985154998434141e-15,-4.570589783384205e-18,-3.846128856344706e-16
103,3.8718449595218705e-16,6.32320267724147,9.271201914336437e-15,-3.739481055538285e-17,-2.9486910959816703e-17
104,3.841813753292421e-16,6.274157995541639,8.167614181762746e-15,1.34060160987928e-17,6.8458191277924554e-18
105,3.8122838041395533e-16,6.225931928771322,9.353001386258516e-15,1.45370060929193e-17,5.934010095887213e-18
106,3.8372031782892896e-16,6.266628355148439,1.0659280853639699e-14,-5.979412287103183e-17,-1.5064039459265781e-18
107,-3.786166498316075e-16,6.18327913150494,1.129830324087168e-14,3.2570926406348416e-16,9.213498271279081e-17
108,3.837203178289295e-16,6.266628355148448,1.0530768153498178e-14,-5.091006826177247e-17,-2.9668493647884344e-17
109,3.796047335552973e-16,6.199415763297513,7.582254139505314e-15,1.3228418174707724e-17,7.775474888587556e-18
110,3.7957135992952975e-16,6.1988707306270205,9.681011551241863e-15,1.440057828211762e-17,7.469670825102025e-18
111,3.8078393255538674e-16,6.218673544413023,9.97313224941575e-15,1.4614706471925698e-17,4.9439195548865375e-18
112,3.807839325553861e-16,6.218673544413013,9.345152386517927e-15,3.84485195417672e-17,6.536892067140337e-17
113,-1.777324308686508e-15,6.274157995541626,7.928244736332442e-15,-5.335714644639014e-17,-2.786501756637009e-16
114,3.7685371342213395e-16,6.154488195037364,1.3901092010381e-14,-1.6371332644964703e-16,-1.0335107867655606e-16
115,3.7648554170156296e-16,6.148475494545641,8.710301466655889e-15,1.0924434300816947e-17,6.619659928467122e-18
116,3.759029389936366e-16,6.138960870274676,1.4852346719935574e-14,-1.7564067060503576e-16,-8.840878940707788e-17
117,1.7465322505686184e-15,6.165458510199913,1.1787301698071422e-14,-6.244960673816457e-16,-2.8812975577589623e-16
118,3.7537523345017465e-16,6.130342784736391,7.405927225766914e-15,-3.6233654226502013e-17,-1.669278658513691e-17
119,3.749291513706842e-16,6.123057711525061,8.573325032205031e-15,1.3387454090800871e-17,1.0359446128093799e-17
120,3.767464659191878e-16,6.152736710396717,7.841764657153363e-15,1.318422498832957e-17,-7.156877088420571e-18
121,3.7752545148960883e-16,6.165458510199949,1.1578626799442691e-14,-8.938230472606279e-17,-1.2089701256160629e-16
122,3.767464659191909e-16,6.152736710396768,1.006458499282533e-14,1.6352818079691522e-17,3.080891763224385e-17
123,3.7572362926043073e-16,6.136032520103334,1.3657216265064656e-14,-1.3769222006778097e-16,-9.163015315142462e-17
124,3.7572362926043295e-16,6.136032520103369,1.4015581130936211e-14,-1.3222184306639628e-16,-7.329481971709868e-18
125,3.7241650672811793e-16,6.082023110457787,1.205491237551719e-14,-1.0402673574808053e-16,-3.250600753242336e-17
126,3.724569720143474e-16,6.082683958732696,9.364009126046358e-15,2.354751593366955e-17,1.1979163456543943e-17
127,-3.724569720143476e-16,6.0826839587327,7.355986898203082e-15,-1.5346754696590227e-17,-1.07337073867249e-17
128,3.712051514497124e-16,6.062240177464391,7.764338029819496e-15,1.3838549757295214e-17,6.825817467903976e-18
129,3.709820433721751e-16,6.058596546048498,1.0729752986922623e-14,1.2764391534333539e-17,6.9279187326989596e-18
130,3.690813128375961e-16,6.027555260742361,1.5013730404076695e-14,-1.7042287975513835e-16,-1.0372736726903902e-16
131,3.70938738446439e-16,6.057889322941128,1.1937931243794278e-14,-1.3710721146880387e-16,-5.698972665002901e-17
132,-3.7093873844643784e-16,6.05788932294111,9.775131417412455e-15,3.2389777573351916e-16,-3.622654036288236e-17
133,3.7014337786193877e-16,6.044900098863558,1.0318346108346631e-14,1.0912349548772068e-17,1.8218292506275101e-19
134,3.691029907983146e-16,6.027909288707543,1.0995728456916541e-14,-9.98479158101131e-17,-5.570238796364172e-17
135,3.67021006951985e-16,5.993907912183649,1.3100277153414433e-14,-1.6829011800046095e-16,-8.462438590887486e-17
136,-3.6282264451211543e-16,5.9253434502866735,1.2158945025499428e-14,1.8425577274105603e-16,9.192172431138025e-18
137,-0.0025862253945805698,5.982502798022333,8.872424644638478e-15,-2.3135030205653057e-05,-0.001146392595099102
138,0.002586225394581898,5.982502798022333,8.215031020142746e-15,2.3135030205807664e-05,0.0011463925950985607
139,-1.6958882540994387e-15,5.98667941298039,1.5464516383991717e-14,1.3052751519009803e-15,5.116629691590824e-16
140,-3.632563379744323e-16,5.932426202025686,1.1575486862334843e-14,3.0373180612519735e-16,8.444706176693117e-17
141,-3.610711250386241e-16,5.896738966533304,1.4309868770533725e-14,-1.3300326171203687e-17,-8.071864788583494e-18
142,3.700357912880859e-16,6.043143076774777,9.857841237592747e-15,1.1634421047011442e-17,5.3710359185395185e-18
143,3.6125806321937033e-16,5.8997918987073215,9.56629518578544e-15,1.4892569212877707e-17,6.801673622726366e-18
144,-3.622279395901083e-16,5.915631181860852,1.327562088450883e-14,2.5832846964942906e-16,6.618798608863272e-17
145,1.6713449089746283e-15,5.900038598864722,1.087706280530113e-14,5.764780982052286e-17,3.047334889590346e-17
146,3.634268797558864e-16,5.935211360678333,7.578799219789e-15,1.3067904850006225e-17,9.066814390116163e-18
147,-3.7003579128808567e-16,6.043143076774773,1.2351433381978564e-14,5.04831636563563e-18,7.925687287458488e-17
148,-3.590974389282885e-16,5.864506226257336,1.0063662181399569e-14,-1.446222489575054e-17,-1.4248388238584185e-17
149,-3.6767029192491834e-16,6.004511540485056,1.0104769783865187e-14,8.516958636289353e-17,8.09824907463787e-17
150,1.7024592725750078e-15,6.009875859405979,8.590498874200092e-15,3.108048433606746e-17,-8.606178998903812e-18
151,3.5906112400051427e-16,5.863913158479761,7.635828845890752e-15,1.3529702091173088e-17,1.126912428690955e-17
152,-3.679987617247251e-16,6.009875859405996,8.940193048031146e-15,5.454892180317694e-18,7.917555771164847e-17
153,-3.5706500620720855e-16,5.831314081020113,1.1353601402131804e-14,5.5092773203595856e-17,9.807364362339016e-18
154,3.5791973847981376e-16,5.84527291834693,1.2557434121724436e-14,1.4624842774914403e-17,6.5152459981930275e-18
155,3.0342090774745078e-15,6.004511540485053,1.0419936670801263e-14,-4.25061461722942e-16,-1.593065685877998e-16
156,3.570739077686318e-16,5.831459454550333,1.3705844992873002e-14,-5.413672064787306e-17,-2.600345605718662e-17
157,1.6946987419345823e-15,5.982480299051969,1.2759587811015986e-14,-4.617854221840995e-16,-6.125530516306286e-17
158,3.663212674598035e-16,5.982480299051949,1.3114081446226986e-14,-8.222318225586944e-17,-5.133125539479467e-16
159,3.5943626114017065e-16,5.870039612897762,1.1087526094265114e-14,1.4263220886039666e-17,-7.463672380557048e-19
160,3.6347776841888155e-16,5.9360424356140715,1.026030524219042e-14,9.171858041326776e-18,3.638969346690232e-18
161,-3.6347776841887973e-16,5.936042435614041,8.182929228688881e-15,-1.724050860841403e-17,-4.13405547214894e-17
162,3.594362611401704e-16,5.8700396128977586,1.0228883647668761e-14,8.618560238312506e-18,2.9696763372498956e-17
163,3.57897477985696e-16,5.844909376889372,1.0216558817952369e-14,1.1824579943670033e-17,1.930864542825381e-17
164,3.57897477985699e-16,5.844909376889421,9.300384462786887e-15,1.1647126541220257e-17,2.4132709821103864e-17
165,3.6282264451211607e-16,5.925343450286684,1.1566740209758044e-14,-9.117377940950563e-17,-2.477063150950476e-17
166,3.5651745422064855e-16,5.822371878469284,1.3240435710659834e-14,-6.335070631904842e-17,-2.752533879487082e-17
167,3.5512402200085197e-16,5.7996154033653315,1.2863395520428797e-14,-1.393179754958394e-16,-6.864150292680483e-17
168,3.5453424172937193e-16,5.789983560585998,1.3511399517820574e-14,-1.1683169778359397e-16,-8.128479506817448e-17
169,-3.5453424172937326e-16,5.789983560586021,1.4003184787803114e-14,3.0904420597046775e-16,-1.8810468294282114e-16
170,3.5401742134655076e-16,5.781543243211536,1.4883808644881636e-14,-1.2107239734877702e-16,-6.984175328247261e-17
171,3.5400883252143046e-16,5.781402977052734,1.2775409425503767e-14,-1.376128200964114e-16,-7.62244000844734e-17
172,3.5325077706621197e-16,5.769022991970565,1.0997564919074322e-14,-1.221128815539036e-16,-8.325844509633478e-18
173,-3.5706500620720885e-16,5.831314081020118,1.2747604415708161e-14,5.4276672675347976e-17,2.9968177875089856e-17
174,3.507830462637783e-16,5.728721889576768,1.1152968044035469e-14,1.4058696822672485e-17,9.942929657464889e-18
175,3.5038538594800014e-16,5.722227603778528,1.0289276937963777e-14,1.3656601538150408e-17,1.3000786585921119e-17
176,3.5191623565379643e-16,5.747228276737656,8.648173830944592e-15,1.3489070600126327e-17,6.0090156060196596e-18
177,-3.518637326743032e-16,5.746370838012796,1.4703589569755547e-14,2.3033970348854854e-16,1.5132873292048805e-16
178,3.517285958422017e-16,5.744163886062314,1.2890991926784258e-14,-2.213279749194724e-16,-2.010494543600425e-16
179,3.537932760518594e-16,5.777882672754039,1.4272671991999077e-14,-1.5406768304392174e-16,-9.098462305574946e-17
180,3.5009027656328096e-16,5.717408101781304,9.343059893017602e-15,1.2512336244522135e-17,1.8692437191375865e-17
181,-3.5379327605185892e-16,5.777882672754031,1.3258407722337418e-14,3.257282139325357e-16,1.3011806733530078e-15
182,3.4838483068605854e-16,5.689556056956465,1.2108069715173174e-14,1.1804256024801893e-17,7.68732600108633e-18
183,3.480012692239659e-16,5.683292022912368,1.1847898144532906e-14,1.514792689168606e-17,6.9190257147451814e-18
184,-3.484419318154163e-16,5.6904885891673445,9.731119968416878e-15,-1.2478984378231685e-17,-2.648579720631397e-17
185,-3.517529832812636e-16,5.744562163166845,1.1799917284212789e-14,8.510335897433008e-17,-2.0094403482708142e-16
186,-1.62679603238527e-15,5.742775971622493,8.962679357580877e-15,-4.4204955451307426e-17,-6.015153652949579e-16
187,2.9019484541771463e-15,5.742775971622486,8.454692793774569e-15,4.8697618203544235e-17,2.0682986031327066e-15
188,3.469194412568019e-16,5.665624431441632,1.3079833963564906e-14,6.151336428148235e-18,5.712758322922709e-18
189,3.492297890338255e-16,5.703355273977327,1.0157518453695453e-14,1.638928020109286e-17,1.218487334871853e-17
190,-3.4631117062979863e-16,5.6556906182405235,9.541293569171449e-15,-1.2179749224740491e-17,-6.463426464768448e-18
191,3.4922978903382633e-16,5.703355273977341,1.0515873956361277e-14,1.46147594114849e-17,-4.4232536961652394e-17
192,3.4551429151323123e-16,5.642676594652299,1.1796630704567692e-14,-1.3492969293447193e-16,-4.4152847212562714e-17
193,3.4515633775636307e-16,5.636830766171509,1.1128852983002113e-14,-1.2877237104903826e-16,-6.662487449811843e-17
194,-2.9028510552565905e-15,5.7445621631668375,1.0875558343715609e-14,6.384798831131355e-16,-1.1634963148097685e-15
195,3.4458727068588423e-16,5.627537195635497,1.1295662770655755e-14,1.1328012288822112e-17,1.617857246433764e-17
196,-3.4482247903579035e-16,5.631378439495685,1.1433074495244117e-14,3.330280363839795e-16,1.0551966911823547e-16
197,3.437187239848576e-16,5.613352751571604,1.1347180950078829e-14,-1.338697661278577e-16,-2.8840401816530584e-17
198,3.43480932654064e-16,5.609469324432298,1.1756218229672739e-14,-9.547290796780736e-17,-1.4558641120741253e-16
199,3.4515633775636307e-16,5.636830766171509,1.2184742436392715e-14,-1.316729657165755e-16,-5.783413908910275e-17
200,3.405253701048834e-16,5.56120132501829,1.446826958801702e-14,-1.0141411289297873e-16,-9.106305114554494e-17
201,3.40773112082216e-16,5.565247258547942,1.3615108549948757e-14,-7.288132850756546e-17,-1.4504027083676257e-17
202,-1.577155682679815e-15,5.567539862217038,1.603935250435933e-14,1.0820845585088892e-15,7.425421380031844e-16
203,-3.4308274036290057e-16,5.602966350816711,8.64682951205141e-15,1.1923897745924333e-16,3.123789580015415e-17
204,-3.429314548457934e-16,5.600495670826162,1.3219746618845104e-14,2.224306781490595e-16,9.41948356952087e-17
205,3.389708703445836e-16,5.535814417358349,1.1392057337046386e-14,1.6442548632667472e-17,4.4619871883994885e-18
206,1.5494551891461831e-15,5.469753953289181,9.255257957311862e-15,6.02421610975568e-17,1.7641993988096747e-17
207,3.4380177879077643e-16,5.614709139486497,1.0535164007390074e-14,-7.203543227140302e-17,-1.484727969555792e-16
208,3.3729722751648747e-16,5.508481755740952,9.881636374270953e-15,-1.2358733963204435e-16,-4.92603474061573e-17
209,3.427712993959676e-16,5.597880133841338,6.698728111087265e-15,1.1315102992829657e-17,7.270256503480431e-19
210,3.361828715762937e-16,5.490282942156993,1.0631858025691674e-14,-1.6627194735763297e-17,-1.2656950932302152e-18
211,0.0022128505541930605,5.485020659849712,8.606398097694654e-15,-3.463987916241533e-06,-0.00028594341956196523
212,1.5531528845051003e-15,5.4828072406311925,9.394275107016768e-15,6.43245788625528e-17,8.883899168157805e-17
213,-0.002212850554193062,5.485020659849715,9.111577802521898e-15,3.4639879162042366e-06,0.0002859434195618029
214,-3.363641910501664e-16,5.493244113884203,8.65476444986974e-15,-1.5913035201807326e-17,-6.156852252149311e-17
215,1.5568307959770052e-15,5.495790688590333,1.0146203581961731e-14,-8.396357710964342e-16,-2.573420516681184e-16
216,-1.5545318169475843e-15,5.487675029794396,1.132656411141641e-14,9.531591376858174e-16,2.55807483127216e-16
217,-3.357745215336832e-16,5.483614079871233,1.0440807783971103e-14,-7.043971043849309e-18,-3.6679022569569387e-17
218,-1.5540325957908424e-15,5.485912722039527,1.0700066184421018e-14,-4.862100146123482e-17,-9.1228114262516e-17
219,3.433225488373045e-16,5.606882720411126,1.3370246216767922e-14,9.552195686978658e-18,6.616786464656629e-18
220,1.5821489180144735e-15,5.585166553781123,7.827704096886333e-15,5.703529106689088e-17,4.434914295824277e-17
221,1.582148918014471e-15,5.585166553781114,6.906897990378761e-15,4.953914543664138e-17,1.4134354087537784e-16
222,-1.5905176514370165e-15,5.614709139486491,1.1648776342649005e-14,6.762982101421455e-16,-2.070555098904192e-16
223,1.5883006073519759e-15,5.606882720411119,1.1921236182805318e-14,6.369052488641898e-17,-1.2593151170228983e-16
224,1.5704788580148862e-15,5.543969907847116,1.008606508002173e-14,5.953561652189982e-17,2.8906197082579976e-17
225,-3.394702501107121e-16,5.543969907847137,7.684546663012058e-15,-1.0926619140462068e-17,9.550698820942182e-17
226,-2.828780270720467e-15,5.597980675469844,1.1768979139650073e-14,1.022673699196952e-15,9.424291859058687e-16
227,2.8287802707204668e-15,5.597980675469843,1.152692344857666e-14,-8.409072049797572e-16,-1.029158583441131e-15
228,3.3685310035330267e-16,5.501228608735725,1.118756167839686e-14,-2.606304496833721e-17,3.679332451860369e-19
229,3.3717530910933546e-16,5.506490677052192,1.2316671525783595e-14,1.6061174048040026e-17,4.1478985051361374e-17
230,4.0052349498375945e-15,5.506490677052182,1.0801435937923834e-14,1.0065461918812302e-16,-7.265679214957937e-17
231,-2.779889366411321e-15,5.5012286087357465,1.0132507027091777e-14,5.041811152600717e-16,-1.0201326003551892e-16
232,-3.4844193181541797e-16,5.690488589167372,9.622785018561307e-15,-1.2018100502338039e-17,-1.2037582260124888e-17
233,1.576506240916611e-15,5.565247258547955,1.5380896218613728e-14,-5.386586119962127e-16,-4.3870017448139394e-16
234,-3.3369380459754803e-16,5.449633393560962,9.252837748654407e-15,-1.5399059830076197e-17,-2.774631470539524e-19
235,-3.3636419105016624e-16,5.4932441138842005,8.546049671185781e-15,-1.8457933181634874e-17,4.554400866179807e-17
236,-3.3326070566689826e-16,5.442560351260908,1.367904069093642e-14,2.784694949684623e-16,1.49344305962669e-16
237,0.003226648703752011,5.429451320815032,9.55481838657328e-15,3.3828534160848436e-05,-0.00036214526039927264
238,-0.0032266487037495998,5.429451320815032,9.517342655239761e-15,-3.382853416080507e-05,0.00036214526039954445
239,-3.332065184512203e-16,5.441675406871788,1.2823590047808445e-14,2.0330629589133805e-16,1.148552961211463e-16
240,3.3602318299992842e-16,5.4876750297944,1.1374863324425816e-14,-1.1615871025466573e-16,-2.103000695948768e-16
241,-3.324913892260496e-16,5.42999646032706,1.2392891564297245e-14,2.837662761129468e-16,1.3776621375970975e-16
242,-3.3448210974410883e-16,5.462507393592802,1.033753705923972e-14,-1.3076494639711889e-17,-3.539327170102094e-18
243,-3.3448210974411007e-16,5.462507393592823,1.0214724573148703e-14,-1.8515716710505378e-17,6.254703040762567e-17
244,-3.323687428812636e-16,5.427993493514566,1.2374282044891822e-14,2.248504774566324e-16,1.6576734657234337e-16
245,-3.3236874288126416e-16,5.427993493514575,1.1661623312074208e-14,2.163118859380142e-16,-1.3886004027402823e-16
246,-3.332091964208359e-16,5.441719141434561,1.4117533578073766e-14,2.683739190080525e-16,2.4211335654432745e-16
247,-3.332091964208368e-16,5.441719141434575,1.6629501438779562e-14,2.7775904406363017e-16,3.866988101462027e-16
248,-3.206067853826702e-16,5.235906150342926,1.3810576536784231e-14,2.3548902475988616e-16,6.1762604085813e-17
249,3.209221735773363e-16,5.24105683043919,1.2347799350940053e-14,-9.59730873481705e-17,-9.93153716642236e-17
250,3.2103691057925987e-16,5.242930627880272,1.1971556707883373e-14,9.437525079108143e-18,-3.746989400315386e-17
251,3.288838250643001e-16,5.371080466519519,7.986851700726189e-15,7.733274811447829e-18,5.5326982121913326e-17
252,3.2864983692342014e-16,5.367259150184999,7.685510460623084e-15,-4.438482588998946e-17,-1.0281621769366232e-16
253,1.5236048204067935e-15,5.378499196393517,7.882633029817692e-15,-1.3815817861664878e-17,-6.996079866985927e-17
254,-1.4871548631981918e-15,5.24982668044368,1.2214584045202044e-14,7.835322547838071e-16,3.542827240438327e-16
255,-2.717312481222464e-15,5.377392834835536,7.914771515323175e-15,-1.676875124448833e-17,3.2749065065898694e-16
256,3.2780324511583064e-16,5.353433256740801,1.222484380879335e-14,1.2865607433099618e-17,4.396264487637647e-17
257,-3.278166699779356e-16,5.353652501377121,8.439509648863673e-15,-1.364272065024371e-17,-1.988765744504227e-18
258,3.2528229322558984e-16,5.312262988023388,8.968701619568822e-15,1.2551737316905184e-17,-9.106049308994182e-18
259,-0.005030454033202805,5.2712814092606886,1.0504336965579674e-14,-2.6667440068250253e-06,-0.0004172085789528766
260,0.005030454033205142,5.271281409260684,1.0302066912724785e-14,2.6667440069759463e-06,0.00041720857895302145
261,1.5014025796883538e-15,5.300122748470242,1.2357231459552593e-14,-3.654947548797545e-16,-1.664039124923935e-16
262,-3.2585139486026685e-16,5.321557123035594,1.321802714560972e-14,-1.927812582908249e-17,4.431271342102049e-17
263,-3.225329260191041e-16,5.2673624141044435,1.2896469414159938e-14,2.072143247491225e-16,4.3098047690956016e-16
264,-2.6908791682814797e-15,5.325082948286946,9.765480881633573e-15,-1.1829212872138107e-16,-1.3010820895985412e-16
265,-3.2600323199622335e-16,5.324036811645603,1.2254480565372246e-14,2.8548226013961866e-16,3.18161793695335e-16
266,3.240931725113868e-16,5.292843173019896,1.5832441449033224e-14,-1.9860487060571602e-16,-4.817310113302343e-16
267,1.524100253582445e-15,5.38024813214209,8.46207591218939e-15,6.685329297190733e-17,-7.328229951134707e-17
268,-1.524100253582454e-15,5.380248132142122,1.003286345272034e-14,-5.846602566775445e-17,5.356601418327121e-16
269,0.002213284534590321,5.332642071499745,1.0932381727528981e-14,-4.169271220605918e-06,0.0007067326022971786
270,-0.0022132845345879553,5.33264207149975,1.0648257569147663e-14,4.169271220771692e-06,-0.0007067326022966
271,3.2801315570544355e-16,5.35686135682254,1.1871690809437775e-14,1.392666756457144e-17,3.703168157519452e-17
272,2.7069374829331022e-15,5.356861356822545,1.0517632379173273e-14,7.92212974908002e-17,2.829793081175584e-16
273,-3.2931915484964804e-16,5.378189941441612,1.1300283002469617e-14,2.380086348819331e-16,8.939094446212478e-16
274,-3.2931915484964686e-16,5.378189941441592,1.1095288238575638e-14,2.3822462828348295e-16,-4.664424093281036e-16
275,3.219909762173326e-16,5.258511702174296,9.722737897605871e-15,1.2362975260768547e-17,2.748222881912709e-17
276,-1.4932039276502255e-15,5.271180569495769,1.3241657965816725e-14,9.621277841272147e-16,7.841551504807719e-16
277,3.219909762173327e-16,5.258511702174298,9.432575594205402e-15,1.0324315187493216e-16,8.815918915022758e-17
278,1.4982321322427096e-15,5.288930706537707,1.0259618782617254e-14,9.731392124415206e-17,1.6619464051487176e-16
279,1.4982321322427086e-15,5.288930706537704,8.992981373737146e-15,1.083524546127701e-16,1.5299447906486074e-16
280,-1.4999564641358093e-15,5.29501779524807,1.1811354901311482e-14,4.778028152166783e-16,5.784755397340489e-16
281,3.24226329718942e-16,5.295017795248083,1.0925044403843226e-14,-5.841139204265655e-17,-4.1737971992429276e-17
282,-0.001649101896308641,5.331596993063631,1.0230382449530495e-14,-4.74187190697178e-06,-0.00014037433837488645
283,0.0016491018963086437,5.3315969930636395,1.0653716083343444e-14,4.741871906609955e-06,0.00014037433837423962
284,0.0016491018963121918,5.331596993063628,1.1284626216904408e-14,4.741871906917963e-06,0.0001403743383750608
285,-0.001649101896313372,5.3315969930636165,1.0827222920456035e-14,-4.741871906994623e-06,-0.0001403743383757073
286,-1.4932039276502222e-15,5.271180569495757,1.3555585489768113e-14,9.60237206588943e-16,8.959778990784428e-16
287,-1.9687691000459233,1.1542682955947499e-16,2.6778821986957167e-14,-1.9547957198366552,-1.9547991425004352
288,-1.9687691000459526,7.127444204108057e-17,2.2940646366824857e-14,-1.9547957198366281,-1.9547991425004079
289,1.9253742326495566,3.2324203544122007e-18,2.5722974574411104e-14,1.6882747525237605,1.6882836412294333
290,-1.9151613022391798,1.255965943310115e-17,2.4208808596935968e-14,-2.182006489759331,-2.182071951650897
291,1.9193977076464497,1.0876112172365125e-17,3.180833847366573e-14,1.6183021176214427,1.618350212319061
292,-1.9194335460222915,1.5650703437385238e-17,2.5517060724399004e-14,-2.345886555451731,-2.34591957975102
293,1.8589011274261482,4.937432438964189e-17,3.012295380956259e-14,1.6654013848673914,1.6654075893193423
294,-1.852139405699015,2.703936303349989e-16,2.4982689562206422e-14,-1.8890163214868911,-1.8890267115618125
295,-1.8267266350974805,1.9566314652402587e-17,3.1198819620899715e-14,-2.0945324764456084,-2.094621693543419
296,-1.8589011274261593,2.765085053983445e-16,2.4968057528444468e-14,-1.665401384867407,-1.6654075893193563
297,1.8521394056990017,2.5181845677806936e-16,2.4722810513930542e-14,1.8890163214867082,1.88902671156163
298,-3.1038529390712927e-16,5.06897652650922,1.1416711634756821e-14,1.5243169118070975e-16,2.673085035384234e-17
299,3.191386558116436e-16,5.211929774916986,9.555287241262927e-15,1.169388197561555e-17,3.821591367821155e-18
300,-3.1270826787273695e-16,5.106913570352801,1.5637563463191776e-14,2.669458754650781e-16,2.0198174885468264e-16
301,-3.197077474414071e-16,5.221223746536554,1.0207257335546022e-14,9.400279503184773e-17,-1.5749267523846593e-17
302,3.123509974944828e-16,5.101078902291726,1.4200684174041926e-14,-1.5335778535664342e-16,-2.103402691075888e-16
303,3.1969455630823883e-16,5.221008318983443,1.1165136412793034e-14,-1.4352272451848198e-16,-9.527440281919537e-17
304,3.119227202239635e-16,5.0940846036773415,1.3733632151011663e-14,-1.614638175820095e-16,-3.2129863415965035e-16
305,-3.1842324773825834e-16,5.200246274435323,9.869779880705619e-15,-8.734270756792961e-18,-4.613712491200275e-18
306,3.159524112404597e-16,5.159894452187163,9.034301866947844e-15,1.1852792179974677e-17,2.1579017064610998e-17
307,3.1745512815898307e-16,5.184435681863664,8.921184108004702e-15,1.447466313791527e-17,8.429071754363375e-19
308,-3.1742025488640116e-16,5.1838661581020995,8.319935684768478e-15,-1.1712923349755076e-17,-4.355873344980909e-17
309,-1.4601025090410587e-15,5.154328777610945,1.0504076040136632e-14,-6.557222470314771e-17,-4.8802356444003903e-17
310,-0.0019236152755464037,5.148353939999508,9.559798773575528e-15,-5.202040830736953e-06,0.00023460678275635902
311,-1.442122809124214e-15,5.090858381443305,1.3915291633683283e-14,1.0055016270142468e-15,6.653567422611737e-16
312,0.001923615275548687,5.1483539399995,9.828995740097573e-15,5.20204083074606e-06,-0.00023460678275652902
313,1.473877573549153e-15,5.20295633010666,8.266337905154261e-15,6.926918264221307e-17,6.775289406900637e-17
314,-3.1154146133749223e-16,5.087858173546847,1.2395565333908739e-14,1.3989307559722414e-16,-1.7051631703245524e-16
315,1.4590919543306319e-15,5.150761403955294,8.787275893068351e-15,-1.8063305894574773e-16,-8.156772134816047e-17
316,-3.1974580186987836e-16,5.221845222516367,1.096073864573317e-14,3.255876064632915e-16,1.3600130407704497e-16
317,1.4792283612831869e-15,5.221845222516365,1.0784893309335663e-14,-1.1301452395445777e-15,-1.832179698756098e-15
318,2.5945177571468907e-15,5.134389693326197,9.618220253167857e-15,1.0583054636121843e-16,2.1003579531533347e-16
319,1.4544542261611137e-15,5.134389693326166,9.554463357112055e-15,5.327837238229549e-17,1.1755800868352984e-16
320,3.113907518584998e-16,5.0853969009726265,1.0073374464502378e-14,-4.7149241975963374e-17,-4.62683277108189e-17
321,-3.1139075185849987e-16,5.085396900972627,1.0032021156042106e-14,1.4239640282881494e-16,2.0416882160617655e-17
322,-3.167175335769336e-16,5.172389848198593,1.0344198749206565e-14,-1.0028975974609323e-17,-2.5243699410546286e-17
323,-1.465218793938439e-15,5.172389848198614,1.2141179079368881e-14,-5.407310104505684e-17,-3.918310886527349e-17
324,3.186018468834131e-16,5.203163019823122,1.120569258696774e-14,1.1725265330604466e-17,1.0759033671847804e-16
325,3.186018468834119e-16,5.203163019823102,1.077133303746333e-14,1.1785616428096335e-17,-6.137177219331033e-18
326,3.1784700775279213e-16,5.190835561307792,7.19488836694639e-15,2.4439441627128328e-17,-4.549159849818671e-17
327,-2.62304107063558e-15,5.1908355613078,7.02703509555835e-15,-6.286509127931966e-17,1.0519979798308959e-16
328,-6.031769718730678e-15,5.148953943183522,1.138484932138451e-14,1.2772172642422364e-15,3.132598889489524e-16
329,3.74517483054795e-15,5.14895394318353,1.1877016929838446e-14,-7.069540265691732e-16,-4.82271761046392e-16
330,-1.7779492955641658,2.3522499826456166e-16,3.3998537935737067e-14,-1.5307579467930055,-1.530713182189954
331,-1.7779114340890863,1.5433281332949017e-16,2.875441962230457e-14,-1.6964269532485206,-1.6965325939091993
332,-1.7656157466432936,6.042232461290596e-17,2.8680770395273604e-14,-1.8951541405695336,-1.8953301639530284
333,-1.7656091946055075,2.0684715383884587e-16,2.8405479798326446e-14,-1.8442871527441462,-1.844308359360285
334,-1.8267266350974771,1.3432069412676079e-16,2.5252005154615104e-14,-2.0945324764456306,-2.094621693543442
335,-1.7393086307008285,9.896877488214715e-17,2.886348688378771e-14,-1.4358530696643095,-1.435864665035446
336,-1.7017215675943667,6.559709340776237e-17,2.981720639703632e-14,-2.4097717155449527,-2.410113605110312
337,-1.7126119327652052,3.574456496841639e-17,3.3836565962227406e-14,-1.734563987353864,-1.7348601353867141
338,-1.7128029680920438,1.9622931844883555e-16,2.849979205891969e-14,-2.5635679796958697,-2.563738996206519
339,-1.6793015688536634,9.390728887784496e-17,3.4871369178753426e-14,-1.5301933308768898,-1.5302495705554597
340,1.6571065910778748,7.452066735893494e-17,3.608688129239182e-14,1.8662717089842107,1.8663827788028493
341,-1.6571065910779066,9.154822215783495e-17,3.03591469597049e-14,-1.8662717089841967,-1.8663827788028367
342,-3.2092217357733684e-16,5.241056830439199,1.119843435819778e-14,1.583739853128728e-16,-3.8743244655764335e-16
343,1.4450180470452609e-15,5.101078902291723,1.4694058519714397e-14,-8.752154274753454e-16,-7.850843456239098e-16
344,-3.0644956861819895e-16,5.004701254787276,8.926337065113131e-15,-8.042405144938439e-18,8.289947327274016e-18
345,-3.057969200577634e-16,4.994042694933285,1.2728525420641852e-14,-2.6186117052044838e-17,-7.48308890168507e-17
346,3.067576536805697e-16,5.009732665681996,9.6056912062079e-15,1.692239494494949e-17,8.791831993678091e-17
347,-3.1002574073748763e-16,5.0631045776356025,6.748598118891619e-15,-1.0595961948951546e-17,-8.489065446598132e-18
348,-0.006841706481307603,5.032774683351988,9.211997696898741e-15,-4.207053245455783e-06,-0.0010579673858409234
349,0.006841706481312063,5.032774683351981,9.236305786285954e-15,4.207053245461421e-06,0.0010579673858413694
350,-3.6558863741434534e-15,5.026198085183321,1.2146978981864375e-14,-1.6876520836106757e-16,-9.111853871704263e-17
351,-1.427948558928369e-15,5.040821657834438,1.2213666897815037e-14,2.391980671792874e-16,-6.418762353332095e-16
352,3.656927853036012e-15,5.02762993472125,1.347864403676774e-14,-2.4030375568118977e-15,-4.4030352831258226e-15
353,-3.0937852366255766e-16,5.052534720671447,7.69788086170484e-15,8.37813057855093e-17,9.363760618782147e-17
354,1.4274235348579153e-15,5.038968262844345,1.2253531108155012e-14,-4.968763707632239e-16,-5.433138282842365e-16
355,3.047593769611652e-16,4.977098330283484,1.0358034052192241e-14,1.0996089077026721e-17,8.63624205108644e-18
356,2.543155020957787e-15,5.032746024639047,9.2433710693672e-15,1.0125526869935696e-16,-1.0461622746580939e-17
357,-1.4264635353026548e-15,5.035579354665958,1.008176259820002e-14,-5.545780349070213e-17,-2.9825826777196034e-17
358,3.047593769611653e-16,4.977098330283485,1.1823534070862776e-14,2.645114487685729e-17,2.85212933999468e-17
359,0.0037088988234785605,5.030103643134084,1.1893127214867417e-14,4.0072897974318105e-06,-0.0005061524109034297
360,-0.0037088988234785666,5.030103643134092,1.0460864766483191e-14,-4.0072897971596215e-06,0.0005061524109037418
361,3.0585940536980257e-16,4.995063157520255,1.1130630177597891e-14,2.1179211813146526e-17,6.572636857514469e-17
362,-3.0585940536980233e-16,4.995063157520251,1.1644634996927158e-14,4.2704013068772806e-17,-1.9827347229328662e-16
363,-0.0019270666386788733,5.060567391360155,8.164230657790276e-15,4.009253978471631e-06,-0.0005247793296340503
364,-0.001927066638674384,5.060567391360169,8.4754901616236e-15,4.0092539780522615e-06,-0.0005247793296338423
365,0.0019270666386777507,5.060567391360157,8.036834346008807e-15,-4.0092539783842984e-06,0.0005247793296335504
366,0.0019270666386788772,5.0605673913601645,8.536080239742214e-15,-4.00925397817605e-06,0.0005247793296344632
367,1.4310314619796133e-15,5.051704658046559,8.843132499381965e-15,5.906280008376451e-17,2.911435410587874e-16
368,3.093276969857268e-16,5.051704658046594,9.09090109075212e-15,1.8736368793265124e-18,1.1982027486696846e-16
369,3.662099216406334e-15,5.0347396460223255,1.1913692032362568e-14,-3.352962981047203e-16,-1.3530504299440194e-16
370,3.6620992164063404e-15,5.034739646022334,1.1495157810699288e-14,-3.532601728500895e-16,-2.628173828740643e-16
371,0.003708898823486404,5.030103643134118,1.0525787632802166e-14,4.007289797165964e-06,-0.0005061524109041511
372,-0.003708898823489746,5.030103643134106,1.0839308959760864e-14,-4.007289797067193e-06,0.0005061524109033772
373,-1.679301568853662,2.051761183992719e-16,3.337934200123611e-14,-1.5301933308768878,-1.5302495705554564
374,-1.6053251914337439,2.0558854733012834e-16,3.4003708094420814e-14,-1.3314055508373004,-1.3313733234567984
375,-1.605325191433749,1.270490576884481e-16,3.2850182913979456e-14,-1.3314055508372622,-1.3313733234567604
376,1.5604303856117452,2.3439911924974785e-18,3.928924218878461e-14,1.419956022698909,1.420040344235285
377,-1.5605812267539012,1.3413988449435958e-16,3.5790057020077104e-14,-1.4504314360685793,-1.450551911151642
378,1.5219876715595573,1.5656079956553178e-16,4.7717325132881764e-14,1.8720124776978317,1.8719499889912268
379,-1.5218850930684311,4.1660658715564416e-17,3.7248171875458875e-14,-1.8881881953916786,-1.8885319395328275
380,-1.5703823939943826,9.272500241048345e-17,3.9474173221883873e-14,-2.0751002903118883,-2.0753160360172815
381,-1.5703823939943493,3.2177933380753517e-16,3.2977064267368356e-14,-2.0751002903119593,-2.0753160360173526
382,1.5384168062442776,7.499775254953842e-18,4.243068873428563e-14,2.4406529669754065,2.4412923216682336
383,1.5384168062442565,1.4694448833246138e-16,3.2770284920340126e-14,2.4406529669755255,2.4412923216683526
384,1.4476044692477381,8.819679904509312e-17,4.665611622812222e-14,1.1294794507898356,1.1294030570439273
385,-1.3213695463479176,2.5024632079763614e-16,4.92320497365291e-14,-2.70976956149252,-2.71126267379091
386,-1.351650413839893,2.3852428515733194e-16,4.911323835780065e-14,-1.9163049185664816,-1.9165704139465798
387,-1.4470391031384593,1.332073448372885e-16,3.963785425144019e-14,-1.344460608718106,-1.3445738194765493
388,-0.016043208983230705,4.940226965528991,1.1376955571962178e-14,-3.239754216947596e-05,-0.000550596170292268
389,0.016043208983230695,4.940226965528987,1.1374391428193199e-14,3.2397542169560097e-05,0.0005505961702922471
390,-1.4020589041211235e-15,4.949428216628012,8.859839955546148e-15,-5.1720247686029706e-17,6.509116499292384e-17
391,3.0201159632381096e-16,4.932223667004775,8.988204427343859e-15,8.620358633232207e-18,9.271872027541805e-18
392,-3.018135712976637e-16,4.928989672904842,1.0530102636430334e-14,-1.4573382796162755e-17,-1.5847470387926406e-17
393,-3.0175107804212324e-16,4.92796908059065,9.838437706817084e-15,5.3108915152706276e-17,-1.0079440781837026e-16
394,3.0102538541021627e-16,4.916117620522127,6.7020357982708235e-15,1.2355689387196263e-17,-1.7677099834028998e-16
395,-3.0079489568888354e-16,4.912353437714591,1.1491786815777491e-14,1.265049781916007e-16,1.295717358102262e-16
396,3.0038411707681656e-16,4.905644913879752,9.336833964413473e-15,-4.083965711622632e-17,-1.5171858823397907e-16
397,2.999075603423929e-16,4.897862151784502,9.864771422581065e-15,-3.1470687165000525e-17,1.2643565873233815e-16
398,-3.024764173137366e-16,4.939814769847641,1.0830185940773274e-14,1.0370801414429716e-16,-6.808454800497006e-17
399,-1.387326550415763e-15,4.897421323827482,1.1580988170066424e-14,3.3642654254722117e-16,3.4446957563613983e-16
400,2.9964664917133294e-16,4.893601148999999,9.808068359579241e-15,-1.412872117101105e-16,-3.242733266011241e-16
401,-2.9830862988661067e-16,4.871749635802009,8.930171883315915e-15,7.785919061411993e-17,1.326825846948828e-16
402,2.98507500368269e-16,4.874997437238256,1.2452904259410045e-14,-1.1142813908176084e-16,-1.1172495673220677e-16
403,-2.988467154521932e-16,4.880537239966036,6.311349044622823e-15,-6.428126932333947e-18,-3.2171992503093715e-17
404,-2.9880578233533656e-16,4.879868751437178,1.2311198907260184e-14,2.605047888389284e-16,1.7208797310637684e-16
405,3.02476417313736e-16,4.93981476984763,1.0383106112531819e-14,-8.34158046456035e-18,-2.3121458361200636e-16
406,2.4780902929102238e-15,4.903986964052064,1.0895283787876248e-14,-6.918354413727496e-16,-2.412918934041684e-16
407,-0.004889940004971572,4.86993316137777,9.353042027204891e-15,3.1896834997910666e-06,8.796483948382344e-05
408,1.3920604124980094e-15,4.914132398158687,8.516530816612787e-15,5.4541933781362094e-17,6.953722274440099e-17
409,-1.392060412498002e-15,4.91413239815866,8.929443071756472e-15,-2.9993436662274775e-17,-2.144882240025757e-16
410,0.004889940004973737,4.869933161377773,9.745893951747911e-15,-3.1896834998723818e-06,-8.796483948346001e-05
411,2.4706669781187306e-15,4.889296684576902,8.109668976666169e-15,9.054358689674843e-17,1.3049813101873378e-16
412,0.004889940004959683,4.869933161377776,8.483065705488846e-15,-3.18968349880531e-06,-8.796483948328871e-05
413,2.99383076742443e-16,4.889296684576895,8.6404952974086e-15,1.4790889324954593e-17,-4.001841040620832e-16
414,-2.4647561837527444e-15,4.87759958919627,1.1731386122659435e-14,1.098601309072354e-15,-3.9130719877485814e-16
415,-2.4647561837527495e-15,4.87759958919628,1.082430527648397e-14,1.0931400641449318e-15,2.0515137982499154e-15
416,-0.0048899400049618475,4.869933161377777,8.71383898496823e-15,3.189683498482543e-06,8.796483948184087e-05
417,1.3891864449197753e-15,4.903986964052049,1.117443307642934e-14,-4.275585148514477e-16,-4.273857201302078e-16
418,-1.4179314104289429,1.3964627151300915e-16,4.51032222315112e-14,-1.32268974376742,-1.3227938244132011
419,-1.4086345358420314,3.029551960953013e-16,3.8407446629511453e-14,-1.1123640537093409,-1.1123414164325949
420,-1.392411066719183,8.202697056507053e-17,4.8524151836047e-14,-2.037393123253266,-2.0378126447981884
421,-1.3923687791625738,3.9915024326901067e-17,4.3917958508945767e-14,-2.1167830230708375,-2.117660149690674
422,-1.417931410428924,1.3368710983103942e-16,3.778433113088149e-14,-1.322689743767405,-1.3227938244131858
423,-1.3339959283994127,1.3626260316601608e-16,4.831445123720267e-14,-2.0083672001632125,-2.0098021172001728
424,-1.3348864134704161,2.5275919985309683e-16,4.788037863428271e-14,-2.8492001004512977,-2.850068175409238
425,-1.3516504138398666,1.0518167499938443e-16,4.365633152501925e-14,-1.9163049185665368,-1.9165704139466353
426,1.2454141279525792,1.3723773938829236e-16,7.45293969350992e-14,1.1860051543067365,1.1861076533883792
427,-1.2586851330711906,3.2751200985846993e-16,6.179109220692546e-14,-1.1019967509292443,-1.1020375871743757
428,1.2586851330711812,5.168045457483001e-16,4.8023901724102876e-14,1.1019967509292459,1.1020375871743768
429,-1.245245500456075,2.3373668304066175e-17,5.4286088723418436e-14,-1.1877147663506955,-1.1878610342033653
430,2.9310733063368435e-16,4.786805972754872,6.98552833497835e-15,1.4997713309884248e-17,2.878451174719767e-17
431,1.3746109557806894e-15,4.852533821103417,1.0644065626783388e-14,4.4364151968155696e-17,2.1059330681179647e-16
432,2.97414007329514e-16,4.857139340691295,1.0155967062296713e-14,1.7853167339811273e-17,2.931699326711169e-18
433,2.936611183494364e-16,4.7958500124916785,9.917750471098907e-15,1.3369880178723075e-17,2.90624095407235e-17
434,-2.978657525430618e-16,4.864516899900405,1.1570711451582242e-14,4.133886881981597e-17,9.262605259968365e-17
435,1.3731560842691426e-15,4.847397958344974,1.0532383486384365e-14,6.01480128353258e-17,6.312901950899375e-17
436,-0.0025715322658287592,4.7742467105700825,9.070207013599684e-15,-3.004095442673757e-09,0.00016068113268511135
437,0.0025715322658287545,4.774246710570074,8.734158630949303e-15,3.0040953695985306e-09,-0.00016068113268541553
438,-1.3527670077187283e-15,4.775422187217964,1.3949578118803513e-14,1.0869403517627781e-15,1.1179458307350633e-15
439,-1.3677186948505398e-15,4.828203352088329,8.907992531946918e-15,-4.897832220246187e-17,-7.742707895616729e-17
440,2.95488506881552e-16,4.825693532000943,1.000846576707803e-14,-3.571503944671629e-17,-2.6865085273521543e-16
441,2.963362198198049e-16,4.839537734898351,8.131030441921704e-15,1.3787191682664062e-17,1.0268443569488138e-16
442,-2.956088242649903e-16,4.827658463988223,1.1769664086749114e-14,2.237678931370295e-16,2.2875896604957725e-16
443,2.9231120522072485e-16,4.773804258080669,1.0866866159121887e-14,-2.880335537138248e-17,2.124792736099253e-17
444,2.9427475370244315e-16,4.805871438317214,9.190900129232151e-15,1.5701079166338542e-17,-5.941131443689025e-17
445,2.94274753702443e-16,4.805871438317212,8.975262069650886e-15,-7.465748397099403e-18,-8.951444186583446e-18
446,1.3509641341965848e-15,4.769057837578102,1.0197754308486938e-14,6.337161698177773e-17,6.856765589341451e-16
447,-2.920205707869313e-16,4.7690578375781065,9.185004398965977e-15,-6.894848190650005e-18,1.2837970161765078e-16
448,1.3663069046834057e-15,4.823219571400776,1.0670714787525087e-14,-7.138497217927704e-16,-2.834921733322311e-16
449,2.9627217838489726e-16,4.838491858896353,1.0563833634973898e-14,4.667151539371195e-18,1.7200867466482528e-16
450,-2.9627217838489755e-16,4.838491858896357,1.017596260495714e-14,-5.666650417131269e-18,1.190860561203766e-16
451,-2.953370204850405e-16,4.82321957140076,1.1005969907398791e-14,1.7035526635178488e-16,2.854236334450975e-18
452,-3.4723036466455893e-15,4.773804258080671,1.1496965724692333e-14,4.0848672101106986e-16,1.1542009752465998e-16
453,-1.129040076195403,8.03367976367631e-17,6.878176849614814e-14,-1.9915206553013096,-1.992062257076411
454,1.128970730230177,7.139782476519736e-17,6.478371119956487e-14,1.9841292279467364,1.984748715017586
455,-1.1790966106832264,2.543319320118232e-16,5.913840623408908e-14,-0.9406947813319693,-0.9406409295739993
456,1.1790966106832306,6.063235295678924e-16,4.9311585005903316e-14,0.9406947813318239,0.9406409295738546
457,-1.1647051910040562,2.1939084722246118e-16,6.933025695285968e-14,-2.007129795986781,-2.008087610445198
458,-1.164705191004067,1.3798917552676e-15,5.6741840447465334e-14,-2.0071297959871965,-2.008087610445613
459,1.0900104550794043,3.147085275888408e-17,6.778142515919048e-14,1.76752083516763,1.7693753240764238
460,1.0900104550794205,6.428762987259168e-17,6.10968659699194e-14,1.7675208351680864,1.769375324076878
461,-1.0857103088224216,4.8062708492573206e-17,6.938708037036085e-14,-2.1349424180727494,-2.136083389161537
462,1.085710308822422,2.5644328476189883e-16,6.786817895499817e-14,2.134942418072491,2.1360833891612803
463,-1.0332083525306315,2.669561860815237e-16,7.658863015320615e-14,-0.9587780503577495,-0.9589469978749647
464,1.0322160867226413,4.50393976290474e-17,7.560067777088449e-14,0.990989378346038,0.9910779357706899
465,-1.0311790871180841,5.115376396191341e-17,8.792795960501919e-14,-1.0156087186817104,-1.0157463743502826
466,0.9616530009276394,2.6331577953883786e-16,8.785491278848253e-14,1.2189627906356888,1.2190537999051658
467,1.0311790871181032,9.151512384071463e-16,6.92136625371023e-14,1.0156087186816896,1.0157463743502615
468,-0.9488793824777392,4.622599086043818e-16,9.993498539347066e-14,-0.8699776904792065,-0.8699789060841829
469,-0.9519120888244037,4.336507838958938e-17,8.22667063301019e-14,-1.0197988745500823,-1.019828263451922
470,-0.9519120888244061,4.0030490645228284e-16,8.101110894714428e-14,-1.0197988745500755,-1.0198282634519154
471,4.650083026223395e-15,4.89786215178449,7.988086402867374e-15,-6.1486799267547465e-16,-3.392604122978704e-16
472,-2.9212210522594433e-16,4.770716020804221,9.361106696776189e-15,-1.3642513799593518e-17,-8.175600614329971e-17
473,-0.004578070529253848,4.751616907267506,7.997921223955127e-15,-1.1217956496690227e-05,0.000336084432750383
474,0.004578070529254904,4.751616907267507,7.870572489716176e-15,1.1217956496687841e-05,-0.0003360844327503325
475,2.87560448740506e-16,4.696218516893471,9.758471175605414e-15,8.05945703053554e-18,3.4052869220737744e-16
476,-0.005255934507794625,4.728912571094803,8.155120316474677e-15,-1.7946918807200916e-06,-7.773699641002395e-05
477,0.00525593450779778,4.728912571094806,7.888233061775159e-15,1.7946918806227303e-06,7.773699641029115e-05
478,1.3306348208833365e-15,4.6972930375104935,1.1150196676847733e-14,6.13334494675972e-17,9.63747123357238e-17
479,1.3455638168446613e-15,4.749994099954959,1.0315513548324545e-14,-8.155214811964139e-16,-5.285176897778234e-16
480,2.902463284356395e-16,4.740082261068585,8.566668176408411e-15,8.869812705226226e-18,-2.062314672227527e-16
481,1.337992725953344e-15,4.723267283572283,9.467209671442686e-15,6.715592550293447e-17,9.513664584851504e-17
482,-1.3318389951220738e-15,4.701543910235901,9.486280122869523e-15,2.415318404602241e-16,-1.8356333383657094e-16
483,-2.885617765909973e-16,4.712571441690865,8.866251756042531e-15,1.727138346827654e-16,-2.793598677424489e-16
484,-2.887898236894345e-16,4.716295733439245,1.0517630812477376e-14,1.7693360048041337e-16,5.825745755591111e-17
485,1.3365895387232087e-15,4.718313872235833,1.058294563863221e-14,-8.464101476115046e-16,-5.559763014502883e-16
486,-2.897697974022497e-16,4.732299918703069,1.0768534066761289e-14,1.6528251507567694e-16,-1.881407108568866e-16
487,-2.8794893274086465e-16,4.702562942088215,1.0458609824934945e-14,1.407660555607837e-16,1.1846458690444046e-16
488,3.455689822945754e-15,4.750963184720657,8.968800968497431e-15,-1.9923779283395604e-16,-1.9459679509119255e-17
489,-2.883044014160482e-16,4.708368186105201,1.0996069356048343e-14,1.3984089510677425e-16,-4.1654981981005045e-17
490,-2.913002635254319e-16,4.757294327282715,8.560246897769035e-15,-1.322657829005351e-17,9.757888208360382e-17
491,-2.4039633423525997e-15,4.757294327282718,7.673335036077472e-15,-3.198396408832238e-18,3.326959069566496e-16
492,-1.3417404332189088e-15,4.736497118662183,7.722575601416412e-15,-3.3789295701386714e-17,-5.372283968647738e-16
493,-2.899538892983924e-16,4.735306367521959,9.086952105007263e-15,3.183771442011994e-17,-1.8125169960374336e-16
494,2.9002680177701483e-16,4.736497118662177,8.296783201633901e-15,-1.9378419767283883e-17,6.3325877202626e-17
495,1.3414031208737892e-15,4.735306367521953,8.94019214296743e-15,-6.52350894657372e-17,7.358937542450636e-16
496,3.455689822945772e-15,4.750963184720682,8.82706348256933e-15,-1.632266370676927e-16,6.615750834529713e-17
497,2.8564116498179554e-16,4.66487423444327,8.340884728414102e-15,9.555057353415202e-18,1.506011623709547e-17
498,2.875604487405061e-16,4.696218516893473,1.0222328278744766e-14,6.582610670468388e-18,4.047996924707903e-16
499,1.3318389951220742e-15,4.701543910235902,9.419667884119227e-15,-1.7911019889460533e-16,9.128541835195375e-16
500,-1.3365895387232126e-15,4.718313872235847,1.2056960835412191e-14,9.586159855278983e-16,7.411303236832265e-16
501,0.9415911183458175,3.63605299734571e-16,8.871540110192026e-14,1.3603334552713369,1.360314904921783
502,8.551404174844095e-15,4.653599548204503,7.940997433172771e-15,1.3874752074345229e-16,-2.3954487964828993e-15
503,-9.58038576977589e-15,4.651499622352838,8.100166436560164e-15,9.982504664960123e-17,1.485339746831511e-15
504,0.9293908625923285,5.879471744377742e-16,8.989251553994392e-14,0.8561570407792796,0.8562162169933312
505,-1.3178057687876868e-15,4.65200501698,9.397898909950571e-15,-5.75790762928608e-17,-1.8907469448610492e-17
506,2.3507583848922635e-15,4.652005016979978,1.0017579805559022e-14,8.456205198147538e-17,3.3111661402649394e-16
507,-0.010354901270375198,4.618828507846398,1.0222669397632472e-14,-2.0727162328105066e-05,-0.00027037916449533343
508,0.00492149256102507,4.632352488500913,9.525348784335887e-15,5.096323965098244e-06,-0.0005711973407925752
509,-0.004921492561029188,4.632352488500916,9.432149869483231e-15,-5.096323965060514e-06,0.0005711973407925601
510,1.3142624377261922e-15,4.639496653255003,9.668109726905203e-15,6.001593810185145e-17,1.8631249299283445e-17
511,-2.8365779677080657e-16,4.6324833734640904,1.1144377030854677e-14,6.025131290352464e-18,5.0117860671771e-17
512,0.8846871143158883,1.4265425038502436e-15,9.076934234749023e-14,0.7663997824142187,0.7664103014342951
513,0.88272326736011,6.126282822770978e-16,9.968750502451827e-14,1.5973688426641415,1.5976975900138037
514,-0.40860842564188,8.824351200102317e-16,4.374644264091521e-13,-0.4059279825441951,-0.40603057542768295
515,0.8636023368022082,8.869411025087931e-16,1.2081197226667582e-13,1.4800178377719901,1.4811559095766702
516,-0.8640163517460002,1.793714259294614e-16,9.386560054528429e-14,-1.576714558286156,-1.5783098720677606
517,0.03766946708662185,4.987036782739961e-15,4.942074475992443e-11,0.030210228953456403,0.03021033214257422
518,-0.26337395176122413,5.692793775085561e-15,1.1575581692074358e-12,-0.2806050804435528,-0.2806949147001572
519,0.19590961481079527,8.146051489271584e-15,1.7822694757682904e-12,6.045979196047324,6.045156464356453
520,0.007418999781695627,4.637609685144063,9.112124842915083e-15,-1.5942347423349764e-05,0.0012350007802916841
521,0.007418999781687421,4.637609685144083,1.0155807957386613e-14,-1.5942347422529457e-05,0.0012350007802891085
522,-0.007418999781696648,4.637609685144057,8.596641870646159e-15,1.5942347423338055e-05,-0.0012350007802916078
523,-0.00741899978168534,4.637609685144069,9.880208585108887e-15,1.594234742271442e-05,-0.0012350007802901875
524,0.24839961540334532,1.006321468924082e-15,1.4139484694527541e-12,0.4560771479603565,0.4564931755243113
525,0.8591462022953106,6.463161283341743e-16,9.86800703829611e-14,0.8325592824943928,0.8325082493711307
526,0.06503456220955031,7.799775969956698e-15,1.730230402433337e-11,0.0637835566355015,0.0638153920994593
527,0.8592970300811601,4.2601061262399526e-16,1.006764354087258e-13,1.5605856668397875,1.5615326598343546
528,0.8139646702740205,7.867294731832236e-16,1.1519076846480232e-13,0.7273844717496053,0.7273499901901318
529,-0.7954172415233224,5.888399364636385e-16,1.1948470491468222e-13,-1.085956450264785,-1.0858175119691384
530,0.7693301616992192,2.253184125220479e-16,1.237311811196726e-13,0.7646491123399382,0.7649112179419361
531,-0.7481522554840198,3.7536576825854463e-16,1.4377153505938288e-13,-0.781564012917613,-0.7816866023742985
532,-0.7580814929668106,3.983535100546291e-16,1.207913010845476e-13,-1.1137728342183548,-1.1142879662175655
533,-3.3767046610810343e-15,4.642372537010671,8.350634519087876e-15,-1.1682701925004937e-16,-5.645991283547737e-16
534,-2.3458908851856894e-15,4.642372537010681,8.578021927551254e-15,-9.751297398675682e-17,1.1625510260406327e-15
535,0.7761527712162607,3.120802546220714e-16,1.0869734675916543e-13,1.5750128825997358,1.57540661202085
536,-0.7477763726292043,1.0649889356331957e-15,1.3238413064185042e-13,-0.8016352448646296,-0.8018066664108898
537,0.8815096008328074,1.1807404985751202e-16,9.56277659307802e-14,1.0888239165787073,1.0885845612412393
538,-0.8815096008328024,4.5765993699979655e-16,8.522927043871674e-14,-1.0888239165789775,-1.0885845612415097
539,-0.8541845871027274,1.6246825355261842e-17,9.774135682080503e-14,-0.9241465747735296,-0.923914207460387
540,-0.8541845871027256,6.417496015328438e-16,8.884224268548892e-14,-0.9241465747733602,-0.9239142074602178
541,-0.8069252760171287,1.9924949210755814e-16,1.4085654759744305e-13,-2.140019277529724,-2.140882221174678
542,-0.8069252760171631,1.0819742798533338e-16,1.0729282095716755e-13,-2.1400192775296096,-2.1408822211745635
543,-0.7766149504071734,2.1443503451287055e-16,1.2073680044014778e-13,-1.01327180419023,-1.0132432713557828
544,0.7766149504071751,9.09115198403522e-16,1.2380113290016757e-13,1.0132718041902624,1.0132432713558148
545,-5.998555139944832e-15,0.17740899561822335,2.522033941901103e-12,-2.9939779615361157e-13,-2.9967275595315616e-13
546,-0.5158916093656931,1.2740755608844102e-16,3.2670513396402103e-13,-0.7148177628422221,-0.7146642262354341
547,-0.662871821785541,9.395865791366983e-17,1.789655724852723e-13,-1.0987040891042739,-1.0986684290311084
548,-0.6873277831920561,1.1858235999676477e-16,1.4183126645853483e-13,-0.8103557970793926,-0.8102856732694774
549,0.7954172415233123,4.3966893662899645e-15,1.1117585268371312e-13,1.085956450264798,1.085817511969152
550,-0.6473711525830244,5.933699332884098e-16,1.6906260065658822e-13,-1.868806437553023,-1.869052233775379
551,0.3311461899854471,1.3019271539620602e-15,6.183813789429372e-13,3.3157203655030236,3.31618467127237
552,0.690665279110878,1.8114919124831925e-16,1.4457916296015975e-13,1.0003956112852945,1.0002233072030016
553,-0.47207784110801027,5.988487326340674e-15,2.9023356148685143e-13,-2.403019600987508,-2.4029747157525154
554,0.7249463626824932,5.3752805052226264e-17,1.4050943834238362e-13,0.7547752943559352,0.7546871860935782
555,-0.7249463626824605,5.6999824226959546e-15,1.3882308107402636e-13,-0.7547752943560969,-0.7546871860937395
556,0.4086084256418338,1.6488395717489023e-15,4.721589663025648e-13,0.40592798254425744,0.406030575427745
557,-0.24839961540340275,5.556468865533871e-15,1.2385974282087329e-12,-0.4560771479606257,-0.45649317552458135
558,-0.6802176290350016,4.0763085063983574e-16,1.8250012444735e-13,-1.4491566803039557,-1.4492513701908252
559,0.6802176290349857,7.65893223870246e-16,1.3506209272994775e-13,1.4491566803036742,1.4492513701905434
560,0.6503803571019705,2.0326316131847574e-16,1.8987482930464898e-13,0.607404116654598,0.6073544909801484
561,0.6503803571019869,2.412189308079784e-16,1.72519671744198e-13,0.6074041166545447,0.6073544909800949
562,2.313694615216009e-15,4.578658116001029,7.999134848781595e-15,1.2152868484554475e-16,5.454060249643039e-17
563,0.010354901270377238,4.618828507846394,9.89027314438774e-15,2.0727162328103548e-05,0.0002703791644954878
564,0.011516834076536892,4.6122837282993165,9.543948961321588e-15,1.7830859208514162e-05,-0.00012400709246754358
565,-0.011516834076535868,4.6122837282993165,9.835614483415565e-15,-1.7830859208591357e-05,0.00012400709246755508
566,0.005510539631247851,4.620009521087697,7.0609459082532525e-15,-2.006461541541023e-06,-0.0009610188005618361
567,-0.0055105396312416875,4.62000952108769,7.11366708042272e-15,2.006461541830722e-06,0.0009610188005632853
568,2.7887057322464125e-16,4.554302079894412,9.485398293051662e-15,1.6137408699800294e-17,1.4444933280886476e-17
569,3.297230160850766e-15,4.533109135471868,8.788646056819597e-15,6.975616823067455e-17,-6.666305553000411e-18
570,0.003481052439943097,4.541986128226736,9.932051204216676e-15,1.302626117870775e-06,-0.0009313975621247402
571,-0.00348105243994309,4.5419861282267275,1.0319471935988981e-14,-1.3026261172493104e-06,0.0009313975621263678
572,2.816897242300855e-16,4.600342309737123,9.268851804768422e-15,2.0626110277756852e-17,-5.664736242994617e-17
573,-2.3254810720384776e-15,4.601982782892755,1.0400257460578478e-14,1.3843963577921645e-15,1.0594292105424281e-15
574,-0.00040984640864814154,4.536691657201764,8.107770901880236e-15,-8.460071542699997e-07,0.00032056299178581844
575,-1.3079455025499725e-15,4.61719714992323,7.944825959563624e-15,7.560212484912078e-17,3.958471094497949e-15
576,-2.8220140517850874e-16,4.608698693778294,1.2996720759757839e-14,1.5310924005810116e-16,-1.5011010493171063e-15
577,2.8183063212681384e-16,4.60264351032535,1.0249095341991236e-14,-9.582309480180504e-17,-2.9278161517103e-16
578,-2.8278810587207005e-16,4.618280243233529,9.490394094792861e-15,1.8372169788568696e-16,2.6253104720336193e-16
579,-1.2863265554193783e-15,4.540879795047883,9.969775450879544e-15,6.820597310805436e-16,4.936136676115713e-16
580,-1.2885412205432747e-15,4.54869781611845,8.706683773672055e-15,-4.883653160689394e-17,8.861319880995588e-17
581,3.3085688395500147e-15,4.548697816118439,7.373784176951657e-15,1.6426340539513196e-16,3.298837575717653e-16
582,-1.3040472948026081e-15,4.603436030927179,1.0788866345234087e-14,6.382680719367627e-16,1.627265263163211e-15
583,0.008919300519006204,4.613335475537675,1.0261294886745132e-14,-1.3669246429082876e-05,0.0012363649650959413
584,-0.008919300519003142,4.6133354755376805,9.909214085971507e-15,1.3669246429023028e-05,-0.0012363649650967436
585,1.3017820737438274e-15,4.595439541626855,9.249310010847645e-15,6.309294314213107e-17,1.4117847532978166e-16
586,2.813895162664261e-16,4.595439541626867,9.153910762946427e-15,-7.182839392716467e-19,4.657800295633507e-16
587,-0.008919300519004136,4.613335475537665,9.858838529073069e-15,1.3669246428643124e-05,-0.0012363649650961894
588,0.008919300519012352,4.613335475537676,1.0136101133784434e-14,-1.3669246429131449e-05,0.0012363649650962334
589,-1.3078311584444718e-15,4.616793502158855,8.041472100434823e-15,3.6664668154849644e-16,2.7539912556928496e-15
590,-1.3078311584444807e-15,4.616793502158886,9.17357244815802e-15,3.2922476593880146e-16,-3.575566627717422e-15
591,-3.3534080621837856e-15,4.610343828023218,1.0000362708069166e-14,4.774826367626162e-16,3.649517686210406e-15
592,1.3060041144598348e-15,4.610343828023194,1.1166890448207015e-14,-1.74315992413146e-16,-2.277722417143649e-15
593,0.0004098464086501573,4.536691657201776,8.375889164725747e-15,8.460071538113822e-07,-0.00032056299178530334
594,0.0004098464086833987,4.536691657201764,8.949888228708305e-15,8.460071532432603e-07,-0.0003205629918116845
595,1.2862310303955881e-15,4.540542580793367,9.072742563293522e-15,4.249564296374825e-17,-8.49573199063116e-16
596,3.302636997390666e-15,4.54054258079335,9.298278149157845e-15,1.1537266367961374e-16,5.711627866630473e-16
597,-1.3040472948026148e-15,4.603436030927203,1.1432424159626626e-14,7.024634813993045e-16,9.581164478472551e-16
598,0.4779086036318663,3.0335980387559065e-16,3.2537833425969844e-13,0.42989042443669173,0.42984850669738595
599,0.45329798414274236,2.679119747993467e-16,3.6368638466422415e-13,0.5032167865444144,0.5030209716147659
600,0.3946073156574357,4.779010274650518e-16,4.535852453106908e-13,3.143842887730761,3.143725102892285
601,-0.47207784110802803,2.430522901625564e-16,3.3321880529019406e-13,-2.4030196009875766,-2.4029747157525843
602,-0.2633739517613236,3.063153478737207e-15,1.2747631389781902e-12,-0.2806050804445224,-0.28069491470113117
603,0.006171926404409307,4.520989391462317,8.39112383777612e-15,-7.113819802664553e-07,-0.0014520187543673898
604,-0.00617192640440831,4.520989391462322,8.216713325060444e-15,7.113819800608906e-07,0.0014520187543671334
605,-2.2824476250001715e-15,4.516822260736703,8.44395294093093e-15,6.919340686413999e-16,-1.0710509626327675e-16
606,-1.2823511384169918e-15,4.526846118554948,9.371193263081428e-15,4.2598081411181926e-17,-1.5644248494035243e-16
607,1.281282095480513e-15,4.523072274774888,8.111411615618393e-15,4.1772255308583724e-17,-2.0785886991153942e-15
608,1.278853617842409e-15,4.514499471085862,9.027430123003434e-15,-2.969545047143071e-16,3.848388316731507e-16
609,-2.281273869333921e-15,4.51449947108584,1.0211859437930592e-14,5.824740646406812e-16,2.227313792386651e-15
610,-0.0004098464086813861,4.5366916572017875,8.603877626022855e-15,-8.460071522873734e-07,0.00032056299181226495
611,-0.34833155698538654,1.1580329881607492e-16,6.586028556303199e-13,-0.3503511888334284,-0.35033153497707
612,-0.02075652647576428,0.23077216383014254,1.313566436982035e-12,9.287557354784037e-08,-0.000125362120995922
613,-5.641996586160448e-15,0.21666278210723997,1.9111183654157433e-12,-1.254352527868725e-13,-1.2550678172304224e-13
614,1.2695748004022165e-15,4.481744184756279,9.200310501992365e-15,6.978983075054714e-17,4.742187892635911e-17
615,1.2681352569947046e-15,4.476662431957407,7.026136743286333e-15,6.63019246193406e-17,8.103845548235429e-17
616,0.19346081190040915,5.837839008288724e-15,1.996716552010112e-12,0.2990202859533078,0.29881111682497413
617,0.19346081190030204,9.810138077278225e-16,2.2011313827859647e-12,0.2990202859531731,0.29881111682483896
618,-0.005904103539690819,4.500593726516862,8.953942150151194e-15,1.3319955018634838e-05,0.0007566079289539869
619,0.00590410353969481,4.500593726516857,8.790792132760705e-15,-1.3319955018617491e-05,-0.0007566079289540346
620,-2.2785839732230073e-15,4.509176333547101,8.080424349707656e-15,-1.0313971555397795e-16,-1.0534652452258536e-16
621,3.268636379396186e-15,4.4937977360225805,1.0279657857843284e-14,1.2529692520611875e-16,-1.6556222454062802e-16
622,6.262107008120622e-15,4.493797736022605,8.37634698315098e-15,2.2776546545078685e-16,2.2048568313725713e-15
623,-0.004594978349448851,4.501603124394746,1.0198670249292915e-14,-4.1144441412821996e-05,-0.00023581038165672015
624,-0.004594978349449839,4.501603124394735,9.166476782462475e-15,-4.114444141316634e-05,-0.00023581038164990757
625,0.00459497834944384,4.501603124394733,8.982010764796655e-15,4.114444141327996e-05,0.00023581038165506924
626,0.004594978349440847,4.501603124394739,9.323383858669185e-15,4.114444141359308e-05,0.00023581038165041508
627,-2.736229558511764e-16,4.468601984534371,1.0014303907103023e-14,-1.3247187747760288e-17,-3.1235176654903327e-16
628,-1.2644919688993641e-15,4.463801208475726,1.1049052439594725e-14,3.33777683742041e-16,1.33102709058608e-16
629,1.0588116527276493e-15,0.5140776291433884,2.653123007276475e-13,4.8001086313230855e-15,4.8221257213523254e-15
630,-1.2640845411195145e-15,4.462362941835217,1.1123497850701902e-14,4.121170352826515e-16,3.600237096921986e-16
631,-0.028349949356526755,0.32713140408574093,6.890373220022622e-13,-2.0409111652144873e-06,6.029114741448738e-05
632,0.028349949356526957,0.3271314040857458,6.836811463195862e-13,2.040911160679053e-06,-6.0291147419080926e-05
633,2.252434750367944e-15,4.457428643655332,8.44375867682537e-15,1.251991301023483e-16,1.3668090332723112e-16
634,0.02075652647577249,0.2307721638301092,1.312650826047187e-12,-9.287559909684773e-08,0.0001253621209703626
635,-2.5801846032358735e-15,0.2566520560293297,9.228549365857048e-13,-4.796726122524337e-14,-4.806294930412733e-14
636,1.0945210782601941e-16,0.38637845332403564,4.1938203812198216e-13,-1.8753628968134256e-16,-2.27543747734842e-16
637,-2.7260962892737244e-16,4.452053099998691,9.79481144747523e-15,-5.483479931794501e-18,2.166453456802343e-17
638,-2.2492574083897892e-15,4.451140880983493,1.0429223030472168e-14,1.061244549876123e-15,1.1867124856066256e-15
639,6.103712729036313e-16,0.377811471477354,6.345637104876587e-13,2.514891351951678e-15,2.5227503504493014e-15
640,2.7326721945608244e-16,4.462792368319449,1.1248496582391385e-14,-8.834248353347653e-17,1.69572112427335e-17
641,1.2612436219046472e-15,4.452334172229393,9.916599513602646e-15,-7.372851807553567e-16,-5.965172212047042e-16
642,-4.486694390743072e-15,0.07915469418571741,1.1379935950120339e-11,-3.6042758322003436e-13,-3.60550664181319e-13
643,-0.0019597265086088314,4.44870495862372,8.4156579006238e-15,1.4054392231713198e-06,-0.00026294323516375
644,0.0019597265086108034,4.448704958623712,8.388766121040366e-15,-1.4054392229343132e-06,0.00026294323516339664
645,-0.0019597265085663563,4.448704958623722,9.194718427022204e-15,1.4054392226797697e-06,-0.0002629432351583767
646,-5.29518453947791e-15,0.07915469418582341,1.0849505561814715e-11,-4.2483594767106503e-13,-4.2531234610565516e-13
647,8.65753518726121e-16,0.3457864631011297,6.000182169353037e-13,-8.341427998629844e-16,-8.378483572489851e-16
648,3.615586254219384e-15,0.3762649268535015,4.862900373458446e-13,7.487689938565079e-15,7.512070934918846e-15
649,1.192705940339764e-15,0.3762649268534998,4.864091696725687e-13,2.363235475366654e-15,2.354602515568238e-15
650,0.001959726508568337,4.4487049586237335,9.303794502794382e-15,-1.4054392229266425e-06,0.00026294323515849084
651,1.7871137417782693e-15,0.3457864631010479,5.436449350640308e-13,-1.4971053232835582e-15,-1.4936052640314952e-15
652,-4.403296076025998e-15,0.2325476921585361,1.0443127629350467e-12,3.3676471442208034e-15,3.336083520232556e-15
653,1.9764059357420144e-15,0.23254769215851298,1.148152000830077e-12,-2.148319499725715e-15,-2.1540858882723854e-15
654,1.2642061877420259e-15,4.462792368319472,1.1703758271774301e-14,-4.3463526336752056e-16,-4.2319777748074574e-16
655,2.819360394951779e-16,0.5579339325675287,2.699800998807614e-13,-4.82692181712608e-16,-4.614995898384894e-16
656,0.00819818143164391,0.7761716665997359,1.0914167118868547e-13,-1.835602318582541e-09,5.5503738368031796e-05
657,-0.00819818143164589,0.7761716665997275,1.239800873461467e-13,1.835592598926905e-09,-5.550373837766992e-05
658,-5.813253910246928e-16,0.6123012459163728,2.577457174409611e-13,7.622053040796246e-17,6.833655790128558e-17
659,-1.7617456839374815e-15,0.597645155806464,2.0533119099125817e-13,1.1614073111761103e-15,1.1455927816906741e-15
660,-6.186469751004059e-16,0.6516115061973676,1.5214529084839566e-13,-1.5036057129089904e-15,-1.5136512606689795e-15
661,-1.8943207641455574e-16,0.6687168858489262,1.4369980869114544e-13,-5.522496996570939e-16,-5.610125944415651e-16
662,1.1498351064815349e-15,0.6257302336115697,1.5930352897332997e-13,4.033084592139641e-15,4.027733286953682e-15
663,-0.0095153882590703,4.420224909253608,9.977603373992575e-15,3.3673602986093905e-05,0.0009075271774278571
664,0.009515388259068355,4.4202249092536166,9.658513234276151e-15,-3.367360298592867e-05,-0.000907527177427609
665,-1.2568797909348994e-15,4.436929350027715,9.420540759372289e-15,3.5742843542542387e-16,1.539728771162277e-16
666,-2.2405331665030944e-15,4.433876147488514,6.536261668297677e-15,-5.147780529835661e-17,-1.0015476752736889e-15
667,-1.2551515238924896e-15,4.430828369790417,7.893892216923275e-15,3.2263002152854716e-17,-7.873912181357881e-16
668,3.21696174398348e-15,4.422754238773643,8.409694658923e-15,-1.487785515844e-16,-1.6633691853529496e-16
669,-0.029195004069840085,0.5711362098631156,2.286403884430843e-13,1.1428529253926234e-06,-0.0003287113964648668
670,-0.02919500406985806,0.5711362098631042,1.9796744156329148e-13,1.1428529063522985e-06,-0.0003287113964837024
671,0.029195004069840286,0.5711362098631272,2.3147811209818027e-13,-1.1428529315266056e-06,0.00032871139645853503
672,0.029195004069855104,0.571136209863106,1.9254714119777437e-13,-1.1428529079066108e-06,0.00032871139648232156
673,2.7104504683637283e-16,4.426501535382854,6.648323391920551e-15,1.1066856856182388e-17,4.1213164678740055e-16
674,0.008141018831699647,4.430181700730965,8.94085245991512e-15,-7.862035854685147e-06,-0.0008574572723988962
675,-0.008141018831701612,4.430181700730964,9.003391221054744e-15,7.862035854779717e-06,0.0008574572723995275
676,0.00814101883169968,4.430181700730983,9.205732664324525e-15,-7.862035854726984e-06,-0.0008574572723971513
677,-0.0081410188317066,4.430181700731001,9.353021889666098e-15,7.86203585484115e-06,0.000857457272396547
678,-1.915533258807522e-16,0.6762051389684205,1.4821847221174016e-13,-2.093780742317905e-17,-1.2353763777467157e-17
679,-4.1405622950233946e-17,0.6762051389684299,1.4183394716126913e-13,-6.616851977361143e-17,-8.089672866046921e-17
680,2.2367336200583766e-15,4.42635708077512,6.779234677767724e-15,1.095738906214494e-16,2.1706385611643916e-16
681,0.001437716142460191,4.4269217262733305,8.368034731354441e-15,4.396902659216243e-06,-0.0015799630292771892
682,-0.0014377161424601911,4.426921726273331,8.312584571448847e-15,-4.396902659242698e-06,0.0015799630292773967
683,0.001437716142469046,4.426921726273356,8.35220300372242e-15,4.396902658317656e-06,-0.0015799630292739658
684,-0.0014377161424670728,4.426921726273334,8.235766229795852e-15,-4.39690265905177e-06,0.0015799630292774153
685,-4.408333510481262e-17,0.7199354970838148,1.418135876904889e-13,-7.039259982096375e-17,-7.13520474086021e-17
686,8.035118250755553e-16,0.6859090404711287,1.3834537679299833e-13,-7.400654856075823e-16,-7.514564786156045e-16
687,-3.586033121207636e-16,0.7096537091232729,1.1782459331602035e-13,2.1024700354395995e-16,2.0963400550327313e-16
688,3.8653344574945253e-16,0.7649257109591983,1.1803063832128472e-13,7.169336507771676e-16,7.201111300868969e-16
689,-1.6362188687992815e-15,0.7944222323820352,9.744946885217261e-14,1.2932388230214945e-15,1.295134503160397e-15
690,0.008198181431646207,0.7761716665997249,1.26124610480517e-13,-1.8355965939950702e-09,5.5503738373680056e-05
691,-0.008198181431639954,0.7761716665997204,1.1652456954835872e-13,1.835595233971865e-09,-5.550373837504008e-05
692,0.004272760123188988,4.2891850129050075,9.70844166297503e-15,-1.2150504837048085e-05,-0.0002704222169964078
693,1.2163564968008065e-15,4.293877489062059,7.998077921887581e-15,6.629969613513674e-17,-1.77126353147389e-18
694,-2.640233691150154e-16,4.311828835854366,1.0711705827827065e-14,1.4025660209632218e-16,4.949137627856877e-16
695,1.2229515342102891e-15,4.317158725070236,9.438857701805229e-15,-9.145153115093479e-16,-6.12208996409792e-16
696,2.6990170276672477e-16,4.407829309718375,9.206584669943034e-15,-9.073277555655526e-17,2.0300506087709354e-16
697,1.230249409832228e-15,4.342921060317704,1.1489566881082755e-14,4.48170591793618e-17,2.979789534154521e-17
698,1.2484151405775227e-15,4.407048166577043,9.28929222721533e-15,1.6748518414447065e-17,-7.53676939930061e-16
699,2.6556360248742236e-16,4.336982755718924,9.56380825791273e-15,1.9361175719679153e-17,-1.723667079571753e-17
700,-2.6549436008552175e-16,4.335851941480095,7.319580288556902e-15,-1.0521307654129254e-17,-4.7107403988648335e-18
701,2.697894242228333e-16,4.405995661943855,1.001775838541566e-14,7.042618459125423e-19,-1.1943211798197092e-15
702,-1.2323400525480663e-15,4.350301268109433,8.76059120765264e-15,-6.600616831188131e-17,-1.0514207301977433e-16
703,1.2456335333483772e-15,4.397228775061436,9.582347386177944e-15,4.875078654130258e-17,1.1868402775636932e-16
704,2.6529023203682774e-16,4.332518277458172,8.671282439589185e-15,2.1668725734695002e-17,1.888105816643623e-17
705,2.189305634725293e-15,4.332500039944074,8.270880964584747e-15,1.3310365720238355e-16,1.7037016850384603e-16
706,1.236127035566964e-15,4.36366975109865,1.0767297289876906e-14,-8.958627408049843e-17,-2.0350086418299623e-16
707,-2.6748183577413664e-16,4.3683098826595215,1.0875214822691128e-14,7.921683159382474e-17,-1.2891703509644798e-16
708,-0.0010672431110157231,4.387477668841312,8.493139104421113e-15,-8.147833285108573e-07,-4.859762786452615e-06
709,0.001067243111013776,4.387477668841317,8.500009000554885e-15,8.147833287382145e-07,4.859762786753549e-06
710,1.2389031444206366e-15,4.373469732720258,9.011509453187125e-15,6.032915227164931e-17,1.890218592784318e-17
711,1.238663206068596e-15,4.37262272290751,9.084904838902047e-15,3.170646474988822e-17,-6.925645668889471e-16
712,-0.00033464963017552674,4.402490832243901,9.434099342260974e-15,-4.386679716933883e-06,-7.792637252631619e-05
713,-0.00033464963015597516,4.402490832243893,9.16262380719167e-15,-4.3866797172423385e-06,-7.792637252245882e-05
714,0.00033464963017650436,4.402490832243902,9.169551829350206e-15,4.386679716915831e-06,7.792637252668167e-05
715,0.00033464963015108855,4.402490832243908,9.335444318757859e-15,4.38667971683537e-06,7.792637252148889e-05
716,3.186295212589484e-15,4.380593174233493,9.921350159850079e-15,-6.355104818176655e-16,9.260061734499334e-16
717,3.189990178883656e-15,4.38567310030667,8.45653226933602e-15,-1.0452126753695381e-15,-7.491519168503878e-16
718,-2.212982669430719e-15,4.379355422847196,9.630271545245938e-15,1.7393609870832126e-16,-1.8965282176131136e-15
719,-0.007381088538473935,4.383769701178156,9.790493791953535e-15,1.0942381282638496e-05,0.0002164467130969707
720,0.007381088538478793,4.38376970117815,1.0160861101092988e-14,-1.0942381282682732e-05,-0.0002164467130970271
721,-0.0073810885384680705,4.383769701178141,1.0169859967361534e-14,1.094238128220308e-05,0.00021644671309657693
722,0.007381088538471003,4.3837697011781485,1.0263340032618797e-14,-1.0942381282436184e-05,-0.00021644671309704877
723,-2.676118657112498e-16,4.370433432685597,9.688025294542638e-15,4.5954502003861183e-17,-3.3942643075553225e-16
724,4.1578291459085415e-15,4.3793785815198785,6.8970306410149925e-15,1.6344847772197185e-16,6.70995821987834e-16
725,2.6841242142099217e-16,4.383507499596967,6.997762264214434e-15,9.758401887520777e-18,-1.2182523824906634e-16
726,-1.0005582767915602e-14,4.385185403535364,6.603687926845306e-15,-1.85544261161949e-16,-1.0118558179110938e-15
727,1.2926703049268682e-14,4.385185403535367,6.705054379267485e-15,2.8807929349297656e-16,7.428830466093325e-16
728,4.1617491851566666e-15,4.38350749959696,7.474282540655066e-15,-1.914158935523158e-16,6.089726433625847e-16
729,0.11937717005138748,0.9255056215583548,1.0095727566117724e-13,1.2211736948983427e-06,0.001273150891704048
730,-0.11937717005138929,0.9255056215583557,1.0049749818786943e-13,-1.2211736946797676e-06,-0.0012731508917039232
731,0.04487210057625035,0.8876997985661944,9.059792352518407e-14,-6.43777561190606e-08,0.0009443781556343952
732,-0.04487210057625109,0.8876997985661934,9.05356760698989e-14,6.437775611385643e-08,-0.0009443781556345253
733,-6.278460523825904e-16,0.8631774358727532,8.601171258756144e-14,-3.310665325734334e-16,-3.3845498437283226e-16
734,-1.0082946099306248e-15,0.7235698830240684,1.2775724677891273e-13,-1.9281739426684277e-15,-1.9142893785970352e-15
735,2.0497066587197525e-16,0.7235698830240767,1.186802906998848e-13,3.055959348421955e-16,3.301395615218361e-16
736,2.658886616826364e-16,4.342291375239921,7.488038381649913e-15,1.324420716326824e-17,2.4943426230744636e-17
737,-2.6588866168263534e-16,4.342291375239904,7.939117992916955e-15,-1.1359823553423439e-17,-3.176770598897652e-17
738,1.2364040434923833e-15,4.364647620743264,7.98960749849306e-15,5.440238510330195e-17,4.4993966641674807e-17
739,5.112989869832038e-15,4.3646476207432565,8.730624629011894e-15,1.982090977892953e-16,1.7568683053498235e-15
740,-3.178905360446739e-15,4.37043343268563,1.0037912034661623e-14,4.917822469781633e-16,-1.7371968121827897e-16
741,-0.043115830641120415,0.9014849058991465,8.069558770396423e-14,4.803819412951826e-07,-0.0007138769129411693
742,0.04311583064112112,0.9014849058991448,8.092735777225361e-14,-4.803819413923271e-07,0.0007138769129411034
743,-0.11937717005139463,0.9255056215583585,7.891315622950828e-14,-1.221173713420419e-06,-0.0012731508917228273
744,0.11937717005139364,0.9255056215583574,8.157476063315572e-14,1.2211737118583005e-06,0.0012731508917212591
745,-2.548702586192086e-16,0.8997211500039889,8.746497077714161e-14,4.572730375248422e-17,5.1062965418609724e-17
746,-2.5875571512535076e-16,0.9134372556607878,7.233505108973298e-14,-2.9253681007905165e-16,-2.880934100043507e-16
747,2.574453045256236e-16,0.9088113564360161,8.216116997565088e-14,-2.335896639961074e-16,-2.2202957009021754e-16
748,-6.601976272550958e-16,0.9076551375942539,6.873781795223177e-14,6.16339089001478e-16,6.187040492763324e-16
749,-6.494867700845415e-16,0.8929296006678156,8.787029810287746e-14,-6.555492910662042e-16,-6.798489722570356e-16
750,6.494867700845432e-16,0.8929296006678179,7.57634985300198e-14,6.29729609251525e-16,6.392405186997699e-16
751,2.6051654844046057e-16,4.254558108049477,9.175011312623201e-15,7.075691635068395e-18,1.407883187325626e-18
752,-2.6095466880278725e-16,4.261713156552143,7.019783022625219e-15,-1.0368182418077365e-17,-9.24153695861441e-18
753,1.2062953838748153e-15,4.258360610234634,8.163501254001042e-15,6.488158059947196e-17,2.1146328968661178e-17
754,-0.004272760123192783,4.289185012904992,9.32062118157232e-15,1.2150504836130525e-05,0.0002704222169949183
755,-1.2130004467725846e-15,4.282030248794711,9.367802611780693e-15,1.9486747408135132e-16,-3.0634683155398964e-17
756,2.6170430692211453e-16,4.273955676107156,7.630573106274569e-15,8.429290902152721e-18,2.387753025765256e-16
757,2.6155333031052457e-16,4.271490040926546,1.0252232049514941e-14,-9.831322486140959e-17,-4.3383073427925635e-17
758,0.007116164323921162,4.302224316221226,1.127680119623743e-14,3.391661512802918e-06,-0.0002787900582322386
759,-0.007116164323916362,4.302224316221212,1.0450570285195643e-14,-3.3916615122519807e-06,0.00027879005823277896
760,-0.007116164323929755,4.302224316221223,1.0410715944448898e-14,-3.3916615121933795e-06,0.000278790058233148
761,-1.2223078472901876e-15,4.314886436655206,8.853944808503221e-15,7.460124098329635e-16,7.195375480335831e-16
762,-3.1385023555371472e-15,4.314886436655201,9.056930209424083e-15,1.9993772262805187e-15,1.1323271964167048e-15
763,0.00711616432392498,4.302224316221224,1.0268325189514362e-14,3.3916615125471005e-06,-0.0002787900582324728
764,-2.8508237576854794e-16,1.0063733774271622,6.087023499134054e-14,-3.910974044320264e-16,-3.7763482961980775e-16
765,2.9503836815507163e-16,1.0415191687327585,5.903636118293014e-14,-3.7255300271228845e-16,-3.6904035185739037e-16
766,9.990674207443194e-16,1.0523026104156863,5.577400182661521e-14,-9.430808455827731e-16,-9.440865495902524e-16
767,-5.324329647267371e-16,1.0536518082983766,6.553924841901088e-14,-7.224231146172223e-16,-7.186417333043902e-16
768,4.965393682745694e-16,0.9826206075394813,5.757971398625401e-14,5.428683453888232e-16,5.433221390204461e-16
769,-2.8171321138656603e-16,0.9944798419917932,7.29133721995238e-14,1.5792271553810593e-16,1.5701725173717682e-16
770,-1.8718185732553477e-15,0.9088113564360104,7.38520771608141e-14,1.4528800390415167e-15,1.4555202407381083e-15
771,-0.0011142166354172031,0.9901448684792666,7.262465462268376e-14,1.077198468112106e-06,0.0001085271016229082
772,-0.0011142166354207177,0.9901448684792639,7.113769317945549e-14,1.0771984671267831e-06,0.00010852710162237694
773,0.0011142166354167584,0.9901448684792621,7.497371939099751e-14,-1.0771984716162475e-06,-0.00010852710162600598
774,0.0011142166354204937,0.9901448684792602,7.052297144184893e-14,-1.0771984696351933e-06,-0.00010852710162464097
775,2.596387830236651e-16,4.240223110931833,9.265368431014059e-15,-1.128302034777548e-16,-9.737350604533834e-17
776,0.0063933514274398875,4.201498831044916,9.275833893303237e-15,-1.850367495936819e-05,0.00232296754182894
777,-0.006393351427439877,4.201498831044909,9.744410423860916e-15,1.8503674959608287e-05,-0.0023229675418286492
778,1.2101940581190688e-15,4.272123376018033,1.1747246407630119e-14,-9.855184895277237e-16,-9.426672427198397e-16
779,1.190998200327337e-15,4.204359803519393,1.1178599512526353e-14,-1.4978830614839395e-16,-1.0711020981948317e-16
780,-1.1916664443070065e-15,4.206718781162092,8.089295817193852e-15,-6.699650034874818e-17,-7.049688958759395e-17
781,-1.1964528884462004e-15,4.223615476165566,1.2189345087814091e-14,9.540798236677742e-16,6.960366292833681e-16
782,2.5850245733354213e-16,4.2216655041032505,1.1390052031871727e-14,-2.1257330436668e-17,4.3524175500044337e-17
783,3.0763228117669985e-15,4.229400545724492,1.0191382028620171e-14,-1.2455736100442886e-15,-1.4406988070854516e-15
784,2.5723562028350607e-16,4.200976485017615,1.0185233360947245e-14,-4.379864433442138e-17,-2.7452062534804016e-16
785,-0.002402118171838709,4.273431707219366,8.19594662447055e-15,1.090009981919186e-06,-0.0007400089031485466
786,0.0024021181718396644,4.273431707219378,7.829817321211376e-15,-1.090009981908344e-06,0.0007400089031476892
787,1.193733134599129e-15,4.214014434159834,9.97244081485045e-15,5.796770559697291e-17,1.7588490918969777e-16
788,2.129432304780517e-15,4.214014434159811,9.380128259009201e-15,6.456699222859037e-17,4.082703040930464e-16
789,-2.4690816749728518e-14,4.231943356209481,1.0770794092492748e-14,7.883166233506322e-17,2.245992562939503e-16
790,2.8449537512106925e-14,4.231943356209455,1.0552898573135053e-14,-1.374260134943267e-16,-6.76779324856186e-16
791,-0.002402118171832069,4.273431707219371,8.366473319460443e-15,1.0900099815336437e-06,-0.000740008903147213
792,0.002402118171839676,4.273431707219399,8.507593240117044e-15,-1.0900099807792558e-06,0.0007400089031498401
793,3.408048397376299e-14,4.231057592671081,1.1005169824823052e-14,1.8261691529623814e-16,4.906184237086358e-16
794,-3.6898934508502304e-14,4.231057592671104,1.034524970579621e-14,-2.0406717765250604e-16,-7.999141984644381e-16
795,1.1959005063177808e-15,4.221665504103248,1.2081011501047691e-14,-1.2544007377420473e-16,3.589683278816362e-17
796,-0.14549297698403715,1.2338496416551434,5.584360922715403e-14,8.648719974191366e-06,-0.0006735233572909942
797,0.14549297698403652,1.2338496416551472,5.64698008481643e-14,-8.64871997616895e-06,0.0006735233572889576
798,-0.13828327476487848,1.2391438435395257,5.739273276001256e-14,1.8979629110363327e-07,-0.0013715598325324714
799,0.13828327476488006,1.23914384353952,5.661962853594928e-14,-1.8979629221212158e-07,0.0013715598325311877
800,-5.233300455964376e-16,1.0356376960291325,6.29265374369614e-14,-6.2627428268621795e-16,-6.415868935384711e-16
801,6.404914866643305e-17,1.046001977239912,6.264556989988249e-14,-9.586041270666368e-17,-1.1027013720535384e-16
802,1.1883625749490015e-15,4.195055744625968,1.0003505407739248e-14,6.04664613729928e-17,-3.522781648533578e-17
803,-2.5714838927059603e-16,4.19955189446676,1.1205426677843223e-14,2.291455227031295e-16,1.984021998163979e-16
804,-3.0946215711377787e-15,4.254558108049496,8.962414089522466e-15,-1.641956427593516e-16,-8.85386599105975e-17
805,-3.0556481120287785e-15,4.200976485017647,9.7980464343836e-15,5.954786805938847e-16,-1.9429738052486673e-16
806,-0.012778331652477565,1.1116559491505433,5.302056954655242e-14,-7.893130762708089e-07,1.8151952034216323e-05
807,0.012778331652478062,1.1116559491505436,5.267775273305631e-14,7.893130769369427e-07,-1.8151952033459984e-05
808,8.046104756038636e-16,1.1061972988003737,6.075707433739146e-14,-7.10479879780292e-16,-7.06512993894751e-16
809,1.8133902051623216e-15,1.1224637400049593,4.9764420606986815e-14,1.802860085348485e-15,1.8045550395740037e-15
810,-1.3564592162506002e-15,1.1579265051502894,5.1396169992683854e-14,9.641361808951248e-16,9.663120387027574e-16
811,-5.719282653591388e-16,1.131810558202181,4.872281671757027e-14,-5.180397127175941e-16,-5.256883539758298e-16
812,6.763356453311786e-17,1.1045399307001331,5.2533749984304815e-14,-6.887162028398162e-18,-1.1863464049904925e-17
813,2.933722825361857e-16,1.0356376960291553,5.681338953325697e-14,2.4871174320343845e-16,2.7012473611002716e-16
814,-0.06399749974732709,4.075227568402102,1.2684885278457514e-14,2.9008543332358777e-05,8.531743811429106e-05
815,0.06399749974732781,4.075227568402091,1.2591825234073606e-14,-2.9008543332396074e-05,-8.531743811467747e-05
816,0.05314633017189908,4.0980949101948445,1.2225817377701459e-14,5.1520335796208976e-05,0.0019297391960828689
817,-0.05314633017189827,4.0980949101948525,1.2566269163973128e-14,-5.1520335796361415e-05,-0.0019297391960832319
818,-0.014749648388553537,4.155132184836309,9.487714616530835e-15,-1.883024937784526e-05,-0.001106323835642417
819,0.01474964838855537,4.155132184836305,9.165440419923603e-15,1.883024937786434e-05,0.0011063238356425207
820,0.004926856559729405,4.165042269747097,7.785274738808446e-15,5.9951134500865234e-06,-6.905315646193961e-05
821,-0.004926856559727562,4.1650422697471035,7.817905404730436e-15,-5.9951134495916936e-06,6.905315646270636e-05
822,-9.930855318145983e-16,1.0460019772399267,5.267577574949847e-14,5.72973743104277e-16,5.940208177776518e-16
823,2.5628363086292403e-16,4.185429317928381,9.432862419867433e-15,9.304522092042503e-18,-2.3559431704492878e-17
824,2.562136427204398e-16,4.184286324821585,1.0296482086850077e-14,-1.665661957690859e-16,-1.862261669462003e-16
825,0.02876523017989239,1.2015886684691481,4.689100978689945e-14,1.5746780740715643e-07,8.261559030562152e-05
826,-0.02876523017989231,1.201588668469156,4.587506432579369e-14,-1.574678103345023e-07,-8.261559030844586e-05
827,-0.05551365556927018,1.2895528900467494,4.524153097591304e-14,8.583430356947502e-07,-0.0007462652424623274
828,0.022193682668943518,1.2085084663989947,4.140946281811871e-14,-4.105010664723352e-08,0.0005909090791745486
829,-0.022193682668943563,1.2085084663989971,4.065127214553635e-14,4.105010494720451e-08,-0.0005909090791763245
830,-3.514025705078802e-16,1.2404912466623899,4.4354223213793314e-14,-2.0882096979042355e-16,-2.071745080799282e-16
831,-6.144811419447535e-16,1.2160200612440182,4.165863532550728e-14,4.0938836690960233e-16,4.1055937018182694e-16
832,6.148354587795128e-16,1.21672123228035,4.495056121679427e-14,4.145640792503324e-16,4.102932759507689e-16
833,0.002163863335767764,4.140216757170884,1.0238011673303464e-14,-3.0773695422372897e-07,-0.0002782313881722081
834,-0.002163863335765927,4.1402167571708866,1.0112178679224623e-14,3.0773695433670284e-07,0.00027823138817263855
835,1.17481152192778e-15,4.147218978288181,1.2948290643415327e-14,-9.512626404130301e-16,-1.0390908810049283e-15
836,2.2976719388481047e-15,1.1155730481709698,5.0947761167561534e-14,-1.0231886952288827e-15,-1.1257271156916993e-15
837,-4.2793277528171845e-15,1.1155730481709678,4.9735335121930714e-14,1.8056845081659834e-15,1.7877409622113483e-15
838,-3.128906970693528e-16,1.1045399307001416,4.73474492417105e-14,-2.847182667582715e-16,-2.927345865710862e-16
839,-1.1823051006635614e-15,4.173672167900531,8.636593061054027e-15,-5.885245041370155e-17,1.4153209266630013e-16
840,-2.5613306867987754e-16,4.182970450879508,1.2405476526715194e-14,1.1825078941001424e-16,-2.67513846514294e-16
841,3.0414693522537084e-15,4.181483194488773,7.034689506815834e-15,1.5274496480002542e-16,-2.9784913798794484e-16
842,6.945164717007134e-17,1.134231473408109,4.697975931401781e-14,6.1638587571695436e-18,-8.809142651444724e-18
843,3.2130162657651004e-16,1.1342314734081054,4.695822902235981e-14,1.773483703643164e-16,2.3093506273941244e-17
844,1.1846169489440117e-15,4.18183325662383,8.254602941194324e-15,-4.324018492438478e-17,6.941540881867398e-18
845,-2.1177525510512132e-15,4.190900926070249,8.07967558576621e-15,-6.593304461427474e-17,-9.154732093924478e-17
846,2.5661867023278103e-16,4.190900926070259,7.99328360363533e-15,1.5429552167184335e-17,-1.3962152289360985e-16
847,-2.106991604356034e-15,4.169605680104032,1.0106491141526247e-14,7.898793991383164e-17,1.514494909690689e-18
848,2.1069916043560434e-15,4.169605680104051,1.0246844879167132e-14,-7.877575816054444e-17,1.2868209237982056e-16
849,-2.55580816440329e-16,4.173951487372103,9.21488981540672e-15,-4.118274189550408e-18,-8.547578877332596e-17
850,-4.8895978613892125e-15,4.173951487372066,9.091228272169958e-15,-1.0495077029659683e-16,-8.382373571300117e-16
851,-3.6674499000484066e-16,1.2946517414507313,4.493564355424127e-14,1.6135982520556947e-16,1.6176369768819955e-16
852,-1.2397173348069946e-15,1.3057755267638131,3.325634330169033e-14,1.2039489963235697e-15,1.2044144040630091e-15
853,6.6509396833073315e-16,1.316179704950619,3.7961038156883797e-14,3.6660483753517964e-16,3.637002548130411e-16
854,-0.05551365556927601,1.2895528900467381,3.841078856304215e-14,8.583430329087843e-07,-0.0007462652424649122
855,0.055513655569272596,1.2895528900467454,4.441083529766029e-14,-8.583430377868267e-07,0.0007462652424601833
856,0.055513655569275185,1.2895528900467457,3.7795773420112745e-14,-8.58343032867151e-07,0.0007462652424652765
857,0.01023040266712612,1.2227250230939568,4.8090180492188525e-14,3.5052735967988635e-07,5.204403609050147e-05
858,0.010230402667137367,1.2227250230939382,3.9391801029506863e-14,3.5052735819496306e-07,5.204403608926114e-05
859,-8.735535349038655e-16,1.2009818290557859,4.199342031651142e-14,7.214493650884432e-16,7.207217255296484e-16
860,-0.010230402667126947,1.2227250230939584,4.791139414971897e-14,-3.5052736011703667e-07,-5.2044036090693156e-05
861,-0.010230402667138783,1.222725023093945,3.8594375305658216e-14,-3.505273604015313e-07,-5.2044036091377505e-05
862,-1.4068966064135256e-15,1.20098182905578,3.762014016531464e-14,1.1857783635202401e-15,1.1495259886524665e-15
863,5.827384515590919e-15,4.18183325662378,8.76457023374395e-15,-2.2301869281437375e-16,3.804140374358126e-16
864,2.0534352982421463e-15,4.063621072611443,8.539368864796422e-15,-4.076749062987474e-16,-4.0256934114696256e-16
865,0.010889103090673846,4.079064420207906,9.335780088768811e-15,3.2020361372270007e-06,6.796310528863229e-05
866,-0.010889103090672949,4.079064420207909,9.04399888435627e-15,-3.2020361373624176e-06,-6.796310528869864e-05
867,0.006626153093384935,4.110886357972372,6.9329402198733596e-15,-4.596924386929789e-06,-0.0005460301200004171
868,-0.006626153093384015,4.110886357972367,6.888891478769164e-15,4.596924386801853e-06,0.0005460301200002632
869,2.080547993762612e-15,4.117275415140072,8.632506689470083e-15,1.3011916064509494e-16,2.240403302756439e-16
870,2.49387648168126e-16,4.072809373964141,7.020151686765724e-15,1.4993715556632773e-17,-5.496737255988619e-18
871,-1.1674181563257138e-15,4.121119552494332,8.571450899137146e-15,-6.152898521042906e-17,1.758045696651871e-17
872,1.1589620630095405e-15,4.09126857637736,1.1561756544900676e-14,8.149334112016923e-17,2.964710195220683e-18
873,-2.5137308172917405e-16,4.105233964669483,8.187766558099573e-15,-1.1789806687939855e-17,-7.806938176945733e-17
874,1.1551184915374463e-15,4.077700329679099,8.913941858447344e-15,-4.980171568452045e-16,-2.360814684190915e-16
875,1.1751434048430117e-15,4.148390562920207,1.068497360906399e-14,5.1488591764747155e-17,4.575485633819334e-16
876,-2.096271148461382e-15,4.148390562920256,1.1226681517858687e-14,-9.475588174344407e-17,-7.256632903081262e-16
877,1.1616634384519847e-15,4.100804740513717,1.0942667996176006e-14,-6.490153293174145e-16,-6.008841146295571e-17
878,2.5269699804948796e-16,4.126855158980131,8.477276598935942e-15,1.1834459788906366e-17,9.959069452117364e-17
879,-2.5269699804948914e-16,4.126855158980151,9.332037451210082e-15,-2.7923288139185265e-17,-8.71736663160972e-17
880,0.0007003285938280135,4.143604050640167,7.703140233211329e-15,-1.7473256500684028e-06,0.00025328703450066127
881,0.0007003285937783362,4.143604050640203,1.0233999621887973e-14,-1.7473256501859304e-06,0.00025328703448753744
882,-0.000700328593830773,4.143604050640162,7.747078139994329e-15,1.7473256499588984e-06,-0.0002532870345021409
883,-0.0007003285937774081,4.143604050640155,1.0137652002802685e-14,1.747325649318135e-06,-0.0002532870344799249
884,-2.064962878614508e-15,4.086433439067523,9.177779784821097e-15,5.456017189246596e-16,5.973613446238529e-16
885,-1.1668953175293195e-15,4.119273871771493,1.0025920319456705e-14,6.950074738810985e-17,-5.1906179007743525e-18
886,-1.1668953175293223e-15,4.119273871771503,1.0769302105844739e-14,8.282351685723593e-17,5.207918548722022e-16
887,1.1628061733884814e-15,4.104838725478399,9.467416135804006e-15,4.7173594173196935e-17,5.529325200557666e-17
888,1.160634030617803e-15,4.097170813175899,9.262506008352254e-15,-3.284968205299752e-16,7.319790061908706e-17
889,-1.1606340306177997e-15,4.097170813175888,9.537617330092007e-15,3.3810844748960456e-16,-1.0309678458164662e-15
890,-0.0030067410118143566,4.083337191937445,6.9958434947434576e-15,-1.0350046607983648e-06,1.0876163288552664e-05
891,0.0030067410118134515,4.083337191937447,6.855913803868452e-15,1.0350046608241688e-06,-1.0876163288643209e-05
892,-0.0030067410118243035,4.083337191937408,6.918949678538281e-15,-1.035004658839862e-06,1.0876163290300303e-05
893,0.003006741011825237,4.083337191937445,7.073489146595936e-15,1.0350046605218932e-06,-1.087616328903298e-05
894,2.985720759548119e-15,4.104838725478396,9.385451361682543e-15,1.8819039208917143e-16,-5.611152818427168e-16
895,3.8137985626166984e-16,1.3463144924130617,2.7704778400036284e-14,2.1546855696644105e-16,2.1390990727902966e-16
896,3.8271238813709785e-16,1.3510184822699884,3.482795520135419e-14,-3.829631996185835e-16,-3.8797846757513454e-16
897,2.0012932113848197e-15,3.9604351172980445,8.61634746357842e-15,1.2798865519289883e-16,3.864889166139527e-16
898,-2.453642741332856e-16,4.00710268959373,1.0824026124316296e-14,1.0726014320418681e-16,-1.3155903705866653e-16
899,-1.137696189521169e-15,4.016197611822868,8.431960775679455e-15,-6.520055309747591e-17,-6.833423793406188e-17
900,-0.005355203309223515,4.019455598226252,1.2254706951790534e-14,-9.279265739309955e-06,-0.0010895848314824283
901,-2.4816266515321916e-16,4.052803883144098,9.953180978204279e-15,-9.059307584786888e-18,4.390226962316269e-17
902,2.482671898710468e-16,4.054510901329266,1.1873344951579563e-14,-3.0840517585702864e-17,-2.854951802344559e-16
903,-0.14897300083965462,1.505352954861228,4.2482689213855945e-14,4.525527891201904e-06,-0.0010709710760115898
904,0.14897300083965254,1.5053529548612308,4.20035752189296e-14,-4.525527891221636e-06,0.001070971076011601
905,0.1489730008396609,1.5053529548612403,3.366400848729498e-14,-4.525527890974113e-06,0.0010709710760119211
906,-0.14897300083965948,1.505352954861243,3.349603859592074e-14,4.525527891139616e-06,-0.0010709710760118405
907,0.01098169000712824,1.383132471701618,3.372479146812918e-14,-3.3965610502992294e-07,0.00025785968717578767
908,-0.010981690007127943,1.3831324717016193,3.409568394430215e-14,3.39656105173905e-07,-0.00025785968717562807
909,6.931416027439508e-16,1.3716842335500943,3.0198374985668583e-14,-4.913920086128246e-16,-4.996307051015219e-16
910,0.006022567838612322,1.338456512601961,3.3496136489319644e-14,2.017857815041213e-08,6.671853070651466e-05
911,0.006022567838610021,1.3384565126019778,3.4036957665306795e-14,2.0178572217657842e-08,6.671853070044052e-05
912,-0.0060225678386146946,1.3384565126019596,3.3522539853022215e-14,-2.0178577989082846e-08,-6.671853070630823e-05
913,-0.006022567838609159,1.3384565126019845,3.388722076172799e-14,-2.017857005098822e-08,-6.67185306982912e-05
914,0.005355203309222605,4.019455598226239,1.2303516764182323e-14,9.279265739699834e-06,0.001089584831482488
915,-0.006442418034278839,4.0343445213964495,9.682465744117648e-15,8.712788402690484e-06,0.0007341795864794806
916,0.006442418034283323,4.034344521396452,9.760352484298174e-15,-8.712788402612422e-06,-0.000734179586479573
917,-2.9306049331101853e-15,4.029064198330914,1.096537512676249e-14,1.9417625786752274e-15,3.4964162234865558e-15
918,-2.4720533556084685e-16,4.037169504431168,8.196538855211189e-15,2.2469218342672156e-18,-1.508458139158748e-15
919,2.0471564959432494e-15,4.051195712360549,8.316066346259003e-15,1.239037420154564e-16,5.881161277005309e-17
920,1.145139638639085e-15,4.042473838153274,1.0585515879695086e-14,-7.036248678274649e-16,-7.505839474379422e-16
921,3.9748735824407496e-16,1.4031758158401837,3.285671678552615e-14,1.929648820164472e-16,1.921674981942995e-16
922,1.3347436492529817e-15,1.4058653071664162,3.0340865023755513e-14,5.805392083727929e-16,5.927064798668704e-16
923,-0.004598646437076404,1.4383048613728253,3.239892532322627e-14,1.3666840825710125e-08,-0.0001278679600971392
924,-2.854066471896372e-15,1.3857155061623811,3.425995316751196e-14,-3.7443514949849974e-16,-4.463993598648007e-16
925,3.925412550618372e-16,1.3857155061623485,3.319884990348516e-14,4.547211674039986e-17,4.409801754171657e-17
926,3.784407458285596e-15,1.3883822889353474,3.409417322008087e-14,-5.572108834723481e-16,-4.878348294256775e-16
927,1.93471067729631e-15,1.3883822889354,3.3500179036870584e-14,-3.0038668221658155e-16,-2.8208130099223615e-16
928,-2.4320695471394766e-16,3.971870989795226,1.0014780952578845e-14,3.8819533297411017e-17,-4.4102671078659193e-17
929,1.1290236706995138e-15,3.9855826289295178,8.40231053472935e-15,6.405712940260641e-17,-5.868073976569082e-17
930,-1.126928585284837e-15,3.978186737902994,8.055148466692504e-15,-7.38291021862804e-17,-1.1500092052209322e-16
931,0.00041277988415432034,4.057010386119691,8.171402963919655e-15,2.1250174090915947e-07,4.3000783717616806e-05
932,0.00041277988416874186,4.057010386119771,8.384184029832816e-15,2.1250173968243892e-07,4.300078371876389e-05
933,-2.455487394890033e-16,4.010115237470329,1.0328732694077107e-14,4.2683697512928504e-17,3.5504259486890855e-17
934,-2.026397646704906e-15,4.010115237470345,1.0213706988859645e-14,3.6017196169968457e-16,4.4189370045077947e-16
935,0.003463715491880283,4.024392023278061,9.147006004959938e-15,-2.7740467050279584e-06,-0.00048520114765910065
936,-0.00041277988415703106,4.057010386119772,8.004241311962608e-15,-2.1250173960497267e-07,-4.300078371687966e-05
937,-0.0004127798841732382,4.057010386119694,8.070662309973418e-15,-2.1250174090579844e-07,-4.300078371867054e-05
938,-0.00346371549188117,4.024392023278053,9.079454347570171e-15,2.774046705225283e-06,0.0004852011476597657
939,-0.0034637154918847526,4.024392023278063,8.833310772563007e-15,2.7740467053460633e-06,0.00048520114766197465
940,0.0034637154918874266,4.024392023278055,9.534879823189742e-15,-2.774046704981121e-06,-0.000485201147661814
941,-2.475083237418924e-16,4.042117676937012,9.132692109810425e-15,3.8539999100070665e-17,1.9152431376956436e-16
942,-3.837630014285724e-15,4.042117676936987,9.301499027144846e-15,3.7767505052174744e-16,1.6575418338229952e-16
943,2.933726259188516e-15,4.033355470419975,9.842218622514138e-15,1.0605395130105675e-16,4.466428884545812e-17
944,2.0381414372368977e-15,4.0333554704199726,9.602444695504343e-15,6.346140247418669e-17,-1.1680285234127303e-16
945,7.611030085409756e-16,1.5061756397110302,2.944362142340492e-14,3.6018557734040333e-16,3.606941647787652e-16
946,-4.114712443034568e-16,1.4525405322846765,3.118617763598614e-14,2.200662791372772e-16,2.140598297809039e-16
947,0.004598646437076071,1.4383048613728209,3.213030239329341e-14,-1.3666842338388996e-08,0.000127867960095581
948,-4.0699660096912344e-16,1.4367445297678074,3.102624777216884e-14,2.4398450445811685e-16,2.3752927077929e-16
949,8.873698799972439e-17,1.4491849905051242,2.7384209096695274e-14,2.625173914056185e-17,2.6083890897830908e-17
950,4.055608022563626e-16,1.4316759961695054,3.004719793177395e-14,1.9867793052560055e-16,2.0700468791358395e-16
951,1.3592485951067011e-15,1.4316759961695193,2.756838320495255e-14,7.388808159335559e-16,7.326428417935016e-16
952,-7.294690575930215e-16,1.44357401316253,3.130802889761417e-14,4.54901638361323e-16,4.514063039649189e-16
953,-7.294690575930131e-16,1.4435740131625134,2.975491959307736e-14,4.1329109188789626e-16,4.091922994561327e-16
954,-0.004159851768146562,3.87922370163858,7.83198631548638e-15,1.2350486341338677e-06,0.00041751423872484405
955,0.005779418205767674,3.900859438137871,8.923437781189068e-15,-4.538855997335625e-06,-7.638333616546717e-05
956,-0.005779418205769398,3.900859438137865,8.517950518412906e-15,4.53885599744101e-06,7.638333616560118e-05
957,-4.567533609497236e-15,3.8990248775931677,8.117698970148377e-15,-1.8349135537179813e-16,-1.0458731111037762e-16
958,-1.9779350283400075e-15,3.914210722051664,1.2383052819881558e-14,3.22016789227393e-16,-2.0348367335428394e-16
959,1.1085169502369222e-15,3.913191561343326,1.0933853880571374e-14,7.834638449319418e-17,-8.870791038366275e-17
960,-0.008320024729183384,3.929895736243395,1.1776563727206334e-14,1.4096464175379457e-06,0.001856031607668467
961,0.008320024729183369,3.9298957362433873,1.1631687119257815e-14,-1.409646416966788e-06,-0.0018560316076674799
962,-1.98875042101312e-15,3.935613713230714,9.727461822351059e-15,1.0357315005886662e-15,1.6093623837769088e-16
963,-2.4135357558820734e-16,3.9416030116805447,8.76613960125355e-15,-1.0964492905657289e-17,2.625811090204172e-16
964,-1.1258573914748392e-15,3.9744053012935217,1.1166263428233965e-14,4.796583408844417e-16,4.969780406605365e-16
965,1.1268988264220125e-15,3.978081685715154,7.897269923414538e-15,6.544303388293902e-17,-2.3989825097783898e-17
966,0.005449365972517837,3.973427518442185,8.572506482062128e-15,-1.2223850842504533e-06,-0.0007774610963112074
967,0.005449365972528416,3.973427518442178,8.885587580973867e-15,-1.222385085533715e-06,-0.000777461096314895
968,-0.005449365972516062,3.973427518442177,8.7465419675963e-15,1.222385084566173e-06,0.0007774610963120058
969,-0.005449365972528435,3.973427518442192,9.139809902580238e-15,1.2223850853316197e-06,0.0007774610963132696
970,0.000642407809862502,3.939504860521132,1.0205321004532979e-14,-2.0824994843687264e-06,-0.00023775191684302318
971,0.0006424078098178891,3.9395048605211263,1.0178527078224434e-14,-2.0824994842251238e-06,-0.000237751916826557
972,-2.0102104026861573e-15,3.9780816857151953,8.982395766354963e-15,-1.0202342443088597e-16,-1.6127507315721878e-17
973,-0.0006424078098668707,3.939504860521101,9.62499495752846e-15,2.0824994849231874e-06,0.00023775191684648092
974,-0.0006424078098143857,3.939504860521099,1.017006595264501e-14,2.082499484705805e-06,0.00023775191682685643
975,-0.13697775195344722,1.737936582062977,3.383219186664454e-14,-6.833389807833941e-06,-0.0006954761735500613
976,0.13697775195344625,1.737936582062979,3.358580197925275e-14,6.833389807816594e-06,0.0006954761735498312
977,-9.345469294686784e-17,1.5262309591946777,2.6393892531506787e-14,-5.711033209429534e-17,-5.854057716566512e-17
978,0.02804321402078451,3.8471564972960777,1.2478871988551772e-14,-1.821054966400209e-05,0.0019135647276093237
979,0.004159851768143116,3.8792237016385793,7.805577951067764e-15,-1.2350486340976553e-06,-0.0004175142387247452
980,-0.14548310741071457,1.7410302039982175,2.9193034004986146e-14,-6.179858496553614e-06,-0.001080819939893039
981,0.14548310741071294,1.7410302039982168,2.8993760418226596e-14,6.179858496846782e-06,0.0010808199398933279
982,-0.0148086656675129,1.5619143162191655,2.8275896442029806e-14,-7.187443403534888e-07,-0.00021211034071713414
983,0.014808665667514617,1.5619143162191638,2.8301952439940354e-14,7.187443407385974e-07,0.00021211034071774888
984,-0.011841516869279886,1.5556676876253916,2.397559955272138e-14,1.412245314875299e-07,0.000158777030117737
985,0.011841516869278512,1.5556676876253925,2.4017703460788992e-14,-1.4122453077282382e-07,-0.00015877703011717842
986,-0.0047041863867655015,1.5364943930471315,2.2705969925091575e-14,1.9751364953302097e-10,-0.00044092067661234756
987,0.004704186386765507,1.536494393047133,2.2915431677108093e-14,-1.9751550915658722e-10,0.0004409206766104749
988,-4.395329210380484e-16,1.5516014592028247,2.376320013529036e-14,2.1752462075622986e-16,2.1534171302981107e-16
989,7.71904741965092e-16,1.527551600083654,2.5708092282333095e-14,3.0217258004833456e-16,3.0671628232590773e-16
990,9.434931520075536e-17,1.5408412493536099,2.950407522769638e-14,-1.0270821748151657e-16,-3.897566354817377e-17
991,1.9654634557727795e-15,3.889530253601465,8.476706799280946e-15,-2.0964771407938451e-16,-2.5662199516697706e-16
992,0.01027609305082464,3.9111522572096824,9.92429829288737e-15,9.839557108849706e-07,0.0002621881781450196
993,-0.010276093050826371,3.91115225720968,1.001780480673399e-14,-9.839557113208199e-07,-0.00026218817814561675
994,-0.010276093050831587,3.9111522572096824,9.85237877057397e-15,-9.83955710317716e-07,-0.00026218817814505123
995,0.042316024414690914,1.6518806376884936,2.735435788179394e-14,1.8330467375926585e-07,-3.4587025982350805e-05
996,-0.04231602441469062,1.6518806376884967,2.7074405182697277e-14,-1.8330467468907763e-07,3.4587025981348135e-05
997,-0.09744714678990905,3.743381326986677,1.526532532306018e-14,-2.3197381352899104e-05,-0.0026277866917402293
998,0.09744714678990908,3.743381326986678,1.5227680727457225e-14,2.3197381352626535e-05,0.00262778669173997
999,0.0974471467899167,3.743381326986683,1.44737326163474e-14,2.3197381352647135e-05,0.002627786691739904
1000,-0.09744714678991685,3.7433813269866887,1.4092131021956144e-14,-2.3197381352275687e-05,-0.0026277866917398616
1001,0.008591311376393525,1.5872931344604932,2.374421608594e-14,1.0718014835722767e-07,-0.00014612901008136656
1002,-0.008591311376392826,1.5872931344604944,2.4064169032212524e-14,-1.071801485922827e-07,0.00014612901008105974
1003,-1.1534271555408941e-15,1.5857586279432336,2.3575129591979123e-14,1.092129600821598e-15,1.0760112895601147e-15
1004,9.716503466528186e-17,1.5868254378802433,2.0267348068160156e-14,4.621505930779752e-17,4.190806292476105e-17
1005,-0.028043214020782765,3.847156497296073,1.1896471554657565e-14,1.8210549664002956e-05,-0.001913564727609278
1006,9.434931520075523e-17,1.540841249353608,2.3994033162379432e-14,-1.6897290858186587e-16,-2.0162772276441365e-16
1007,-0.013713985561609835,3.8180259131469048,1.040249088776863e-14,-8.38094060489139e-06,-0.0007116087372568969
1008,0.013713985561608974,3.8180259131469017,1.0655308017548283e-14,8.380940604959045e-06,0.000711608737257112
1009,9.488122161726104e-17,1.5495279403550646,2.475218877149734e-14,-1.0143817760389245e-16,-1.31879961047422e-16
1010,-4.3894554095369697e-16,1.549527940355058,2.175575178477382e-14,5.772021315769704e-17,5.267528492385043e-17
1011,-0.00651980217371034,3.879086696307629,8.718083206287052e-15,7.28520556150103e-07,8.15944859888795e-05
1012,2.3662922556160704e-16,3.8644485206078607,9.940642654808674e-15,1.4578888621717348e-17,9.482908794614006e-18
1013,1.0891092479963684e-15,3.844680153722029,9.274476207009974e-15,6.4205695746688e-17,2.2265073472133025e-16
1014,-0.002111133193391453,3.8556348880437703,1.0964176993341257e-14,-1.554334730141302e-05,0.0015783228956163075
1015,0.002111133193390595,3.8556348880437668,1.0764615515686504e-14,1.5543347301323574e-05,-0.0015783228956170394
1016,-2.3618493838782713e-16,3.8571927604313063,1.358429742622626e-14,1.2808189962152796e-16,1.4124168508635177e-16
1017,-0.010416337308805845,1.576696637883213,2.703306781583977e-14,5.142320196951933e-07,-0.00035635678691002363
1018,-0.01041633730881215,1.5766966378832135,2.3000672494280233e-14,5.142320214802237e-07,-0.0003563567869084303
1019,0.010416337308805878,1.576696637883218,2.785415221819578e-14,-5.142320204515327e-07,0.0003563567869094616
1020,0.010416337308807987,1.5766966378832192,2.4857273364274707e-14,-5.142320224828939e-07,0.00035635678690722726
1021,1.951662101307324e-15,3.862218229266237,1.3234049326338531e-14,-8.956263160022022e-16,-9.254007365343716e-16
1022,1.0882924651450762e-15,3.8417968168813577,8.435832489130671e-15,7.839844181451472e-17,1.8795307855731576e-16
1023,-2.360004227128029e-16,3.854179390778069,9.10614913635156e-15,1.3770456822840597e-16,1.7051445081308098e-16
1024,0.006519802173711188,3.8790866963076205,8.454803160904746e-15,-7.28520556054883e-07,-8.159448598882312e-05
1025,0.00651980217371123,3.879086696307646,9.308596916107186e-15,-7.285205564334322e-07,-8.159448598974036e-05
1026,9.353555887874322e-17,1.5275516000836538,2.591405725195317e-14,3.8760227666356784e-17,2.234811728035746e-17
1027,8.38110907161004e-16,1.6585694939794162,2.092639609431451e-14,3.982537032309549e-16,4.0575026806985797e-16
1028,1.9376191718099122e-15,1.6540273154158365,2.0830118765393646e-14,-1.69566816964068e-15,-1.702911946414835e-15
1029,-4.470595492399725e-16,1.578171317208914,2.071370155251497e-14,-2.1307283194771376e-16,-2.7374071976185577e-16
1030,-1.4983328291409834e-15,1.5781713172089165,2.2349926178133336e-14,-6.452561466911699e-16,-6.366680796389586e-16
1031,-0.0037846489631702864,1.6513830784388108,2.3199317302025837e-14,2.161227272493016e-08,-0.00013822343937635456
1032,0.0037846489631724873,1.6513830784388113,2.2813027719257433e-14,-2.161227321412218e-08,0.0001382234393759417
1033,0.0037846489631728586,1.6513830784388133,2.2300183612534083e-14,-2.1612273221061074e-08,0.00013822343937573353
1034,-0.0037846489631765167,1.6513830784388095,2.1664673653330835e-14,2.1612275222931965e-08,-0.00013822343937390513
1035,0.010276093050829854,3.9111522572096837,9.822144319198235e-15,9.83955710245725e-07,0.0002621881781448101
1036,-0.006519802173712104,3.879086696307653,9.366138779901665e-15,7.285205570002531e-07,8.159448599071722e-05
1037,0.011570537505896974,3.7528048220424166,9.526812976327926e-15,-7.405446083037087e-07,0.00041813218053590034
1038,-0.011570537505896926,3.752804822042401,9.848396320048458e-15,7.405446089639878e-07,-0.0004181321805352897
1039,0.004044202397469397,3.818921422501891,7.282453071973473e-15,-8.977495743025046e-08,0.00022814993811334783
1040,-0.004044202397471942,3.8189214225018913,7.058572690045592e-15,8.977495755298215e-08,-0.000228149938113386
1041,1.0940341383232878e-15,3.8620655795955106,1.2612933626077594e-14,-7.267678212713458e-16,-1.3510717609792333e-15
1042,-2.3414511027125565e-16,3.8238798392202,9.442755684922228e-15,-3.2638664809049333e-18,1.721049896691224e-17
1043,-1.0940341383232882e-15,3.862065579595512,1.3654580549883037e-14,6.561320497339151e-16,7.246197457171089e-16
1044,0.008511262700503064,3.7741925028437806,7.854051325610782e-15,1.1987515716679084e-06,0.0010101089339823073
1045,-0.008511262700503884,3.7741925028437726,7.884087736263453e-15,-1.1987515721360669e-06,-0.0010101089339828555
1046,1.0914921830582697e-15,3.853092186910577,8.99618477237518e-15,-2.304302311028489e-16,-4.886973529842631e-16
1047,2.3593385067598587e-16,3.8530921869105805,8.117026793815569e-15,-6.335128819104363e-17,-1.802655518346602e-16
1048,-0.004791862573593161,3.77511082622186,7.163917379845878e-15,4.654259460602512e-06,-0.0004883557752476493
1049,0.004791862573591492,3.7751108262218662,7.399296543117451e-15,-4.654259460398248e-06,0.0004883557752479051
1050,-1.0865118511535592e-15,3.835511045929344,8.183134943681518e-15,-8.118726096137743e-17,-2.490592384700495e-16
1051,2.352938570913114e-16,3.842640298494752,7.333164324448193e-15,1.5832739850077382e-17,-1.0221993607464896e-17
1052,1.941768950987848e-15,3.842640298494739,7.323658914114607e-15,1.0901314031162845e-16,-1.0958996974870863e-15
1053,-2.348573162745826e-16,3.835511045929315,9.423258372605418e-15,-1.529656799446541e-17,4.91048716445841e-16
1054,-2.320740535517023e-16,3.79005691621913,7.872431908381994e-15,5.1638729947851185e-17,1.2849002612562182e-16
1055,2.3241674773452877e-16,3.7956535369438167,9.202312019907108e-15,-1.235653115635732e-16,1.783436261664111e-17
1056,2.775228663290949e-15,3.815449268892266,8.582311475081788e-15,1.6318649233820427e-16,3.6742749537899343e-16
1057,2.3142884254077026e-16,3.779519820766282,1.1372044675005189e-14,-1.1797292197318103e-16,-2.120643210931744e-16
1058,3.588111558700335e-15,3.7793036598771783,1.2060050431977261e-14,-1.738872354373405e-15,-9.557909991833096e-16
1059,-2.7752286632909445e-15,3.815449268892259,8.461841683453828e-15,-1.5033797198403445e-16,-3.7380199237042715e-16
1060,-1.9324863768345227e-15,3.824270660079629,1.1676175071271394e-14,7.413706692820099e-16,6.891976748958813e-16
1061,-2.3416904114698107e-16,3.824270660079603,1.1261485305184343e-14,1.3065483211397583e-16,2.1945776630411667e-17
1062,-1.0713732422232655e-15,3.782070025741208,9.105497092522528e-15,1.6895257979113176e-16,8.133887985893595e-17
1063,0.004115841336618326,3.7953871276167885,8.82776371312919e-15,-1.4469533474604362e-07,-0.00033737276344610045
1064,0.004115841336604829,3.7953871276167765,8.612641066881398e-15,-1.44695333994041e-07,-0.00033737276344737634
1065,1.917925798769632e-15,3.795456179338724,8.640217632080239e-15,1.0280947100593796e-16,4.566185212058482e-17
1066,-1.0751652309180928e-15,3.7954561793387116,9.129160558496295e-15,-6.441516157279503e-17,3.5864323663648e-15
1067,-0.004115841336614952,3.795387127616786,8.480027656568009e-15,1.4469533478908645e-07,0.0003373727634451082
1068,-0.004115841336600612,3.7953871276167734,8.263240713092893e-15,1.4469533374077137e-07,0.0003373727634470216
1069,1.071373242223272e-15,3.782070025741231,9.535701577229444e-15,-1.615715346887578e-16,-6.82112244292099e-16
1070,8.556763022845726e-16,1.69333032127891,1.768169930630896e-14,3.0313244960646486e-16,3.0981535744654375e-16
1071,0.0037787922258115405,1.6959511370268394,2.214991035490572e-14,1.595829547066524e-08,0.00010736237809385582
1072,-0.0037787922258122933,1.6959511370268394,2.20519821782349e-14,-1.59582954602569e-08,-0.00010736237809389951
1073,-4.812602093131092e-16,1.6989035571281736,2.0851206538053433e-14,4.872742555916099e-16,4.841428033161191e-16
1074,-4.858547829365973e-16,1.7151229272763355,2.255171576493906e-14,-1.3531095326742822e-16,-1.3771510966130848e-16
1075,1.0481867375381694e-15,3.7002190134933817,1.0274029269763983e-14,2.687144006482762e-17,-1.9901730218620155e-16
1076,-0.006307716952311859,3.744901364076211,7.89851599748414e-15,-1.0195028059262548e-05,-0.00045444948735001494
1077,0.0063077169523052205,3.744901364076219,7.966187924766725e-15,1.0195028059005809e-05,0.00045444948734958864
1078,1.0615300734847192e-15,3.7473225148111085,7.83547185671434e-15,6.39839606302604e-17,4.9092684201712586e-17
1079,-1.066185408513807e-15,3.763756379667356,6.647390958920308e-15,-5.79809584325977e-17,-8.52606573666622e-17
1080,1.066117070340568e-15,3.7635151381033185,7.235903588713655e-15,6.271998970174142e-17,1.6500067419974261e-16
1081,0.14780041895871043,1.9653177149092078,2.8146382342795303e-14,6.489014302382776e-06,0.0010018747735702042
1082,-0.14780041895871318,1.9653177149092151,2.7550708284662552e-14,-6.489014301941506e-06,-0.0010018747735699668
1083,0.14780041895870233,1.9653177149092225,2.2826695378848456e-14,6.489014306601841e-06,0.0010018747735744977
1084,-0.14780041895870272,1.9653177149092278,2.3233885409628827e-14,-6.489014307363818e-06,-0.0010018747735752436
1085,-5.420701030577052e-16,1.9135694339076654,1.8481583113546303e-14,2.4053844303037825e-16,2.091980388096887e-16
1086,-4.890740403879657e-16,1.726487274109096,1.6532753370910546e-14,-1.9042902299038355e-16,-1.8094260740480506e-16
1087,0.012968921006745326,1.7973699698521288,2.399682180072917e-14,6.61634375900659e-07,0.0001910867335443659
1088,-0.012968921006744929,1.797369969852129,2.3810085693225104e-14,-6.616343761730106e-07,-0.00019108673354465778
1089,-2.9139749379763984e-15,1.8037106398007297,1.8262694883571483e-14,-8.982592963603463e-16,-9.308722483253399e-16
1090,5.188385978823789e-16,1.831559564784816,1.8310198369142247e-14,-2.51983325424985e-16,-2.3078586778463995e-16
1091,-5.149027581918257e-16,1.817665600727179,1.9980132777998198e-14,3.512753959978703e-16,3.4587063404971904e-16
1092,-0.0032882844849690543,1.7045253749615243,1.889575934698524e-14,7.821901265797973e-08,-0.00010597770055211517
1093,0.003288284484971333,1.7045253749615283,1.8911642129455857e-14,-7.821901187692049e-08,0.00010597770055273078
1094,-0.0032882844849739805,1.7045253749615275,1.7346942981334158e-14,7.821901309252796e-08,-0.00010597770055178037
1095,0.0032882844849736015,1.7045253749615272,1.7843949096568302e-14,-7.821901296372474e-08,0.00010597770055178731
1096,1.0500030568224235e-15,3.70663082821063,7.621864487811157e-15,9.374972282807716e-17,1.0147022949294837e-16
1097,2.276009881079028e-16,3.7170062138139333,1.0624110453104847e-14,-3.26126821621761e-17,-5.841420912756587e-16
1098,-3.531157207359864e-15,3.719314502643467,9.260442583219031e-15,3.6452503382380004e-16,1.2901819717081667e-15
1099,-1.0581270947150382e-15,3.73530961072146,9.635730000297089e-15,5.878428283368545e-16,4.509281299977462e-16
1100,0.00376445021914537,3.749716988518115,8.721790940861153e-15,6.906334412544414e-07,8.611792728877347e-05
1101,-1.0656782510846588e-15,3.761966055963608,6.239946406391924e-15,-5.449397054072382e-17,-1.6884437133212003e-17
1102,-0.003764450219145378,3.749716988518123,8.907814533422619e-15,-6.906334411246082e-07,-8.611792728867177e-05
1103,-0.0037644502191495647,3.7497169885181467,9.19967167206856e-15,-6.906334424093877e-07,-8.611792728967097e-05
1104,-3.571651050998142e-15,3.76196605596364,8.896242169321043e-15,-2.0191444341705923e-16,-7.317094114856273e-17
1105,1.070038384715515e-15,3.777357826136314,9.765002462139173e-15,-3.460976622481071e-16,-4.058575307427925e-16
1106,2.312964585506034e-16,3.7773578261363356,1.117236811124625e-14,-1.1288916307826413e-16,2.0621525320674294e-15
1107,1.3548519979907154e-15,1.8626822119446216,1.8428577430098455e-14,4.267345273403096e-16,4.4345140298476546e-16
1108,5.34128497034361e-16,1.8855346567511937,1.5203376358525766e-14,1.6292114585146612e-16,1.6300717615631946e-16
1109,-0.032075457609840534,1.8322145101825706,2.0643630041984188e-14,-4.128813942362239e-07,-0.0006151258936339832
1110,-0.03207545760984494,1.8322145101825666,1.8440235240006964e-14,-4.1288139330381e-07,-0.0006151258936332345
1111,0.0320754576098394,1.832214510182576,2.0930901919558734e-14,4.12881394646486e-07,0.0006151258936345762
1112,0.03207545760984318,1.832214510182559,1.8875658454338818e-14,4.1288139371840893e-07,0.000615125893633634
1113,-0.008638749643310215,3.6603308727503605,1.0330247897300032e-14,-1.0420667477220764e-06,0.0006636815992949188
1114,0.008638749643312705,3.6603308727503823,1.069094338135893e-14,1.0420667472723494e-06,-0.0006636815992989672
1115,1.0460969131240587e-15,3.6928416944003,7.24966280007929e-15,7.171130420571281e-17,-3.6291905760331974e-16
1116,-2.2460242473513305e-16,3.668035957657506,1.053239409048782e-14,-2.117819552437449e-17,-7.841964391456942e-17
1117,-2.2520556043092437e-16,3.67788591106793,8.540240330913477e-15,-1.7972946444716348e-17,-1.5182082273049788e-16
1118,-1.849922307961987e-15,3.6608814895524686,9.190019930031843e-15,1.3085968424710324e-16,1.0654479551447386e-16
1119,1.8596506458897267e-15,3.680133266824676,1.2602502220393162e-14,-1.3172744597820456e-15,-1.3874810321159723e-15
1120,-2.6631864702688304e-15,3.6614110416622263,8.722759190178813e-15,-1.4887831861660665e-16,-1.6150047091549994e-15
1121,4.312343768475862e-15,3.681184873836544,1.0093218480340675e-14,-6.516920176643295e-16,-2.4550994636709675e-15
1122,1.0362852300506326e-15,3.658205331467555,8.44714707596188e-15,4.3278241480446097e-17,2.713051311499576e-16
1123,-0.010560693290497183,1.7529523190334826,1.9309841679138323e-14,-7.12308447538279e-08,-2.7083135045140663e-05
1124,0.01056069329049639,1.7529523190334804,1.940324965250906e-14,7.123084454219164e-08,2.708313504501316e-05
1125,-0.004147693202317724,1.7578482180725268,1.863323151290892e-14,-4.01128225331962e-08,-8.82015638322283e-05
1126,0.004147693202317328,1.7578482180725241,1.8475482584782554e-14,4.011282214201606e-08,8.820156383180632e-05
1127,1.0795137268725097e-16,1.7629797058614929,1.914295176072161e-14,-2.899916428993726e-17,-3.3437449556238843e-17
1128,0.003764450219147887,3.749716988518134,9.020102544961707e-15,6.90633441819907e-07,8.611792728945348e-05
1129,-4.975046614557248e-16,1.7562483302771479,1.9629491421575457e-14,4.44462834840715e-16,4.46221502019356e-16
1130,-8.83206042088152e-16,1.747809968572936,2.2043147861515902e-14,5.606756065851041e-16,5.610585318172443e-16
1131,-1.0572288065785474e-15,3.7321385509062543,9.661486372802639e-15,4.895172808772053e-16,3.9863403376860784e-16
1132,1.8859300366400074e-15,3.732138550906258,9.545747859412324e-15,-9.200031415943638e-16,-1.241382688375696e-15
1133,1.879371647081238e-15,3.7191599048119666,8.298617884385658e-15,1.379486328227826e-16,-4.2557052852424185e-18
1134,-1.866516725073681e-15,3.69372081160002,9.859617502618585e-15,-1.4731451434858982e-16,-1.4115184673150235e-16
1135,0.0040658239125671795,1.7787078517069312,2.036865351661687e-14,-6.100870631291222e-07,3.502123790501198e-05
1136,-0.004065823912565607,1.7787078517069344,2.020167806435505e-14,6.100870628619748e-07,-3.502123790525527e-05
1137,0.004065823912564048,1.7787078517069437,1.9318972809794395e-14,-6.100870617170573e-07,3.5021237906377204e-05
1138,-0.0040658239125652305,1.7787078517069426,1.974263617636112e-14,6.100870610752096e-07,-3.502123790684298e-05
1139,8.8051023584506975e-16,1.742475135249264,2.2384314603386742e-14,-3.688438850136741e-16,-3.4724623892458395e-16
1140,1.6543246418412889e-15,1.7424751352492562,1.960269850388568e-14,-6.464013352358577e-16,-6.279698983036042e-16
1141,-1.0463459467585807e-15,3.6937208115999907,8.047807799126152e-15,-8.382238046028556e-17,-2.147567334468553e-17
1142,4.998712070928178e-16,1.7646025069224636,1.969484708271006e-14,1.4160357999018491e-16,1.4364916455780405e-16
1143,-1.2835121400914623e-15,1.7646025069224747,1.7413362862609535e-14,-3.862741290022731e-16,-3.808548122057401e-16
1144,-3.5310104305152316e-15,3.719159904811981,9.347014160088844e-15,-2.6660531421418554e-16,-1.3684134900248442e-16
1145,-0.005681654088344426,1.7491451837449437,2.04947322752941e-14,-1.0563641446824368e-07,-0.0002543861725011077
1146,0.005681654088343207,1.749145183744927,1.992078919517537e-14,1.0563641624763628e-07,0.000254386172502603
1147,0.005681654088344002,1.7491451837449326,1.8913070671157236e-14,1.056364176549307e-07,0.0002543861725044106
1148,-0.005681654088344377,1.7491451837449286,1.855683668140687e-14,-1.056364171969637e-07,-0.00025438617250390233
1149,-1.0314217610125517e-15,3.6410367297654287,1.0078775049810652e-14,-9.216680213341022e-17,1.1174273809340446e-17
1150,0.0051605919116366784,3.6759953073781184,9.377015792077618e-15,-2.1916880521355778e-06,0.0001913564221600458
1151,-0.0051605919116358544,3.675995307378113,9.349748075826914e-15,2.191688051666335e-06,-0.00019135642216019932
1152,0.13898427806833952,2.1900122278437264,2.3755937219962384e-14,-9.938256201498519e-06,0.00039303547849105225
1153,0.13585379326674846,2.1796114056371025,2.3438177164892366e-14,3.7727064961653664e-06,0.0010274508783010587
1154,-0.1389842780683412,2.1900122278437295,2.4041540397610974e-14,9.93825620094254e-06,-0.0003930354784915293
1155,-0.135853793266748,2.179611405637103,2.3647365329037635e-14,-3.7727064960441526e-06,-0.0010274508783008592
1156,0.09433478970978332,3.4494429905287323,1.6180459080263293e-14,8.85585566045427e-06,0.0021529881982639476
1157,-0.0943347897097817,3.4494429905287287,1.627300973758894e-14,-8.855855660599987e-06,-0.0021529881982641887
1158,9.63529145735987e-16,1.906764407936238,1.8088481598620374e-14,-9.105163012936663e-16,-9.111429527450734e-16
1159,-0.004298371235333344,1.915594689529121,1.671937266620402e-14,-7.961715339632053e-07,-9.256739096504246e-05
1160,-0.06375435588022839,3.4715639631475708,1.3667083018199187e-14,-6.31939870505277e-07,-0.0027052630515530564
1161,0.018165211527767358,1.889655694550742,2.0408444502589525e-14,3.3553061626855063e-07,0.0004959597605936686
1162,-0.018165211527768635,1.8896556945507437,1.9552008872384596e-14,-3.3553061609768037e-07,-0.0004959597605933511
1163,-0.018165211527767428,1.889655694550749,1.70476735005985e-14,-3.355306147870968e-07,-0.000495959760591743
1164,0.0181652115277679,1.8896556945507543,1.7159176083466283e-14,3.355306139709094e-07,0.0004959597605912053
1165,1.0395845355765786e-15,3.669852257154768,9.910880959309017e-15,-1.9930346435714785e-16,8.274326048548358e-17
1166,0.005160591911628504,3.6759953073781104,9.103405720161216e-15,-2.1916880509073935e-06,0.00019135642216080474
1167,-0.0051605919116293536,3.6759953073781335,9.824574873333978e-15,2.1916880521390472e-06,-0.00019135642216009437
1168,0.06375435588023072,3.4715639631475725,1.350433202176966e-14,6.319398704948687e-07,0.002705263051552966
1169,0.00429837123533334,1.9155946895291194,1.6389571987950413e-14,7.961715337845288e-07,9.256739096495138e-05
1170,5.491421537410591e-16,1.938534581305347,1.658995176969862e-14,1.5387247837350296e-16,1.5291582536742174e-16
1171,5.510501351067171e-16,1.9452699736488717,1.875308559381289e-14,1.3215105569635094e-16,1.2868813115521784e-16
1172,-0.022620550133392238,3.531558101184621,1.1317254311759557e-14,-2.1937296784558385e-06,-0.000507115103343142
1173,0.02262055013339224,3.5315581011846215,1.1629899790669177e-14,2.1937296784992066e-06,0.0005071151033431767
1174,1.0267702695201297e-15,3.6246164330330104,1.3697489597745682e-14,-6.477135698805778e-16,-6.499823284341168e-16
1175,-9.833521015041015e-16,1.945992807705986,1.70647960097029e-14,8.25661343528386e-16,8.228446505155622e-16
1176,1.029304809678974e-15,3.6335636495454464,7.294763440940171e-15,8.229914569481669e-17,6.748554300114963e-17
1177,-2.2201650778576022e-16,3.6258047290098134,7.182487672994714e-15,-1.3979955652065414e-17,1.3021974141814493e-17
1178,-1.824179532595821e-15,3.6099381340277015,1.0847393840855589e-14,1.207681558290215e-15,1.1691494288394077e-15
1179,2.2074228867626623e-16,3.6049951517442516,7.836724007343423e-15,-5.34958494893721e-18,1.2961444104849237e-17
1180,-1.0206322879346333e-15,3.6029486563346826,7.42445093585935e-15,-2.9130680132629476e-17,-7.704603486538068e-17
1181,-1.0395845355765802e-15,3.6698522571547736,1.0557803464241903e-14,1.9488534050426942e-16,2.493868284624001e-16
1182,1.220552119498643e-16,1.9933128806582259,1.5114837194457925e-14,-9.824097693842244e-17,-1.0289206926394053e-16
1183,-1.1819012126338897e-16,1.930191159535591,1.8365444657828646e-14,4.4196518209059385e-17,3.848570792774636e-17
1184,5.431305065507847e-16,1.9173127794648543,1.7779676502496653e-14,1.702698748427898e-16,1.650813745243836e-16
1185,1.1937318554317634e-16,1.9495120654590141,1.6682125238705533e-14,2.146381488342397e-17,3.957676742750993e-17
1186,-5.431305065507791e-16,1.9173127794648344,1.346923037205482e-14,-1.722898896033137e-16,-1.6205434346869274e-16
1187,9.851304582860364e-16,1.9495120654590197,1.4676295123465774e-14,4.908996386471243e-16,4.409721286041668e-16
1188,1.1819012126338781e-16,1.9301911595355719,1.97266353100892e-14,-1.0836060730488742e-16,-1.226598469435201e-16
1189,-0.044500077092814005,3.4632174570883567,1.2548711032946352e-14,1.654019072112184e-06,-0.002179401462329516
1190,0.0445000770928155,3.4632174570883527,1.2871549161906275e-14,-1.6540190721451437e-06,0.0021794014623293806
1191,9.771504060769593e-16,3.449452642475435,7.76142595034539e-15,8.150679317742321e-17,7.166097644069713e-17
1192,-9.813537240021166e-16,3.464290835279661,7.680976436264486e-15,-8.556964872254522e-17,-1.2444759977845514e-16
1193,-2.158296612394773e-16,3.524765857220977,1.2267368357061413e-14,-1.4153412594357004e-17,-1.418901301771889e-16
1194,9.94026471843088e-16,3.509027083922249,6.6393155356875585e-15,8.957362193253984e-17,1.2700733716496212e-16
1195,-2.126026362573008e-16,3.4720645398383114,9.897741502822235e-15,-1.8619027255700006e-17,-6.789895200659863e-17
1196,-1.0012128566197247e-15,3.534395843740031,7.338394991713395e-15,-7.624636956137492e-17,-6.670644333470842e-17
1197,-2.1755082138775565e-16,3.552874535567692,1.495744309795932e-14,6.394917739784324e-18,-5.085384591118069e-17
1198,-2.1357790792368996e-16,3.4879919348565025,1.2118129932223779e-14,1.9872427102917133e-16,2.2169518120295494e-16
1199,2.169607613328996e-16,3.543238123579078,8.27441195801289e-15,1.8570414255044675e-17,4.3132019590919275e-16
1200,1.0090471676374056e-15,3.5620518572604154,1.1000689787377256e-14,6.74137244769838e-17,2.243358133902942e-16
1201,-2.1338630120910873e-16,3.484862759738997,6.973247982170275e-15,-1.7413374055602156e-17,4.869944921205238e-16
1202,1.0039193779059907e-15,3.543950173293357,8.977193519533519e-15,-7.282816380308763e-16,-6.747459992831179e-16
1203,2.1870303112070538e-16,3.571691548501575,1.0000670766075493e-14,1.4223736428224638e-17,1.3978042891938037e-17
1204,1.0274714095552436e-15,3.6270915375121446,1.0927141648164855e-14,-8.337881333540528e-17,9.621694781659904e-17
1205,2.233905442758275e-16,3.6482444478091263,9.502009407757089e-15,1.3062306837845379e-17,2.4531702043930042e-17
1206,-1.0334635413595505e-15,3.6482444478091494,1.0119575668327346e-14,-1.0848797988433079e-16,-1.3485653904883078e-16
1207,-1.0174565481173722e-15,3.5917379317253095,1.438547432190023e-14,5.523822307248377e-16,5.059504770309568e-16
1208,2.1986844698970875e-16,3.5907242340042815,1.5272149587300073e-14,-2.0908003442794443e-16,-1.4459211149327796e-16
1209,-1.8101282487187613e-15,3.5821315148910062,1.1394167693215533e-14,3.8422792703207583e-16,-1.0813225781072386e-16
1210,-2.194142227510806e-16,3.5833061892432223,9.656792277351688e-15,1.322814595131038e-16,1.3599022059812206e-16
1211,2.1794924777095783e-16,3.5593813321963945,8.302847168569041e-15,1.805210336754306e-17,2.7027859206585354e-17
1212,-0.00438792178549287,3.6124382474905303,9.985951648583392e-15,1.946760021394843e-08,-0.00011128091152648803
1213,-0.0043879217854872615,3.612438247490535,9.943104361599888e-15,1.9467599329239457e-08,-0.00011128091152750328
1214,0.0043879217854936765,3.6124382474905334,9.788290074567596e-15,-1.9467600305888774e-08,0.00011128091152627162
1215,0.004387921785487257,3.6124382474905317,9.697410325904987e-15,-1.946759922515605e-08,0.00011128091152754708
1216,-0.0018749262004340548,3.5902128286296144,1.0346647372860753e-14,-2.6533276646515183e-07,-5.641741711770801e-06
1217,-0.008026941353471,3.5461933334500766,8.44301077766606e-15,4.49750281472823e-07,0.0005404961093814652
1218,-1.0127389300745002e-15,3.575084200710134,7.256023984735026e-15,-7.044295904536695e-17,-1.0170428491567321e-16
1219,1.808894489900952e-15,3.579689982725438,1.0642414930823807e-14,-3.577392830751702e-16,-7.286166824369651e-17
1220,0.008026941353471805,3.5461933334500846,8.464373064157443e-15,-4.497502806830901e-07,-0.000540496109380701
1221,0.008026941353466283,3.5461933334500797,8.003320472506136e-15,-4.4975028014489216e-07,-0.0005404961093801049
1222,0.0018749262004340572,3.590212828629619,1.0085894676406272e-14,2.653327668914601e-07,5.6417417117695e-06
1223,0.0018749262004300715,3.5902128286296193,1.0591099258253757e-14,2.6533276746478623e-07,5.641741712605203e-06
1224,-0.008026941353464724,3.5461933334500864,7.946354075014838e-15,4.4975027970947656e-07,0.0005404961093795263
1225,1.0127389300745031e-15,3.575084200710145,8.413522772719157e-15,7.20316818345057e-17,1.7184604433895245e-17
1226,-6.577999577711098e-15,3.5796899827254243,1.0594460048013557e-14,1.2515081202271738e-15,3.668796156089914e-16
1227,-0.0018749262004324637,3.5902128286296207,1.0168534161250933e-14,-2.6533276769767286e-07,-5.641741712717526e-06
1228,1.0041709115269165e-15,1.9871919412690582,1.3341179920584363e-14,3.3891024962469146e-16,3.440413687907497e-16
1229,1.2174193562833536e-16,1.988196690067648,1.2901945362990853e-14,-1.7008348094503363e-16,-1.7175097391516332e-16
1230,0.005647621484451026,2.0167020017733064,1.5586675762720512e-14,-3.2123914951579565e-07,-7.823045132737075e-06
1231,-0.00564762148445057,2.0167020017733033,1.5727450959098835e-14,3.212391487021019e-07,7.82304513181507e-06
1232,0.006989942897753282,2.001804922785399,1.616426978652471e-14,-3.8199059209384836e-08,-0.00026017065018493855
1233,-0.006989942897751967,2.0018049227854045,1.5781031519226137e-14,3.819905845868325e-08,0.0002601706501842863
1234,9.876142140916792e-16,3.486391081002665,9.481019506416901e-15,-8.126781342586971e-16,-1.4477134082982462e-15
1235,9.875665700353704e-16,3.486222892037168,1.0809186178449117e-14,-3.504576787377553e-16,-2.2069361951110699e-16
1236,0.006533416327248686,3.487713914045386,9.343131668691897e-15,5.926966539808107e-07,-0.0008848058760857842
1237,-1.761617545609762e-15,3.486131842746634,9.011462049406248e-15,1.071426886566867e-15,1.1613635040465557e-15
1238,-0.006533416327247917,3.487713914045389,9.389497585692807e-15,-5.926966539279016e-07,0.0008848058760857082
1239,-0.006533416327252572,3.487713914045393,9.154229158021108e-15,-5.926966533901373e-07,0.0008848058760871423
1240,0.006533416327251786,3.4877139140453868,9.102234048669967e-15,5.926966534239644e-07,-0.0008848058760866864
1241,0.007887308245489793,2.0253210939763338,1.6977711217098853e-14,-1.518692388036494e-07,0.0004013535347327712
1242,-0.007887308245489317,2.025321093976327,1.6873443225264255e-14,1.5186923882012926e-07,-0.00040135353473268534
1243,0.006989942897752895,2.0018049227854156,1.343859866114785e-14,-3.819905821907457e-08,-0.0002601706501839862
1244,-0.006989942897754238,2.001804922785418,1.4006938134893086e-14,3.819905872875801e-08,0.00026017065018450487
1245,0.10668271290241563,3.2567979321898686,1.8142078196310034e-14,-5.499916034522713e-06,-0.0008632240398221969
1246,-0.10668271290241356,3.25679793218985,1.7861983701077068e-14,5.499916034613786e-06,0.0008632240398221726
1247,0.10668271290241789,3.2567979321898495,1.8168462984686997e-14,-5.499916035496544e-06,-0.0008632240398231718
1248,-0.10668271290241642,3.2567979321898486,1.8712676548477476e-14,5.499916035464018e-06,0.0008632240398233461
1249,-2.220953020814348e-16,3.627091537512141,1.0057353170061385e-14,1.7496312558484828e-17,-4.423544863740858e-17
1250,0.006886021975260928,3.332227911942401,1.0406196026323747e-14,-1.3789213303520842e-06,0.00030290609568228884
1251,4.169656356196343e-15,3.559381332196382,8.346325947959147e-15,3.2000396527499114e-16,1.32639938529161e-15
1252,-0.018743658249056334,3.394819047839687,1.146629679031279e-14,3.5927298591411846e-06,0.00011487607104682107
1253,0.018743658249057778,3.3948190478396754,1.1158943380419195e-14,-3.592729858360559e-06,-0.00011487607104612024
1254,9.565481026537311e-16,3.376724156111036,9.414760701325672e-15,9.715504773413608e-17,2.8830911559573327e-17
1255,9.743110257406803e-16,3.439429305286954,8.986523449106228e-15,-6.317594241767669e-16,-7.01336953423287e-16
1256,-2.124028581906957e-16,3.468801916415065,6.809127380065822e-15,-1.4145450219146816e-17,7.667342238545927e-17
1257,1.7528603603778466e-15,3.4688019164150683,7.345358595963412e-15,1.3875077302383243e-16,2.877472565776529e-16
1258,9.66871702180514e-16,3.413167642647043,9.32594695256388e-15,6.189655496267022e-17,-9.816132879489522e-17
1259,0.0034527805124038697,3.4081776326545645,8.069421958305816e-15,-1.7706995235778483e-07,0.00042935523117609495
1260,-0.0034527805124038658,3.408177632654561,8.251858196523439e-15,1.7706995209931103e-07,-0.00042935523117642194
1261,2.0976185717104524e-16,3.4256710966311203,7.246375741919625e-15,2.1176585974369884e-17,-9.280398675560868e-18
1262,-2.0977000842759507e-16,3.425804216752865,5.868794501480617e-15,-6.5172360266741286e-18,-2.282028624801285e-17
1263,2.075742510208654e-16,3.389944776982011,1.1555829351475975e-14,-4.189288931122942e-17,-8.215130673431329e-17
1264,-2.0802841692929277e-16,3.3973618691386,1.393218242824735e-14,5.217349767858468e-17,-1.9059159346423722e-15
1265,-2.101672380534114e-16,3.4322914688502513,7.74389843838352e-15,2.539227660244348e-16,3.5352975379753833e-16
1266,2.1015620928522597e-16,3.4321113553972444,9.172668900273925e-15,1.572950616476501e-17,-2.7554335263082383e-17
1267,9.60826413991348e-16,3.3918270842345826,1.3438762961699547e-14,-7.004094425720727e-16,-7.095501243417458e-16
1268,9.875407778705137e-16,3.4861318427466323,1.0006554351045416e-14,-4.672504787597842e-16,-9.495036050813366e-16
1269,-9.719688813451586e-16,3.4311612678139642,1.1891153019123412e-14,7.389656628392495e-16,9.934087281868513e-16
1270,-0.021426221763934567,3.400786014547304,1.166444756923647e-14,-1.8461144837512641e-06,-0.0014060386759063813
1271,-9.75750019010496e-16,3.4445091160368655,8.772249891040988e-15,2.636499103820969e-16,2.086122505683542e-16
1272,0.021426221763931597,3.400786014547312,1.1683875490766822e-14,1.8461144835274848e-06,0.0014060386759058505
1273,0.021426221763928555,3.4007860145473088,1.1631335716136902e-14,1.8461144837968006e-06,0.001406038675906017
1274,-0.02142622176393165,3.4007860145473203,1.1358730430976176e-14,-1.8461144835535057e-06,-0.0014060386759055746
1275,9.757500190105055e-16,3.4445091160368992,9.983571578443818e-15,-2.3483819056036026e-16,-2.7200726683529984e-16
1276,-2.1040183733066725e-16,3.4361227657992037,6.756317380402703e-15,-5.402521721375737e-18,1.1614474413720339e-17
1277,-9.733743593364693e-16,3.4361227657992455,8.687714701726929e-15,-5.652081450438495e-17,-2.2303436292389796e-18
1278,9.659828171878979e-16,3.4100297770046937,6.896931112154481e-15,8.450678308166704e-17,1.9168694409543718e-16
1279,9.659828171878985e-16,3.410029777004696,8.314719406356063e-15,2.2876665839444144e-17,5.482539335716075e-16
1280,-9.720198994673185e-16,3.4313413676176427,7.512991660158014e-15,5.802052339519013e-16,3.238172943686402e-16
1281,-3.257752414474081e-15,3.431341367617679,1.1459944472578882e-14,1.8820682452834817e-15,2.2231912830323643e-15
1282,-0.13790689629784755,2.5996459805304055,2.1176406117919043e-14,-1.2270501549409198e-05,0.00023696650647836437
1283,-0.138977168856363,2.3842746785530022,2.1238989501810863e-14,4.919917784432584e-06,-0.0008209039005275271
1284,0.1389771688563643,2.3842746785529974,2.2081606448819923e-14,-4.919917784063088e-06,0.0008209039005278272
1285,0.13897716885636793,2.3842746785529956,1.9946725713329435e-14,-4.919917786682087e-06,0.0008209039005251176
1286,-0.1389771688563689,2.384274678553003,2.0156017428643546e-14,4.919917787285771e-06,-0.0008209039005242537
1287,0.0027153737101988915,2.0307567697757842,1.487815557962547e-14,7.966648604340251e-07,2.4048905001958394e-06
1288,-0.13020246948961647,3.0230516775981706,1.972377391004227e-14,-3.1148074051539146e-05,-0.0014529874010164728
1289,-0.002715373710201158,2.030756769775793,1.461150592539311e-14,-7.966648607020399e-07,-2.4048905004998497e-06
1290,-0.002715373710198888,2.0307567697757816,1.428583770364322e-14,-7.966648621062986e-07,-2.40489050188958e-06
1291,1.7128737581572683e-15,3.3896709111456187,8.994158414088602e-15,1.4529050265134607e-16,1.8589154467032326e-16
1292,-3.221054141426898e-15,3.3926876314198484,1.1643341502561666e-14,9.0015885370609e-16,8.352558011556765e-16
1293,9.610701871689165e-16,3.3926876314198458,1.1610191436477333e-14,-1.358505322124337e-16,-2.733138151564396e-16
1294,-0.040052939391000755,2.138895013151747,1.7054276350226838e-14,-1.238904153337897e-07,-0.001097384778610891
1295,0.04005293939100027,2.138895013151746,1.7120482265854883e-14,1.238904157076226e-07,0.001097384778611224
1296,-0.03190242086663983,2.131052878346298,1.7551439752546203e-14,1.7303568981127601e-06,0.0003940625575358323
1297,0.031902420866639386,2.1310528783463,1.7270162806407625e-14,-1.7303568979835232e-06,-0.00039406255753580456
1298,0.13790689629784797,2.599645980530403,2.0771760075387614e-14,1.2270501549721882e-05,-0.00023696650647807814
1299,0.0035993268246247907,2.188120942995066,1.3202632377882845e-14,7.115935594000089e-07,0.00020145085959974917
1300,5.817922022926302e-16,2.0537929852856833,1.2600426708311191e-14,1.0022308648770126e-16,1.000375753121235e-16
1301,0.002715373710198432,2.0307567697757776,1.417262657269919e-14,7.966648634975468e-07,2.4048905031281726e-06
1302,0.1302024694896142,3.0230516775981804,1.8718417422862214e-14,3.114807405073337e-05,0.0014529874010156922
1303,-0.003607132474731222,3.342334182148906,9.471055483485068e-15,2.101023068767395e-06,-0.0013574559727463024
1304,0.0036071324747312325,3.342334182148915,9.095320792201552e-15,-2.1010230693493948e-06,0.0013574559727458435
1305,2.0558128926363564e-16,3.357397241502927,1.1696904454164525e-14,3.1814887120292035e-18,-5.433765325244796e-18
1306,-1.6927643124264994e-15,3.3498755655118684,1.1656451754726606e-14,1.0835895258197164e-15,1.0045895439526656e-15
1307,2.0755748157486939e-16,3.38967091114563,9.885391883330289e-15,2.112203708920686e-17,6.38561198276072e-17
1308,0.12225402324583659,3.0282078816609195,1.7794056768213106e-14,-1.6844549687098156e-05,0.0009719767491759203
1309,-0.1222540232458377,3.0282078816609137,1.7489871308993205e-14,1.6844549686697435e-05,-0.0009719767491763783
1310,-0.1284661877001923,2.6035525957136456,2.0066706089904208e-14,-9.496133242809424e-06,-0.001605415220539013
1311,0.12846618770019094,2.603552595713641,2.0047211379430506e-14,9.496133243015151e-06,0.001605415220539315
1312,-0.006886021975263899,3.3322279119424065,1.0384503561772776e-14,1.3789213307467338e-06,-0.0003029060956817656
1313,6.264260353285516e-16,2.211355518496605,1.3880681384467468e-14,1.2627896662439377e-16,1.4542785833092772e-16
1314,-0.0035993268246252816,2.188120942995069,1.2962873407716701e-14,-7.115935597781786e-07,-0.0002014508596000315
1315,-0.005193412039054545,2.1176278986497516,1.6296726667698254e-14,2.778658232680323e-07,-7.457162126497648e-05
1316,0.005193412039053632,2.117627898649763,1.6273044913269424e-14,-2.7786582204852167e-07,7.457162126616942e-05
1317,0.011906653523258027,2.0870269434795485,1.43956211484022e-14,1.0869770328530287e-07,8.302137907092609e-05
1318,-0.01190665352326083,2.0870269434795525,1.4323515829489843e-14,-1.0869770316777536e-07,-8.30213790708541e-05
1319,-0.005704835645549434,2.061944359538077,1.364151786151185e-14,-2.840110211047367e-07,1.0311184559384096e-05
1320,0.00570483564554896,2.061944359538071,1.3580531997990372e-14,2.840110214560182e-07,-1.0311184558976436e-05
1321,-6.086875497668437e-16,2.148736636578516,1.4617686341207726e-14,4.571307251687556e-16,4.2978183477485843e-16
1322,6.234317061294746e-16,2.2007851941085046,1.2420390667219084e-14,1.4464699563311402e-16,1.4883341353515947e-16
1323,5.835587294470113e-16,2.060029028092183,1.1934882539123037e-14,1.1589902168690824e-16,1.1506029946104445e-16
1324,-6.083511096723102e-16,2.147548964582572,1.5481858680061355e-14,8.65949575246653e-17,8.564098258361587e-17
1325,-1.3058216958790725e-16,2.132568666799662,1.497965834857244e-14,-6.244623348690241e-17,-5.947276403023559e-17
1326,5.850010472851187e-16,2.065120574948233,1.745432447694116e-14,-2.9400157329046565e-16,-2.671040708168071e-16
1327,-7.457533165936132e-15,2.063543043318429,1.1713599690905802e-14,1.0257218764959667e-15,6.950722189506764e-16
1328,-0.009925276501012463,2.1936842597455146,1.3416953365838605e-14,-7.860538462738098e-07,-0.00023072571097387958
1329,-0.009925276501014432,2.1936842597455195,1.2212082392753003e-14,-7.86053846228707e-07,-0.0002307257109740986
1330,0.00992527650101248,2.1936842597455186,1.2920939648960037e-14,7.860538461090111e-07,0.00023072571097390972
1331,0.009925276501012473,2.1936842597455173,1.2303012633132938e-14,7.860538463553418e-07,0.00023072571097419964
1332,-1.3149944827441308e-16,2.147548964582574,1.5301477998495182e-14,-9.513874063560301e-18,1.6813180486524235e-17
1333,-6.362927690752847e-16,2.2461862165995843,1.2538245474793789e-14,-1.3488961966440603e-16,-1.3491682427442557e-16
1334,-6.373290627573174e-16,2.2498444517675145,1.3380517631835484e-14,4.2424201738448424e-16,4.2146934485879936e-16
1335,5.976671293011541e-16,2.1098332924667504,1.3203131755926773e-14,1.3174192338498903e-16,1.436402181525055e-16
1336,6.041075366829452e-16,2.1325686667996844,1.4192319004598139e-14,5.3139458978945786e-17,3.889575293791747e-17
1337,0.005469629708970222,2.0926955235797333,1.4389855558195635e-14,2.4272626573387454e-08,6.614825297584928e-05
1338,-0.005469629708970676,2.092695523579729,1.448866160697175e-14,-2.427262649228913e-08,-6.61482529757799e-05
1339,7.93571539907024e-15,2.068752553793062,1.1870198286098715e-14,1.0355350262863856e-15,1.261244201831165e-15
1340,-9.175546000352006e-16,3.2390726340829428,9.507978988176657e-15,-6.711748050009369e-17,-8.081335542729382e-18
1341,-1.637278292939133e-15,3.24007217496082,1.3256409915194418e-14,6.462740408966258e-16,7.726067373619307e-16
1342,1.6426792055712448e-15,3.2507602460200693,9.079400378942344e-15,1.5573572121467523e-16,8.541758599990063e-17
1343,1.9969076967804536e-16,3.261197756235967,7.623479408100955e-15,2.272096829929714e-17,-9.567160304925717e-17
1344,-1.2540004983184649e-14,3.269039529388918,1.0634721028179752e-14,-4.2977964858952116e-16,2.4482986812348783e-15
1345,1.1822220532721808e-14,3.2712775651212316,1.1182287558453706e-14,-5.431566095547966e-16,-3.821932538707132e-15
1346,2.0286632637880297e-16,3.313058532795683,9.957668158949772e-15,1.0811767858173074e-17,1.1363697255092192e-16
1347,-1.666732247122672e-15,3.2983597231462545,1.266748020397941e-14,7.64926266480491e-16,6.4304505692611865e-16
1348,-0.0056701366895605945,3.2938715611632907,9.34615980503286e-15,4.85839619794419e-07,-0.0003316300876641202
1349,0.005670136689562042,3.293871561163282,9.288339688039592e-15,-4.858396197059481e-07,0.00033163008766432574
1350,1.522762211308759e-15,2.093529100029212,1.2697782809570406e-14,-3.830263011793245e-16,-3.471150101017979e-16
1351,2.457744253040642e-15,2.0980263758632556,1.404833742591463e-14,-1.299017345201662e-15,-1.3030316982814877e-15
1352,-9.28375579850354e-16,3.277271929898017,1.2219665105262028e-14,4.672333202310969e-16,4.203663655328344e-16
1353,0.02403266828496516,3.32661798024358,1.2246979720626773e-14,-2.252609364467419e-06,-0.0014389503979671103
1354,0.024032668284964365,3.326617980243572,1.2029666942586005e-14,-2.2526093660473184e-06,-0.001438950397968066
1355,-0.024032668284963622,3.3266179802435714,1.2488795210405403e-14,2.2526093647067024e-06,0.0014389503979674485
1356,-0.024032668284968813,3.326617980243574,1.2307599007266755e-14,2.252609365420216e-06,0.0014389503979681606
1357,-5.944039853985781e-16,2.0983140214440748,1.2549383437002139e-14,-1.0162193454494984e-16,-9.952562156194988e-17
1358,9.442818176198515e-16,3.333422767644806,1.4490238644802678e-14,-7.23847395089786e-16,-8.03273662317474e-16
1359,-0.0008297842362828174,3.287398755885722,8.73320532475528e-15,-8.890268255075384e-08,-0.00047321761681654007
1360,0.0008297842362820871,3.2873987558857207,8.85443415535629e-15,8.890268255725906e-08,0.0004732176168163488
1361,5.841793832623046e-16,2.062220007014068,1.3155980542809398e-14,-4.2584708147279793e-16,-6.845052736683119e-16
1362,-1.2627455653637137e-16,2.0622200070140817,1.3695314059682208e-14,4.1165801236558996e-17,1.2280580130824385e-16
1363,2.0597836642947551e-16,3.3638820037399464,1.027839333922132e-14,-9.547416568271572e-17,-1.0359551758098995e-16
1364,1.6998420674991895e-15,3.363882003739938,1.10454649124992e-14,-6.362115288803885e-16,-9.142094362351444e-16
1365,0.0028705200995248546,2.07046549947162,1.2961895477898909e-14,1.5391538513848113e-07,9.238542085064264e-06
1366,-0.0028705200995243923,2.0704654994716183,1.3239672027245201e-14,-1.5391538558950923e-07,-9.238542085197946e-06
1367,-0.002870520099524858,2.0704654994716227,1.145098281420548e-14,-1.5391538513327696e-07,-9.238542084747433e-06
1368,-9.444914484056376e-16,3.334162788283877,1.3238996607582042e-14,3.0487765090292385e-16,2.6743879463428377e-16
1369,-3.1654900256463497e-15,3.334162788283887,1.30029358463408e-14,1.119946962859636e-15,1.184585741130506e-15
1370,2.0526101676392892e-16,3.3521667946519704,9.492425123044348e-15,1.5021282286607762e-17,2.332790146627019e-16
1371,-2.0526101676392954e-16,3.3521667946519806,9.422984283228789e-15,-2.3554292197247584e-17,-5.118484574986176e-16
1372,-2.031504278092092e-16,3.3176982612562322,9.509510539234663e-15,-3.1008182133085427e-17,1.239107557879371e-16
1373,2.0315042780920927e-16,3.3176982612562336,9.299134609062057e-15,1.3169668263909862e-17,8.517117454966963e-17
1374,0.0028705200995230284,2.0704654994716294,1.2037032693329e-14,1.5391538450704179e-07,9.238542084251465e-06
1375,0.0009607346104555055,2.106011488255959,1.3820540457701004e-14,-1.685224281927633e-07,8.841590477215791e-05
1376,-0.0009607346104545745,2.106011488255968,1.4102250726879624e-14,1.685224294487031e-07,-8.841590477083247e-05
1377,-1.9727105394496565e-16,3.2216807994323498,1.0174194201877202e-14,-2.6122140856725897e-17,-7.313942154286702e-17
1378,-1.970387576942929e-16,3.2178871137617633,8.823149545731295e-15,-2.163284979959526e-17,-5.4716143855800776e-17
1379,-0.007932396605894863,3.2882789580032155,1.0206939521379854e-14,2.1131492382309158e-07,6.054563839920542e-05
1380,0.007932396605893403,3.2882789580032155,1.028433905149247e-14,-2.1131492385778605e-07,-6.054563839912562e-05
1381,-0.12738477960242067,2.8002557983238545,2.0504118906760293e-14,-1.3954918131568001e-05,-0.0010881876525412164
1382,0.12738477960241681,2.800255798323852,2.1076061332783654e-14,1.3954918131860736e-05,0.0010881876525415013
1383,0.12738477960242262,2.800255798323842,1.8704649122165197e-14,1.3954918130115706e-05,0.0010881876525395849
1384,-0.12738477960241923,2.8002557983238363,1.9665932538388988e-14,-1.3954918130588167e-05,-0.001088187652540019
1385,6.584130262814548e-16,2.324273253352092,1.1943259592597925e-14,1.1785682591855214e-16,1.3178279364642595e-16
1386,1.40617702808062e-16,2.296461361854953,1.5983625938679357e-14,-1.1568958062438973e-16,-1.1612457759225947e-16
1387,-6.531491081897677e-16,2.3056910207109134,1.5311239272672714e-14,3.4573707473703544e-16,3.1779569086729024e-16
1388,6.47183213995445e-16,2.2846307321766686,1.139808587789437e-14,1.6664468360795645e-16,1.6644618031357122e-16
1389,1.4135443547739795e-16,2.308493119417197,1.4298398435155458e-14,-1.643057672428465e-16,-1.9593254829268187e-16
1390,-6.400399193496717e-16,2.2594140854469504,1.2634060210561562e-14,-1.909950378622292e-16,-1.857207546772815e-16
1391,-1.1472933343655152e-15,2.2704223376238946,1.1511736500551729e-14,-3.0455629387066026e-16,-3.105554765006857e-16
1392,0.0009265834358081017,2.2630843533292597,1.0785284208434683e-14,1.5424788224298325e-07,3.059060494740298e-05
1393,-0.0009265834358081017,2.2630843533292597,1.0663276749519512e-14,-1.542478823097701e-07,-3.059060494748928e-05
1394,-1.386542456935648e-16,2.264395673758365,1.6814420750880622e-14,7.335149422554747e-17,7.22628601398215e-17
1395,2.3339210130745405e-15,3.2087291907787474,1.1457608651077342e-14,-4.527048754997576e-16,-2.556777083382908e-16
1396,9.098103006691937e-16,3.2117343719832085,1.294391256601712e-14,-5.036054746522215e-16,-5.124834873821838e-16
1397,0.0009607346104601789,2.1060114882559526,1.2983861494658709e-14,-1.6852243002116185e-07,8.841590477088533e-05
1398,-0.0009607346104606502,2.1060114882559606,1.2606822687764375e-14,1.6852243116607935e-07,-8.841590476949587e-05
1399,-0.016137312565082322,3.2150517551634414,1.1584453633749408e-14,-1.2484341941065846e-06,0.00035768437863186765
1400,-0.016137312565077413,3.215051755163459,1.1634378279857124e-14,-1.2484341945433013e-06,0.00035768437863173885
1401,0.01613731256508235,3.2150517551634468,1.1468036987516919e-14,1.2484341938997189e-06,-0.00035768437863213567
1402,3.1229157000975492e-15,3.289319894819988,1.076869812910437e-14,-1.6818307613151864e-15,-7.141707617347913e-16
1403,0.016137312565079557,3.2150517551634596,1.2075336232396622e-14,1.2484341943785025e-06,-0.0003576843786321899
1404,9.200386326428573e-16,3.247841553165602,9.304784624143693e-15,9.053765766611765e-17,1.381934253445391e-16
1405,-9.200386326428612e-16,3.2478415531656157,8.351966829160879e-15,-1.024435527727241e-16,6.10812398924021e-17
1406,0.00793239660589199,3.288278958003235,1.0195637320834268e-14,-2.1131492353599485e-07,-6.054563839828168e-05
1407,-0.007932396605889779,3.2882789580032266,1.0345400521825954e-14,2.1131492361492477e-07,6.054563839840918e-05
1408,0.01795139830265065,3.15346258127215,1.1228864017143704e-14,-7.235806720735753e-07,0.00016806044373661932
1409,-0.017951398302650683,3.1534625812721555,1.1253237352365149e-14,7.235806722960536e-07,-0.00016806044373607462
1410,1.180577124414425e-15,2.336288893407225,1.0429736256638592e-14,4.0662568979873106e-16,4.382218893630664e-16
1411,-8.98497940672272e-16,3.1718004479513118,9.1134957419779e-15,-5.712214327288888e-17,-8.43481599720349e-17
1412,1.4336728479029232e-16,2.34136544332799,9.781014347078319e-15,2.93755575104915e-17,4.229748736823468e-17
1413,1.9409767269605031e-16,3.1698555506973713,8.381777558994979e-15,-1.9526823702963107e-17,-3.930940977471153e-17
1414,-8.97875478510486e-16,3.1696030853595745,1.1273650370314356e-14,-1.5593216284004456e-16,-1.7074088875741966e-16
1415,1.2804072945698971e-16,2.091063799719832,1.176400940831767e-14,1.440975096846976e-17,8.505904856327684e-18
1416,5.923501647388223e-16,2.091063799719859,1.1960811989819842e-14,5.2801069316517693e-17,8.742396455201085e-17
1417,1.9765345592564816e-16,3.227925897708012,9.099959632138529e-15,1.9442370754801583e-17,1.3180806747166256e-16
1418,-1.6311405172933573e-15,3.22792589770802,9.225045970650104e-15,-1.2364648150839375e-16,-8.652610962792129e-17
1419,-5.934593281856053e-16,2.0949792734879185,1.199369811295365e-14,7.231459083888864e-17,1.0156496784818458e-16
1420,-5.934593281856138e-16,2.094979273487948,1.2167993599551989e-14,7.120815405153771e-17,3.1320737290622264e-17
1421,-1.4174874122362773e-16,2.314932620937216,1.2616172888900486e-14,-4.870439446712227e-17,-4.4882581809110866e-17
1422,1.4174874122362714e-16,2.3149326209372063,1.1210623325905817e-14,1.0252486793566051e-17,-1.6300302036961756e-17
1423,-1.1460209027724172e-15,2.267904274435054,1.1445022117071066e-14,-2.033678460754292e-16,-1.4643516180044185e-16
1424,-2.153172720021864e-15,2.2679042744350584,1.209801954483184e-14,-3.8693142656934243e-16,-9.364796264843545e-16
1425,-0.008515800961612486,2.2700043212939085,1.2820457187411937e-14,-8.487877033191461e-07,-0.0006347366079801527
1426,-0.008515800961610455,2.2700043212939045,1.1771531946813829e-14,-8.487877038285043e-07,-0.0006347366079805673
1427,0.008515800961611473,2.270004321293907,1.302146146004718e-14,8.487877034089181e-07,0.0006347366079803365
1428,0.008515800961608429,2.270004321293902,1.2268905558584597e-14,8.487877035108331e-07,0.0006347366079801717
1429,1.408810331387938e-16,2.30076187251509,1.509857631009019e-14,-1.6016416628583762e-16,-1.2744125197781957e-16
1430,-6.517527941479801e-16,2.3007618725150825,1.4127937489538416e-14,3.5519733720046007e-16,3.5677874771298385e-16
1431,-6.41322735236075e-16,2.263942572179028,1.3259576523002743e-14,1.2397851842371743e-16,1.731524338414146e-16
1432,1.1440189692485295e-15,2.263942572179034,1.3367091491398274e-14,-2.46798295775591e-16,-1.0817193071588653e-16
1433,1.1925064241496259e-15,2.3598962375621433,1.4402297884296436e-14,-9.485049557705235e-16,-9.41689742205735e-16
1434,1.198174776221058e-15,2.3711135546814943,1.3726452721211591e-14,-4.3082638405128186e-16,-4.282403617272684e-16
1435,1.5976513164628644e-15,3.16165284673037,9.56171925296134e-15,-1.3945176994973582e-15,-1.4024283925544246e-15
1436,-0.02600093428617962,3.1302002533787077,1.1987627985144751e-14,3.9992606111613135e-06,-0.0005539723327809335
1437,3.014736694806583e-15,3.1753765839921306,1.1676510443632117e-14,-6.156112971597279e-16,-5.593050163972929e-16
1438,0.0260009342861741,3.1302002533787125,1.209160295838784e-14,-3.9992606102020115e-06,0.0005539723327817445
1439,-8.933448328246322e-16,3.1536093881395812,1.012613382057268e-14,1.715673219148987e-16,1.9945591696845782e-16
1440,8.935387292940063e-16,3.1542938648429524,7.119820873413495e-15,6.649069813228148e-17,6.000538548076344e-17
1441,-0.006630071322731972,2.35792687692748,1.3318421513857049e-14,4.5556623149214936e-08,9.210795192424789e-05
1442,0.0066300713227325095,2.357926876927485,1.3740443762681116e-14,-4.555662378412373e-08,-9.210795192474597e-05
1443,0.006630071322735156,2.357926876927495,1.3458605221892718e-14,-4.555662439214431e-08,-9.210795192559728e-05
1444,-0.0066300713227356615,2.3579268769274884,1.3311771894192039e-14,4.555662343891376e-08,9.210795192441117e-05
1445,-1.2064002155377168e-15,2.387391188833043,1.1528908007469161e-14,-2.3284595711439203e-16,-2.4053348443522046e-16
1446,1.6340445517296573e-16,2.6685972688081865,1.5478492748373513e-14,-6.282307815710658e-17,-7.367378348667703e-17
1447,-0.007099095479171222,2.963663610787596,1.2813242076352207e-14,1.8464183231212692e-06,0.00048439221364959296
1448,8.43796173884356e-16,2.978696957617408,1.4098875699127086e-14,-1.4802446077955587e-16,9.280782077001326e-17
1449,-3.0147366948065476e-15,3.175376583992093,1.1177726662884336e-14,6.343226454080114e-16,5.241007890806511e-16
1450,-1.8299656973692851e-16,2.9885607811874877,9.698786703818965e-15,-2.7068019883122492e-17,-1.1070271880778678e-17
1451,0.02080027785999888,3.068045787028004,1.0670908003583239e-14,1.492072691359949e-06,-0.0013504295414652288
1452,-0.020800277859998894,3.068045787028006,1.0702262626632063e-14,-1.4920726912233395e-06,0.0013504295414651282
1453,-0.02600093428617403,3.1302002533787037,1.195736807669837e-14,3.9992606103052275e-06,-0.00055397233278137
1454,0.026000934286182383,3.1302002533787054,1.1298060430826973e-14,-3.9992606113651435e-06,0.0005539723327805976
1455,8.509520528864454e-16,3.0039580285635807,8.177064673283775e-15,1.1023516047555748e-16,1.1979348434879669e-16
1456,-1.9112161306345977e-16,3.1212528085081526,8.179550567214449e-15,-1.256785133270057e-17,-7.330477416887514e-18
1457,-1.9076704319473127e-16,3.115462243114516,9.617380375881855e-15,-2.7947248175406134e-17,-2.7610323840967037e-17
1458,-8.882208071478495e-16,3.1355209917156865,1.1728000197563454e-14,1.285763423378289e-16,7.514039373545311e-17
1459,-1.9187494036142232e-16,3.1335555769224746,7.295443397191202e-15,-2.134616506239608e-17,-3.6025528864743647e-17
1460,8.874767517837354e-16,3.1328943912190486,1.2895688221681193e-14,-3.6511428570404647e-16,-3.5408614902075196e-16
1461,8.596516861175393e-16,3.034668728422002,8.859959318239801e-15,4.2405429315198395e-17,1.8078475743676622e-17
1462,-1.8550796979967016e-16,3.0295750567237514,7.872738511158964e-15,-1.9510515858985883e-17,-3.5589069192460185e-17
1463,-8.574594416363897e-16,3.0269298547834866,1.1585120793764175e-14,7.392731071753501e-16,6.802065005903205e-16
1464,8.616084844806656e-16,3.0415764503474088,1.0436809437319305e-14,6.997366306163096e-17,9.815236431408509e-17
1465,2.2148275006351744e-15,3.0449966447089194,9.80327436304496e-15,-8.844636789537945e-17,-1.3531320981516125e-17
1466,1.902511183025932e-16,3.107036550212738,9.425484265196417e-15,-4.2431121910573536e-17,-4.1773989650954695e-17
1467,-2.2230085398506943e-15,3.056244128747449,1.0653411860131724e-14,-1.331064042492716e-16,-3.8493794767777954e-17
1468,-0.00454203157498707,3.060830891890004,8.741850292253513e-15,1.284099005590669e-06,0.0009766018183719229
1469,0.004542031574985711,3.060830891890004,8.648136012253379e-15,-1.284099005590452e-06,-0.0009766018183719586
1470,1.598671335056952e-15,3.163671400252333,9.263236793718221e-15,-8.341817633785581e-16,-9.157720002645918e-16
1471,1.598671335056967e-15,3.1636714002523627,1.1122767262119125e-14,-9.013802752160308e-16,-7.270223546719957e-16
1472,8.637560339137256e-16,3.0491575453565756,1.0821688271311748e-14,-6.437517567487298e-16,-6.503340118164009e-16
1473,-1.8991027008001418e-16,3.1014700763066885,9.03521830322196e-15,-2.792567396318575e-17,-7.752097211014703e-17
1474,-1.5581011921340198e-15,3.0833856041322334,1.4627342818757114e-14,1.0369968427230388e-15,1.0395013127914997e-15
1475,2.926242745842469e-15,3.0821672453955897,1.2909070017207435e-14,-1.7115767584729579e-15,-1.584441924908655e-15
1476,-1.9278901590263467e-16,3.148483563372915,8.461324102875407e-15,-1.5481644693440474e-17,-5.1784206263338906e-17
1477,1.9278901590263706e-16,3.148483563372954,1.0705945839761873e-14,2.010983271723797e-17,9.01920682236379e-18
1478,1.8931046475077432e-16,3.09167451190955,6.714540521785079e-15,2.5503542090014072e-17,2.572317909545444e-17
1479,-8.763068548828467e-16,3.0934633782027023,8.646764479758486e-15,5.776288698387597e-16,4.641693024294172e-16
1480,-2.2480953850299692e-15,3.090734110190842,7.88611926614077e-15,-1.9283772237447498e-16,-1.407418363282389e-16
1481,8.764731269691185e-16,3.094050337675669,8.698549263938832e-15,-7.39441284975087e-16,-7.456605453931971e-16
1482,-1.5576468470680755e-15,3.082486483431528,1.3941423908120769e-14,6.834779680802851e-16,4.828078558578847e-16
1483,-3.674075727094444e-15,3.136334373613789,1.2242113683523357e-14,7.404829787532874e-16,4.019137453403765e-16
1484,-1.5848573463888298e-15,3.136334373613777,1.3051337984456776e-14,3.3868104176194846e-16,6.223320470066795e-17
1485,-8.859031008860597e-16,3.1273392236485678,1.0213698472957917e-14,-1.1658900299187092e-16,1.6371452804531117e-16
1486,8.859031008860613e-16,3.127339223648573,9.60862616887022e-15,1.0303753462698618e-16,5.96269690252612e-16
1487,-8.787801430821874e-16,3.1021943682956925,9.879961217493562e-15,-1.2306255817038031e-16,-3.0365961752477216e-16
1488,8.787801430821823e-16,3.1021943682956747,1.0446735450494352e-14,1.0550981204178467e-16,-4.4594590607044404e-17
1489,-1.5627020060922982e-15,3.092490329549211,8.943226474309027e-15,-1.2515696955519723e-16,-2.3405182097127907e-16
1490,2.2512742265713932e-15,3.095104455883643,9.737012161229842e-15,-1.3944869111467853e-15,-1.0786257310772557e-15
1491,8.767717343546045e-16,3.0951044558835945,1.0970506304724329e-14,-5.246776185177313e-16,-3.1545539834823555e-16
1492,8.7603121263306815e-16,3.0924903295492268,7.47277950330365e-15,8.454405253134623e-17,-1.5663068562830505e-17
1493,-9.317884905455038e-16,3.2893198948200006,9.777786124403552e-15,5.240067684235059e-16,5.521706139197113e-16
1494,0.0070990954791718686,2.963663610787591,1.2610114458050241e-14,-1.8464183233854892e-06,-0.0004843922136497933
1495,0.0018452658369875108,3.019587466889242,1.0356743147860389e-14,-1.518356827659266e-07,-0.0004485719425849229
1496,-0.0018452658369868264,3.0195874668892193,1.0602821256215958e-14,1.518356810090854e-07,0.00044857194258299347
1497,1.471667576624344e-16,2.4034155442189147,1.092667555671219e-14,2.550019103281307e-17,3.273218014200664e-17
1498,-0.017751895801032584,2.405439030214108,1.332818484770743e-14,3.5921186826762784e-07,0.0006155835290824014
1499,0.015872305541880825,2.450296885814416,1.1545349453347477e-14,7.938879605035379e-07,-0.0011569764431641621
1500,-0.01587230554188193,2.4502968858144185,1.1598641229471668e-14,-7.938879609177031e-07,0.0011569764431636417
1501,0.01344481689493156,2.50429476844234,1.3255596898467112e-14,1.2010451753375825e-06,-5.0134671232665226e-05
1502,-0.013444816894930968,2.504294768442333,1.2948579640679564e-14,-1.201045174707878e-06,5.0134671233307074e-05
1503,0.023779062258717162,2.5879683496979524,1.3923277371940067e-14,-3.2675517644235874e-07,-0.000679302272430482
1504,-0.023779062258716642,2.587968349697958,1.4077951600672426e-14,3.2675517657766717e-07,0.0006793022724306769
1505,0.018782105506783255,2.615563853771498,1.2729993337431064e-14,5.84897668813502e-07,0.000879711200410599
1506,-0.018782105506788434,2.615563853771491,1.2932306888827736e-14,-5.848976684947466e-07,-0.0008797112004102516
1507,7.501464690593559e-16,2.6481027934369155,1.7087885633216372e-14,-3.0369441069165964e-16,-3.399654721239663e-16
1508,7.476457018174048e-16,2.6392747991820733,9.660081469935982e-15,1.2358134812276475e-16,1.1946819139339463e-16
1509,-1.6132616114946732e-16,2.6346561516641187,1.3072085328097337e-14,-3.205732741792522e-17,-7.447602222365937e-17
1510,1.611502349003703e-16,2.6317830579816053,1.2416801634257786e-14,-1.1409524429960268e-16,-1.0380423336275894e-16
1511,-1.3292702553011356e-15,2.6305433754165017,1.0706825554374404e-14,-2.658624784393432e-16,-3.105370165409067e-16
1512,1.6459487715724966e-16,2.6880383351648334,1.3895407765253821e-14,-1.7384104367690345e-16,-2.1047073409050904e-16
1513,-1.654549492965403e-16,2.7020843791326032,8.519682798414655e-15,-1.933542242245169e-17,-4.347297825519306e-17
1514,0.013591379290447576,2.6878931212661734,1.1754906773217564e-14,6.947839573060582e-07,0.00010918834850762518
1515,0.013591379290451759,2.6878931212661747,1.0795183109590898e-14,6.947839570406456e-07,0.00010918834850724181
1516,-0.013591379290446966,2.6878931212661707,1.1954089135745316e-14,-6.947839573580999e-07,-0.00010918834850763039
1517,-0.01359137929045053,2.687893121266168,1.0524776443556526e-14,-6.947839575168271e-07,-0.00010918834850762778
1518,0.0018452658370056109,3.019587466889237,9.308548236621936e-15,-1.5183568410513312e-07,-0.0004485719425908674
1519,-0.0018452658370069401,3.019587466889218,9.783938941347738e-15,1.5183568242418607e-07,0.0004485719425894605
1520,-0.013519183696785541,2.418836106396489,1.0435381250088271e-14,-4.2044552605105534e-08,-0.00017548757022814183
1521,0.013519183696783942,2.4188361063964914,1.0338586156601405e-14,4.204455252357353e-08,0.00017548757022812643
1522,1.800223000779153e-15,2.4749886822013423,1.000646874661237e-14,-1.4088180752825203e-15,-1.4066137532963045e-15
1523,-2.2839265626377555e-15,2.4056253201319304,8.312316487749486e-15,-3.7658540323787427e-16,-3.743237944994759e-16
1524,-6.81647405635775e-16,2.40629326865537,1.1140393610472951e-14,1.4297999297895553e-16,2.409444878416812e-16
1525,6.817113727781053e-16,2.4065190799805976,9.855470343746297e-15,1.257615163843659e-16,1.2519227854276994e-16
1526,1.531381825999741e-16,2.5009363141535155,1.5977665107257135e-14,-3.4222189745152166e-17,-1.5113203987859606e-16
1527,-7.129010515449293e-16,2.516622211669526,1.0914718516127629e-14,-1.2041740174649872e-16,-7.758985682276367e-17
1528,0.016899554269146275,2.5652272499160644,1.1987938388078332e-14,1.1294662527819299e-07,0.000554610586815843
1529,-0.01689955426914796,2.565227249916061,1.2007054402905718e-14,-1.1294662493038093e-07,-0.0005546105868157389
1530,-0.017751895801031446,2.4054390302140987,1.2208517994967157e-14,3.5921186899707906e-07,0.0006155835290829661
1531,0.017751895801033073,2.4054390302141018,1.3392635766673041e-14,-3.5921186892834064e-07,-0.0006155835290829132
1532,0.017751895801036817,2.4054390302141027,1.3317908276609632e-14,-3.592118679313083e-07,-0.0006155835290819426
1533,-1.601899800219858e-16,2.6161009057226345,1.4111503220221564e-14,7.163909684891827e-17,6.896810639572997e-17
1534,-0.01608524482261489,2.6356723338721926,1.2911699824024534e-14,-2.303948191109337e-06,-7.257102665652639e-05
1535,0.016085244822616092,2.635672333872198,1.2804501272909278e-14,2.3039481907034115e-06,7.257102665611005e-05
1536,0.016085244822613257,2.635672333872213,1.1629416630028416e-14,2.3039481919576166e-06,7.257102665721073e-05
1537,-0.016085244822612043,2.6356723338722055,1.1322610481199354e-14,-2.3039481926328577e-06,-7.25710266579211e-05
1538,2.3172490689981578e-15,2.4407234123132575,1.0390307119158546e-14,-1.7667811718735672e-15,-1.62376808263826e-15
1539,-0.004291793996380408,2.411372470757745,1.1272534322511385e-14,-1.7665895143568686e-07,-5.954921034719441e-05
1540,0.004291793996378808,2.411372470757748,1.1410225742764067e-14,1.76658951022389e-07,5.9549210346660116e-05
1541,1.4909034284560335e-16,2.434830074261507,1.3959382668390388e-14,-1.375837563045293e-16,-3.6793200021779777e-16
1542,-1.2465681651028608e-15,2.4668810692477043,9.958356221021327e-15,-2.382996627170275e-16,-1.5604956241647257e-16
1543,0.01983666242659019,2.9082726372779026,1.1099254475192947e-14,9.771707346756253e-07,-0.0023361465205676
1544,0.012866936375337515,2.932734960977245,1.0324765417065205e-14,2.222814551013086e-06,-0.0018378363029912632
1545,-0.01286693637533748,2.932734960977237,1.0551600551882784e-14,-2.222814552059124e-06,0.0018378363029902325
1546,-0.019836662426589477,2.9082726372778924,1.1092078965328061e-14,-9.77170734326946e-07,0.0023361465205680478
1547,-8.342981672336643e-16,2.9451679083167854,1.5320852824741306e-14,7.317090679289809e-16,7.210669434551333e-16
1548,1.7197988729804412e-16,2.8086447033999224,1.1972740696721908e-14,8.770185600170809e-18,2.702541662873809e-17
1549,1.5400380346107616e-16,2.515072975625292,1.0953616813909278e-14,1.6178950027723028e-17,5.194912819326728e-17
1550,-7.729003023474065e-16,2.728426426189651,9.246009610632055e-15,-1.2086243023553376e-16,-1.0105630230930568e-16
1551,-1.726112142041994e-16,2.818955054214457,1.3333951371363158e-14,4.765976177204425e-17,7.899245462478391e-17
1552,-1.3128356021019716e-15,2.5980202162410677,1.1721548059000791e-14,-1.3981881237826766e-16,-1.129651442985578e-16
1553,-7.208845505287286e-16,2.5448048757656583,1.186748445267731e-14,5.20273225647518e-16,5.354605520766299e-16
1554,1.555230922712649e-16,2.539884844831116,8.825170082991087e-15,2.3039128298624277e-17,1.4347343221138083e-17
1555,8.535353367931247e-16,3.0130773160783195,1.0290403840082144e-14,8.307773262053062e-17,7.061682182221376e-16
1556,1.5225728990502975e-15,3.013077316078297,9.71758280696484e-15,1.5096414109029219e-16,3.4399574998949557e-16
1557,6.835681449721765e-16,2.4130736980941263,9.80391564025918e-15,-6.849993702532365e-16,-6.886996296792855e-16
1558,1.4813114288815918e-16,2.4191651501689115,9.160364760915787e-15,3.324981955814119e-17,3.9923970135318874e-17
1559,-1.2461429647893061e-15,2.4660396242040155,1.0986218787272925e-14,3.3801167397538075e-16,3.2065792764983067e-16
1560,-1.5512868298508697e-16,2.5334436523754214,1.2413397028359336e-14,8.960341346348837e-17,9.093230019518732e-17
1561,7.262159967347846e-16,2.563625490370456,1.2488091245375422e-14,-3.9062279068389164e-16,-4.0084523383176974e-16
1562,-1.571322875006062e-16,2.5661649972875087,1.492533179150506e-14,4.35422027223518e-17,3.033112265760286e-17
1563,-1.3048498276953954e-15,2.5822168640792227,9.888851448086881e-15,-2.387229805121161e-16,-2.567352168563444e-16
1564,-1.3810287655725954e-15,2.732970256461223,1.0440102865187055e-14,-2.1663458252108102e-16,-2.863339060288635e-16
1565,7.754830148782465e-16,2.737543696682356,1.3539538239075978e-14,-4.944795200849869e-16,-5.168660928817657e-16
1566,0.0044251836237498825,2.82344270327734,1.0082876033235558e-14,-1.5385835040867754e-07,0.00048603365002715697
1567,-0.004425183623749261,2.823442703277343,9.902442116040456e-15,1.5385835046462237e-07,-0.0004860336500269319
1568,2.1306244430960198e-15,2.9292323119979398,9.17939142215958e-15,-1.5278480814338956e-15,-1.988197743832636e-15
1569,-0.010783230488832044,2.904582992066354,1.1178181833150069e-14,-2.8299006991916453e-07,3.217300299793429e-05
1570,0.010783230488834651,2.9045829920663615,1.1181061032641558e-14,2.8299007099122364e-07,-3.217300299746505e-05
1571,7.997827608206461e-16,2.8233245778355593,9.033862138138207e-15,9.354589207032148e-17,7.557874598537337e-17
1572,-0.03101024261574419,2.8814580883340035,1.378443239066509e-14,-4.1661761363519234e-07,0.0017969853538618381
1573,0.031010242615741652,2.8814580883340057,1.374753781099167e-14,4.166176135684055e-07,-0.0017969853538618039
1574,0.03101024261574275,2.8814580883339884,1.2169948264782955e-14,4.166176132570226e-07,-0.001796985353861664
1575,-0.03101024261574329,2.8814580883339795,1.2013857213312628e-14,-4.166176130809482e-07,0.001796985353861975
1576,1.740937952759056e-16,2.8431674405570075,9.430503046253906e-15,2.3362449398183145e-17,4.273714100947365e-17
1577,-0.003241506655281089,2.749725370865223,9.117814226326856e-15,-4.00009435711445e-07,-0.00032765423524541357
1578,0.003241506655280482,2.7497253708652267,9.186624483387672e-15,4.0000943632738026e-07,0.000327654235245388
1579,-6.961130379893181e-16,2.4573586045920752,1.0698784666133175e-14,-1.6029166790545654e-16,-1.3355026866037684e-16
1580,-6.961130379893212e-16,2.457358604592086,9.891875072497664e-15,-1.6205773160048176e-16,5.622731758816134e-17
1581,-1.732755127673828e-16,2.8298038730517887,1.269941042769399e-14,5.993834230551689e-17,1.0705616822569297e-16
1582,-1.3899009280274302e-15,2.75052771558446,1.0204851011595522e-14,7.174093836600315e-16,6.956632963341927e-16
1583,-8.287967364329474e-16,2.9257472286599895,9.648903836384225e-15,-1.2090332043345604e-16,-4.457233639144872e-16
1584,-1.7861276003647567e-16,2.9169677356905326,1.1303872649891533e-14,1.0074783829427713e-16,-3.547886267419694e-16
1585,-1.44682635437658e-15,2.8631796030229495,7.926328442577449e-15,-1.6815332047343564e-16,-2.890607291455235e-17
1586,1.7570479608946313e-16,2.869477080441408,9.346747617581128e-15,1.930546957203442e-17,5.006485823661611e-17
1587,3.8520868670251965e-15,2.76432504579564,9.651021552663834e-15,-4.5150303139467195e-16,-1.6723031989280416e-16
1588,-7.799216918635306e-16,2.7532127338753645,8.778547095782643e-15,-7.39030763687015e-17,-7.248703665716164e-17
1589,-1.7730939706260823e-16,2.895682203000211,1.1387789941612173e-14,1.3423516186438644e-16,1.1166748244366642e-16
1590,-8.198877049871428e-16,2.8942973291649805,1.308732320391837e-14,1.5122924084161779e-16,2.5614402062705836e-16
1591,-3.8502485743057315e-15,2.763005854723024,9.278428854099082e-15,-2.673339352951259e-16,-5.101520719290065e-16
1592,-1.4599273801351673e-15,2.8891057202914094,7.907749769612923e-15,-1.8957264817682427e-16,-1.1645227256057952e-16
1593,-8.17016498135008e-16,2.8841616407370827,9.286180036700442e-15,-8.798029093036702e-17,2.089750598963916e-16
1594,-8.188211855016951e-16,2.8905323934555445,8.956832075163866e-15,-1.071250534731281e-16,-1.1634578138767553e-16
1595,7.107715295004136e-16,2.5091047554028334,1.238471123838032e-14,8.565197162635485e-17,5.968532959532702e-17
1596,7.107715295004131e-16,2.5091047554028316,1.1325397109538038e-14,3.5778671692021646e-17,2.087089182034596e-17
1597,1.4287113186423732e-15,2.8273310710513564,1.0500349346198214e-14,2.0058356745352066e-16,1.9617026363290478e-16
1598,1.713937945385547e-16,2.799073082261526,1.1105853092590015e-14,1.7511813923164072e-17,9.067730891457376e-18
1599,-7.822545990232639e-16,2.7614481628500087,9.092626686454712e-15,5.760174771814028e-16,5.257372644577414e-16
1600,1.6891027856342394e-16,2.758514188434181,6.985267514528269e-15,2.860897520154733e-17,5.126379110455917e-17
1601,7.814276427127206e-16,2.758528912535139,1.2079364385216698e-14,-2.596033260383633e-16,-2.5874210767789203e-16
1602,7.929128712456113e-16,2.7990730822615486,9.287865852615629e-15,1.2634004628066242e-16,1.0430363712489454e-16
1603,-7.331110560768765e-16,2.5879658380996164,1.0427162935967536e-14,-1.3785489912919145e-16,-1.4568995112392318e-16
1604,1.79371375887516e-15,2.4660396242040163,1.0904867865035894e-14,-5.503952328622663e-16,-7.419364872907758e-16
1605,7.431697476421355e-16,2.6234741692468435,1.4509946397267073e-14,-5.609797565711561e-16,-5.496955836478343e-16
1606,-1.3256980330835762e-15,2.623474169246845,1.3976806148445116e-14,8.763606160200332e-16,9.993802931474588e-16
1607,8.139974680700906e-16,2.8735041194687327,1.207160535938716e-14,-5.358092800961458e-16,-5.450285756748062e-16
1608,1.4548489305712388e-15,2.879055783640452,1.441994290968703e-14,-9.429227638844176e-16,-1.0082353830481045e-15
1609,-1.4832160858104507e-16,2.422275690988003,1.1996618206948387e-14,1.160360164651931e-16,1.0270676487271161e-16
1610,-6.931162232135198e-16,2.446779505833994,9.295534926807606e-15,-1.225131514249675e-16,-1.6106289140393158e-16
1611,-1.2364104119250912e-15,2.446779505833992,8.791526126082024e-15,-2.1476012157864433e-16,-3.5998900258307764e-17
1612,8.336649409469513e-16,2.9429325471334886,1.3621769319753727e-14,-2.535813356172034e-16,-1.7692485389068924e-16
1613,-1.4871272356962142e-15,2.9429325471334713,1.3252091812656346e-14,4.118037020325177e-16,3.6700582351813227e-16
1614,0.008875400493930936,2.9206037595968155,1.1106376709403643e-14,-3.4672885109235385e-07,-0.001606480066546808
1615,1.4763191780672295e-15,2.9215440715517285,1.0436768053303996e-14,9.105208939002217e-17,-3.5810559137897286e-16
1616,-1.3802206936129954e-15,2.7313711321810334,1.0173544365582119e-14,-1.7556578952681971e-16,-1.95097098741083e-16
1617,-1.986706917561752e-15,2.731371132181011,7.578606789947414e-15,-2.5118547645611503e-16,-2.5669248763246846e-16
1618,-0.003983403827513695,2.5330655725135416,1.1151138964913824e-14,-1.89094472855504e-07,0.00011761323702579561
1619,-0.0039834038275092035,2.533065572513547,1.0677503304598493e-14,-1.8909447247936716e-07,0.00011761323702596041
1620,0.003983403827514254,2.53306557251354,1.0972522515530803e-14,1.8909447302133272e-07,-0.00011761323702566984
1621,0.003983403827509761,2.533065572513544,1.0626496080620101e-14,1.890944727584408e-07,-0.00011761323702579648
1622,1.7314941312304557e-16,2.8277445095777645,1.4192264166586665e-14,-2.0174692259260984e-16,-1.476590929561662e-16
1623,-0.0030351186812602312,2.763357680512528,9.781934511148346e-15,-5.128302957143824e-07,6.639534247405315e-05
1624,-7.170152128650086e-16,2.5311456714653358,1.2022379880438762e-14,2.1306047469654283e-16,3.1461658587021e-16
1625,-0.006936676593716476,2.741962401276775,1.0846971151051694e-14,-2.0030248467324064e-06,-0.00046367781712668447
1626,0.006936676593717106,2.7419624012767834,1.1049388046549911e-14,2.0030248468550296e-06,0.00046367781712669575
1627,0.006936676593717705,2.7419624012767794,1.0628828550002973e-14,2.0030248461713317e-06,0.00046367781712608794
1628,-0.006936676593721346,2.7419624012767745,1.0667214980176266e-14,-2.003024847307467e-06,-0.0004636778171275616
1629,1.5498797223678495e-16,2.5311456714653335,1.1299428087877792e-14,-2.5912431922403556e-17,-2.3852447794681098e-18
1630,-1.5828906878270755e-16,2.585056669284802,1.0486413957394714e-14,1.1671907724527516e-16,7.766875607345945e-17
1631,-1.5672856812023902e-16,2.5595717594552085,1.1078116270074879e-14,-7.169540975444574e-17,-5.577097858782808e-17
1632,7.250676682257329e-16,2.5595717594551903,1.1823154153281739e-14,1.5829521124877816e-16,2.095623038978183e-16
1633,-7.2777102181207e-16,2.5691149066656327,1.2086310403582092e-14,3.358294420657e-16,3.8406097656430723e-16
1634,-0.010849960329113255,2.8551605935022684,1.305545315072359e-14,-1.7915517091385627e-06,0.0002710717537410638
1635,-0.010849960329116528,2.8551605935022955,1.184608184254683e-14,-1.7915517086511054e-06,0.0002710717537404172
1636,0.010849960329108937,2.8551605935023,1.3105239610126706e-14,1.7915517093562705e-06,-0.0002710717537404506
1637,0.010849960329114637,2.8551605935022986,1.2905241780504808e-14,1.7915517087734034e-06,-0.0002710717537405573
1638,-7.33743773780075e-16,2.590199403924965,9.988183085992466e-15,-1.6868152924801039e-16,-1.4624150889287583e-16
1639,1.5860397045850428e-16,2.5901994039249607,8.621381042821766e-15,1.989172173331999e-17,2.6361465263566742e-17
1640,-1.573129173544904e-16,2.5691149066656243,1.2238084512354885e-14,4.7147547910068865e-17,1.220235663814545e-17
1641,-0.008875400493930296,2.9206037595968177,1.1222404043999655e-14,3.4672885125541786e-07,0.0016064800665471688
1642,-0.00887540049392381,2.9206037595968177,1.1177299844085352e-14,3.467288507801036e-07,0.0016064800665463058
1643,-1.8788132139575523e-15,2.583036345220948,9.220175860913623e-15,-1.8420933723707622e-16,-2.999801064018995e-16
1644,7.317146443943867e-16,2.583036345220944,8.792810935437374e-15,4.432354006392303e-17,1.1188966420050406e-16
1645,6.500783739860597e-15,2.849123597177082,1.1314880843575166e-14,4.47118199669444e-16,1.6371046228716435e-15
1646,2.0723560752362093e-15,2.8491235971770767,1.0519666682590355e-14,1.406252569361062e-16,2.025442124133428e-16
1647,7.323107365839831e-16,2.585140618796204,1.0494617071473349e-14,-1.3467230938280297e-16,-5.622604703874046e-17
1648,1.3063272639602417e-15,2.585140618796213,9.976743060276445e-15,-2.6955976513420854e-16,-2.3288662664988635e-16
1649,-8.67249378951174e-16,3.061489452702225,1.0164074010649137e-14,3.993692583668246e-16,5.001663908483231e-16
1650,-1.5576468470680674e-15,3.082486483431512,1.3001144360602356e-14,6.932998554594338e-16,6.530962836509557e-16
1651,0.0030351186812602204,2.7633576805125184,9.698966512331648e-15,5.128302961471959e-07,-6.639534247351018e-05
1652,0.008875400493922544,2.9206037595968275,1.025826696759193e-14,-3.4672885026055394e-07,-0.0016064800665461544
1653,8.010348255811597e-16,2.8277445095777396,1.3830226567071196e-14,-5.731647490338828e-16,-5.453527878246186e-16
1654,0.0014163539784868434,2.413522057605147,1.0644286250439092e-14,3.272492024895346e-08,2.275093944134382e-05
1655,-0.001416353978486838,2.4135220576051375,1.0844303314151493e-14,-3.272492068810955e-08,-2.2750939441896437e-05
1656,-0.0012000017335998942,2.423693009676569,1.172513481930095e-14,-9.597244995784154e-07,6.779707822730753e-05
1657,-0.0012000017336025834,2.423693009676566,1.1542526497654333e-14,-9.597244994292292e-07,6.779707822767442e-05
1658,0.0014163539784830999,2.41352205760516,1.0329603015371717e-14,3.272491875176513e-08,2.2750939439085643e-05
1659,-0.0014163539784825647,2.4135220576051615,1.0133996167754825e-14,-3.272491952272774e-08,-2.2750939439874292e-05
1660,0.0012000017336025893,2.4236930096765774,1.1447659481594024e-14,9.597244984248243e-07,-6.779707822872913e-05
1661,0.0012000017336004291,2.4236930096765623,1.1320571705856046e-14,9.59724500258427e-07,-6.779707822685997e-05
1662,6.861254058524202e-16,2.422101121350563,9.938510489433009e-15,-3.494451364556561e-16,-7.196561326461987e-16
1663,1.4831091927365913e-16,2.4221011213505634,9.73193423256255e-15,-1.0909784360635388e-16,-6.245004513516506e-17
1664,8.697139729718919e-16,3.0701897513507475,1.02859028793784e-14,7.386593168178489e-17,1.5807667674838655e-16
1665,-1.8799490258833475e-16,3.0701897513507426,9.431704366063936e-15,2.658667014841798e-17,2.748859083065436e-16
1666,-1.8746216294375691e-16,3.0614894527022054,9.741888286570439e-15,1.0791538561198688e-16,2.1936342800961623e-16
1667,-8.638499840029818e-16,3.0494891999121383,1.0493135777510577e-14,2.3376182344263686e-16,4.3071831832162065e-16
1668,8.638499840029788e-16,3.049489199912128,1.0384350371069863e-14,-2.438645971627757e-16,-3.153224141755166e-16
1669,-0.0030351186812688185,2.7633576805125255,9.283100732198134e-15,-5.128302954225152e-07,6.639534247423855e-05
1670,0.0030351186812688164,2.7633576805125237,9.333962218801117e-15,5.128302957902765e-07,-6.639534247397617e-05
1671,-1.7822684990720248e-16,2.9106653450005497,1.0786158600481086e-14,3.525012313293496e-17,2.4574797492099565e-16
1672,2.1171194597060902e-15,2.9106653450005586,1.1177238558269807e-14,-5.851168074361146e-16,-8.357233633425609e-16
1673,-1.4787641973661359e-15,2.92638261307017,9.993627615252235e-15,-1.5520999961752277e-16,-1.0388350878305641e-16
1674,7.805031569224714e-16,2.7552653720072184,1.003630298329275e-14,-1.7606426841627887e-16,-1.8553600259071327e-16
1675,-1.6871134593150889e-16,2.7552653720072153,9.933342276958892e-15,4.6905296487154136e-17,2.2177694251369895e-16
1676,-8.289767261874876e-16,2.9263826130701642,9.428534570057408e-15,-8.520226992325672e-17,3.975491963214119e-16
1677,-8.139597975529683e-16,2.8733711382367515,1.0504694593628825e-14,-4.686463890568593e-17,1.5284540126614399e-16
1678,1.7594323836020153e-16,2.8733711382367564,9.470119916796726e-15,-1.0408340855860843e-17,1.7648100862632798e-16
1679,-1.4546736401603748e-15,2.8787088947913007,1.0977600095758081e-14,9.174383258300778e-17,3.656471826707364e-17
1680,1.4546736401603661e-15,2.8787088947912833,1.143504884662911e-14,-1.2140353826406436e-16,-1.0759351309203025e-16
1681,1.4763191780672283e-15,2.9215440715517262,9.988995095020637e-15,1.0247658705766702e-16,-4.1388062681918525e-16
