figure,method,modes,harmonics,eigen_dimension,quadrature_actual,wavelength,evaluation_wavelength,T0,T,R,A,max_boundary_condition
6,fmm,5,11,11,0,0.95,0.95,0.19791374670816098,0.28494376732946924,0.6450333855502293,0.07002284712030149,241.12855735701993
6,fmm,5,11,11,0,0.9504166666666666,0.9504166666666666,0.1980509859859335,0.28477594606259965,0.6451351313009398,0.07008892263646055,241.01489451836827
6,fmm,5,11,11,0,0.9508333333333333,0.9508333333333333,0.19819007034571356,0.2846087542426369,0.6452356737391967,0.07015557201816647,240.90112622148624
6,fmm,5,11,11,0,0.9512499999999999,0.9512499999999999,0.19833102479931625,0.2844421949536375,0.6453350012956042,0.07022280375075834,240.78725386961693
6,fmm,5,11,11,0,0.9516666666666667,0.9516666666666667,0.1984738749291744,0.2842762713529917,0.6454331021374442,0.07029062650956408,240.67327889317377
6,fmm,5,11,11,0,0.9520348012279751,0.9520348012279751,0.19860168454462146,0.2841302055639313,0.6455187460986734,0.07035104833739525,240.57249516017524
6,fmm,5,11,11,0,0.9520833333333333,0.9520833333333333,0.19861864690611566,0.2841109866735643,0.6455299641606713,0.07035904916576435,240.5592027492298
6,fmm,5,11,11,0,0.9524999999999999,0.9524999999999999,0.19876536750790494,0.2839463442259948,0.6456255749814372,0.07042808079256796,240.4450269210195
6,fmm,5,11,11,0,0.9529166666666666,0.9529166666666666,0.19891406413848772,0.2837823474010258,0.6457199219273997,0.0704977306715745,240.33075291740175
6,fmm,5,11,11,0,0.9533333333333333,0.9533333333333333,0.19906476484804805,0.2836189996719643,0.6458129920286129,0.07056800829942284,240.2163822723409
6,fmm,5,11,11,0,0.95375,0.95375,0.19921749835385652,0.2834563045971953,0.6459047720080936,0.07063892339471112,240.10191654435712
6,fmm,5,11,11,0,0.9540696024559502,0.9540696024559502,0.19933604794923643,0.2833319545894745,0.645974288660185,0.07069375675034045,240.01405262806816
6,fmm,5,11,11,0,0.9541666666666666,0.9541666666666666,0.1993722940620254,0.28329426582286,0.6459952482719483,0.07071048590519169,239.98735731598282
6,fmm,5,11,11,0,0.9545833333333333,0.9545833333333333,0.19952918209010012,0.2831328870855384,0.646084406899187,0.07078270601527459,239.87270619320563
6,fmm,5,11,11,0,0.955,0.955,0.19968819329066897,0.2829721722151378,0.6461722336310239,0.07085559415383824,239.75796480491067
6,fmm,5,11,11,0,0.9554166666666666,0.9554166666666666,0.19984935927595007,0.2828121251378576,0.6462587138597856,0.0709291610023568,239.64313480230436
6,fmm,5,11,11,0,0.9558333333333333,0.9558333333333333,0.20001271244340912,0.28265274987924915,0.6463438326173164,0.07100341750343442,239.52821785834635
6,fmm,5,11,11,0,0.9561044036839254,0.9561044036839254,0.20012017495088608,0.282549427958156,0.6463984699876957,0.0710521020541483,239.45341059885007
6,fmm,5,11,11,0,0.9562499999999999,0.9562499999999999,0.20017828600252402,0.282494050567453,0.6464275745629353,0.07107837486961166,239.41321566716917
6,fmm,5,11,11,0,0.9566666666666667,0.9566666666666667,0.20034611400268965,0.28233603143653035,0.6465099239708286,0.07115404459264102,239.29812994349038
6,fmm,5,11,11,0,0.9570833333333333,0.9570833333333333,0.20051623136235663,0.28217869682994245,0.6465908647169145,0.07123043845314303,239.18296242202922
6,fmm,5,11,11,0,0.9575,0.9575,0.20068867389947834,0.28202205120419543,0.6466703802651581,0.07130756853064646,239.06771485691417
6,fmm,5,11,11,0,0.9579166666666666,0.9579166666666666,0.2008634783633264,0.2818660991326374,0.6467484536532131,0.07138544721414952,238.95238902108304
6,fmm,5,11,11,0,0.9581579083146299,0.9581579083146299,0.20096578105670365,0.2817761248714979,0.6467929905501294,0.07143088457837271,238.88558259947638
6,fmm,5,11,11,0,0.9583333333333333,0.9583333333333333,0.20104068246769274,0.28171084530934465,0.6468250674775384,0.07146408721311692,238.83698670569888
6,fmm,5,11,11,0,0.95875,0.95875,0.20122032492572084,0.28155629455332837,0.6469002038776828,0.07154350156898887,238.7215097195323
6,fmm,5,11,11,0,0.9591666666666666,0.9591666666666666,0.20140244548625566,0.2814024518127971,0.6469738445200237,0.07162370366717918,238.6059598883793
6,fmm,5,11,11,0,0.9595833333333333,0.9595833333333333,0.2015870849719063,0.2812493221696285,0.6470459705806006,0.07170470724977085,238.4903390544514
6,fmm,5,11,11,0,0.96,0.96,0.2017742853189533,0.2810969108441077,0.647116562727305,0.0717865264285873,238.374649075773
6,fmm,5,11,11,0,0.9601920645976832,0.9601920645976832,0.2018614504061493,0.2810268994223113,0.6471485805721364,0.07182452000555228,238.32129843230294
6,fmm,5,11,11,0,0.9604166666666666,0.9604166666666666,0.2019640896191101,0.2809452231998173,0.647185601101075,0.07186917569910767,238.25889182558916
6,fmm,5,11,11,0,0.9608333333333333,0.9608333333333333,0.20215654216331214,0.28079426474876895,0.647253065296344,0.07195266995488708,238.14306919175573
6,fmm,5,11,11,0,0.9612499999999999,0.9612499999999999,0.2023516884876372,0.28064404115677405,0.6473189343404424,0.07203702450278354,238.02718307614794
6,fmm,5,11,11,0,0.9616666666666667,0.9616666666666667,0.2025495754214944,0.28049455824907876,0.6473831866720471,0.07212225507887415,237.91123539406078
6,fmm,5,11,11,0,0.9620833333333333,0.9620833333333333,0.2027502511381968,0.2803458220162482,0.6474458001185868,0.07220837786516504,237.79522807361192
6,fmm,5,11,11,0,0.9622268658256584,0.9622268658256584,0.20282003423503883,0.28029475967755535,0.6474669854449647,0.07223825487747992,237.75525264626677
6,fmm,5,11,11,0,0.9622268658256585,0.9622268658256585,0.20282003423503678,0.2802947596775524,0.6474669854449612,0.07223825487748642,237.7552526462678
6,fmm,5,11,11,0,0.9624999999999999,0.9624999999999999,0.2029537652080806,0.28019783862033815,0.6475067518725103,0.07229540950715158,237.6791630551569
6,fmm,5,11,11,0,0.9629166666666666,0.9629166666666666,0.20316016865433148,0.2800506144013747,0.6475660184663063,0.07238336713231897,237.5630422906973
6,fmm,5,11,11,0,0.9633333333333333,0.9633333333333333,0.203369514011659,0.279904155884126,0.6476235757464266,0.07247226836944742,237.44686774329296
6,fmm,5,11,11,0,0.96375,0.96375,0.2035818553880636,0.2797584697852656,0.6476793988456401,0.07256213136909434,237.33064138648436
6,fmm,5,11,11,0,0.9641666666666666,0.9641666666666666,0.2037972485297675,0.27961356302078233,0.6477334621541828,0.07265297482503486,237.21436520372296
6,fmm,5,11,11,0,0.964280370456363,0.964280370456363,0.20385656451416556,0.2795741558309904,0.6477479063506784,0.07267793781833126,237.18262630970113
6,fmm,5,11,11,0,0.9645833333333333,0.9645833333333333,0.20401575088972382,0.2794694427139422,0.6477857392892222,0.07274481799683558,237.09804118778663
6,fmm,5,11,11,0,0.965,0.965,0.20423742169968184,0.2793261162034785,0.6478362030627878,0.0728376807337337,236.98167134023026
6,fmm,5,11,11,0,0.9654166666666666,0.9654166666666666,0.20446232204625628,0.2791835910523228,0.6478848254479432,0.07293158349973394,236.86525767081696
6,fmm,5,11,11,0,0.9658333333333333,0.9658333333333333,0.20469051495114343,0.27904187505673583,0.6479315775431751,0.07302654740008907,236.74880219696985
6,fmm,5,11,11,0,0.9662499999999999,0.9662499999999999,0.20492206545584615,0.27890097625597876,0.6479764295347802,0.07312259420924105,236.6323069432175
6,fmm,5,11,11,0,0.9663151716843381,0.9663151716843381,0.2049585907346897,0.2788790124280625,0.6479832710975068,0.07313771647443074,236.61408221696837
6,fmm,5,11,11,0,0.9666666666666667,0.9666666666666667,0.20515704071113364,0.2787609029424404,0.6480193506571171,0.07321974640044249,236.51577394067382
6,fmm,5,11,11,0,0.9670833333333333,0.9670833333333333,0.20539551007166004,0.27862166367239,0.6480603091507011,0.07331802717690888,236.3992052264814
6,fmm,5,11,11,0,0.9675,0.9675,0.20563754519600305,0.27848326727724687,0.648099272217888,0.07341746050486514,236.28260284331537
6,fmm,5,11,11,0,0.9679166666666666,0.9679166666666666,0.20588322015261118,0.27834572287555526,0.6481362059759266,0.07351807114851816,236.16596883884498
6,fmm,5,11,11,0,0.9683333333333333,0.9683333333333333,0.20613261153199947,0.2782090398855845,0.648171075407384,0.07361988470703157,236.04930526523512
6,fmm,5,11,11,0,0.9683499729123133,0.9683499729123133,0.20614264925478737,0.2782035994752533,0.6481724245451708,0.07362397597957593,236.04464572166196
6,fmm,5,11,11,0,0.96875,0.96875,0.20638579856570355,0.27807322803867607,0.6482038443074843,0.07372292765383959,235.9326141786566
6,fmm,5,11,11,0,0.9691666666666666,0.9691666666666666,0.2066428632524797,0.2779382973933753,0.6482344752284251,0.07382722737819958,235.81589763878134
6,fmm,5,11,11,0,0.9695833333333334,0.9695833333333334,0.20690389049228372,0.27780425835037986,0.6482629294201816,0.07393281222943854,235.69915770831574
6,fmm,5,11,11,0,0.97,0.97,0.20716896822863956,0.2776711216684038,0.6482891667677116,0.07403971156388456,235.58239645252303
6,fmm,5,11,11,0,0.9704034775430178,0.9704034775430178,0.20742960134204147,0.2775430697450529,0.6483124217377711,0.07414450851717597,235.46931277143835
6,fmm,5,11,11,0,0.9704166666666666,0.9704166666666666,0.20743818760001956,0.2775388984809775,0.6483131457242854,0.07414795579473704,235.46561593877007
6,fmm,5,11,11,0,0.9708333333333333,0.9708333333333333,0.20771164310097195,0.27740760031430556,0.6483348232404308,0.07425757644526365,235.3488182360635
6,fmm,5,11,11,0,0.97125,0.97125,0.20798943275376505,0.27727723910625146,0.6483541546884348,0.07436860620531371,235.23200541463038
6,fmm,5,11,11,0,0.9716666666666667,0.9716666666666667,0.2082716582913652,0.277147827226501,0.6483710937818595,0.07448107899163947,235.11517954547105
6,fmm,5,11,11,0,0.9720833333333333,0.9720833333333333,0.20855842535268684,0.2770193774980116,0.6483855924897242,0.07459503001226425,234.99834269994764
6,fmm,5,11,11,0,0.9724382787709929,0.9724382787709929,0.20880637775432143,0.27691072402892913,0.6483959812364892,0.07469329473458164,234.89880590256405
6,fmm,5,11,11,0,0.9724999999999999,0.9724999999999999,0.20884984369118204,0.2768919032199149,0.6483976009449064,0.07471049583517869,234.88149694937903
6,fmm,5,11,11,0,0.9729166666666667,0.9729166666666667,0.20914602739779942,0.27676541819187656,0.6484070673463179,0.07482751446180552,234.7646443646419
6,fmm,5,11,11,0,0.9733333333333333,0.9733333333333333,0.2094470951396439,0.2766399367401584,0.6484139378542478,0.07494612540559376,234.6477870157845
6,fmm,5,11,11,0,0.97375,0.97375,0.2097531704156168,0.2765154737454233,0.6484181564783461,0.0750663697762306,234.53092697165084
6,fmm,5,11,11,0,0.9741666666666666,0.9741666666666666,0.21006438183055828,0.2763920446724655,0.6484196649576007,0.0751882903699338,234.41406629952303
6,fmm,5,11,11,0,0.9744724350540463,0.9744724350540463,0.210296107509928,0.27630213403609544,0.6484190127198937,0.0752788532440109,234.32830957923773
6,fmm,5,11,11,0,0.9745833333333334,0.9745833333333334,0.21038086338961148,0.27626966560210736,0.6484184026316063,0.07531193176628631,234.29720706477303
6,fmm,5,11,11,0,0.975,0.975,0.21070275481451198,0.2761483532652797,0.6484143063022513,0.07543734043246902,234.18035133051734
6,fmm,5,11,11,0,0.9754166666666666,0.9754166666666666,0.21103020188400526,0.27602812507970526,0.648407310085075,0.07556456483521973,234.06350115729387
6,fmm,5,11,11,0,0.9758333333333333,0.9758333333333333,0.21136335680054077,0.27590899918926093,0.6483973452492025,0.07569365556153662,233.9466586027408
6,fmm,5,11,11,0,0.97625,0.97625,0.21170237858575344,0.27579099450626354,0.6483843400448963,0.07582466544884015,233.8298257213066
6,fmm,5,11,11,0,0.9765259396847509,0.9765259396847509,0.2119302076757482,0.2757134720200228,0.6483740173311304,0.0759125106488468,233.75245885918739
6,fmm,5,11,11,0,0.9766666666666667,0.9766666666666667,0.21204743350767188,0.27567413075712527,0.6483682195174034,0.07595764972547131,233.7130045639474
6,fmm,5,11,11,0,0.9770833333333333,0.9770833333333333,0.2123986955426134,0.2755584285314645,0.648348905305838,0.0760926661626975,233.59619717785645
6,fmm,5,11,11,0,0.9775,0.9775,0.21275634687546263,0.27544390933526075,0.6483263154255745,0.07622977523916474,233.47940560618625
6,fmm,5,11,11,0,0.9779166666666667,0.9779166666666667,0.21312057844208748,0.275330595648204,0.6483003640324346,0.07636904031936137,233.3626318878115
6,fmm,5,11,11,0,0.9783333333333333,0.9783333333333333,0.21349159051849906,0.2752185109859145,0.6482709611668469,0.07651052784723861,233.24587805707637
6,fmm,5,11,11,0,0.978560740912726,0.978560740912726,0.2136970158514747,0.2751578648219995,0.648253424215856,0.07658871096214453,233.18216547842653
6,fmm,5,11,11,0,0.97875,0.97875,0.21386959336158604,0.2751076799673253,0.648238012475731,0.07665430755694369,233.1291461435622
6,fmm,5,11,11,0,0.9791666666666666,0.9791666666666666,0.2142548079071749,0.2749981283879523,0.6482014189098383,0.07680045270220942,233.0124381718804
6,fmm,5,11,11,0,0.9795833333333334,0.9795833333333334,0.21464746653164846,0.27488988329950337,0.6481610763938157,0.07694904030668093,232.89575616146007
6,fmm,5,11,11,0,0.98,0.98,0.21504781388453048,0.2747829730967957,0.6481168754657491,0.07710015143745513,232.77910212635817
6,fmm,5,11,11,0,0.9804166666666666,0.9804166666666666,0.21545610779998697,0.2746774276124608,0.6480687008829138,0.07725387150462543,232.66247807507725
6,fmm,5,11,11,0,0.9805955421407011,0.9805955421407011,0.2156338939008491,0.27463254324912534,0.6480467704186236,0.07732068633225109,232.61242093400006
6,fmm,5,11,11,0,0.9805955421407012,0.9805955421407012,0.21563389390084597,0.2746325432491212,0.6480467704186327,0.07732068633224615,232.61242093400065
6,fmm,5,11,11,0,0.9808333333333333,0.9808333333333333,0.21587262029680726,0.2745732782206357,0.6480164311896709,0.0774102905896934,232.54588601040464
6,fmm,5,11,11,0,0.98125,0.98125,0.2162976386774292,0.2744705579505461,0.6479599382429093,0.07756950380654459,232.42932792924876
6,fmm,5,11,11,0,0.9816666666666667,0.9816666666666667,0.21673146673825675,0.27436930161118556,0.6478990866898602,0.07773161169895426,232.31280582249568
6,fmm,5,11,11,0,0.9820833333333333,0.9820833333333333,0.2171744261053607,0.2742695459285195,0.6478337333924168,0.07789672067906372,232.1963216748876
6,fmm,5,11,11,0,0.9824999999999999,0.9824999999999999,0.21762685771174145,0.2741713296967467,0.6477637267908536,0.07806494351239973,232.07987746488615
6,fmm,5,11,11,0,0.9826490467714057,0.9826490467714057,0.2177910666173128,0.27413657813823483,0.647737524215157,0.07812589764660821,232.03823401918518
6,fmm,5,11,11,0,0.9829166666666667,0.9829166666666667,0.2180891234348518,0.27407469394540074,0.6476889061992859,0.07823639985531339,231.9634751645881
6,fmm,5,11,11,0,0.9833333333333333,0.9833333333333333,0.2185616079162015,0.27397968212451124,0.6476091010233055,0.07841121685218327,231.84711673961348
6,fmm,5,11,11,0,0.98375,0.98375,0.21904472058821506,0.2738863403101086,0.6475241298894809,0.07858952980041045,231.73080414902137
6,fmm,5,11,11,0,0.9841666666666666,0.9841666666666666,0.21953889793802683,0.2737947174330898,0.6474337996737574,0.07877148289315283,231.61453934525838
6,fmm,5,11,11,0,0.9845833333333334,0.9845833333333334,0.22004460604276013,0.27370486553464096,0.6473379044144626,0.07895723005089644,231.49832427407625
6,fmm,5,11,11,0,0.9846838479993808,0.9846838479993808,0.22016838199004066,0.27368346136008614,0.6473139136407209,0.07900262499919297,231.47029677103524
6,fmm,5,11,11,0,0.985,0.985,0.22056234341714331,0.2736168400521862,0.6472362240924198,0.07914693585539401,231.38216087449715
6,fmm,5,11,11,0,0.9854166666666666,0.9854166666666666,0.22109264422171393,0.27353070014048836,0.6471285232578727,0.07934077660163891,231.2660510787753
6,fmm,5,11,11,0,0.9858333333333333,0.9858333333333333,0.2216360818888886,0.2734465090333423,0.6470145494799548,0.07953894148670287,231.14999681237455
6,fmm,5,11,11,0,0.98625,0.98625,0.22219327323526636,0.27336433445236935,0.6468940315898999,0.07974163395773076,231.0339999939513
6,fmm,5,11,11,0,0.9866666666666667,0.9866666666666667,0.2227648831421683,0.27328424907072746,0.6467666776833161,0.07994907324595646,230.91806253535725
6,fmm,5,11,11,0,0.9867180042824342,0.9867180042824342,0.22283634362124552,0.2732745300564725,0.6467504981928178,0.07997497175070967,230.9037820496742
6,fmm,5,11,11,0,0.9867180042824343,0.9867180042824343,0.22283634362124552,0.2732745300564725,0.6467504981928178,0.07997497175070967,230.9037820496742
6,fmm,5,11,11,0,0.9870833333333333,0.9870833333333333,0.223351629903214,0.27320633104108527,0.6466321728398741,0.08016149611904066,230.80218634165334
6,fmm,5,11,11,0,0.9875,0.9875,0.22395429135861156,0.2731306645990722,0.6464901765100111,0.08037915889091674,230.68637331111722
6,fmm,5,11,11,0,0.9879166666666667,0.9879166666666667,0.22457371196236137,0.27305734075620475,0.646340319507052,0.0806023397367433,230.57062533529995
6,fmm,5,11,11,0,0.9883333333333333,0.9883333333333333,0.22521081096124448,0.27298645809882094,0.6461822005293615,0.08083134137181758,230.4549442990435
6,fmm,5,11,11,0,0.98875,0.98875,0.22586659190697667,0.2729181237140029,0.6460153821195594,0.08106649416643763,230.3393320805574
6,fmm,5,11,11,0,0.9887715089131388,0.9887715089131388,0.225900971264023,0.27291466748617516,0.6460065259066877,0.08107880660713712,230.33336591965704
6,fmm,5,11,11,0,0.9891666666666666,0.9891666666666666,0.22654215377655423,0.27285245426810123,0.6458393859450944,0.08130815978680439,230.22379055147394
6,fmm,5,11,11,0,0.9895833333333334,0.9895833333333334,0.2272387040455338,0.2727895772700051,0.6456536872554085,0.08155673547458642,230.1083215769258
6,fmm,5,11,11,0,0.99,0.99,0.22795757414989934,0.27272963255974875,0.6454577083326749,0.08181265910757635,229.99292701563866
6,fmm,5,11,11,0,0.9904166666666666,0.9904166666666666,0.22870023789158972,0.27267277407384993,0.645250810703465,0.08207641522268505,229.87760872002474
6,fmm,5,11,11,0,0.9908063101411139,0.9908063101411139,0.22941771224383997,0.27262254601793157,0.6450468259697735,0.08233062801229496,229.7698401098848
6,fmm,5,11,11,0,0.990806310141114,0.990806310141114,0.2294177122438395,0.2726225460179306,0.6450468259697747,0.08233062801229468,229.76984010988465
6,fmm,5,11,11,0,0.9908333333333333,0.9908333333333333,0.22946833350215243,0.2726191719536605,0.6450322858115872,0.0823485422347523,229.76236853630417
6,fmm,5,11,11,0,0.99125,0.99125,0.23026369029278632,0.27256901508215314,0.6448013437633935,0.08262964115445337,229.64720830460203
6,fmm,5,11,11,0,0.9916666666666667,0.9916666666666667,0.23108836111127046,0.2725225141616761,0.6445570996344435,0.08292038620388037,229.53212985910693
6,fmm,5,11,11,0,0.9920833333333333,0.9920833333333333,0.23194466222909843,0.2724799054816215,0.6442985566584338,0.08322153785994468,229.41713502819087
6,fmm,5,11,11,0,0.9924999999999999,0.9924999999999999,0.23283522284697764,0.27244145557626465,0.6440245853835306,0.08353395904020477,229.30222563457178
6,fmm,5,11,11,0,0.992841111369089,0.992841111369089,0.23359188749008242,0.2724132842011004,0.6437879133228752,0.08379880247602439,229.20821794748693
6,fmm,5,11,11,0,0.9929166666666667,0.9929166666666667,0.23376304721129226,0.2724074670459351,0.6437338975458248,0.08385863540824012,229.18740349547252
6,fmm,5,11,11,0,0.9933333333333333,0.9933333333333333,0.2347315935003617,0.27237828592026636,0.6434250129235338,0.08419670115619982,229.07267042279332
6,fmm,5,11,11,0,0.99375,0.99375,0.23574487536286987,0.2723543110973382,0.6430962167178083,0.08454947218485354,228.9580282232922
6,fmm,5,11,11,0,0.9941666666666666,0.9941666666666666,0.2368075945957692,0.2723360066272315,0.6427455039215046,0.08491848945126385,228.843478698788
6,fmm,5,11,11,0,0.9945833333333334,0.9945833333333334,0.23792531748163745,0.27232391797004507,0.6423705054599185,0.08530557657003646,228.72902364634774
6,fmm,5,11,11,0,0.9948946159997936,0.9948946159997936,0.23880017495830771,0.27231932626729205,0.6420728314646282,0.08560784226807971,228.643579472995
6,fmm,5,11,11,0,0.995,0.995,0.23910471372516173,0.27231869393339697,0.6419683882181674,0.08571291784843565,228.6146648585133
6,fmm,5,11,11,0,0.9954166666666666,0.9954166666666666,0.24035388747290934,0.2723211169356623,0.6415357166890725,0.0861431663752652,228.50040412352476
6,fmm,5,11,11,0,0.9958333333333333,0.9958333333333333,0.24168284785952487,0.27233214584112037,0.6410682565178295,0.08659959764105013,228.38624322553355
6,fmm,5,11,11,0,0.99625,0.99625,0.24310419842212014,0.2723529784471611,0.6405606869824912,0.08708633457034765,228.27218394488142
6,fmm,5,11,11,0,0.9966666666666667,0.9966666666666667,0.24463418426102376,0.2723851459796857,0.640006164758624,0.08760868926169024,228.1582280583239
6,fmm,5,11,11,0,0.9969294172277687,0.9969294172277687,0.24566426901139468,0.2724121398126021,0.6396283816520938,0.08795947853530411,228.08642128042172
6,fmm,5,11,11,0,0.9970833333333333,0.9970833333333333,0.24629435374024247,0.2724306623760706,0.6393956324453609,0.08817370517856848,228.0443773393113
6,fmm,5,11,11,0,0.9975,0.9975,0.24811434263316098,0.2724922732732534,0.6387166613220097,0.08879106540473691,227.93063355825046
6,fmm,5,11,11,0,0.9979166666666667,0.9979166666666667,0.25013687440307886,0.27257390112497093,0.6379513753366438,0.08947472353838526,227.81699848279868
6,fmm,5,11,11,0,0.9983333333333333,0.9983333333333333,0.25242760879185966,0.27268151777839794,0.6370723669436184,0.09024611527798371,227.70347387816253
6,fmm,5,11,11,0,0.99875,0.99875,0.2550972240164343,0.2728250914539063,0.6360335506624031,0.0911413578836906,227.59006150738188
6,fmm,5,11,11,0,0.9989635735108221,0.9989635735108221,0.25667475839134635,0.2729181845960834,0.6354132504453778,0.09166856495853881,227.53197307965883
6,fmm,5,11,11,0,0.9989638959832831,0.9989638959832831,0.2566772776142083,0.27291833782609937,0.6354122563472796,0.09166940582662103,227.5318853952984
6,fmm,5,11,11,0,0.9991666666666666,0.9991666666666666,0.25836181694251176,0.273023885233001,0.634745176444322,0.09223093832267698,227.4767631316653
6,fmm,5,11,11,0,0.9995833333333334,0.9995833333333334,0.2627800605310681,0.2733271462118976,0.6329758538435833,0.09369699994451908,227.3635805107104
6,fmm,5,11,11,0,1.0,1.000000000001,0.2742452060912393,0.2742452060912393,0.6282952081467171,0.09745958576204355,227.25051540274998
6,fmm,5,11,11,0,1.0004166666666667,1.0004166666666667,0.27088717169645243,0.27088717169645243,0.6314277481777602,0.09768508012578742,227.13756956628907
6,fmm,5,11,11,0,1.0008333333333332,1.0008333333333332,0.26929372342291735,0.26929372342291735,0.6329356376504063,0.09777063892667637,227.02474475771484
6,fmm,5,11,11,0,1.0010170781415266,1.0010170781415266,0.268693522602534,0.268693522602534,0.6335067348468829,0.0977997425505831,226.97502933133956
6,fmm,5,11,11,0,1.00125,1.00125,0.26798605127617303,0.26798605127617303,0.6341819675019724,0.09783198122185455,226.91204273438555
6,fmm,5,11,11,0,1.0016666666666667,1.0016666666666667,0.26682455315914455,0.26682455315914455,0.6352951642601212,0.09788028258073422,226.79946525367322
6,fmm,5,11,11,0,1.0020833333333334,1.0020833333333334,0.26575539506634127,0.26575539506634127,0.636324685051867,0.09791991988179172,226.68701407358438
6,fmm,5,11,11,0,1.0025,1.0025,0.2647510899123233,0.2647510899123233,0.637295748213677,0.09795316187399972,226.57469095318822
6,fmm,5,11,11,0,1.0029166666666667,1.0029166666666667,0.2637953833307804,0.2637953833307804,0.6382232460615529,0.0979813706076667,226.4624976530147
6,fmm,5,11,11,0,1.0030518793695018,1.0030518793695018,0.2634938290249938,0.2634938290249938,0.638516569951119,0.09798960102388715,226.4261179434808
6,fmm,5,11,11,0,1.0033333333333334,1.0033333333333334,0.26287773455668795,0.26287773455668795,0.6391168224537978,0.0980054429895143,226.3504359354806
6,fmm,5,11,11,0,1.00375,1.00375,0.26199085778053505,0.26199085778053505,0.6399831335051768,0.09802600871428818,226.23850756531624
6,fmm,5,11,11,0,1.0041666666666667,1.0041666666666667,0.2611294752890935,0.2611294752890935,0.6408269934543758,0.0980435312565307,226.12671431000837
6,fmm,5,11,11,0,1.0045833333333334,1.0045833333333334,0.26028962400882094,0.26028962400882094,0.6416520116138901,0.09805836437728899,226.01505794026139
6,fmm,5,11,11,0,1.005,1.005,0.259468242091241,0.259468242091241,0.6424609718961046,0.0980707860126544,225.90354023045884
6,fmm,5,11,11,0,1.005086680597477,1.005086680597477,0.25929945457958753,0.25929945457958753,0.6426274568222865,0.09807308859812597,225.88035840615643
6,fmm,5,11,11,0,1.0054166666666666,1.0054166666666666,0.2586629086858224,0.2586629086858224,0.6432560715827182,0.09808101973145933,225.7921629591406
6,fmm,5,11,11,0,1.0058333333333334,1.0058333333333334,0.2578716728100478,0.2578716728100478,0.6440390782607435,0.09808924892920873,225.68092790950266
6,fmm,5,11,11,0,1.00625,1.00625,0.25709293668098343,0.25709293668098343,0.6448114367577725,0.09809562656124404,225.56983686988576
6,fmm,5,11,11,0,1.0066666666666666,1.0066666666666666,0.25632537373477016,0.25632537373477016,0.6455743442434052,0.09810028202182464,225.45889163430903
6,fmm,5,11,11,0,1.0070833333333333,1.0070833333333333,0.2555678695190225,0.2555678695190225,0.6463288043485128,0.0981033261324647,225.34809400297934
6,fmm,5,11,11,0,1.0071401852281814,1.0071401852281814,0.25546523808974564,0.25546523808974564,0.6464311399025191,0.09810362200773526,225.3329878138579
6,fmm,5,11,11,0,1.0071401852281816,1.0071401852281816,0.2554652380897434,0.2554652380897434,0.6464311399025277,0.09810362200772893,225.33298781385784
6,fmm,5,11,11,0,1.0075,1.0075,0.2548194781206199,0.2548194781206199,0.6470756670391616,0.09810485484021847,225.23744578284928
6,fmm,5,11,11,0,1.0079166666666666,1.0079166666666666,0.25407938941917024,0.25407938941917024,0.6478156585678394,0.09810495201299035,225.12694878816075
6,fmm,5,11,11,0,1.0083333333333333,1.0083333333333333,0.25334690405462745,0.25334690405462745,0.6485494043569419,0.09810369158843069,225.01660484102212
6,fmm,5,11,11,0,1.00875,1.00875,0.25262141400186916,0.25262141400186916,0.6492774467472897,0.09810113925084113,224.9064157719834
6,fmm,5,11,11,0,1.0091666666666668,1.0091666666666668,0.25190238729217884,0.25190238729217884,0.6500002589502895,0.0980973537575317,224.7963834206389
6,fmm,5,11,11,0,1.0091749864561566,1.0091749864561566,0.25188809264087575,0.25188809264087575,0.650014641374178,0.09809726598494628,224.79418795877314
6,fmm,5,11,11,0,1.0095833333333333,1.0095833333333333,0.2511893558506976,0.2511893558506976,0.6507182561488631,0.09809238800043923,224.68650963623887
6,fmm,5,11,11,0,1.01,1.01,0.25048190570820167,0.25048190570820167,0.6514318044264731,0.09808628986532525,224.57679627831465
6,fmm,5,11,11,0,1.0104166666666667,1.0104166666666667,0.24977966904538812,0.24977966904538812,0.6521412280207989,0.098079102933813,224.46724521731488
6,fmm,5,11,11,0,1.0108333333333333,1.0108333333333333,0.24908231766808706,0.24908231766808706,0.6528468152695719,0.09807086706234105,224.35785833527422
6,fmm,5,11,11,0,1.0112097876841317,1.0112097876841317,0.24845622292457856,0.24845622292457856,0.6534812224913298,0.09806255458409166,224.25917108539923
6,fmm,5,11,11,0,1.01125,1.01125,0.24838955761165832,0.24838955761165832,0.653548823524829,0.09806161886351267,224.24863752648167
6,fmm,5,11,11,0,1.0116666666666667,1.0116666666666667,0.24770112464509259,0.24770112464509259,0.6542474832456476,0.09805139210925978,224.13958469817322
6,fmm,5,11,11,0,1.0120833333333334,1.0120833333333334,0.2470167804986584,0.2470167804986584,0.6549430014303648,0.09804021807097682,224.0307017712331
6,fmm,5,11,11,0,1.0125,1.0125,0.24633630967787049,0.24633630967787049,0.6556355645138837,0.0980281258082458,223.92199068092654
6,fmm,5,11,11,0,1.0129166666666667,1.0129166666666667,0.24565951675670153,0.24565951675670153,0.6563253408278846,0.09801514241541384,223.81345337764296
6,fmm,5,11,11,0,1.0132626473699147,1.0132626473699147,0.24510020629724413,0.24510020629724413,0.656896091066395,0.09800370263636085,223.72346250112133
6,fmm,5,11,11,0,1.0133333333333334,1.0133333333333334,0.24498622406482598,0.24498622406482598,0.657012482701767,0.09800129323340698,223.70509182764863
6,fmm,5,11,11,0,1.01375,1.01375,0.2443162697013864,0.2443162697013864,0.6576971282661446,0.09798660203246903,223.59690801387555
6,fmm,5,11,11,0,1.0141666666666667,1.0141666666666667,0.24364950582072126,0.24364950582072126,0.658379403008499,0.09797109117077979,223.48890393672363
6,fmm,5,11,11,0,1.0145833333333334,1.0145833333333334,0.24298579714618457,0.24298579714618457,0.6590594211212718,0.09795478173254363,223.38108161486232
6,fmm,5,11,11,0,1.0150000000000001,1.0150000000000001,0.24232501967605255,0.24232501967605255,0.6597372866750153,0.09793769364893215,223.2734430860909
6,fmm,5,11,11,0,1.0152974485978898,1.0152974485978898,0.24185503585736112,0.24185503585736112,0.6602199351230195,0.09792502901961941,223.19671602845435
6,fmm,5,11,11,0,1.0154166666666666,1.0154166666666666,0.2416670595521801,0.2416670595521801,0.6604130946435578,0.0979198458042621,223.16599040819588
6,fmm,5,11,11,0,1.0158333333333334,1.0158333333333334,0.2410118120672211,0.2410118120672211,0.6610869318031618,0.09790125612961709,223.05872565982605
6,fmm,5,11,11,0,1.01625,1.01625,0.2403591807902214,0.2403591807902214,0.6617588775240217,0.09788194168575687,222.95165094138946
6,fmm,5,11,11,0,1.0166666666666666,1.0166666666666666,0.23970907679397788,0.23970907679397788,0.6624290044694077,0.09786191873661446,222.84476837601423
6,fmm,5,11,11,0,1.0170833333333333,1.0170833333333333,0.23906141797000946,0.23906141797000946,0.6630973792150925,0.09784120281489805,222.7380801104587
6,fmm,5,11,11,0,1.0173322498258648,1.0173322498258648,0.2386756419597442,0.2386756419597442,0.6634958553901149,0.0978285026501409,222.6744381899545
6,fmm,5,11,11,0,1.0175,1.0175,0.23841612841940293,0.23841612841940293,0.6637640628000095,0.09781980878058752,222.63158831611094
6,fmm,5,11,11,0,1.0179166666666666,1.0179166666666666,0.23777313790956825,0.23777313790956825,0.6644291112170333,0.09779775087339845,222.52529518997858
6,fmm,5,11,11,0,1.0183333333333333,1.0183333333333333,0.23713238138846615,0.23713238138846615,0.6650925758517077,0.09777504275982618,222.4192029557192
6,fmm,5,11,11,0,1.01875,1.01875,0.2364937985490272,0.2364937985490272,0.6657545038752953,0.09775169757567748,222.3133138646863
6,fmm,5,11,11,0,1.0191666666666668,1.0191666666666668,0.2358573334376394,0.2358573334376394,0.6664149385981477,0.09772772796421289,222.2076301969975
6,fmm,5,11,11,0,1.0193857544565694,1.0193857544565694,0.23552350509061543,0.23552350509061543,0.6667616167754454,0.09771487813393914,222.1521437774059
6,fmm,5,11,11,0,1.0195833333333333,1.0195833333333333,0.23522293410139866,0.23522293410139866,0.6670739197876115,0.09770314611098979,222.10215426265606
6,fmm,5,11,11,0,1.02,1.02,0.23459055226962539,0.23459055226962539,0.6677314839552737,0.0976779637751009,221.9968884026497
6,fmm,5,11,11,0,1.0204166666666667,1.0204166666666667,0.23396014306557733,0.23396014306557733,0.6683876646165784,0.09765219231784428,221.8918349901557
6,fmm,5,11,11,0,1.0208333333333333,1.0208333333333333,0.23333166474508646,0.23333166474508646,0.6690424925261766,0.0976258427287369,221.78699643167278
6,fmm,5,11,11,0,1.02125,1.02125,0.23270507845899155,0.23270507845899155,0.6696959958918752,0.09759892564913322,221.68237516827574
6,fmm,5,11,11,0,1.0214205556845446,1.0214205556845446,0.2324491328916903,0.2324491328916903,0.6699631208143639,0.09758774629394576,221.63961341534608
6,fmm,5,11,11,0,1.0216666666666667,1.0216666666666667,0.23208034803694433,0.23208034803694433,0.6703482005690071,0.09757145139404855,221.57797367683477
6,fmm,5,11,11,0,1.0220833333333332,1.0220833333333332,0.2314574397901982,0.2314574397901982,0.6709991302378628,0.09754342997193896,221.47379447131325
6,fmm,5,11,11,0,1.0225,1.0225,0.23083632233144877,0.23083632233144877,0.6716488065656345,0.0975148711029167,221.36984010404208
6,fmm,5,11,11,0,1.0229166666666667,1.0229166666666667,0.2302169664099308,0.2302169664099308,0.6722972493545538,0.09748578423551538,221.26611316707582
6,fmm,5,11,11,0,1.0233333333333334,1.0233333333333334,0.22959934476034227,0.22959934476034227,0.6729444766775532,0.09745617856210453,209.98933299582774
6,fmm,5,11,11,0,1.0234553569125198,1.0234553569125198,0.22941879478368374,0.22941879478368374,0.673133793785374,0.0974474114309423,209.95037639496576
6,fmm,5,11,11,0,1.02375,1.02375,0.22898343196403537,0.22898343196403537,0.6735905050029218,0.0974260630330428,209.85634745330555
6,fmm,5,11,11,0,1.0241666666666667,1.0241666666666667,0.22836920432152794,0.22836920432152794,0.6742353493086944,0.09739544636977762,209.7234674067845
6,fmm,5,11,11,0,1.0245833333333334,1.0245833333333334,0.2277566397350514,0.2277566397350514,0.6748790231879386,0.09736433707701003,209.59069311165388
6,fmm,5,11,11,0,1.025,1.025,0.22714571760024257,0.22714571760024257,0.675521538945926,0.09733274345383139,209.4580248166445
6,fmm,5,11,11,0,1.0254166666666666,1.0254166666666666,0.22653641870623886,0.22653641870623886,0.6761629076896002,0.09730067360416095,209.32546276395357
6,fmm,5,11,11,0,1.0255082165983025,1.0255082165983025,0.22640275936499824,0.22640275936499824,0.6763036764379581,0.09729356419704369,209.29635051127656
6,fmm,5,11,11,0,1.0258333333333334,1.0258333333333334,0.22592872514326426,0.22592872514326426,0.6768031394103944,0.09726813544634136,209.19300718934457
6,fmm,5,11,11,0,1.02625,1.02625,0.2253226202171171,0.2253226202171171,0.6774422430607822,0.09723513672210074,209.0606583222345
6,fmm,5,11,11,0,1.0266666666666666,1.0266666666666666,0.2247180883699787,0.2247180883699787,0.6780802266250848,0.09720168500493648,208.92841638581857
6,fmm,5,11,11,0,1.0270833333333333,1.0270833333333333,0.22411511510688142,0.22411511510688142,0.678717097185376,0.09716778770774259,208.79628159715966
6,fmm,5,11,11,0,1.0275,1.0275,0.22351368692749538,0.22351368692749538,0.6793528609823257,0.0971334520901789,208.66425416728933
6,fmm,5,11,11,0,1.0275430178262777,1.0275430178262777,0.22345168129253867,0.22345168129253867,0.6794184361994804,0.09712988250798094,208.65062941041208
6,fmm,5,11,11,0,1.0279166666666666,1.0279166666666666,0.2229137912626549,0.2229137912626549,0.6799875234720504,0.09709868526529472,208.53233430130715
6,fmm,5,11,11,0,1.0283333333333333,1.0283333333333333,0.22231541641537067,0.22231541641537067,0.6806210893787145,0.09706349420591487,208.4005221984851
6,fmm,5,11,11,0,1.02875,1.02875,0.22171855150580216,0.22171855150580216,0.6812535627436876,0.09702788575051019,208.26881805235524
6,fmm,5,11,11,0,1.0291666666666668,1.0291666666666668,0.22112318641998852,0.22112318641998852,0.6818849469713207,0.09699186660869075,208.1372220508135
6,fmm,5,11,11,0,1.0295778190542528,1.0295778190542528,0.22053716156607522,0.22053716156607522,0.6825069104220371,0.09695592801188763,208.00747381147625
6,fmm,5,11,11,0,1.0295833333333333,1.0295833333333333,0.22052931176204466,0.22052931176204466,0.6825152448715867,0.09695544336636869,208.005734376214
6,fmm,5,11,11,0,1.03,1.03,0.21993691880945052,0.21993691880945052,0.6831444586998962,0.09691862249065333,207.8743552054555
6,fmm,5,11,11,0,1.0304166666666668,1.0304166666666668,0.219345999471268,0.219345999471268,0.6837725901943699,0.09688141033436212,207.7430847100892
6,fmm,5,11,11,0,1.0308333333333333,1.0308333333333333,0.21875654624910804,0.21875654624910804,0.6843996406105839,0.09684381314030807,207.6119230563914
6,fmm,5,11,11,0,1.03125,1.03125,0.2181685522004952,0.2181685522004952,0.6850256107541803,0.09680583704532447,207.4808704054689
6,fmm,5,11,11,0,1.0316313236849572,1.0316313236849572,0.21763170695136494,0.21763170695136494,0.685597537759972,0.09677075528866305,207.361029712943
6,fmm,5,11,11,0,1.0316666666666667,1.0316666666666667,0.2175820109046055,0.2175820109046055,0.6856505010113981,0.09676748808399638,207.34992691334617
6,fmm,5,11,11,0,1.0320833333333335,1.0320833333333335,0.2169969164301539,0.2169969164301539,0.6862743113775096,0.0967287721923365,207.2190927310468
6,fmm,5,11,11,0,1.0325,1.0325,0.21641326330515806,0.21641326330515806,0.6868970414837976,0.09668969521104434,207.08836800469516
6,fmm,5,11,11,0,1.0329166666666667,1.0329166666666667,0.21583104648871468,0.21583104648871468,0.6875186906225986,0.0966502628886867,206.95775287558047
6,fmm,5,11,11,0,1.0333333333333334,1.0333333333333334,0.21525026134429984,0.21525026134429984,0.688139257770927,0.09661048088477317,206.8367068332641
6,fmm,5,11,11,0,1.0336661249129324,1.0336661249129324,0.21478741389106576,0.21478741389106576,0.6886341265448424,0.09657845956409189,206.74179484977427
6,fmm,5,11,11,0,1.03375,1.03375,0.21467090361482968,0.21467090361482968,0.6887587416126945,0.09657035477247586,206.71788315866536
6,fmm,5,11,11,0,1.0341666666666667,1.0341666666666667,0.2140929693990538,0.2140929693990538,0.6893771405595682,0.09652989004137796,206.59915330398027
6,fmm,5,11,11,0,1.0345833333333334,1.0345833333333334,0.21351645512950562,0.21351645512950562,0.6899944527705281,0.09648909209996631,206.48051735060287
6,fmm,5,11,11,0,1.0350000000000001,1.0350000000000001,0.21294135755154037,0.21294135755154037,0.6906106761704032,0.09644796627805646,206.36197537592903
6,fmm,5,11,11,0,1.0354166666666667,1.0354166666666667,0.21236767370375625,0.21236767370375625,0.6912258084671773,0.09640651782906645,206.2435274534463
6,fmm,5,11,11,0,1.0357009261409076,1.0357009261409076,0.21197710338335304,0.21197710338335304,0.6916448383334596,0.09637805828318738,206.16277359284993
6,fmm,5,11,11,0,1.0358333333333334,1.0358333333333334,0.211795400899439,0.211795400899439,0.6918398471684418,0.09636475193211919,206.1251736527978
6,fmm,5,11,11,0,1.0362500000000001,1.0362500000000001,0.21122453670908337,0.21122453670908337,0.6924527895967456,0.09632267369417102,206.0069140398817
6,fmm,5,11,11,0,1.0366666666666666,1.0366666666666666,0.21065507894393498,0.21065507894393498,0.6930646329041712,0.09628028815189382,205.88874867688997
6,fmm,5,11,11,0,1.0370833333333334,1.0370833333333334,0.21008702564037054,0.21008702564037054,0.6936753740860995,0.09623760027352998,205.77067762240563
6,fmm,5,11,11,0,1.0375,1.0375,0.20952037504527413,0.20952037504527413,0.6942850099940509,0.09619461496067502,205.6527009314743
6,fmm,5,11,11,0,1.0377537858266903,1.0377537858266903,0.209175922816223,0.209175922816223,0.6946557876643207,0.09616828951945633,205.5808892462257
6,fmm,5,11,11,0,1.0379166666666666,1.0379166666666666,0.20895512560208007,0.20895512560208007,0.6948935373480035,0.09615133704991641,205.53481865565936
6,fmm,5,11,11,0,1.0383333333333333,1.0383333333333333,0.20839127593768847,0.20839127593768847,0.6955009527478336,0.0961077713144779,205.41703084313684
6,fmm,5,11,11,0,1.03875,1.03875,0.20782882485006285,0.20782882485006285,0.6961072526842932,0.09606392246564396,205.29933753872965
6,fmm,5,11,11,0,1.0391666666666668,1.0391666666666668,0.20726777129644972,0.20726777129644972,0.6967124335492371,0.09601979515431322,205.1817387840127
6,fmm,5,11,11,0,1.0395833333333333,1.0395833333333333,0.20670811438231956,0.20670811438231956,0.6973164916453813,0.0959753939722991,205.06423461735514
6,fmm,5,11,11,0,1.0397885870546655,1.0397885870546655,0.20643293560706988,0.20643293560706988,0.6976136421370652,0.0959534222558649,205.00638580028755
6,fmm,5,11,11,0,1.04,1.04,0.2061498533508439,0.2061498533508439,0.6979194231954604,0.09593072345369569,204.94682507399386
6,fmm,5,11,11,0,1.0404166666666668,1.0404166666666668,0.20559298757297031,0.20559298757297031,0.6985212243509099,0.09588578807611978,204.82951018610396
6,fmm,5,11,11,0,1.0408333333333333,1.0408333333333333,0.2050375165379503,0.2050375165379503,0.6991218912001456,0.09584059226190414,204.71228998284982
6,fmm,5,11,11,0,1.04125,1.04125,0.20448343984449585,0.20448343984449585,0.6997214197761982,0.09579514037930598,204.59516449045785
6,fmm,5,11,11,0,1.0416666666666667,1.0416666666666667,0.20393075719228906,0.20393075719228906,0.7003198060642261,0.09574943674348488,204.4781337322799
6,fmm,5,11,11,0,1.0418233882826407,1.0418233882826407,0.20372323636568576,0.20372323636568576,0.7005445817643003,0.0957321818700139,204.4341392552298
6,fmm,5,11,11,0,1.0420833333333333,1.0420833333333333,0.20337946837398138,0.20337946837398138,0.7009170460083071,0.09570348561771155,204.36119772884734
6,fmm,5,11,11,0,1.0425,1.0425,0.20282957326761292,0.20282957326761292,0.7015131355180875,0.09565729121429961,204.24435649793705
6,fmm,5,11,11,0,1.0429166666666667,1.0429166666666667,0.2022810718294513,0.2022810718294513,0.7021080704749828,0.0956108576955659,204.12761005463085
6,fmm,5,11,11,0,1.0433333333333334,1.0433333333333334,0.20173396408713198,0.20173396408713198,0.7027018467380548,0.09556418917481321,204.0109584113667
6,fmm,5,11,11,0,1.04375,1.04375,0.20118825013325536,0.20118825013325536,0.7032944601495768,0.09551728971716789,203.8944015780008
6,fmm,5,11,11,0,1.0438768929133453,1.0438768929133453,0.2010223336632967,0.2010223336632967,0.7034747047807348,0.09550296155596849,203.8589238458974
6,fmm,5,11,11,0,1.0441666666666667,1.0441666666666667,0.20064393011921247,0.20064393011921247,0.7038859065402735,0.09547016334051403,203.77793956187242
6,fmm,5,11,11,0,1.0445833333333334,1.0445833333333334,0.20010100424943922,0.20010100424943922,0.7044761817343216,0.0954228140162392,203.66157236784156
6,fmm,5,11,11,0,1.045,1.045,0.19955947277584668,0.19955947277584668,0.7050652815540593,0.09537524567009398,203.54529999836672
6,fmm,5,11,11,0,1.0454166666666667,1.0454166666666667,0.19901933599267838,0.19901933599267838,0.7056532018243842,0.09532746218293744,203.42912245352912
6,fmm,5,11,11,0,1.0458333333333334,1.0458333333333334,0.1984805942315044,0.1984805942315044,0.7062399383770456,0.09527946739145002,203.31303973112318
6,fmm,5,11,11,0,1.0459116941413202,1.0459116941413202,0.1983794311335912,0.1983794311335912,0.7063501509570572,0.09527041790935159,203.29121911789636
6,fmm,5,11,11,0,1.0459116941413205,1.0459116941413205,0.1983794311335873,0.1983794311335873,0.7063501509570624,0.09527041790935026,203.29121911789412
6,fmm,5,11,11,0,1.0462500000000001,1.0462500000000001,0.19794324785655565,0.19794324785655565,0.7068254870545324,0.09523126508891194,203.19705182666587
6,fmm,5,11,11,0,1.0466666666666666,1.0466666666666666,0.1974072972602733,0.1974072972602733,0.7074098437139202,0.09518285902580645,203.08115873348953
6,fmm,5,11,11,0,1.0470833333333334,1.0470833333333334,0.19687274285912537,0.19687274285912537,0.7079930042303318,0.09513425291054278,202.96536044276428
6,fmm,5,11,11,0,1.0475,1.0475,0.19633958508952595,0.19633958508952595,0.7085749645003898,0.09508545041008423,202.8496569435528
6,fmm,5,11,11,0,1.0479166666666666,1.0479166666666666,0.19580782440416947,0.19580782440416947,0.7091557204452671,0.09503645515056344,202.73404822287654
6,fmm,5,11,11,0,1.0479464953692954,1.0479464953692954,0.19576980984904307,0.19576980984904307,0.7091972498148805,0.0950329403360764,202.72577555834377
6,fmm,5,11,11,0,1.0483333333333333,1.0483333333333333,0.1952774612683393,0.1952774612683393,0.7097352680138135,0.09498727071784721,202.6185342657355
6,fmm,5,11,11,0,1.04875,1.04875,0.19474849615656728,0.19474849615656728,0.7103136031852393,0.09493790065819344,202.50311505517917
6,fmm,5,11,11,0,1.0491666666666668,1.0491666666666668,0.19422092954936843,0.19422092954936843,0.7108907219719192,0.09488834847871241,202.38779057234365
6,fmm,5,11,11,0,1.0495833333333333,1.0495833333333333,0.1936947619302488,0.1936947619302488,0.7114666204217476,0.09483861764800364,202.2725607964909
6,fmm,5,11,11,0,1.0499993550550784,1.0499993550550784,0.19317080497282602,0.19317080497282602,0.7120404060489232,0.09478878897825083,202.15760384582035
6,fmm,5,11,11,0,1.049999677527539,1.049999677527539,0.19317039937737684,0.19317039937737684,0.7120408503351303,0.09478875028749284,202.15751477541835
6,fmm,5,11,11,0,1.05,1.05,0.1931699937827683,0.1931699937827683,0.7120412946205963,0.0947887115966354,202.15742570507138
6,fmm,10,21,21,0,0.95,0.95,0.20330923490175848,0.2925903966182341,0.6391891000275437,0.0682205033542222,390.04454519827755
6,fmm,10,21,21,0,0.9504166666666666,0.9504166666666666,0.20344750016927868,0.29241466386371284,0.639298434716775,0.0682869014195121,389.8407035954528
6,fmm,10,21,21,0,0.9508333333333333,0.9508333333333333,0.20358765851332047,0.2922395849471897,0.6394065561811135,0.06835385887169676,389.63686911205355
6,fmm,10,21,21,0,0.9512499999999999,0.9512499999999999,0.2037297355869184,0.29206516308149416,0.6395134528890654,0.06842138402944048,389.4330426199658
6,fmm,10,21,21,0,0.9516666666666667,0.9516666666666667,0.2038737576281013,0.29189140155514925,0.6396191130475513,0.06848948539729949,389.2292250358989
6,fmm,10,21,21,0,0.9520348012279751,0.9520348012279751,0.2040026442037407,0.2917384313970708,0.6397114276882672,0.06855014091466205,389.0491557030949
6,fmm,10,21,21,0,0.9520833333333333,0.9520833333333333,0.20401975147824117,0.29171830373476365,0.6397235245939059,0.06855817167133044,389.0254173210156
6,fmm,10,21,21,0,0.9524999999999999,0.9524999999999999,0.2041677446010829,0.2915458730674346,0.6398266751872774,0.06862745174528795,388.8216204805948
6,fmm,10,21,21,0,0.9529166666666666,0.9529166666666666,0.20431776510242386,0.2913741130830771,0.6399285522002354,0.06869733471668754,388.6178355636733
6,fmm,10,21,21,0,0.9533333333333333,0.9533333333333333,0.20446984175065253,0.2912030273969342,0.640029142709616,0.06876782989344982,388.4140636626499
6,fmm,10,21,21,0,0.95375,0.95375,0.20462400399823358,0.2910326197123262,0.64012843348714,0.06883894680053382,388.21030591287837
6,fmm,10,21,21,0,0.9540696024559502,0.9540696024559502,0.20474368575873703,0.2909023710491242,0.6402037047848294,0.06889392416604645,388.054024692559
6,fmm,10,21,21,0,0.9541666666666666,0.9541666666666666,0.2047802820039229,0.290862893823293,0.6402264109896002,0.0689106951871068,388.00656349223954
6,fmm,10,21,21,0,0.9545833333333333,0.9545833333333333,0.20493870665595984,0.29069385361740413,0.640323061348864,0.0689830850337319,387.8028376207027
6,fmm,10,21,21,0,0.955,0.955,0.20509930959630898,0.29052550307879493,0.640418370361096,0.06905612656010912,387.59912955985334
6,fmm,10,21,21,0,0.9554166666666666,0.9554166666666666,0.2052621232458177,0.29035784629115635,0.6405123234758097,0.06912983023303398,387.3954406124231
6,fmm,10,21,21,0,0.9558333333333333,0.9558333333333333,0.20542718083054043,0.29019088744097865,0.6406049057844139,0.06920420677460748,387.1965681137822
6,fmm,10,21,21,0,0.9561044036839254,0.9561044036839254,0.20553578305170167,0.29008264597267647,0.6406643937258549,0.0692529603014686,387.0723635479535
6,fmm,10,21,21,0,0.9562499999999999,0.9562499999999999,0.2055945164091485,0.29002463082085195,0.640696102008116,0.06927926717103206,387.0056473381281
6,fmm,10,21,21,0,0.9566666666666667,0.9566666666666667,0.20576416490155253,0.2898590808329244,0.6407858964855426,0.06935502268153299,386.81470490036764
6,fmm,10,21,21,0,0.9570833333333333,0.9570833333333333,0.20593616211878898,0.2896942419925138,0.6408742731596715,0.0694314848478147,386.62374238371586
6,fmm,10,21,21,0,0.9575,0.9575,0.2061105447942345,0.28953011893186587,0.6409612155641615,0.06950866550397261,386.43276140977326
6,fmm,10,21,21,0,0.9579166666666666,0.9579166666666666,0.20628735061623893,0.28936671640409856,0.6410467068091787,0.0695865767867227,386.24176363796244
6,fmm,10,21,21,0,0.9581579083146299,0.9581579083146299,0.2063908404169752,0.2892724408821716,0.6410955344125377,0.06963202470529067,386.13117274350117
6,fmm,10,21,21,0,0.9583333333333333,0.9583333333333333,0.2064666182621367,0.2892040392871733,0.6411307295666329,0.06966523114619383,386.05075076493415
6,fmm,10,21,21,0,0.95875,0.95875,0.2066483874340503,0.28904209258836855,0.6412132660545001,0.06974464135713132,385.8597245239672
6,fmm,10,21,21,0,0.9591666666666666,0.9591666666666666,0.2068326988960517,0.2888808814485327,0.6412942980207739,0.06982482053069344,385.6686866843569
6,fmm,10,21,21,0,0.9595833333333333,0.9595833333333333,0.20701959451326205,0.2887204111468082,0.6413738067263904,0.06990578212680137,385.47763905079256
6,fmm,10,21,21,0,0.96,0.96,0.20720911729276315,0.2885606871055201,0.641451772927532,0.06998753996694795,385.28658346271453
6,fmm,10,21,21,0,0.9601920645976832,0.9601920645976832,0.20729737554430722,0.2884873143163795,0.6414871870125014,0.07002549867111912,385.1985132653582
6,fmm,10,21,21,0,0.9604166666666666,0.9604166666666666,0.20740131142641452,0.28840171489522465,0.6415281768569827,0.07007010824779264,385.0955217936601
6,fmm,10,21,21,0,0.9608333333333333,0.9608333333333333,0.20759622233572944,0.2882435002399862,0.6416029982047514,0.0701535015552624,384.90445595061016
6,fmm,10,21,21,0,0.9612499999999999,0.9612499999999999,0.20779389671904674,0.2880860490230484,0.6416762160975479,0.07023773487940371,384.71338787332127
6,fmm,10,21,21,0,0.9616666666666667,0.9616666666666667,0.20799438260078626,0.28792936729244367,0.6417478090776173,0.07032282362993902,384.52231953362997
6,fmm,10,21,21,0,0.9620833333333333,0.9620833333333333,0.2081977293835129,0.28777346126736825,0.6418177550799333,0.07040878365269843,384.3312529347821
6,fmm,10,21,21,0,0.9622268658256584,0.9622268658256584,0.20826844953207727,0.287719935858028,0.6418414644564602,0.0704385996855118,384.26543546878776
6,fmm,10,21,21,0,0.9622268658256585,0.9622268658256585,0.20826844953207715,0.2877199358580277,0.6418414644564546,0.07043859968551769,384.26543546878446
6,fmm,10,21,21,0,0.9624999999999999,0.9624999999999999,0.20840398790221118,0.28761833734429704,0.6418860314090995,0.07049563124660346,384.1401901107249
6,fmm,10,21,21,0,0.9629166666666666,0.9629166666666666,0.20861321048164508,0.2874640021038471,0.6419526147142363,0.07058338318191665,383.9491331253979
6,fmm,10,21,21,0,0.9633333333333333,0.9633333333333333,0.2088254509964848,0.2873104623177277,0.6420174809632588,0.07067205671901344,383.7580840720374
6,fmm,10,21,21,0,0.96375,0.96375,0.20904076493463544,0.28715772495614167,0.6420806054154286,0.07076166962842978,383.5670450724339
6,fmm,10,21,21,0,0.9641666666666666,0.9641666666666666,0.20925920946383264,0.28700579719547015,0.6421419625927678,0.07085224021176206,383.3760182762269
6,fmm,10,21,21,0,0.964280370456363,0.964280370456363,0.20931937202066117,0.286964479344079,0.6421583959245794,0.07087712473134167,383.323891551898
6,fmm,10,21,21,0,0.9645833333333333,0.9645833333333333,0.20948084350189822,0.28685468642651996,0.6422015262496316,0.07094378732384848,383.1850058601716
6,fmm,10,21,21,0,0.965,0.965,0.209705727790576,0.28670440026291066,0.6422592693410859,0.07103633039600343,382.99401002739666
6,fmm,10,21,21,0,0.9654166666666666,0.9654166666666666,0.2099339249736157,0.2865549465502195,0.6423151639892551,0.07112988946052534,382.8030330066839
6,fmm,10,21,21,0,0.9658333333333333,0.9658333333333333,0.2101654996789513,0.2864063333753245,0.6423691814480397,0.07122448517663582,382.6120770517104
6,fmm,10,21,21,0,0.9662499999999999,0.9662499999999999,0.21040051860560519,0.28625856907644415,0.6424212920657247,0.07132013885783112,382.4211444403178
6,fmm,10,21,21,0,0.9663151716843381,0.9663151716843381,0.21043759433179413,0.28623553428701276,0.6424292683665457,0.07133519734644156,382.3912825410468
6,fmm,10,21,21,0,0.9666666666666667,0.9666666666666667,0.21063905061544372,0.28611166225364665,0.6424714652456905,0.07141687250066281,382.2302374737604
6,fmm,10,21,21,0,0.9670833333333333,0.9670833333333333,0.21088116683011462,0.2859656217798563,0.642519669404829,0.07151470881531474,382.0393584759686
6,fmm,10,21,21,0,0.9675,0.9675,0.2111269407337115,0.2858204568126285,0.6425658719295491,0.07161367125782242,381.8485097928032
6,fmm,10,21,21,0,0.9679166666666666,0.9679166666666666,0.21137644828137292,0.28567617680648116,0.6426100391291876,0.07171378406433127,381.65769379129506
6,fmm,10,21,21,0,0.9683333333333333,0.9683333333333333,0.21162976801425573,0.28553279152583255,0.6426521361870603,0.07181507228710715,381.46691285892865
6,fmm,10,21,21,0,0.9683499729123133,0.9683499729123133,0.21163996463255444,0.2855270841563561,0.642653773842196,0.0718191420014479,381.4592947865172
6,fmm,10,21,21,0,0.96875,0.96875,0.2118869811816426,0.28539031105898793,0.6426921271079724,0.07191756183303966,381.27616940286816
6,fmm,10,21,21,0,0.9691666666666666,0.9691666666666666,0.21214817187017915,0.28524874583252596,0.642729974663274,0.07202127950420006,381.08546584924744
6,fmm,10,21,21,0,0.9695833333333334,0.9695833333333334,0.21241342714139932,0.2851081066269615,0.6427656403319602,0.07212625304107834,380.89480464239904
6,fmm,10,21,21,0,0.97,0.97,0.21268283717754569,0.2849684045929296,0.6427990842386584,0.072232511168412,380.70418824415754
6,fmm,10,21,21,0,0.9704034775430178,0.9704034775430178,0.21294776701333396,0.28483402869323327,0.6428293132017483,0.07233665810501844,380.51965063830255
6,fmm,10,21,21,0,0.9704166666666666,0.9704166666666666,0.212956495436919,0.28482965126873555,0.6428302650873107,0.07234008364395378,380.51361913310274
6,fmm,10,21,21,0,0.9708333333333333,0.9708333333333333,0.2132344988190529,0.28469185859876556,0.6428591400908203,0.0724490013104141,380.3230998038345
6,fmm,10,21,21,0,0.97125,0.97125,0.2135169478405961,0.28455503895296125,0.6428856648963821,0.07255929615065665,380.13263276627464
6,fmm,10,21,21,0,0.9716666666666667,0.9716666666666667,0.2138039468230663,0.2844192051478541,0.6429097935054526,0.07267100134669324,379.94222054492263
6,fmm,10,21,21,0,0.9720833333333333,0.9720833333333333,0.21409560409293837,0.2842843704685883,0.6429314781889045,0.07278415134250721,379.7518656781732
6,fmm,10,21,21,0,0.9724382787709929,0.9724382787709929,0.21434781650260182,0.2841703073804263,0.64294798589052,0.07288170672905364,379.5897554113568
6,fmm,10,21,21,0,0.9724999999999999,0.9724999999999999,0.21439203219559874,0.2841505486927072,0.6429506693961737,0.07289878191111904,379.5615707175938
6,fmm,10,21,21,0,0.9729166666666667,0.9729166666666667,0.21469334812385463,0.2840177541151988,0.6429673156583726,0.07301493022642858,379.3713382272394
6,fmm,10,21,21,0,0.9733333333333333,0.9733333333333333,0.214999673562684,0.28388600157549815,0.6429813634844699,0.07313263494003197,379.181170782979
6,fmm,10,21,21,0,0.97375,0.97375,0.21531113515133685,0.2837553064862115,0.6429927572504328,0.07325193626335569,378.99107097178154
6,fmm,10,21,21,0,0.9741666666666666,0.9741666666666666,0.21562786476439072,0.28362568486380174,0.6430014390803167,0.07337287605588155,378.8010413910867
6,fmm,10,21,21,0,0.9744724350540463,0.9744724350540463,0.21586372581411034,0.2835312553504428,0.6430060500582251,0.07346269459133209,378.6616354896225
6,fmm,10,21,21,0,0.9745833333333334,0.9745833333333334,0.21594999981356103,0.28349715336155257,0.6430073487186102,0.07349549791983723,378.611084648117
6,fmm,10,21,21,0,0.975,0.975,0.21627768357200755,0.2833697293048017,0.643010423393295,0.07361984730190335,378.42120335923573
6,fmm,10,21,21,0,0.9754166666666666,0.9754166666666666,0.21661106552331721,0.28324343072878727,0.6430105976686167,0.07374597160259605,378.23140014930704
6,fmm,10,21,21,0,0.9758333333333333,0.9758333333333333,0.21695030173749336,0.28311827641934484,0.6430078032864956,0.07387392029415951,378.0416776510696
6,fmm,10,21,21,0,0.97625,0.97625,0.21729555527640076,0.2829942859565511,0.6430019689957301,0.07400374504771878,377.8520385045021
6,fmm,10,21,21,0,0.9765259396847509,0.9765259396847509,0.21752759624696624,0.2829128231640444,0.6429963957658575,0.07409078107009803,377.72649615614233
6,fmm,10,21,21,0,0.9766666666666667,0.9766666666666667,0.21764699663179712,0.2828714797619229,0.6429930203675962,0.0741354998704809,377.66248535623834
6,fmm,10,21,21,0,0.9770833333333333,0.9770833333333333,0.2180048041988536,0.28274987914908906,0.6429808795967673,0.07426924125414364,377.4730208589475
6,fmm,10,21,21,0,0.9775,0.9775,0.21836916478909155,0.2826295063787234,0.6429654652856402,0.07440502833563634,377.2836476707664
6,fmm,10,21,21,0,0.9779166666666667,0.9779166666666667,0.21874027418649175,0.28251038471777135,0.6429466922109528,0.07454292307127586,377.094368454721
6,fmm,10,21,21,0,0.9783333333333333,0.9783333333333333,0.21911833775148287,0.28239253850365115,0.6429244710704053,0.07468299042594356,376.90518587816126
6,fmm,10,21,21,0,0.978560740912726,0.978560740912726,0.21932768678615702,0.2823287676982192,0.6429108554328976,0.0747603768688832,376.80197587491404
6,fmm,10,21,21,0,0.97875,0.97875,0.21950357107790172,0.28227599321390995,0.6428987082072819,0.07482529857880815,376.7161026122326
6,fmm,10,21,21,0,0.9791666666666666,0.9791666666666666,0.21989620070859234,0.2821607755417885,0.6428693053108012,0.0749699191474103,376.5271213313225
6,fmm,10,21,21,0,0.9795833333333334,0.9795833333333334,0.22029646491635052,0.2820469134785696,0.6428361590893567,0.07511692743207377,376.33824471255264
6,fmm,10,21,21,0,0.98,0.98,0.22070461455734244,0.2819344364031097,0.6427991609138584,0.07526640268303192,376.14947543527626
6,fmm,10,21,21,0,0.9804166666666666,0.9804166666666666,0.2211209140057205,0.2818233751797872,0.6427581964273057,0.07541842839290708,375.960816180577
6,fmm,10,21,21,0,0.9805955421407011,0.9805955421407011,0.22130220094702294,0.2817761388583908,0.6427393637507464,0.07548449739086283,375.87985896921913
6,fmm,10,21,21,0,0.9805955421407012,0.9805955421407012,0.2213022009470073,0.2817761388583708,0.6427393637507677,0.07548449739086155,375.8798589692186
6,fmm,10,21,21,0,0.9808333333333333,0.9808333333333333,0.2215456421787526,0.28171376226547795,0.6427131451170988,0.07557309261742329,375.77226963079323
6,fmm,10,21,21,0,0.98125,0.98125,0.22197909366356466,0.28160563182683307,0.642663879845268,0.07573048832789897,375.58383846906895
6,fmm,10,21,21,0,0.9816666666666667,0.9816666666666667,0.2224215799578858,0.2814990198688982,0.6426102663318168,0.07589071379928497,375.3955253788919
6,fmm,10,21,21,0,0.9820833333333333,0.9820833333333333,0.22287343083951833,0.28139396437689546,0.6425521625846529,0.07605387303845168,375.2073330436578
6,fmm,10,21,21,0,0.9824999999999999,0.9824999999999999,0.22333499588071648,0.2812905054722352,0.6424894182702003,0.07622007625756444,375.0192641462733
6,fmm,10,21,21,0,0.9826490467714057,0.9826490467714057,0.22350253240711798,0.2812538926850558,0.6424658168443549,0.07628029047058932,374.9520200845051
6,fmm,10,21,21,0,0.9829166666666667,0.9829166666666667,0.22380664612693296,0.2811886855849768,0.6424218740160214,0.07638944039900186,374.83132136873115
6,fmm,10,21,21,0,0.9833333333333333,0.9833333333333333,0.22428877596227229,0.28108854964498126,0.6423493606367585,0.07656208971826023,374.6435073917333
6,fmm,10,21,21,0,0.98375,0.98375,0.2247818051873624,0.2809901452939967,0.6422716982726578,0.07673815643334547,374.4558248943288
6,fmm,10,21,21,0,0.9841666666666666,0.9841666666666666,0.22528618134007092,0.2808935231217866,0.6421886954284224,0.076917781449791,374.26827655353924
6,fmm,10,21,21,0,0.9845833333333334,0.9845833333333334,0.225802382294569,0.2807987369297106,0.6421001478977562,0.07710111517253326,374.08086504403855
6,fmm,10,21,21,0,0.9846838479993808,0.9846838479993808,0.22592873490228677,0.28077615236832515,0.64207793291131,0.07714591472036486,374.035675575928
6,fmm,10,21,21,0,0.985,0.985,0.22633091918062076,0.280705844025849,0.642005837556463,0.07728831841768796,373.89359303780884
6,fmm,10,21,21,0,0.9854166666666666,0.9854166666666666,0.22687233967238,0.28061490555621793,0.6419055310042978,0.07747956343948426,373.7064632038546
6,fmm,10,21,21,0,0.9858333333333333,0.9858333333333333,0.22742723170563872,0.2805259868779751,0.6417989780312537,0.07767503509077117,373.51947820789496
6,fmm,10,21,21,0,0.98625,0.98625,0.2279962276935103,0.2804391579811993,0.6416859098798272,0.07787493213897351,373.3326407121016
6,fmm,10,21,21,0,0.9866666666666667,0.9866666666666667,0.22858000932451103,0.28035449396719153,0.6415660372692443,0.07807946876356414,373.1459533748282
6,fmm,10,21,21,0,0.9867180042824342,0.9867180042824342,0.2286529957591019,0.28034421618086325,0.6415507818723158,0.0781050019468209,373.12296209646195
6,fmm,10,21,21,0,0.9867180042824343,0.9867180042824343,0.2286529957591019,0.28034421618086325,0.6415507818723158,0.0781050019468209,373.12296209646195
6,fmm,10,21,21,0,0.9870833333333333,0.9870833333333333,0.22917931304454064,0.28027207559320844,0.6414390481404013,0.07828887626639025,372.959418850374
6,fmm,10,21,21,0,0.9875,0.9875,0.22979493634514409,0.28019198989482536,0.6413046050715082,0.07850340503366643,372.7730397887595
6,fmm,10,21,21,0,0.9879166666666667,0.9879166666666667,0.23042774500819094,0.2801143309007074,0.6411623423037589,0.07872332679553368,372.58681883551515
6,fmm,10,21,21,0,0.9883333333333333,0.9883333333333333,0.23107868149013142,0.28003920045658814,0.6410118623026122,0.07894893724079965,372.40075863148746
6,fmm,10,21,21,0,0.98875,0.98875,0.23174877467290067,0.27996670918026806,0.6408527317625542,0.07918055905717775,372.2148618126601
6,fmm,10,21,21,0,0.9887715089131388,0.9887715089131388,0.23178390623716855,0.2799630409048592,0.6408442738184493,0.07919268527669149,372.205270043827
6,fmm,10,21,21,0,0.9891666666666666,0.9891666666666666,0.23243915126315712,0.2798969775737641,0.6406844769414047,0.07941854548483118,372.0291310100013
6,fmm,10,21,21,0,0.9895833333333334,0.9895833333333334,0.2331510491934235,0.27983013732597695,0.6405065781807783,0.07966328449324478,371.84356884931304
6,fmm,10,21,21,0,0.99,0.99,0.23388583347176925,0.27976633284782637,0.640318463432004,0.07991520372016958,371.65817795110723
6,fmm,10,21,21,0,0.9904166666666666,0.9904166666666666,0.2346450150485492,0.27970572309227737,0.6401195005579952,0.08017477634972747,371.47296093049493
6,fmm,10,21,21,0,0.9908063101411139,0.9908063101411139,0.23537851864005452,0.2796520901141201,0.6399230061123689,0.08042490377351103,371.29991592037715
6,fmm,10,21,21,0,0.990806310141114,0.990806310141114,0.23537851864005166,0.2796520901141161,0.6399230061123757,0.08042490377350814,371.2999159203782
6,fmm,10,21,21,0,0.9908333333333333,0.9908333333333333,0.23543027343295522,0.27964848372808376,0.6399089881145302,0.080442528157386,371.28792039710135
6,fmm,10,21,21,0,0.99125,0.99125,0.23624348401078882,0.2795948097552049,0.6396861442271465,0.08071904601764857,371.10305895496384
6,fmm,10,21,21,0,0.9916666666666667,0.9916666666666667,0.2370867513142049,0.2795449186775386,0.639450093059009,0.08100498826345237,370.918379202499
6,fmm,10,21,21,0,0.9920833333333333,0.9920833333333333,0.23796244990747878,0.2794990543866599,0.6391998481988916,0.08130109741444846,370.73388373244217
6,fmm,10,21,21,0,0.9924999999999999,0.9924999999999999,0.23887327513166098,0.27945749196293107,0.6389342920655731,0.08160821597149587,370.54957513182404
6,fmm,10,21,21,0,0.992841111369089,0.992841111369089,0.23964722776752204,0.27942688571669166,0.6387046058396318,0.08186850844367649,370.39882862907626
6,fmm,10,21,21,0,0.9929166666666667,0.9929166666666667,0.23982230677539343,0.2794205436753367,0.6386521500944911,0.08192730623017225,370.3654559819606
6,fmm,10,21,21,0,0.9933333333333333,0.9933333333333333,0.2408130899344132,0.2793885665700502,0.6383519579910418,0.08225947543890799,370.1815288584498
6,fmm,10,21,21,0,0.99375,0.99375,0.24184973908926655,0.27936197219800213,0.6380320196282182,0.08260600817377967,369.9977963312098
6,fmm,10,21,21,0,0.9941666666666666,0.9941666666666666,0.24293707410004378,0.27934123927271626,0.637690352093693,0.08296840863359078,369.8142609644934
6,fmm,10,21,21,0,0.9945833333333334,0.9945833333333334,0.24408080095077417,0.27932693042273193,0.6373246127364888,0.0833484568407793,369.63092531696185
6,fmm,10,21,21,0,0.9948946159997936,0.9948946159997936,0.24497609008338475,0.2793208279846916,0.6370340144317611,0.08364515758354729,369.4940910779412
6,fmm,10,21,21,0,0.995,0.995,0.24528775665533323,0.27931971479441814,0.6369320004282704,0.0837482847773115,369.4477919417475
6,fmm,10,21,21,0,0.9954166666666666,0.9954166666666666,0.24656624854477743,0.27932039923112273,0.6365091189286205,0.08417048184025677,369.2648633865402
6,fmm,10,21,21,0,0.9958333333333333,0.9958333333333333,0.24792653656189434,0.2793299724013541,0.6360517828834141,0.08461824471523177,369.082142193686
6,fmm,10,21,21,0,0.99625,0.99625,0.24938153988286335,0.27934966916761034,0.6355547339181561,0.08509559691423357,368.89963090031506
6,fmm,10,21,21,0,0.9966666666666667,0.9966666666666667,0.2509479102056342,0.2793810679201599,0.6350112099171541,0.08560772216268603,368.7173320384687
6,fmm,10,21,21,0,0.9969294172277687,0.9969294172277687,0.25200257919114966,0.2794077927064489,0.6346406554213924,0.08595155187215875,368.60248448753197
6,fmm,10,21,21,0,0.9970833333333333,0.9970833333333333,0.2526477348971957,0.27942624433256813,0.6344122623442581,0.0861614933231738,368.53524813525354
6,fmm,10,21,21,0,0.9975,0.9975,0.25451139055832683,0.27948802778993287,0.6337456138087617,0.08676635840130542,368.353381713016
6,fmm,10,21,21,0,0.9979166666666667,0.9979166666666667,0.25658266793588363,0.2795704597718618,0.632993608784723,0.08743593144341522,368.1717352895081
6,fmm,10,21,21,0,0.9983333333333333,0.9983333333333333,0.25892886589772013,0.279679692362695,0.6321291823669246,0.08819112527038037,367.99031137810965
6,fmm,10,21,21,0,0.99875,0.99875,0.2616634236222086,0.27982599293417654,0.6311068330964142,0.08906717396940922,367.80911248801914
6,fmm,10,21,21,0,0.9989635735108221,0.9989635735108221,0.2632794731306547,0.279921080577255,0.630496035947267,0.08958288347547799,367.7163222528368
6,fmm,10,21,21,0,0.9989638959832831,0.9989638959832831,0.26328205393684523,0.27992123720422885,0.6304950569037576,0.08958370589201353,367.71618219517626
6,fmm,10,21,21,0,0.9991666666666666,0.9991666666666666,0.26500782454982996,0.2800291991998706,0.6298379642997967,0.09013283650033271,367.6281411245116
6,fmm,10,21,21,0,0.9995833333333334,0.9995833333333334,0.2695346558061363,0.28034001773561623,0.628094203464646,0.09156577879973782,367.44739978916306
6,fmm,10,21,21,0,1.0,1.000000000001,0.2812837517199074,0.2812837517199074,0.6234775983475258,0.09523864993256681,367.26689097970313
6,fmm,10,21,21,0,1.0004166666666667,1.0004166666666667,0.2778891516865366,0.2778891516865366,0.6266414610320286,0.09546938728143484,367.08661719243753
6,fmm,10,21,21,0,1.0008333333333332,1.0008333333333332,0.2762745429915461,0.2762745429915461,0.6281653137674181,0.09556014324103579,366.9065809182372
6,fmm,10,21,21,0,1.0010170781415266,1.0010170781415266,0.27566587252759933,0.27566587252759933,0.6287425747864293,0.09559155268597141,366.82726327321325
6,fmm,10,21,21,0,1.00125,1.00125,0.27494810215977683,0.27494810215977683,0.6294251715055821,0.09562672633464109,366.72678464716466
6,fmm,10,21,21,0,1.0016666666666667,1.0016666666666667,0.2737690122946295,0.2737690122946295,0.6305506783053422,0.09568030940002831,366.5472308666459
6,fmm,10,21,21,0,1.0020833333333334,1.0020833333333334,0.272682974555503,0.272682974555503,0.6315917602753727,0.09572526516912433,366.3679220622461
6,fmm,10,21,21,0,1.0025,1.0025,0.27166226634595503,0.27166226634595503,0.6325738749761943,0.09576385867785064,366.18886071802706
6,fmm,10,21,21,0,1.0029166666666667,1.0029166666666667,0.27069049514082066,0.27069049514082066,0.6335120560561304,0.09579744880304897,366.01004931693757
6,fmm,10,21,21,0,1.0030518793695018,1.0030518793695018,0.2703837847173155,0.2703837847173155,0.6338087837889239,0.09580743149376059,365.9520772704459
6,fmm,10,21,21,0,1.0033333333333334,1.0033333333333334,0.26975703133099677,0.26975703133099677,0.6344160389376423,0.09582692973136092,365.8314903411978
6,fmm,10,21,21,0,1.00375,1.00375,0.2688545282443341,0.2688545282443341,0.6352925429573529,0.09585292879831298,365.6531862727095
6,fmm,10,21,21,0,1.0041666666666667,1.0041666666666667,0.26797766449999066,0.26797766449999066,0.6361464280943108,0.09587590740569857,365.47513959349016
6,fmm,10,21,21,0,1.0045833333333334,1.0045833333333334,0.2671224445709158,0.2671224445709158,0.6369813379571108,0.09589621747197347,365.2973527861117
6,fmm,10,21,21,0,1.005,1.005,0.26628578181397455,0.26628578181397455,0.6378000829080961,0.09591413527792936,365.11982833417255
6,fmm,10,21,21,0,1.005086680597477,1.005086680597477,0.26611382453916155,0.26611382453916155,0.6379685919357434,0.09591758352509505,365.082930509075
6,fmm,10,21,21,0,1.0054166666666666,1.0054166666666666,0.2654652360114773,0.2654652360114773,0.6386048810967145,0.09592988289180815,364.94256872276384
6,fmm,10,21,21,0,1.0058333333333334,1.0058333333333334,0.26465884077819835,0.26465884077819835,0.6393975168838635,0.09594364233793817,364.76557643897513
6,fmm,10,21,21,0,1.00625,1.00625,0.26386498589826196,0.26386498589826196,0.640179448791566,0.09595556531017208,364.58885397239635
6,fmm,10,21,21,0,1.0066666666666666,1.0066666666666666,0.2630823346474966,0.2630823346474966,0.6409518853172831,0.09596578003522033,364.41240381566854
6,fmm,10,21,21,0,1.0070833333333333,1.0070833333333333,0.26230976418496277,0.26230976418496277,0.6417158395668419,0.09597439624819537,364.23622846500945
6,fmm,10,21,21,0,1.0071401852281814,1.0071401852281814,0.262205078358442,0.262205078358442,0.6418194682966369,0.09597545334492108,364.21221174292856
6,fmm,10,21,21,0,1.0071401852281816,1.0071401852281816,0.2622050783584379,0.2622050783584379,0.6418194682966313,0.0959754533449308,364.2122117429296
6,fmm,10,21,21,0,1.0075,1.0075,0.2615463216121879,0.2615463216121879,0.6424721695071554,0.09598150888065676,364.0603304207999
6,fmm,10,21,21,0,1.0079166666666666,1.0079166666666666,0.26079119095053865,0.26079119095053865,0.6432216082021472,0.0959872008473141,363.8847121881622
6,fmm,10,21,21,0,1.0083333333333333,1.0083333333333333,0.2600436678983509,0.2600436678983509,0.6439647869137869,0.09599154518786218,363.709376277555
6,fmm,10,21,21,0,1.00875,1.00875,0.25930314024250994,0.25930314024250994,0.6447022530194737,0.09599460673801635,363.5343252054123
6,fmm,10,21,21,0,1.0091666666666668,1.0091666666666668,0.258569072452034,0.258569072452034,0.6454344840973706,0.09599644345059544,363.3595614947758
6,fmm,10,21,21,0,1.0091749864561566,1.0091749864561566,0.2585544774110055,0.2585544774110055,0.6454490545701909,0.09599646801880363,363.35607484486405
6,fmm,10,21,21,0,1.0095833333333333,1.0095833333333333,0.2578409934141584,0.2578409934141584,0.6461618991326915,0.0959971074531501,363.1850876759551
6,fmm,10,21,21,0,1.01,1.01,0.2571184865644578,0.2571184865644578,0.6468848675323801,0.09599664590316215,363.01090628721084
6,fmm,10,21,21,0,1.0104166666666667,1.0104166666666667,0.2564011818650538,0.2564011818650538,0.6476037164479033,0.09599510168704295,362.83701987545965
6,fmm,10,21,21,0,1.0108333333333333,1.0108333333333333,0.25568874922584073,0.25568874922584073,0.6483187367778639,0.09599251399629538,362.66343099698327
6,fmm,10,21,21,0,1.0112097876841317,1.0112097876841317,0.2550490159823454,0.2550490159823454,0.648961675253407,0.0959893087642476,362.50685308678163
6,fmm,10,21,21,0,1.01125,1.01125,0.254980893064049,0.254980893064049,0.6490301881294912,0.09598891880645982,362.4901422181924
6,fmm,10,21,21,0,1.0116666666666667,1.0116666666666667,0.25427734777139294,0.25427734777139294,0.6497383029505771,0.09598434927802996,362.3171561163674
6,fmm,10,21,21,0,1.0120833333333334,1.0120833333333334,0.2535778739105752,0.2535778739105752,0.6504432899946255,0.09597883609479929,362.1444752804469
6,fmm,10,21,21,0,1.0125,1.0125,0.2528822550029457,0.2528822550029457,0.6511453372461955,0.0959724077508588,361.97210231185585
6,fmm,10,21,21,0,1.0129166666666667,1.0129166666666667,0.25219029479961097,0.25219029479961097,0.6518446144046262,0.09596509079576288,361.80003982531247
6,fmm,10,21,21,0,1.0132626473699147,1.0132626473699147,0.25161837505266155,0.25161837505266155,0.6524232672463754,0.095958357700963,361.65740493105613
6,fmm,10,21,21,0,1.0133333333333334,1.0133333333333334,0.25150181494965373,0.25150181494965373,0.6525412750055652,0.09595691004478102,361.6282904496895
6,fmm,10,21,21,0,1.01375,1.01375,0.25081665299761785,0.25081665299761785,0.6532354582415493,0.09594788876083288,361.45685682888643
6,fmm,10,21,21,0,1.0141666666666667,1.0141666666666667,0.2501346606551412,0.2501346606551412,0.653927290533244,0.09593804881161472,361.28574162274623
6,fmm,10,21,21,0,1.0145833333333334,1.0145833333333334,0.24945570230283873,0.24945570230283873,0.6546168868901922,0.09592741080696912,361.11494750795333
6,fmm,10,21,21,0,1.0150000000000001,1.0150000000000001,0.2487796536853876,0.2487796536853876,0.6553043520957564,0.09591599421885597,360.94447717901147
6,fmm,10,21,21,0,1.0152974485978898,1.0152974485978898,0.24829875491850156,0.24829875491850156,0.6557938669527322,0.09590737812876621,360.82298197042326
6,fmm,10,21,21,0,1.0154166666666666,1.0154166666666666,0.24810640077108856,0.24810640077108856,0.6559897817422392,0.09590381748667223,360.7743333492061
6,fmm,10,21,21,0,1.0158333333333334,1.0158333333333334,0.24743583875089842,0.24743583875089842,0.6566732631387954,0.09589089811030621,360.6045187516148
6,fmm,10,21,21,0,1.01625,1.01625,0.24676787115703572,0.24676787115703572,0.6573548761107828,0.09587725273218148,360.43503614012997
6,fmm,10,21,21,0,1.0166666666666666,1.0166666666666666,0.24610240908389613,0.24610240908389613,0.6580346937058744,0.09586289721022945,360.26588829052315
6,fmm,10,21,21,0,1.0170833333333333,1.0170833333333333,0.2454393704974251,0.2454393704974251,0.6587127828195911,0.0958478466829838,360.0970780015458
6,fmm,10,21,21,0,1.0173322498258648,1.0173322498258648,0.2450443963250578,0.2450443963250578,0.6591170737810171,0.09583852989392505,359.99639303522486
6,fmm,10,21,21,0,1.0175,1.0175,0.24477867962112787,0.24477867962112787,0.6593892047514869,0.09583211562738525,359.9286080960201
6,fmm,10,21,21,0,1.0179166666666666,1.0179166666666666,0.2441202663882678,0.2441202663882678,0.6600640157007881,0.09581571791094409,359.76048142201034
6,fmm,10,21,21,0,1.0183333333333333,1.0183333333333333,0.24346406595216813,0.24346406595216813,0.6607372672095954,0.09579866683823651,359.5927008539932
6,fmm,10,21,21,0,1.01875,1.01875,0.24281001824701595,0.24281001824701595,0.6614090065599878,0.09578097519299625,359.42526929407217
6,fmm,10,21,21,0,1.0191666666666668,1.0191666666666668,0.24215806759321995,0.24215806759321995,0.6620792771307444,0.09576265527603561,359.2581896732278
6,fmm,10,21,21,0,1.0193857544565694,1.0193857544565694,0.24181608858954645,0.24181608858954645,0.6624311369500538,0.0957527744603997,359.17047959855813
6,fmm,10,21,21,0,1.0195833333333333,1.0195833333333333,0.24150816234173564,0.24150816234173564,0.6627481187188272,0.09574371893943714,359.0914649525816
6,fmm,10,21,21,0,1.02,1.02,0.2408602545529185,0.2408602545529185,0.6634155678293122,0.09572417761776927,358.9250981247278
6,fmm,10,21,21,0,1.0204166666666667,1.0204166666666667,0.24021429970592192,0.24021429970592192,0.6640816579377852,0.0957040423562929,358.7590922150736
6,fmm,10,21,21,0,1.0208333333333333,1.0208333333333333,0.23957025643509913,0.23957025643509913,0.6647464197282835,0.09568332383661735,358.59345028323617
6,fmm,10,21,21,0,1.02125,1.02125,0.2389280862906049,0.2389280862906049,0.6654098813092285,0.09566203240016657,358.4281754244525
6,fmm,10,21,21,0,1.0214205556845446,1.0214205556845446,0.23866575636810552,0.23866575636810552,0.6656810894550518,0.0956531541768427,358.36062946869896
6,fmm,10,21,21,0,1.0216666666666667,1.0216666666666667,0.23828775352024956,0.23828775352024956,0.666072068410042,0.09564017806970848,358.2632707710644
6,fmm,10,21,21,0,1.0220833333333332,1.0220833333333332,0.23764922487071627,0.23764922487071627,0.6667330045604726,0.09561777056881116,358.09873949401253
6,fmm,10,21,21,0,1.0225,1.0225,0.23701246940596685,0.23701246940596685,0.667392711254006,0.09559481934002714,357.9345848043801
6,fmm,10,21,21,0,1.0229166666666667,1.0229166666666667,0.23637745834081902,0.23637745834081902,0.6680512080980133,0.09557133356116765,357.77080995499676
6,fmm,10,21,21,0,1.0233333333333334,1.0233333333333334,0.2357441648886468,0.2357441648886468,0.6687085129506519,0.09554732216070128,357.6074182420575
6,fmm,10,21,21,0,1.0234553569125198,1.0234553569125198,0.23555902223831507,0.23555902223831507,0.6689007857400997,0.09554019202158523,357.55964091628135
6,fmm,10,21,21,0,1.02375,1.02375,0.23511256412150663,0.23511256412150663,0.6693646420467853,0.09552279383170811,357.4444130068104
6,fmm,10,21,21,0,1.0241666666666667,1.0241666666666667,0.23448263284137524,0.23448263284137524,0.6700196101139397,0.09549775704468502,357.2817976372815
6,fmm,10,21,21,0,1.0245833333333334,1.0245833333333334,0.2338543494618996,0.2338543494618996,0.6706734304784404,0.09547222005966,357.11957557003973
6,fmm,10,21,21,0,1.025,1.025,0.233227693898922,0.233227693898922,0.6713261151640009,0.09544619093707712,356.9577502920362
6,fmm,10,21,21,0,1.0254166666666666,1.0254166666666666,0.23260264747000403,0.23260264747000403,0.6719776749819393,0.09541967754805669,356.7963253424542
6,fmm,10,21,21,0,1.0255082165983025,1.0255082165983025,0.2324655262456798,0.2324655262456798,0.6721206858486952,0.09541378790562499,356.7609110775468
6,fmm,10,21,21,0,1.0258333333333334,1.0258333333333334,0.23197919280097382,0.23197919280097382,0.6726281196150775,0.09539268758394867,356.63530431463835
6,fmm,10,21,21,0,1.02625,1.02625,0.23135731373980398,0.23135731373980398,0.6732774576950933,0.09536522856510274,356.4746908580848
6,fmm,10,21,21,0,1.0266666666666666,1.0266666666666666,0.23073699527665223,0.23073699527665223,0.6739256968743542,0.09533730784899355,356.3144886804431
6,fmm,10,21,21,0,1.0270833333333333,1.0270833333333333,0.23011822346970187,0.23011822346970187,0.6745728438924135,0.09530893263788467,356.15470154963043
6,fmm,10,21,21,0,1.0275,1.0275,0.2295009853764529,0.2295009853764529,0.6752189046375029,0.09528010998604422,355.99533329593777
6,fmm,10,21,21,0,1.0275430178262777,1.0275430178262777,0.22943734685683717,0.22943734685683717,0.6752855440928398,0.09527710905032302,355.9789036842563
6,fmm,10,21,21,0,1.0279166666666666,1.0279166666666666,0.22888526898946754,0.22888526898946754,0.6758638842044123,0.09525084680612012,355.83638781425014
6,fmm,10,21,21,0,1.0283333333333333,1.0283333333333333,0.22827106317707213,0.22827106317707213,0.6765077869473327,0.09522114987559516,355.6778690662865
6,fmm,10,21,21,0,1.02875,1.02875,0.22765835762766837,0.22765835762766837,0.6771506165300107,0.09519102584232089,355.5197810829151
6,fmm,10,21,21,0,1.0291666666666668,1.0291666666666668,0.22704714279818625,0.22704714279818625,0.6777923759716913,0.09516048123012247,355.36212796652006
6,fmm,10,21,21,0,1.0295778190542528,1.0295778190542528,0.226445469595546,0.226445469595546,0.678424595566717,0.09512993483773702,355.2069916218298
6,fmm,10,21,21,0,1.0295833333333333,1.0295833333333333,0.22643740986559346,0.22643740986559346,0.678433067690648,0.0951295224437585,355.2049138934362
6,fmm,10,21,21,0,1.03,1.03,0.22582915068205692,0.22582915068205692,0.6790726935442446,0.09509815577369848,355.04814311642775
6,fmm,10,21,21,0,1.0304166666666668,1.0304166666666668,0.22522235773250981,0.22522235773250981,0.6797112548669612,0.09506638740052903,354.8918199672477
6,fmm,10,21,21,0,1.0308333333333333,1.0308333333333333,0.2246170240954501,0.2246170240954501,0.6803487525052971,0.09503422339925277,354.73594885923916
6,fmm,10,21,21,0,1.03125,1.03125,0.2240131434058718,0.2240131434058718,0.680985186851078,0.09500166974305019,354.580534290004
6,fmm,10,21,21,0,1.0316313236849572,1.0316313236849572,0.22346175410653876,0.22346175410653876,0.6815667049768518,0.09497154091660945,354.4387064711516
6,fmm,10,21,21,0,1.0316666666666667,1.0316666666666667,0.2234107098207358,0.2234107098207358,0.6816205578721272,0.09496873230713704,354.4255808441184
6,fmm,10,21,21,0,1.0320833333333335,1.0320833333333335,0.22280971798647442,0.22280971798647442,0.6822548651413644,0.09493541687216123,354.2710931959226
6,fmm,10,21,21,0,1.0325,1.0325,0.22221016300856275,0.22221016300856275,0.6828881078639901,0.09490172912744713,354.1170761123644
6,fmm,10,21,21,0,1.0329166666666667,1.0329166666666667,0.2216120404228998,0.2216120404228998,0.6835202849028978,0.09486767467420235,353.96353445585504
6,fmm,10,21,21,0,1.0333333333333334,1.0333333333333334,0.2210153461690343,0.2210153461690343,0.6841513948026609,0.09483325902830486,353.81047318723887
6,fmm,10,21,21,0,1.0336661249129324,1.0336661249129324,0.2205397900993931,0.2205397900993931,0.684654694446303,0.0948055154543039,353.68857164044834
6,fmm,10,21,21,0,1.03375,1.03375,0.2204200765647966,0.2204200765647966,0.6847814358120901,0.09479848762311335,353.6578973687524
6,fmm,10,21,21,0,1.0341666666666667,1.0341666666666667,0.2198262282826104,0.2198262282826104,0.6854104059052353,0.09476336581215433,353.5058121670529
6,fmm,10,21,21,0,1.0345833333333334,1.0345833333333334,0.2192337983271154,0.2192337983271154,0.6860383028015018,0.0947278988713828,353.3542228562644
6,fmm,10,21,21,0,1.0350000000000001,1.0350000000000001,0.21864278401404133,0.21864278401404133,0.6866651239842438,0.09469209200171483,353.2031348210784
6,fmm,10,21,21,0,1.0354166666666667,1.0354166666666667,0.21805318295052403,0.21805318295052403,0.6872908667183735,0.0946559503311025,353.0525535598184
6,fmm,10,21,21,0,1.0357009261409076,1.0357009261409076,0.21765175355845257,0.21765175355845257,0.687717142299809,0.09463110414173848,352.95011727507375
6,fmm,10,21,21,0,1.0358333333333334,1.0358333333333334,0.21746499301616357,0.21746499301616357,0.6879155280671102,0.09461947891672623,352.9024846875796
6,fmm,10,21,21,0,1.0362500000000001,1.0362500000000001,0.2168782123455753,0.2168782123455753,0.6885391049076097,0.09458268274681497,352.7529339393151
6,fmm,10,21,21,0,1.0366666666666666,1.0366666666666666,0.21629283931165832,0.21629283931165832,0.6891615939456355,0.0945455667427062,352.60390717290943
6,fmm,10,21,21,0,1.0370833333333334,1.0370833333333334,0.21570887250986562,0.21570887250986562,0.6897829917295504,0.094508135760584,352.4554103722551
6,fmm,10,21,21,0,1.0375,1.0375,0.21512631074334357,0.21512631074334357,0.6904032946635867,0.09447039459306969,352.3074496502265
6,fmm,10,21,21,0,1.0377537858266903,1.0377537858266903,0.2147721686190022,0.2147721686190022,0.6907805743873425,0.09444725699365528,352.21759420182696
6,fmm,10,21,21,0,1.0379166666666666,1.0379166666666666,0.21454515300897448,0.21454515300897448,0.6910224990200785,0.09443234797094702,352.1600312515938
6,fmm,10,21,21,0,1.0383333333333333,1.0383333333333333,0.2139653984840638,0.2139653984840638,0.6916406009512207,0.0943940005647155,352.01316155585533
6,fmm,10,21,21,0,1.03875,1.03875,0.21338704651379375,0.21338704651379375,0.6922575965003092,0.09435535698589709,351.8668470798961
6,fmm,10,21,21,0,1.0391666666666668,1.0391666666666668,0.21281009659941444,0.21281009659941444,0.6928734816119599,0.09431642178862562,351.7210944805133
6,fmm,10,21,21,0,1.0395833333333333,1.0395833333333333,0.2122345483869873,0.2122345483869873,0.6934882521421488,0.09427719947086388,351.57591055671514
6,fmm,10,21,21,0,1.0397885870546655,1.0397885870546655,0.21195154344162515,0.21195154344162515,0.6937906825481719,0.09425777401020297,351.50460284016975
6,fmm,10,21,21,0,1.04,1.04,0.21166040165679675,0.21166040165679675,0.6941019038675303,0.0942376944756729,351.4313022517482
6,fmm,10,21,21,0,1.0404166666666668,1.0404166666666668,0.21108765631331936,0.21108765631331936,0.6947144324942309,0.09419791119244972,351.28727665485656
6,fmm,10,21,21,0,1.0408333333333333,1.0408333333333333,0.21051631237564666,0.21051631237564666,0.6953258336662721,0.09415785395808124,351.1438410026146
6,fmm,10,21,21,0,1.04125,1.04125,0.20994636996853464,0.20994636996853464,0.6959361029734619,0.0941175270580035,351.001002679842
6,fmm,10,21,21,0,1.0416666666666667,1.0416666666666667,0.2093778293138887,0.2093778293138887,0.6965452359587789,0.09407693472733236,350.85876921998715
6,fmm,10,21,21,0,1.0418233882826407,1.0418233882826407,0.20916434588908286,0.20916434588908286,0.6967740552879703,0.09406159882294682,350.80542879215164
6,fmm,10,21,21,0,1.0420833333333333,1.0420833333333333,0.2088106907225698,0.2088106907225698,0.697153228125597,0.0940360811518332,342.54386608014636
6,fmm,10,21,21,0,1.0425,1.0425,0.20824495458688674,0.20824495458688674,0.6977600749442553,0.09399497046885796,342.4087860839806
6,fmm,10,21,21,0,1.0429166666666667,1.0429166666666667,0.20768062137321244,0.20768062137321244,0.6983657718584488,0.09395360676833872,342.2738225355057
6,fmm,10,21,21,0,1.0433333333333334,1.0433333333333334,0.20711769161518573,0.20711769161518573,0.6989703142912406,0.0939119940935737,342.1389753953145
6,fmm,10,21,21,0,1.04375,1.04375,0.2065561659070959,0.2065561659070959,0.6995736976506358,0.09387013644226827,342.00424462166274
6,fmm,10,21,21,0,1.0438768929133453,1.0438768929133453,0.20638543619264188,0.20638543619264188,0.6997572228784349,0.09385734092892323,341.96323641766224
6,fmm,10,21,21,0,1.0441666666666667,1.0441666666666667,0.20599604489787351,0.20599604489787351,0.7001759173350004,0.09382803776712609,341.86963017041876
6,fmm,10,21,21,0,1.0445833333333334,1.0445833333333334,0.20543732928498976,0.20543732928498976,0.7007769687382459,0.09378570197676434,341.73513199503304
6,fmm,10,21,21,0,1.045,1.045,0.20488001980912768,0.20488001980912768,0.7013768472543864,0.0937431329364859,341.60075004649576
6,fmm,10,21,21,0,1.0454166666666667,1.0454166666666667,0.20432411724875574,0.20432411724875574,0.7019755482822826,0.09370033446896167,341.4664842733119
6,fmm,10,21,21,0,1.0458333333333334,1.0458333333333334,0.20376962241526125,0.20376962241526125,0.7025730672298818,0.09365731035485697,341.3323346214698
6,fmm,10,21,21,0,1.0459116941413202,1.0459116941413202,0.20366549815917204,0.20366549815917204,0.7026853077596633,0.09364919408116465,341.3071186094137
6,fmm,10,21,21,0,1.0459116941413205,1.0459116941413205,0.20366549815916785,0.20366549815916785,0.7026853077596735,0.09364919408115863,341.30711860941204
6,fmm,10,21,21,0,1.0462500000000001,1.0462500000000001,0.20321653614811513,0.20321653614811513,0.7031693995182162,0.09361406433366865,341.198301034426
6,fmm,10,21,21,0,1.0466666666666666,1.0466666666666666,0.20266485931035502,0.20266485931035502,0.703764540585372,0.09357060010427301,341.0643834530896
6,fmm,10,21,21,0,1.0470833333333334,1.0470833333333334,0.20211459278453045,0.20211459278453045,0.704358485889962,0.09352692132550758,340.9305818158021
6,fmm,10,21,21,0,1.0475,1.0475,0.20156573746847814,0.20156573746847814,0.704951230914573,0.09348303161694885,340.79689605833494
6,fmm,10,21,21,0,1.0479166666666666,1.0479166666666666,0.2010182942715441,0.2010182942715441,0.7055427711692307,0.0934389345592252,340.663326113883
6,fmm,10,21,21,0,1.0479464953692954,1.0479464953692954,0.20097915761155316,0.20097915761155316,0.7055850725476982,0.09343576984074864,340.6537684307257
6,fmm,10,21,21,0,1.0483333333333333,1.0483333333333333,0.2004722641110025,0.2004722641110025,0.7061331021941523,0.09339463369484524,340.52987191306255
6,fmm,10,21,21,0,1.04875,1.04875,0.19992764790867892,0.19992764790867892,0.7067222195627154,0.09335013252860566,340.3965333839089
6,fmm,10,21,21,0,1.0491666666666668,1.0491666666666668,0.1993844465875665,0.1993844465875665,0.7073101188843306,0.09330543452810292,340.2633104518859
6,fmm,10,21,21,0,1.0495833333333333,1.0495833333333333,0.19884266106883083,0.19884266106883083,0.7078967958068184,0.09326054312435075,340.13020303988765
6,fmm,10,21,21,0,1.0499993550550784,1.0499993550550784,0.19830312759322696,0.19830312759322696,0.7084813407695012,0.09321553163727184,339.9974168330787
6,fmm,10,21,21,0,1.049999677527539,1.049999677527539,0.19830270993067192,0.19830270993067192,0.7084817933945983,0.09321549667472981,339.99731395063105
6,fmm,10,21,21,0,1.05,1.05,0.19830229226897894,0.19830229226897894,0.7084822460188994,0.09321546171212164,339.99721106824916
6,asr,5,11,33,192,0.95,0.95,0.20608255497255534,0.29649190575105605,0.6366649835324906,0.06684311071645338,241.85364963479586
6,asr,5,11,33,192,0.9504166666666666,0.9504166666666666,0.20622219486460064,0.2963134323257854,0.6367766697948597,0.06690989787935492,241.7454805343481
6,asr,5,11,33,192,0.9508333333333333,0.9508333333333333,0.20636375001322133,0.29613561894317947,0.6368871437710701,0.06697723728575039,241.63717471532468
6,asr,5,11,33,192,0.9512499999999999,0.9512499999999999,0.20650724639870174,0.2959584688798553,0.6369963939574951,0.06704513716264965,241.52873284732553
6,asr,5,11,33,192,0.9516666666666667,0.9516666666666667,0.2066527105933477,0.2957819854887695,0.6371044085906635,0.06711360592056698,241.42015563981815
6,asr,5,11,33,192,0.9520348012279751,0.9520348012279751,0.20678289062355448,0.2956266158224402,0.637198804317241,0.06717457986031883,241.32411317188283
6,asr,5,11,33,192,0.9520833333333333,0.9520833333333333,0.20680016978031146,0.2956061722020099,0.6372111756386439,0.06718265215934616,241.31144384176633
6,asr,5,11,33,192,0.9524999999999999,0.9524999999999999,0.2069496517724955,0.29543103253270625,0.6373166827930009,0.06725228467429284,241.20259824106446
6,asr,5,11,33,192,0.9529166666666666,0.9529166666666666,0.20710118503283018,0.2952565700778972,0.6374209174602672,0.06732251246183563,241.09361966398
6,asr,5,11,33,192,0.9533333333333333,0.9533333333333333,0.20725479869481128,0.29508278852072034,0.6375238667527418,0.06739334472653791,240.98450897476062
6,asr,5,11,33,192,0.95375,0.95375,0.2074105225842983,0.29490969163325703,0.6376255174794454,0.06746479088729757,240.87526707508675
6,asr,5,11,33,192,0.9540696024559502,0.9540696024559502,0.20753141912483522,0.29477738479063426,0.6377025997810715,0.06752001542829428,240.79138518806676
6,asr,5,11,33,192,0.9541666666666666,0.9541666666666666,0.20756838724205448,0.29473728327928483,0.6377258561361427,0.06753686058457242,240.76589490342565
6,asr,5,11,33,192,0.9545833333333333,0.9545833333333333,0.2077284239472033,0.294565567417097,0.6378248688953359,0.06760956368756715,240.6563934347019
6,asr,5,11,33,192,0.955,0.955,0.20789066474165718,0.294394548102414,0.6379225415958403,0.06768291030174572,240.54676367964876
6,asr,5,11,33,192,0.9554166666666666,0.9554166666666666,0.20805514245583895,0.294224229491782,0.6380188597315417,0.06775691077667628,240.43700668422238
6,asr,5,11,33,192,0.9558333333333333,0.9558333333333333,0.2082218907349533,0.29405461584531867,0.6381138084404165,0.06783157571426479,240.32712352916747
6,asr,5,11,33,192,0.9561044036839254,0.9561044036839254,0.2083316073700657,0.29394465105741036,0.6381748366516726,0.06788051229091702,240.25556976407634
6,asr,5,11,33,192,0.9562499999999999,0.9562499999999999,0.20839094406702008,0.2938857115304565,0.6382073724922337,0.0679069159773098,240.2171153293332
6,asr,5,11,33,192,0.9566666666666667,0.9566666666666667,0.20856233781177733,0.2937175210253617,0.6382995362761805,0.06798294269845778,240.10698323326048
6,asr,5,11,33,192,0.9570833333333333,0.9570833333333333,0.20873610823078986,0.2935500489223692,0.6383902837881719,0.06805966728945895,239.99672842247196
6,asr,5,11,33,192,0.9575,0.9575,0.2089122925191972,0.29338329993201145,0.6384795986170839,0.06813710145090462,239.8863521109835
6,asr,5,11,33,192,0.9579166666666666,0.9579166666666666,0.20909092883873304,0.29321727888698906,0.6385674639305343,0.06821525718247662,239.77585554470858
6,asr,5,11,33,192,0.9581579083146299,0.9581579083146299,0.2091954918541217,0.29312149071593746,0.6386176668469501,0.06826084243711245,239.71182578001208
6,asr,5,11,33,192,0.9583333333333333,0.9583333333333333,0.20927205635198312,0.2930519907459579,0.638653862460616,0.06829414679342616,239.66524000087497
6,asr,5,11,33,192,0.95875,0.95875,0.20945571525879972,0.29288744059829364,0.6387387764878596,0.06837378291384677,239.55450678743526
6,asr,5,11,33,192,0.9591666666666666,0.9591666666666666,0.209641946833828,0.2927236336682695,0.6388221878255211,0.06845417850620938,239.44365724243724
6,asr,5,11,33,192,0.9595833333333333,0.9595833333333333,0.20983079346606817,0.2925605753198332,0.6389040778026691,0.06853534687749768,239.3326927335251
6,asr,5,11,33,192,0.96,0.96,0.21002229870034386,0.29239827106160865,0.6389844272464131,0.06861730169197822,239.22161465724582
6,asr,5,11,33,192,0.9601920645976832,0.9601920645976832,0.21011148151260814,0.2923237115690443,0.6390209405830827,0.06865534784787303,239.17037481120798
6,asr,5,11,33,192,0.9604166666666666,0.9604166666666666,0.21021650728045344,0.2922367265517664,0.6390632164636773,0.06870005698455633,239.11042443849138
6,asr,5,11,33,192,0.9608333333333333,0.9608333333333333,0.21041346519486867,0.2920759476037345,0.639140425221443,0.0687836271748225,238.99912352987906
6,asr,5,11,33,192,0.9612499999999999,0.9612499999999999,0.21061321972414318,0.2919159401914698,0.6392160327269716,0.06886802708155859,238.8877134111267
6,asr,5,11,33,192,0.9616666666666667,0.9616666666666667,0.21081581949113232,0.29175671045563184,0.6392900176062302,0.068953271938138,238.77619558854613
6,asr,5,11,33,192,0.9620833333333333,0.9620833333333333,0.21102131451329803,0.2915982647095095,0.6393623578816237,0.06903937740886684,238.66457159424326
6,asr,5,11,33,192,0.9622268658256584,0.9622268658256584,0.21109278275236973,0.2915438663578447,0.639386892598612,0.06906924104354328,238.6260952807397
6,asr,5,11,33,192,0.9622268658256585,0.9622268658256585,0.21109278275238957,0.29154386635787266,0.639386892598605,0.0690692410435223,238.6260952807313
6,asr,5,11,33,192,0.9624999999999999,0.9624999999999999,0.2112297562578134,0.29144060944541816,0.6394330309488616,0.06912635960572022,238.55284298563015
6,asr,5,11,33,192,0.9629166666666666,0.9629166666666666,0.2114411976997964,0.29128375134189594,0.639502013551953,0.06921423510615105,238.44101134486132
6,asr,5,11,33,192,0.9633333333333333,0.9633333333333333,0.2116556933826537,0.2911276972700289,0.6395692817579,0.06930302097207114,238.32907827801526
6,asr,5,11,33,192,0.96375,0.96375,0.2118732994827087,0.2909724543016662,0.6396348109291848,0.06939273476914898,238.21704541474352
6,asr,5,11,33,192,0.9641666666666666,0.9641666666666666,0.2120940738762998,0.29081802971677045,0.6396985756952844,0.06948339458794511,238.1049144073382
6,asr,5,11,33,192,0.964280370456363,0.964280370456363,0.21215487887128867,0.29077603204840785,0.6397156665449982,0.06950830140659392,238.07429825245976
6,asr,5,11,33,192,0.9645833333333333,0.9645833333333333,0.2123180762108178,0.29066443101165107,0.6397605499230905,0.06957501906525843,237.99268693042598
6,asr,5,11,33,192,0.965,0.965,0.21254536797964055,0.29051166590775623,0.6398207066846126,0.06966762740763122,237.88036468014604
6,asr,5,11,33,192,0.9654166666666666,0.9654166666666666,0.2127760126010113,0.2903597423606718,0.6398790182241159,0.06976123941521234,237.76794937358127
6,asr,5,11,33,192,0.9658333333333333,0.9658333333333333,0.2130100755011718,0.2902086685695446,0.6399354559229454,0.06985587550750999,237.6554427481689
6,asr,5,11,33,192,0.9662499999999999,0.9662499999999999,0.21324762420244497,0.29005845298739624,0.6399899902622641,0.06995155675033965,237.54284656108646
6,asr,5,11,33,192,0.9663151716843381,0.9663151716843381,0.2132850994310961,0.2900350356393834,0.6399983459861311,0.06996661837448548,237.5252271768616
6,asr,5,11,33,192,0.9666666666666667,0.9666666666666667,0.21348872841584718,0.2899091043314001,0.6400425907843644,0.07004830488423547,237.4301625885426
6,asr,5,11,33,192,0.9670833333333333,0.9670833333333333,0.21373346013942227,0.2897606315943185,0.6400932260509273,0.07014614235475419,237.3173926252747
6,asr,5,11,33,192,0.9675,0.9675,0.2139818937619822,0.28961304405617727,0.640141863599687,0.07024509234413567,237.2045384839955
6,asr,5,11,33,192,0.9679166666666666,0.9679166666666666,0.21423410617299635,0.28946635129670983,0.6401884698979562,0.07034517880533397,237.09160199454843
6,asr,5,11,33,192,0.9683333333333333,0.9683333333333333,0.21449017687897529,0.2893205632084605,0.6402330102941126,0.07044642649742688,236.97858500353192
6,asr,5,11,33,192,0.9683499729123133,0.9683499729123133,0.2145004843287856,0.28931476009123874,0.6402347456144121,0.07045049429434919,236.97407002580096
6,asr,5,11,33,192,0.96875,0.96875,0.21475018812702842,0.28917569001089544,0.640275448965535,0.07054886102356955,236.86548937356238
6,asr,5,11,33,192,0.9691666666666666,0.9691666666666666,0.21501422503565626,0.28903174226492817,0.6403157488637251,0.07065250887134672,236.7523169827798
6,asr,5,11,33,192,0.9695833333333334,0.9695833333333334,0.21528237573373396,0.28888873088848976,0.6403538716563475,0.07075739745516274,236.6390697241667
6,asr,5,11,33,192,0.97,0.97,0.21555473150837795,0.28874666717327246,0.6403897776651525,0.07086355516157505,236.5257495050116
6,asr,5,11,33,192,0.9704034775430178,0.9704034775430178,0.2158225628648634,0.28861001448172624,0.6404223957340225,0.07096758978425127,236.41594859082352
6,asr,5,11,33,192,0.9704166666666666,0.9704166666666666,0.21583138696173768,0.28860556280188854,0.64042342580042,0.07097101139769146,236.41235824630624
6,asr,5,11,33,192,0.9708333333333333,0.9708333333333333,0.2161124401784941,0.28846542986692364,0.640454773491034,0.07107979664204239,236.2988978821408
6,asr,5,11,33,192,0.97125,0.97125,0.2163979929035899,0.2883262808902592,0.6404837766102548,0.07118994249948601,236.18537035921702
6,asr,5,11,33,192,0.9716666666666667,0.9716666666666667,0.216688150732192,0.2881881288442537,0.6405103893965995,0.07130148175914675,236.0717776361994
6,asr,5,11,33,192,0.9720833333333333,0.9720833333333333,0.2169830233124363,0.2880509871743407,0.6405345643690052,0.07141444845665407,235.95812168310303
6,asr,5,11,33,192,0.9724382787709929,0.9724382787709929,0.2172380203101938,0.287934967829257,0.640553198486237,0.07151183368450598,235.86125330508744
6,asr,5,11,33,192,0.9724999999999999,0.9724999999999999,0.21728272456144573,0.2879148698223752,0.6405562522372351,0.0715288779403897,235.84440448091152
6,asr,5,11,33,192,0.9729166666666667,0.9729166666666667,0.21758737289694913,0.287779791252433,0.6405754018052849,0.07164480694228204,235.73062802090766
6,asr,5,11,33,192,0.9733333333333333,0.9733333333333333,0.2178970914846471,0.28764576647765616,0.6405919598687231,0.07176227365362076,235.61679430408324
6,asr,5,11,33,192,0.97375,0.97375,0.2182120085035306,0.287512811089361,0.6406058711042859,0.0718813178063531,235.5029053407537
6,asr,5,11,33,192,0.9741666666666666,0.9741666666666666,0.21853225743025154,0.2873809412879777,0.6406170779519517,0.07200198076007064,235.3889631498847
6,asr,5,11,33,192,0.9744724350540463,0.9744724350540463,0.21877074271364713,0.28728486978179923,0.6406235468932326,0.07209158332496812,235.30531465436502
6,asr,5,11,33,192,0.9745833333333334,0.9745833333333334,0.218857977344394,0.287250173916127,0.6406255204882025,0.07212430559567046,235.2749697587027
6,asr,5,11,33,192,0.975,0.975,0.2191893132566569,0.2871205264942019,0.6406311362903898,0.0722483372154083,235.1609272020271
6,asr,5,11,33,192,0.9754166666666666,0.9754166666666666,0.21952641646195487,0.28699201725851226,0.6406338602901529,0.07237412245133484,235.04683752195132
6,asr,5,11,33,192,0.9758333333333333,0.9758333333333333,0.21986944491978658,0.2868646652022237,0.6406336246163529,0.07250171018142343,234.9327027671885
6,asr,5,11,33,192,0.97625,0.97625,0.22021856366446896,0.2867384901193669,0.6406303584254293,0.07263115145520382,234.81852499266375
6,asr,5,11,33,192,0.9765259396847509,0.9765259396847509,0.22045320555015774,0.2866555878835164,0.6406264913113804,0.0727179208051032,234.74288749026007
6,asr,5,11,33,192,0.9766666666666667,0.9766666666666667,0.2205739452482189,0.2866135126522359,0.640623987718508,0.07276249962925607,234.70430625907395
6,asr,5,11,33,192,0.9770833333333333,0.9770833333333333,0.22093577022046848,0.28648975434275553,0.6406144351435635,0.07289581051368094,234.59004863224374
6,asr,5,11,33,192,0.9775,0.9775,0.22130422764646304,0.28636723768733185,0.6406016197818869,0.07303114253078125,234.47575418295375
6,asr,5,11,33,192,0.9779166666666667,0.9779166666666667,0.2216795156700939,0.28624598619676755,0.6405854569161435,0.0731685568870889,234.3614249861903
6,asr,5,11,33,192,0.9783333333333333,0.9783333333333333,0.2220618421250623,0.28612602446104085,0.6405658577788346,0.07330811776012458,234.24706312090308
6,asr,5,11,33,192,0.978560740912726,0.978560740912726,0.22227355422019068,0.2860611051787596,0.6405536783499147,0.07338521647132568,234.18463387386666
6,asr,5,11,33,192,0.97875,0.97875,0.22245142519925581,0.28600737821908584,0.6405427292793673,0.07344989250154688,234.1326706695145
6,asr,5,11,33,192,0.9791666666666666,0.9791666666666666,0.22284849415889102,0.28589007443510694,0.6405159737067301,0.07359395185816298,234.01824971750432
6,asr,5,11,33,192,0.9795833333333334,0.9795833333333334,0.2232532901385597,0.28577414138143015,0.6404854884050485,0.07374037021352137,233.9038023529706
6,asr,5,11,33,192,0.98,0.98,0.2236660670045649,0.2856596087285838,0.6404511654198914,0.07388922585152474,233.78933066629617
6,asr,5,11,33,192,0.9804166666666666,0.9804166666666666,0.22408709230047694,0.28554650764392064,0.6404128911110432,0.0740406012450362,233.67483674967622
6,asr,5,11,33,192,0.9805955421407011,0.9805955421407011,0.22427043913445638,0.2854984005071928,0.6403952181165538,0.07410638137625347,233.62567808099038
6,asr,5,11,33,192,0.9805955421407012,0.9805955421407012,0.22427043913443875,0.2854984005071706,0.6403952181166089,0.07410638137622044,233.62567808099215
6,asr,5,11,33,192,0.9808333333333333,0.9808333333333333,0.22451664828422227,0.28543487089929687,0.6403705457279282,0.07419458337277496,233.56032269683453
6,asr,5,11,33,192,0.98125,0.98125,0.22495503306789927,0.2853247329890208,0.6403240029439087,0.07435126406707054,233.44579060254003
6,asr,5,11,33,192,0.9816666666666667,0.9816666666666667,0.2254025618731222,0.2852161302594831,0.6402731293434752,0.07451074039704164,233.33124256240538
6,asr,5,11,33,192,0.9820833333333333,0.9820833333333333,0.22585956841617247,0.285109101051494,0.6402177838571813,0.07467311509132468,233.2166806723406
6,asr,5,11,33,192,0.9824999999999999,0.9824999999999999,0.22632640644032742,0.2850036858576823,0.6401578171367366,0.0748384970055811,233.10210702844336
6,asr,5,11,33,192,0.9826490467714057,0.9826490467714057,0.22649585850301984,0.2849663775871573,0.6401352141840366,0.07489840822880606,233.06112017806805
6,asr,5,11,33,192,0.9829166666666667,0.9829166666666667,0.2268034514137791,0.284899927495586,0.6400930708639844,0.07500700164042962,232.98752372649454
6,asr,5,11,33,192,0.9833333333333333,0.9833333333333333,0.2272911024170262,0.2847978713002859,0.6400233769825958,0.0751787517171183,232.87293286173053
6,asr,5,11,33,192,0.98375,0.98375,0.2277897842446812,0.2846975653375418,0.6399485568440777,0.07535387781838049,232.75833652853274
6,asr,5,11,33,192,0.9841666666666666,0.9841666666666666,0.22829994975323853,0.2845990606414527,0.6398684202544411,0.07553251910410619,232.64373682013664
6,asr,5,11,33,192,0.9845833333333334,0.9845833333333334,0.2288220824901434,0.2845024114794286,0.6397827644075118,0.07571482411305958,232.52913582836632
6,asr,5,11,33,192,0.9846838479993808,0.9846838479993808,0.22894988804521654,0.28447938048589505,0.6397612509704107,0.07575936854369425,232.50149007704758
6,asr,5,11,33,192,0.985,0.985,0.22935669964705008,0.2844076756491855,0.6396913726882485,0.075900951662566,232.41453564331223
6,asr,5,11,33,192,0.9854166666666666,0.9854166666666666,0.22990435538658652,0.28431491481170434,0.639594013325749,0.07609107186254671,232.2999383531386
6,asr,5,11,33,192,0.9858333333333333,0.9858333333333333,0.23046564460251365,0.28422419486639766,0.6394904378729434,0.07628536726065899,232.18534604384234
6,asr,5,11,33,192,0.98625,0.98625,0.23104120718437562,0.2841355863754997,0.6393803794828998,0.07648403414160049,232.07076079895205
6,asr,5,11,33,192,0.9866666666666667,0.9866666666666667,0.23163173287087085,0.2840491650447787,0.6392635509502466,0.07668728400497477,231.95618469940968
6,asr,5,11,33,192,0.9867180042824342,0.9867180042824342,0.23170556294007996,0.28403867231138985,0.6392486730980743,0.07671265459053583,231.94206848095232
6,asr,5,11,33,192,0.9867180042824343,0.9867180042824343,0.23170556294007996,0.28403867231138985,0.6392486730980743,0.07671265459053583,231.94206848095232
6,asr,5,11,33,192,0.9870833333333333,0.9870833333333333,0.23223796679507572,0.2839650122711233,0.6391396424750881,0.07689534525378855,231.84161982325878
6,asr,5,11,33,192,0.9875,0.9875,0.23286071584534504,0.28388321576829395,0.6390083191010006,0.0771084651307054,231.72706824555868
6,asr,5,11,33,192,0.9879166666666667,0.9879166666666667,0.23350085599339182,0.28380387028525095,0.6388692177662918,0.07732691194845726,231.61253203807885
6,asr,5,11,33,192,0.9883333333333333,0.9883333333333333,0.23415934077524128,0.2837270784344586,0.6387219438948668,0.07755097767067459,231.49801326919058
6,asr,5,11,33,192,0.98875,0.98875,0.23483721115420061,0.28365295165144755,0.6385660674358682,0.07778098091268426,231.38351400380293
6,asr,5,11,33,192,0.9887715089131388,0.9887715089131388,0.2348727506410403,0.2836491996678994,0.6385577788384824,0.07779302149361816,231.37760396004032
6,asr,5,11,33,192,0.9891666666666666,0.9891666666666666,0.23553560705139343,0.28358161131263687,0.638401118238584,0.0780172704487791,231.26903630294393
6,asr,5,11,33,192,0.9895833333333334,0.9895833333333334,0.23625578090078952,0.283513190044122,0.6382265806213159,0.07826022933456211,231.15458222396413
6,asr,5,11,33,192,0.99,0.99,0.23699911368089357,0.2834478332640427,0.6380418869540178,0.07851027978193953,231.04015382012224
6,asr,5,11,33,192,0.9904166666666666,0.9904166666666666,0.23776713399810254,0.2833857010111809,0.637846410028424,0.0787678889603951,230.92575314060272
6,asr,5,11,33,192,0.9908063101411139,0.9908063101411139,0.23850918302174373,0.28333067228399833,0.6376532390190247,0.07901608869697696,230.81879888881986
6,asr,5,11,33,192,0.990806310141114,0.990806310141114,0.23850918302176763,0.28333067228402664,0.637653239019021,0.07901608869695231,230.818798888814
6,asr,5,11,33,192,0.9908333333333333,0.9908333333333333,0.23856154096236792,0.28332697012831703,0.637639453921863,0.07903357594981991,230.81138223046582
6,asr,5,11,33,192,0.99125,0.99125,0.23938423181832608,0.2832718368897141,0.6374202429729082,0.0793079201373777,230.69704313046108
6,asr,5,11,33,192,0.9916666666666667,0.9916666666666667,0.24023733559547744,0.28322052018712857,0.6371879083715436,0.07959157144132784,230.5827378769117
6,asr,5,11,33,192,0.9920833333333333,0.9920833333333333,0.24112325446201072,0.2831732654305138,0.6369414716969083,0.07988526287257791,230.46846850180117
6,asr,5,11,33,192,0.9924999999999999,0.9924999999999999,0.24204471504933725,0.28313034936894566,0.6366798245087244,0.08018982612232994,230.35423703256467
6,asr,5,11,33,192,0.992841111369089,0.992841111369089,0.2428277083311279,0.28309866364309993,0.6364534207301241,0.08044791562677595,230.2607490994722
6,asr,5,11,33,192,0.9929166666666667,0.9929166666666667,0.24300483285010976,0.28309208611488434,0.6364017027693455,0.08050621111577017,230.24004549213302
6,asr,5,11,33,192,0.9933333333333333,0.9933333333333333,0.24400719400058207,0.28305883476297794,0.6361056543972474,0.08083551083977464,230.1258958988923
6,asr,5,11,33,192,0.99375,0.99375,0.24505596054495588,0.28303100915514934,0.635789997552456,0.08117899329239464,230.01179026659554
6,asr,5,11,33,192,0.9941666666666666,0.9941666666666666,0.2461560079796391,0.2830090905862949,0.6354527661923377,0.08153814322136738,229.8977306044593
6,asr,5,11,33,192,0.9945833333333334,0.9945833333333334,0.24731310805512027,0.28299364461809784,0.6350916377968654,0.08191471758503677,229.78371891705808
6,asr,5,11,33,192,0.9948946159997936,0.9948946159997936,0.24821886570539842,0.28298672632339517,0.6348046126471725,0.08220866102943236,229.69857575187345
6,asr,5,11,33,192,0.995,0.995,0.24853417646760323,0.28298534376259765,0.634703835552654,0.08231082068474838,229.6697572044105
6,asr,5,11,33,192,0.9954166666666666,0.9954166666666666,0.24982761600217868,0.28298499876926414,0.6342859930021385,0.08272900822859736,229.5558474619429
6,asr,5,11,33,192,0.9958333333333333,0.9958333333333333,0.25120380430385086,0.28299360290138087,0.63383396187306,0.08317243522555917,229.44199168064193
6,asr,5,11,33,192,0.99625,0.99625,0.25267580851584603,0.28301239651398297,0.6333425308657016,0.08364507262031545,229.32819184689006
6,asr,5,11,33,192,0.9966666666666667,0.9966666666666667,0.2542604707343018,0.28304296469369816,0.6328049990388133,0.08415203626748857,229.2144499427769
6,asr,5,11,33,192,0.9969294172277687,0.9969294172277687,0.2553274486051223,0.28306920671779695,0.6324384513500794,0.08449234193212368,229.14275481996117
6,asr,5,11,33,192,0.9970833333333333,0.9970833333333333,0.2559801304439302,0.28308739147996576,0.6322124996726439,0.08470010884739032,229.10076794594866
6,asr,5,11,33,192,0.9975,0.9975,0.2578655103718045,0.28314851704197885,0.6315528688381686,0.08529861411985251,228.98714782980193
6,asr,5,11,33,192,0.9979166666666667,0.9979166666666667,0.25996089933658934,0.28323039734671296,0.6308086159554651,0.08596098669782193,228.8735915635951
6,asr,5,11,33,192,0.9983333333333333,0.9983333333333333,0.262334360230024,0.2833392050822675,0.6299529317774417,0.08670786314029078,228.76010111247095
6,asr,5,11,33,192,0.99875,0.99875,0.26510061758542997,0.28348523948293486,0.628940749521461,0.08757401099560419,228.646678437626
6,asr,5,11,33,192,0.9989635735108221,0.9989635735108221,0.2667353575311162,0.2835802687640594,0.6283359624386191,0.0880837687973215,228.5885675578129
6,asr,5,11,33,192,0.9989638959832831,0.9989638959832831,0.26673796815820267,0.28358042535046,0.6283349929987556,0.08808458165078437,228.5884798307623
6,asr,5,11,33,192,0.9991666666666666,0.9991666666666666,0.26848365935557533,0.28368839468220675,0.6276843287429028,0.08862727657489045,228.53332549636585
6,asr,5,11,33,192,0.9995833333333334,0.9995833333333334,0.27306253334184294,0.28399950720033257,0.6259575312342979,0.09004296156536956,228.420044242352
6,asr,5,11,33,192,1.0,1.000000000001,0.28494499470448714,0.28494499470448714,0.621386307945021,0.09366869735049183,228.30683662535805
6,asr,5,11,33,192,1.0004166666666667,1.0004166666666667,0.2815473185188174,0.2815473185188174,0.6245565265830268,0.09389615489815573,228.19370459287225
6,asr,5,11,33,192,1.0008333333333332,1.0008333333333332,0.27992949238781345,0.27992949238781345,0.6260832757765344,0.09398723183565211,228.08065008752345
6,asr,5,11,33,192,1.0010170781415266,1.0010170781415266,0.2793193663929361,0.2793193663929361,0.626661625692929,0.09401900791413487,228.0308195937901
6,asr,5,11,33,192,1.00125,1.00125,0.27859972194364147,0.27859972194364147,0.6273455096669489,0.09405476838940963,227.96767504994548
6,asr,5,11,33,192,1.0016666666666667,1.0016666666666667,0.2774172045409086,0.2774172045409086,0.6284731477504616,0.09410964770862978,227.8547814176257
6,asr,5,11,33,192,1.0020833333333334,1.0020833333333334,0.2763276498392004,0.2763276498392004,0.6295162219446673,0.09415612821613234,227.74197112542262
6,asr,5,11,33,192,1.0025,1.0025,0.27530334108137405,0.27530334108137405,0.630500243668701,0.09419641524992489,227.62924610569848
6,asr,5,11,33,192,1.0029166666666667,1.0029166666666667,0.27432789009305053,0.27432789009305053,0.6314402783358856,0.0942318315710639,227.51660828862168
6,asr,5,11,33,192,1.0030518793695018,1.0030518793695018,0.2740199691023709,0.2740199691023709,0.6317375997239626,0.09424243117366649,227.48007519751144
6,asr,5,11,33,192,1.0033333333333334,1.0033333333333334,0.27339067068603157,0.27339067068603157,0.6323460819180761,0.09426324739589237,227.4040596023244
6,asr,5,11,33,192,1.00375,1.00375,0.27248433898329144,0.27248433898329144,0.6332243879221554,0.09429127309455315,227.29160197320263
6,asr,5,11,33,192,1.0041666666666667,1.0041666666666667,0.2716035759562116,0.2716035759562116,0.6340800665656582,0.09431635747813022,227.17923732618078
6,asr,5,11,33,192,1.0045833333333334,1.0045833333333334,0.2707443881030364,0.2707443881030364,0.6349167691236953,0.09433884277326826,227.06696758489213
6,asr,5,11,33,192,1.005,1.005,0.2699036905578074,0.2699036905578074,0.6357373118612933,0.09435899758089927,226.95479467208236
6,asr,5,11,33,192,1.005086680597477,1.005086680597477,0.2697308856598085,0.2697308856598085,0.6359061959769224,0.09436291836326904,226.93147130066018
6,asr,5,11,33,192,1.0054166666666666,1.0054166666666666,0.2690790446863832,0.2690790446863832,0.636543917576121,0.09437703773749573,226.84272050978666
6,asr,5,11,33,192,1.0058333333333334,1.0058333333333334,0.2682684855332906,0.2682684855332906,0.6373383743559373,0.0943931401107721,226.73074701977015
6,asr,5,11,33,192,1.00625,1.00625,0.26747040418812956,0.26747040418812956,0.6381221437564255,0.09440745205544493,226.61887612362014
6,asr,5,11,33,192,1.0066666666666666,1.0066666666666666,0.26668346513027014,0.26668346513027014,0.6388964367746254,0.09442009809510449,226.5071097433315
6,asr,5,11,33,192,1.0070833333333333,1.0070833333333333,0.2659065466376389,0.2659065466376389,0.6396622685972541,0.09443118476510703,226.39544980142168
6,asr,5,11,33,192,1.0071401852281814,1.0071401852281814,0.2658012629356361,0.2658012629356361,0.6397661552459757,0.0944325818183882,226.38022276960854
6,asr,5,11,33,192,1.0071401852281816,1.0071401852281816,0.26580126293562717,0.26580126293562717,0.6397661552459537,0.09443258181841913,226.38022276960615
6,asr,5,11,33,192,1.0075,1.0075,0.2651386968597883,0.2651386968597883,0.6404204989379219,0.09444080420228984,226.2838982214257
6,asr,5,11,33,192,1.0079166666666666,1.0079166666666666,0.26437910080594446,0.26437910080594446,0.6411718623369346,0.09444903685712097,226.17245692820643
6,asr,5,11,33,192,1.0083333333333333,1.0083333333333333,0.2636270551110583,0.2636270551110583,0.6419169913107583,0.09445595357818343,226.061127848266
6,asr,5,11,33,192,1.00875,1.00875,0.2628819484546678,0.2628819484546678,0.6426564343074176,0.09446161723791463,225.949912910279
6,asr,5,11,33,192,1.0091666666666668,1.0091666666666668,0.26214324616013573,0.26214324616013573,0.6433906698215786,0.09446608401828571,225.83881404534026
6,asr,5,11,33,192,1.0091749864561566,1.0091749864561566,0.262128558020159,0.262128558020159,0.6434052806040627,0.09446616137577835,225.83659687457853
6,asr,5,11,33,192,1.0095833333333333,1.0095833333333333,0.2614104779360868,0.2614104779360868,0.6441201176241372,0.09446940443977597,225.72783318742148
6,asr,5,11,33,192,1.01,1.01,0.2606832280102181,0.2606832280102181,0.6448451477964732,0.09447162419330873,225.6169722738918
6,asr,5,11,33,192,1.0104166666666667,1.0104166666666667,0.25996112711160296,0.25996112711160296,0.6455660880682712,0.09447278482012583,225.50623324574076
6,asr,5,11,33,192,1.0108333333333333,1.0108333333333333,0.25924384589414456,0.25924384589414456,0.6462832298333534,0.09447292427250203,225.3956180482745
6,asr,5,11,33,192,1.0112097876841317,1.0112097876841317,0.25859968756941787,0.25859968756941787,0.646928111222713,0.09447220120786914,225.29578637842803
6,asr,5,11,33,192,1.01125,1.01125,0.25853108949943115,0.25853108949943115,0.6469968331214603,0.09447207737910857,225.28512863141117
6,asr,5,11,33,192,1.0116666666666667,1.0116666666666667,0.2578225930256991,0.2578225930256991,0.6477071307389135,0.0944702762353874,225.1747669501706
6,asr,5,11,33,192,1.0120833333333334,1.0120833333333334,0.25711811772602156,0.25711811772602156,0.6484143317417304,0.09446755053224809,225.06453496525248
6,asr,5,11,33,192,1.0125,1.0125,0.25641744779816683,0.25641744779816683,0.6491186243665674,0.09446392783526575,224.95443464345232
6,asr,5,11,33,192,1.0129166666666667,1.0129166666666667,0.2557203876567041,0.2557203876567041,0.649820178520312,0.09445943382298388,224.8444679582293
6,asr,5,11,33,192,1.0132626473699147,1.0132626473699147,0.25514419645119896,0.25514419645119896,0.6504007462248509,0.09445505732395015,224.75325968857834
6,asr,5,11,33,192,1.0133333333333334,1.0133333333333334,0.25502675960251725,0.25502675960251725,0.6505191479059174,0.09445409249156539,224.734636890235
6,asr,5,11,33,192,1.01375,1.01375,0.2543364018215655,0.2543364018215655,0.6512156718473197,0.09444792633111482,224.62494342779786
6,asr,5,11,33,192,1.0141666666666667,1.0141666666666667,0.2536491666574255,0.2536491666574255,0.6519098768636555,0.09444095647891898,224.5153895675992
6,asr,5,11,33,192,1.0145833333333334,1.0145833333333334,0.25296491911380187,0.25296491911380187,0.6526018780334137,0.09443320285278439,224.4059773151578
6,asr,5,11,33,192,1.0150000000000001,1.0150000000000001,0.2522835355505549,0.2522835355505549,0.6532917801819077,0.09442468426753742,224.2967086854723
6,asr,5,11,33,192,1.0152974485978898,1.0152974485978898,0.25179880063698096,0.25179880063698096,0.6537830543813281,0.09441814498169093,224.21879334504243
6,asr,5,11,33,192,1.0154166666666666,1.0154166666666666,0.25160490254390405,0.25160490254390405,0.6539796789183768,0.09441541853771912,224.18758570362644
6,asr,5,11,33,192,1.0158333333333334,1.0158333333333334,0.2509289158861136,0.2509289158861136,0.6546656615466968,0.09440542256718959,224.07861040540254
6,asr,5,11,33,192,1.01625,1.01625,0.2502554797043099,0.2502554797043099,0.6553498078659648,0.09439471242972536,223.9697848379502
6,asr,5,11,33,192,1.0166666666666666,1.0166666666666666,0.24958450568227106,0.24958450568227106,0.6560321908779443,0.09438330343978465,223.86111106042253
6,asr,5,11,33,192,1.0170833333333333,1.0170833333333333,0.2489159123698765,0.2489159123698765,0.6567128774153135,0.09437121021481001,223.75259114467158
6,asr,5,11,33,192,1.0173322498258648,1.0173322498258648,0.24851759963521433,0.24851759963521433,0.6571187353158489,0.09436366504893681,223.68783566732859
6,asr,5,11,33,192,1.0175,1.0175,0.2482496245696811,0.2482496245696811,0.6573919286975296,0.09435844673278929,223.644227176045
6,asr,5,11,33,192,1.0179166666666666,1.0179166666666666,0.24758557278916907,0.24758557278916907,0.6580694008290995,0.09434502638173145,223.53602125384344
6,asr,5,11,33,192,1.0183333333333333,1.0183333333333333,0.24692369275171774,0.24692369275171774,0.658745345242858,0.09433096200542426,223.42797549239066
6,asr,5,11,33,192,1.01875,1.01875,0.2462639249574919,0.2462639249574919,0.6594198090984342,0.09431626594407388,223.32009202154634
6,asr,5,11,33,192,1.0191666666666668,1.0191666666666668,0.24560621428881133,0.24560621428881133,0.6600928356399299,0.09430095007125874,223.2123729876678
6,asr,5,11,33,192,1.0193857544565694,1.0193857544565694,0.24526119078045397,0.24526119078045397,0.6604461571512299,0.09429265206831614,223.15579986032756
6,asr,5,11,33,192,1.0195833333333333,1.0195833333333333,0.24495050965502035,0.24495050965502035,0.6607644645179315,0.09428502582704817,223.10482055418495
6,asr,5,11,33,192,1.02,1.02,0.24429676367125233,0.24429676367125233,0.6614347320804682,0.09426850424827946,222.99743690269779
6,asr,5,11,33,192,1.0204166666666667,1.0204166666666667,0.2436449323682858,0.2436449323682858,0.6621036716360009,0.09425139599571328,222.89022423363824
6,asr,5,11,33,192,1.0208333333333333,1.0208333333333333,0.24299497492867106,0.24299497492867106,0.6627713136919338,0.09423371137939518,222.7831847671962
6,asr,5,11,33,192,1.02125,1.02125,0.24234685344777665,0.24234685344777665,0.6634376861709206,0.09421546038130277,222.67632074421212
6,asr,5,11,33,192,1.0214205556845446,1.0214205556845446,0.2420820768479908,0.2420820768479908,0.6637100946364074,0.0942078285156018,222.63262883330856
6,asr,5,11,33,192,1.0216666666666667,1.0216666666666667,0.24170053271562067,0.24170053271562067,0.6641028146085448,0.09419665267583452,222.56963442708394
6,asr,5,11,33,192,1.0220833333333332,1.0220833333333332,0.24105598001832856,0.24105598001832856,0.664766722332662,0.09417729764900945,222.4631281007885
6,asr,5,11,33,192,1.0225,1.0225,0.24041316495635365,0.24041316495635365,0.6654294306274707,0.09415740441617562,222.3568040737395
6,asr,5,11,33,192,1.0229166666666667,1.0229166666666667,0.23977205927848305,0.23977205927848305,0.6660909588841195,0.09413698183739744,222.25066467884616
6,asr,5,11,33,192,1.0233333333333334,1.0233333333333334,0.2391326367291732,0.2391326367291732,0.6667513247378897,0.09411603853293712,222.14471227459762
6,asr,5,11,33,192,1.0234553569125198,1.0234553569125198,0.23894569268067542,0.23894569268067542,0.6669444995301904,0.09410980778913416,222.1137191584677
6,asr,5,11,33,192,1.02375,1.02375,0.2384948729091294,0.2384948729091294,0.6674105441947591,0.0940945828961115,222.03894924590102
6,asr,5,11,33,192,1.0241666666666667,1.0241666666666667,0.23785874514630403,0.23785874514630403,0.668068631747305,0.09407262310639095,221.9333780055387
6,asr,5,11,33,192,1.0245833333333334,1.0245833333333334,0.23722423237790322,0.23722423237790322,0.6687256004814397,0.09405016714065709,221.82800099488915
6,asr,5,11,33,192,1.025,1.025,0.2365913150408395,0.2365913150408395,0.6693814621752496,0.09402722278391087,221.72282068533602
6,asr,5,11,33,192,1.0254166666666666,1.0254166666666666,0.23595997497109292,0.23595997497109292,0.6700362273897249,0.09400379763918218,221.61783957934347
6,asr,5,11,33,192,1.0255082165983025,1.0255082165983025,0.23582146669018594,0.23582146669018594,0.6701799463244675,0.09399858698534652,221.59480009156854
6,asr,5,11,33,192,1.0258333333333334,1.0258333333333334,0.23533019531075408,0.23533019531075408,0.6706899055524703,0.0939798991367756,221.51306021164598
6,asr,5,11,33,192,1.02625,1.02625,0.23470196042141594,0.23470196042141594,0.6713425050358607,0.09395553454272337,221.40848515057706
6,asr,5,11,33,192,1.0266666666666666,1.0266666666666666,0.2340752558045218,0.2340752558045218,0.671994033228682,0.0939307109667962,221.30411699930468
6,asr,5,11,33,192,1.0270833333333333,1.0270833333333333,0.23345006802718618,0.23345006802718618,0.672644496602905,0.09390543536990878,221.19995839708614
6,asr,5,11,33,192,1.0275,1.0275,0.23282638465328506,0.23282638465328506,0.6732939007759179,0.09387971457079705,221.09601202071107
6,asr,5,11,33,192,1.0275430178262777,1.0275430178262777,0.23276207905591295,0.23276207905591295,0.6733608869468889,0.09387703399719816,221.08529250204526
6,asr,5,11,33,192,1.0279166666666666,1.0279166666666666,0.23220419417957236,0.23220419417957236,0.673942250568032,0.09385355525239561,220.99228058582025
6,asr,5,11,33,192,1.0283333333333333,1.0283333333333333,0.23158348597597747,0.23158348597597747,0.6745895500557582,0.09382696396826437,220.8887668484038
6,asr,5,11,33,192,1.02875,1.02875,0.2309642502302329,0.2309642502302329,0.6752358026222339,0.09379994714753317,220.78547360611154
6,asr,5,11,33,192,1.0291666666666668,1.0291666666666668,0.23034647789602694,0.23034647789602694,0.6758810110032437,0.09377251110072934,220.68240369993842
6,asr,5,11,33,192,1.0295778190542528,1.0295778190542528,0.22973830768636297,0.22973830768636297,0.6765166590567222,0.09374503325691483,220.5809195870218
6,asr,5,11,33,192,1.0295833333333333,1.0295833333333333,0.22973016064482707,0.22973016064482707,0.6765251773309352,0.09374466202423773,220.5795600157131
6,asr,5,11,33,192,1.03,1.03,0.22911529082076296,0.22911529082076296,0.6771683031742437,0.09371640600499334,220.4769454854954
6,asr,5,11,33,192,1.0304166666666668,1.0304166666666668,0.2285018613983366,0.2285018613983366,0.6778103895765422,0.09368774902512125,220.37456308949922
6,asr,5,11,33,192,1.0308333333333333,1.0308333333333333,0.22788986594313215,0.22788986594313215,0.6784514370916469,0.09365869696522094,220.27241585749098
6,asr,5,11,33,192,1.03125,1.03125,0.22727929857475096,0.22727929857475096,0.6790914458162941,0.09362925560895494,220.1705068706056
6,asr,5,11,33,192,1.0316313236849572,1.0316313236849572,0.22672176840551278,0.22672176840551278,0.6796762563508159,0.09360197524367136,220.07745358286786
6,asr,5,11,33,192,1.0316666666666667,1.0316666666666667,0.22667015393233422,0.22667015393233422,0.6797304154214707,0.09359943064619505,220.0688392631137
6,asr,5,11,33,192,1.0320833333333335,1.0320833333333335,0.22606242714182342,0.22606242714182342,0.6803683451817586,0.09356922767641798,219.9674162241024
6,asr,5,11,33,192,1.0325,1.0325,0.22545611378593639,0.22545611378593639,0.6810052340022468,0.09353865221181684,219.86624099937404
6,asr,5,11,33,192,1.0329166666666667,1.0329166666666667,0.22485120987505333,0.22485120987505333,0.6816410804443688,0.0935077096805779,219.76531689329366
6,asr,5,11,33,192,1.0333333333333334,1.0333333333333334,0.2242477118207106,0.2242477118207106,0.6822758827499821,0.09347640542930732,219.6646472705801
6,asr,5,11,33,192,1.0336661249129324,1.0336661249129324,0.22376670572741425,0.22376670572741425,0.6827821478369722,0.09345114643561353,207.223400853
6,asr,5,11,33,192,1.03375,1.03375,0.22364561641013164,0.22364561641013164,0.6829096388641127,0.09344474472575565,207.1990050552484
6,asr,5,11,33,192,1.0341666666666667,1.0341666666666667,0.22304492078254606,0.22304492078254606,0.6835423464557977,0.09341273276165624,207.0778683461445
6,asr,5,11,33,192,1.0345833333333334,1.0345833333333334,0.2224456224067955,0.2224456224067955,0.6841740029385547,0.09338037465464982,206.95682239194258
6,asr,5,11,33,192,1.0350000000000001,1.0350000000000001,0.22184771906014036,0.22184771906014036,0.6848046054890785,0.09334767545078113,206.83586741760658
6,asr,5,11,33,192,1.0354166666666667,1.0354166666666667,0.22125120880860868,0.22125120880860868,0.6854341510648488,0.09331464012654248,206.7150036421829
6,asr,5,11,33,192,1.0357009261409076,1.0357009261409076,0.22084505448040342,0.22084505448040342,0.6858630331956304,0.09329191232396622,206.6326000683
6,asr,5,11,33,192,1.0358333333333334,1.0358333333333334,0.2206560899880134,0.2206560899880134,0.6860626364210664,0.09328127359092026,206.59423127901903
6,asr,5,11,33,192,1.0362500000000001,1.0362500000000001,0.22006236118640166,0.22006236118640166,0.6866900581264261,0.0932475806871722,206.47355053573872
6,asr,5,11,33,192,1.0366666666666666,1.0366666666666666,0.2194700212274243,0.2194700212274243,0.6873164125777353,0.09321356619484036,206.35296161439038
6,asr,5,11,33,192,1.0370833333333334,1.0370833333333334,0.21887906915459276,0.21887906915459276,0.6879416960140882,0.09317923483131907,206.23246471155437
6,asr,5,11,33,192,1.0375,1.0375,0.2182895042162916,0.2182895042162916,0.6885659045301633,0.0931445912535451,206.1120600183796
6,asr,5,11,33,192,1.0377537858266903,1.0377537858266903,0.21793108797484545,0.21793108797484545,0.6889455727235433,0.09312333930161126,206.03876847279403
6,asr,5,11,33,192,1.0379166666666666,1.0379166666666666,0.21770132585181529,0.21770132585181529,0.6891890340888327,0.09310964005935202,205.99174772066462
6,asr,5,11,33,192,1.0383333333333333,1.0383333333333333,0.217114533678229,0.217114533678229,0.689811080532443,0.093074385789328,205.8715279990219
6,asr,5,11,33,192,1.03875,1.03875,0.21652912747748163,0.21652912747748163,0.6904320395947517,0.09303883292776663,205.75140102886544
6,asr,5,11,33,192,1.0391666666666668,1.0391666666666668,0.21594510718479074,0.21594510718479074,0.6910519069108542,0.0930029859043551,205.63136698056115
6,asr,5,11,33,192,1.0395833333333333,1.0395833333333333,0.2153624728773861,0.2153624728773861,0.6916706780272893,0.09296684909532457,205.5114260194409
6,asr,5,11,33,192,1.0397885870546655,1.0397885870546655,0.21507597161124617,0.21507597161124617,0.6919750858212428,0.09294894256751104,205.4523763022209
6,asr,5,11,33,192,1.04,1.04,0.2147812247637399,0.2147812247637399,0.6922883484117159,0.09293042682454417,205.39157830599012
6,asr,5,11,33,192,1.0404166666666668,1.0404166666666668,0.21420136317367466,0.21420136317367466,0.6929049134614214,0.09289372336490398,205.27182399580602
6,asr,5,11,33,192,1.0408333333333333,1.0408333333333333,0.21362288854876083,0.21362288854876083,0.6935203685122969,0.09285674293894225,205.1521632397741
6,asr,5,11,33,192,1.04125,1.04125,0.21304580143318994,0.21304580143318994,0.6941347088459843,0.09281948972082579,205.03259618409598
6,asr,5,11,33,192,1.0416666666666667,1.0416666666666667,0.2124701024653537,0.2124701024653537,0.6947479296984109,0.09278196783623538,204.91312297038291
6,asr,5,11,33,192,1.0418233882826407,1.0418233882826407,0.21225392313469932,0.21225392313469932,0.6949782909002111,0.09276778596508956,204.86820960095702
6,asr,5,11,33,192,1.0420833333333333,1.0420833333333333,0.21189579236977685,0.21189579236977685,0.6953600262660621,0.09274418136416107,204.79374373569462
6,asr,5,11,33,192,1.0425,1.0425,0.21132287194929092,0.21132287194929092,0.6959709937133122,0.09270613433739691,204.67445861272688
6,asr,5,11,33,192,1.0429166666666667,1.0429166666666667,0.21075134207790974,0.21075134207790974,0.6965808271784972,0.09266783074359303,204.55526772972584
6,asr,5,11,33,192,1.0433333333333334,1.0433333333333334,0.2101812036938047,0.2101812036938047,0.6971895217801396,0.09262927452605571,204.43617121070383
6,asr,5,11,33,192,1.04375,1.04375,0.20961245779282964,0.20961245779282964,0.6977970726226027,0.09259046958456765,204.31716917547377
6,asr,5,11,33,192,1.0438768929133453,1.0438768929133453,0.20943952698244783,0.20943952698244783,0.6979818700239552,0.09257860299359699,204.28094672604635
6,asr,5,11,33,192,1.0441666666666667,1.0441666666666667,0.20904510542238672,0.20904510542238672,0.6984034748013503,0.09255141977626294,204.19826173963327
6,asr,5,11,33,192,1.0445833333333334,1.0445833333333334,0.20847914767545947,0.20847914767545947,0.699008723408634,0.09251212891590657,204.07944901474673
6,asr,5,11,33,192,1.045,1.045,0.20791458568509433,0.20791458568509433,0.699612813537492,0.09247260077741362,203.96073110838702
6,asr,5,11,33,192,1.0454166666666667,1.0454166666666667,0.20735142061905612,0.20735142061905612,0.7002157402870651,0.09243283909387875,203.84210812418056
6,asr,5,11,33,192,1.0458333333333334,1.0458333333333334,0.2067896536749567,0.2067896536749567,0.7008174987667647,0.09239284755827862,203.72358016188082
6,asr,5,11,33,192,1.0459116941413202,1.0459116941413202,0.20668416074076765,0.20668416074076765,0.7009305381267507,0.0923853011324817,203.7012997128232
6,asr,5,11,33,192,1.0459116941413205,1.0459116941413205,0.2066841607407534,0.2066841607407534,0.7009305381267521,0.09238530113249449,203.7012997128222
6,asr,5,11,33,192,1.0462500000000001,1.0462500000000001,0.20622928607539495,0.20622928607539495,0.7014180840999593,0.09235262982464573,203.60514731748623
6,asr,5,11,33,192,1.0466666666666666,1.0466666666666666,0.2056703190634748,0.2056703190634748,0.7020174914283845,0.09231218950814066,203.48680968323518
6,asr,5,11,33,192,1.0470833333333334,1.0470833333333334,0.20511275389859412,0.20511275389859412,0.7026157159156894,0.09227153018571649,203.36856734771885
6,asr,5,11,33,192,1.0475,1.0475,0.20455659185238337,0.20455659185238337,0.7032127527505673,0.09223065539704936,203.25042039591318
6,asr,5,11,33,192,1.0479166666666666,1.0479166666666666,0.2040018342048499,0.2040018342048499,0.7038085971506673,0.09218956864448274,203.13236890929232
6,asr,5,11,33,192,1.0479464953692954,1.0479464953692954,0.20396217362513444,0.20396217362513444,0.7038512071234613,0.09218661925140428,203.12392139866787
6,asr,5,11,33,192,1.0483333333333333,1.0483333333333333,0.20344848224076645,0.20344848224076645,0.7044032443649317,0.09214827339430182,203.01441296585293
6,asr,5,11,33,192,1.04875,1.04875,0.20289653724630197,0.20289653724630197,0.7049966896771522,0.0921067730765458,202.89655264021047
6,asr,5,11,33,192,1.0491666666666668,1.0491666666666668,0.20234600050564364,0.20234600050564364,0.705588928408435,0.09206507108592135,202.77878800358738
6,asr,5,11,33,192,1.0495833333333333,1.0495833333333333,0.20179687329803528,0.20179687329803528,0.7061799559198157,0.09202317078214897,202.66111912398148
6,asr,5,11,33,192,1.0499993550550784,1.0499993550550784,0.20125000359655076,0.20125000359655076,0.7067688556060425,0.09198114079740671,202.5437279796124
6,asr,5,11,33,192,1.049999677527539,1.049999677527539,0.2012495802452656,0.2012495802452656,0.7067693116107253,0.09198110814400909,202.54363702284246
6,asr,5,11,33,192,1.05,1.05,0.20124915689477738,0.20124915689477738,0.7067697676147319,0.09198107549049075,202.54354606614203
6,asr,10,21,63,192,0.95,0.95,0.20456912911530337,0.2943554688021295,0.6378778925158521,0.06776663868201838,390.26897624360487
6,asr,10,21,63,192,0.9504166666666666,0.9504166666666666,0.20470769549118614,0.2941780643182631,0.6379888573799456,0.0678330783017913,390.0647395871503
6,asr,10,21,63,192,0.9508333333333333,0.9508333333333333,0.20484816557492522,0.2940013184856402,0.6380986077701611,0.06790007374419865,389.86051140456027
6,asr,10,21,63,192,0.9512499999999999,0.9512499999999999,0.2049905651643606,0.29382523454639004,0.6382071321673,0.06796763328631,389.6562924834602
6,asr,10,21,63,192,0.9516666666666667,0.9516666666666667,0.20513492064582134,0.29364981581926014,0.6383144187918431,0.06803576538889672,389.4520836565561
6,asr,10,21,63,192,0.9520348012279751,0.9520348012279751,0.2052641110344401,0.2934953855649896,0.638408169446249,0.06809644498876138,389.27166957171335
6,asr,10,21,63,192,0.9520833333333333,0.9520833333333333,0.20528125901202177,0.29347506570117887,0.638420455595182,0.06810447870363912,389.24788580132355
6,asr,10,21,63,192,0.9524999999999999,0.9524999999999999,0.2054296078818699,0.2933009876706586,0.6385252302506652,0.06817378207867619,389.0436998399186
6,asr,10,21,63,192,0.9529166666666666,0.9529166666666666,0.20557999551956044,0.2931275852891284,0.638628730145972,0.0682436845648996,388.83952673880225
6,asr,10,21,63,192,0.9533333333333333,0.9533333333333333,0.2057324508557139,0.29295486220419437,0.6387309423732634,0.06831419542254219,388.63536750831025
6,asr,10,21,63,192,0.95375,0.95375,0.2058870035087218,0.29278282215201534,0.63883185372112,0.06838532412686471,388.43122320159466
6,asr,10,21,63,192,0.9540696024559502,0.9540696024559502,0.20600699277533624,0.29265132481886524,0.6389083673032129,0.06844030787792188,388.274645947888
6,asr,10,21,63,192,0.9541666666666666,0.9541666666666666,0.20604368380756816,0.29261146896064255,0.6389314506622937,0.06845708037706372,388.2270949163513
6,asr,10,21,63,192,0.9545833333333333,0.9545833333333333,0.2062025228136438,0.29244080655073873,0.6390297193475392,0.06852947410172211,388.02298379146896
6,asr,10,21,63,192,0.955,0.955,0.20636355234762463,0.2922708389421545,0.6391266455900535,0.068602515467792,387.81889100877095
6,asr,10,21,63,192,0.9554166666666666,0.9554166666666666,0.2065268050123674,0.292101570253561,0.6392222148589213,0.06867621488751774,387.61481779177944
6,asr,10,21,63,192,0.9558333333333333,0.9558333333333333,0.20669231422088813,0.29193300470783606,0.6393164122651919,0.06875058302697207,387.41076540545345
6,asr,10,21,63,192,0.9561044036839254,0.9561044036839254,0.20680121711450275,0.2918237207855894,0.639376950381223,0.06879932883318762,387.27802708244633
6,asr,10,21,63,192,0.9562499999999999,0.9562499999999999,0.2068601142230026,0.2917651466341092,0.6394092225504053,0.06882563081548548,387.206735155193
6,asr,10,21,63,192,0.9566666666666667,0.9566666666666667,0.20703024013523466,0.29159800047279605,0.6395006300746529,0.0689013694525511,387.0027283867284
6,asr,10,21,63,192,0.9570833333333333,0.9570833333333333,0.207202727969419,0.2914315707772297,0.639590618802938,0.06897781041983231,386.7987464860523
6,asr,10,21,63,192,0.9575,0.9575,0.20737761466485138,0.2912658622185016,0.6396791722923285,0.0690549654891699,386.59479087768096
6,asr,10,21,63,192,0.9579166666666666,0.9579166666666666,0.20755493812190004,0.29110087959057573,0.6397662736761417,0.06913284673328257,386.39086302523134
6,asr,10,21,63,192,0.9581579083146299,0.9581579083146299,0.2076587339311763,0.29100569170544766,0.6398160330950787,0.06917827519947362,386.27280616224016
6,asr,10,21,63,192,0.9583333333333333,0.9583333333333333,0.20773473723417282,0.29093662781140583,0.6398519056519483,0.0692114665366459,386.1869644305962
6,asr,10,21,63,192,0.95875,0.95875,0.20791705192721938,0.29077311193121225,0.6399360504624423,0.06929083760634547,385.98309663263717
6,asr,10,21,63,192,0.9591666666666666,0.9591666666666666,0.2081019231925155,0.2906103371321253,0.6400186898835121,0.06937097298436262,385.77926120796855
6,asr,10,21,63,192,0.9595833333333333,0.9595833333333333,0.20828939313074113,0.2904483087383452,0.6400998052026892,0.06945188605896563,385.5754597686726
6,asr,10,21,63,192,0.96,0.96,0.20847950498902554,0.29028703221575936,0.6401793772061724,0.0695335905780683,385.3716939626813
6,asr,10,21,63,192,0.9601920645976832,0.9601920645976832,0.20856803981673597,0.29021294570443124,0.640215531228853,0.06957152306671577,385.27777955076476
6,asr,10,21,63,192,0.9604166666666666,0.9604166666666666,0.20867230320697602,0.2901265131810589,0.640257386156087,0.06961610066285412,385.1679654736257
6,asr,10,21,63,192,0.9608333333333333,0.9608333333333333,0.20886783345986465,0.2899667574044542,0.6403338117739688,0.06969943082157704,384.9642760186438
6,asr,10,21,63,192,0.9612499999999999,0.9612499999999999,0.2090661427077762,0.28980777081770864,0.6404086332189267,0.06978359596336464,384.7606273494089
6,asr,10,21,63,192,0.9616666666666667,0.9616666666666667,0.20926727924366442,0.2896495595177622,0.6404818290664512,0.06986861141578654,384.55702124999243
6,asr,10,21,63,192,0.9620833333333333,0.9620833333333333,0.20947129274561715,0.28949212977304634,0.6405533772870438,0.0699544929399099,384.35345953778915
6,asr,10,21,63,192,0.9622268658256584,0.9622268658256584,0.2095422463355593,0.2894380808395795,0.6405776384488343,0.06998428071158619,384.2833476223357
6,asr,10,21,63,192,0.9622268658256585,0.9622268658256585,0.20954224633558258,0.289438080839617,0.6405776384490898,0.06998428071129326,384.28334762229406
6,asr,10,21,63,192,0.9624999999999999,0.9624999999999999,0.20967823433291577,0.28933548803166803,0.6406232552217557,0.0700412567465763,384.1499440608098
6,asr,10,21,63,192,0.9629166666666666,0.9629166666666666,0.20988815662287547,0.2891796409271999,0.6406914395567855,0.07012891951601458,383.94647669899155
6,asr,10,21,63,192,0.9633333333333333,0.9633333333333333,0.2101011137905966,0.28902459528467156,0.6407579063000245,0.07021749841530395,383.74305936195276
6,asr,10,21,63,192,0.96375,0.96375,0.21031716163381475,0.28887035812965867,0.6408226307519849,0.07030701111835647,383.5396939894383
6,asr,10,21,63,192,0.9641666666666666,0.9641666666666666,0.2105363576390655,0.2887169366949178,0.640885587476367,0.07039747582871514,383.3363825498103
6,asr,10,21,63,192,0.964280370456363,0.964280370456363,0.21059672836026988,0.2886752123066214,0.6409024572343855,0.07042233045899304,383.28091070403747
6,asr,10,21,63,192,0.9645833333333333,0.9645833333333333,0.21075876105307773,0.28856433842970713,0.6409467502723096,0.07048891129798324,383.13312703982695
6,asr,10,21,63,192,0.965,0.965,0.21098443295615638,0.28841257100707235,0.641006092140921,0.07058133685200668,382.9299294834301
6,asr,10,21,63,192,0.9654166666666666,0.9654166666666666,0.21121343634101467,0.288261642333468,0.64106358525201,0.07067477241452197,382.7267919315034
6,asr,10,21,63,192,0.9658333333333333,0.9658333333333333,0.21144583619606397,0.2881115605591132,0.641119200909848,0.07076923853103884,382.52371646059913
6,asr,10,21,63,192,0.9662499999999999,0.9662499999999999,0.21168169959168784,0.2879623340865084,0.6411729095139669,0.07086475639952472,382.32070517315344
6,asr,10,21,63,192,0.9663151716843381,0.9663151716843381,0.2117189091748782,0.28793907118081374,0.6411811357435293,0.07087979307565695,382.2889577056332
6,asr,10,21,63,192,0.9666666666666667,0.9666666666666667,0.21192109577263718,0.2878139715812847,0.6412246805232346,0.07096134789548075,382.1177601956698
6,asr,10,21,63,192,0.9670833333333333,0.9670833333333333,0.21216409625735258,0.28766648198573164,0.6412744824093614,0.071059035604907,381.9148836783385
6,asr,10,21,63,192,0.9675,0.9675,0.21241077493814664,0.2875198745265762,0.6413222826183703,0.0711578428550535,381.7120777949672
6,asr,10,21,63,192,0.9679166666666666,0.9679166666666666,0.21266120819271622,0.28737415873048433,0.6413680475215839,0.07125779374793173,381.5093447409703
6,asr,10,21,63,192,0.9683333333333333,0.9683333333333333,0.21291547499947128,0.28722934443675097,0.641411742364882,0.07135891319836707,381.3066867338262
6,asr,10,21,63,192,0.9683499729123133,0.9683499729123133,0.21292570988923953,0.28722358014153954,0.6414134438299917,0.0713629760284688,381.2985951780802
6,asr,10,21,63,192,0.96875,0.96875,0.2131736570585456,0.2870854418089702,0.6414533312207853,0.07146122697024448,381.1041060111943
6,asr,10,21,63,192,0.9691666666666666,0.9691666666666666,0.21343583892451712,0.28694246135327856,0.6414927769293703,0.0715647617173511,380.9016048315946
6,asr,10,21,63,192,0.9695833333333334,0.9695833333333334,0.21370210814217108,0.2868004139306962,0.6415300410432305,0.07166954502607326,380.69918547257384
6,asr,10,21,63,192,0.97,0.97,0.2139725553946408,0.28665931077553347,0.6415650837621818,0.07177560546228473,380.4968502300377
6,asr,10,21,63,192,0.9704034775430178,0.9704034775430178,0.21423851228060933,0.2865235849493966,0.641596861353821,0.0718795536967824,380.3010020330379
6,asr,10,21,63,192,0.9704166666666666,0.9704166666666666,0.21424727465896454,0.28651916351210077,0.641597863869785,0.07188297261811422,380.2946014183316
6,asr,10,21,63,192,0.9708333333333333,0.9708333333333333,0.21452636337271155,0.28637998417404326,0.6416283386617503,0.07199167716420646,380.092441367889
6,asr,10,21,63,192,0.97125,0.97125,0.21480992260983633,0.2862417852225994,0.6416564638718728,0.07210175090552778,379.89037242699794
6,asr,10,21,63,192,0.9716666666666667,0.9716666666666667,0.2150980572704345,0.28610457956906343,0.6416821935924449,0.07221322683849163,379.6883969585943
6,asr,10,21,63,192,0.9720833333333333,0.9720833333333333,0.21539087628170225,0.28596838059663304,0.6417054801887785,0.07232613921458847,379.48651734078055
6,asr,10,21,63,192,0.9724382787709929,0.9724382787709929,0.21564409936769374,0.28585316134413896,0.6417233532174145,0.07242348543844657,379.3146197408026
6,asr,10,21,63,192,0.9724999999999999,0.9724999999999999,0.21568849281239538,0.28583320218354147,0.6417262742102648,0.07244052360619369,379.2847359662529
6,asr,10,21,63,192,0.9729166666666667,0.9729166666666667,0.2159910245038729,0.28569905872987955,0.6417445242917004,0.07255641697842008,379.0830552413101
6,asr,10,21,63,192,0.9733333333333333,0.9733333333333333,0.21629859371498514,0.2855659651832264,0.641760177051235,0.07267385776553859,378.88147758449156
6,asr,10,21,63,192,0.97375,0.97375,0.21661132778600548,0.2854339370681199,0.6417731769793058,0.07279288595257427,378.68000542743715
6,asr,10,21,63,192,0.9741666666666666,0.9741666666666666,0.2169293593213758,0.28530299051707697,0.6417834663197886,0.07291354316313448,378.4786412126312
6,asr,10,21,63,192,0.9744724350540463,0.9744724350540463,0.2171661949479122,0.2852075939334504,0.6417892578911788,0.07300314817537079,378.3309413590241
6,asr,10,21,63,192,0.9745833333333334,0.9745833333333334,0.21725282649317076,0.2851731423038063,0.6417909849437797,0.07303587275241397,378.2773873935894
6,asr,10,21,63,192,0.975,0.975,0.2175818733668306,0.28504440987822033,0.6417956702109007,0.073159919910879,378.07624643441864
6,asr,10,21,63,192,0.9754166666666666,0.9754166666666666,0.21791665025222978,0.28491681140478786,0.6417974568255824,0.07328573176962971,377.8752208081983
6,asr,10,21,63,192,0.9758333333333333,0.9758333333333333,0.2182573140822904,0.28479036580416806,0.6417962766758927,0.07341335751993927,377.6743129971504
6,asr,10,21,63,192,0.97625,0.97625,0.21860402881950955,0.28466509279573343,0.641792058664354,0.07354284853991261,377.47352549180596
6,asr,10,21,63,192,0.9765259396847509,0.9765259396847509,0.2188370564188302,0.28458278551495647,0.6417875570300523,0.07362965745499123,377.3480224288234
6,asr,10,21,63,192,0.9766666666666667,0.9766666666666667,0.21895696589736333,0.2845410129463144,0.6417847285255026,0.07367425852818299,377.28432664770173
6,asr,10,21,63,192,0.9770833333333333,0.9770833333333333,0.2193163046959832,0.28441814772062834,0.6417742086242839,0.07380764365508774,377.0957907667212
6,asr,10,21,63,192,0.9775,0.9775,0.21968223305756002,0.2842965195361641,0.6417604177447057,0.0739430627191302,376.90734005649836
6,asr,10,21,63,192,0.9779166666666667,0.9779166666666667,0.22005494784661916,0.2841761518242382,0.6417432708538665,0.07408057732189527,376.7189771619154
6,asr,10,21,63,192,0.9783333333333333,0.9783333333333333,0.22043465555583852,0.2840570690927243,0.6417226788512328,0.07422025205604288,376.530704732735
6,asr,10,21,63,192,0.978560740912726,0.978560740912726,0.22064491869865052,0.28399262750830756,0.641709953683063,0.07429741880862939,376.4279888578048
6,asr,10,21,63,192,0.97875,0.97875,0.22082157296780194,0.28393929699771187,0.6416985482926978,0.07436215470959034,376.34252542393256
6,asr,10,21,63,192,0.9791666666666666,0.9791666666666666,0.22121592787360683,0.2838228624183888,0.6416707810935063,0.07450635648810494,376.1544418942334
6,asr,10,21,63,192,0.9795833333333334,0.9795833333333334,0.22161795985847405,0.28370779354046877,0.6416392742017247,0.0746529322578065,375.96645680589774
6,asr,10,21,63,192,0.98,0.98,0.22202792116000916,0.28359411994652917,0.6416039192408942,0.07480196081257662,375.77857282509177
6,asr,10,21,63,192,0.9804166666666666,0.9804166666666666,0.22244607760733348,0.2834818727138498,0.641564602124668,0.07495352516148218,375.590792619344
6,asr,10,21,63,192,0.9805955421407011,0.9805955421407011,0.22262817604880766,0.2834341305169631,0.6415464780113957,0.07501939147164116,375.5102108649262
6,asr,10,21,63,192,0.9805955421407012,0.9805955421407012,0.22262817604884297,0.28343413051700656,0.6415464780111186,0.07501939147187481,375.5102108649482
6,asr,10,21,63,192,0.9808333333333333,0.9808333333333333,0.22287270965268977,0.28337108452318044,0.6415212026260612,0.0751077128507584,375.403118859214
6,asr,10,21,63,192,0.98125,0.98125,0.22330811350335678,0.2832617897755628,0.6414735939106035,0.07526461631383363,375.2155542164799
6,asr,10,21,63,192,0.9816666666666667,0.9816666666666667,0.22375260236904726,0.2831540247216626,0.6414216420243924,0.07542433325394493,375.0281013644329
6,asr,10,21,63,192,0.9820833333333333,0.9820833333333333,0.22420650784047136,0.28304782760645547,0.6413652053198593,0.07558696707368523,374.84076297638757
6,asr,10,21,63,192,0.9824999999999999,0.9824999999999999,0.22467018140949727,0.28294323882320055,0.6413041338340687,0.07575262734273075,374.6535417264769
6,asr,10,21,63,192,0.9826490467714057,0.9826490467714057,0.22483848566539766,0.28290622477120714,0.6412811322786582,0.07581264295013462,374.58659934731253
6,asr,10,21,63,192,0.9829166666666667,0.9829166666666667,0.22514399615924283,0.2828403010897142,0.6412382685887681,0.07592143032151771,374.4664402887288
6,asr,10,21,63,192,0.9833333333333333,0.9833333333333333,0.2256283486381761,0.28273905963887197,0.6411674408219513,0.07609349953917671,374.27946133601205
6,asr,10,21,63,192,0.98375,0.98375,0.22612366094970396,0.28263956243256794,0.6410914711276279,0.07626896643980419,374.0926075405246
6,asr,10,21,63,192,0.9841666666666666,0.9841666666666666,0.22663038308596378,0.2825418603998824,0.6410101684973797,0.07644797110273793,373.90588157358167
6,asr,10,21,63,192,0.9845833333333334,0.9845833333333334,0.22714899554013435,0.2824460077012384,0.6409233292493635,0.07663066304939814,373.7192861041894
6,asr,10,21,63,192,0.9846838479993808,0.9846838479993808,0.22727594000422763,0.28242316790226496,0.6409015276313417,0.07667530446639337,373.6742925449351
6,asr,10,21,63,192,0.985,0.985,0.2276800122421501,0.2823520620260684,0.6408307358242997,0.07681720214963189,373.5328237995419
6,asr,10,21,63,192,0.9854166666666666,0.9854166666666666,0.22822398386530698,0.2822600849260499,0.6407321554309539,0.07700775964299622,373.3464973244855
6,asr,10,21,63,192,0.9858333333333333,0.9858333333333333,0.22878150156308263,0.2821701421898767,0.6406273385192249,0.07720251929089839,373.1603093411035
6,asr,10,21,63,192,0.98625,0.98625,0.22935320120808145,0.28208230426813435,0.6405160170458403,0.07740167868602538,372.97426250839675
6,asr,10,21,63,192,0.9866666666666667,0.9866666666666667,0.22993976821643203,0.2819966467549348,0.640397902506362,0.07760545073870323,372.78835948221246
6,asr,10,21,63,192,0.9867180042824342,0.9867180042824342,0.23001310368643396,0.28198624765896935,0.640382864550777,0.07763088779025368,372.76546439944735
6,asr,10,21,63,192,0.9867180042824343,0.9867180042824343,0.23001310368643396,0.28198624765896935,0.640382864550777,0.07763088779025368,372.76546439944735
6,asr,10,21,63,192,0.9870833333333333,0.9870833333333333,0.23054194305835649,0.2819132509346315,0.640272683686324,0.07781406537904456,372.60260291513276
6,asr,10,21,63,192,0.9875,0.9875,0.23116052758180758,0.2818322044095626,0.6401400240856171,0.07802777150482032,372.41699545515996
6,asr,10,21,63,192,0.9879166666666667,0.9879166666666667,0.2317963922952358,0.2817536018178388,0.6399995589528662,0.07824683922929498,372.23153974742723
6,asr,10,21,63,192,0.9883333333333333,0.9883333333333333,0.232450484797268,0.2816775456623712,0.6398508918605116,0.07847156247711723,372.0462384317072
6,asr,10,21,63,192,0.98875,0.98875,0.23312383958079214,0.28160414727220473,0.6396935907191343,0.07870226200866093,371.8610941438949
6,asr,10,21,63,192,0.9887715089131388,0.9887715089131388,0.23315914249071504,0.281600432689172,0.6396852276827798,0.07871433962804819,371.8515410490937
6,asr,10,21,63,192,0.9891666666666666,0.9891666666666666,0.23381758949347786,0.2815335279209214,0.6395271831283265,0.07893928895075214,371.67610951529656
6,asr,10,21,63,192,0.9895833333333334,0.9895833333333334,0.23453297921149904,0.2814658201373635,0.6393511509162452,0.07918302894639134,371.49128717232304
6,asr,10,21,63,192,0.99,0.99,0.23527138117383198,0.28140116924876807,0.6391649236854093,0.0794339070658226,371.30662973630064
6,asr,10,21,63,192,0.9904166666666666,0.9904166666666666,0.23603431455187723,0.2813397352128685,0.6389678711412736,0.0796923936458579,371.1221398238731
6,asr,10,21,63,192,0.9908063101411139,0.9908063101411139,0.23677145604131758,0.2812853524145749,0.638773185592874,0.07994146199255109,370.9497690167201
6,asr,10,21,63,192,0.990806310141114,0.990806310141114,0.23677145604139516,0.28128535241467106,0.6387731855927499,0.07994146199257907,370.9497690166669
6,asr,10,21,63,192,0.9908333333333333,0.9908333333333333,0.23682346798751602,0.2812816948038977,0.6387592939023581,0.07995901129374422,370.9378200458366
6,asr,10,21,63,192,0.99125,0.99125,0.23764072705806102,0.2812272442433421,0.6385384124170423,0.08023434333961554,370.75367300848234
6,asr,10,21,63,192,0.9916666666666667,0.9916666666666667,0.2384882077244639,0.2811766023902744,0.6383043534744783,0.08051904413524724,370.5697013119496
6,asr,10,21,63,192,0.9920833333333333,0.9920833333333333,0.23936829743875335,0.281130014649563,0.6380561336502396,0.08081385170019739,370.3859075515039
6,asr,10,21,63,192,0.9924999999999999,0.9924999999999999,0.24028370616034161,0.28108775779911976,0.6377926387811733,0.08111960341970692,370.2022943163959
6,asr,10,21,63,192,0.992841111369089,0.992841111369089,0.24106156596888142,0.28105660598844723,0.6375646697474178,0.081378724264135,370.0521123660727
6,asr,10,21,63,192,0.9929166666666667,0.9929166666666667,0.2412375303711888,0.28105014602654566,0.6375125982373516,0.08143725573610272,370.0188641910275
6,asr,10,21,63,192,0.9933333333333333,0.9933333333333333,0.2422333343677289,0.28101753855873096,0.6372145522913252,0.08176790914994386,369.8356197535085
6,asr,10,21,63,192,0.99375,0.99375,0.24327525489990792,0.2809903494475093,0.636896810159021,0.08211284039346972,369.65256357665163
6,asr,10,21,63,192,0.9941666666666666,0.9941666666666666,0.2443681378961989,0.2809690602995478,0.6365573952385374,0.0824735444619148,369.4696982279404
6,asr,10,21,63,192,0.9945833333333334,0.9945833333333334,0.24551772017780912,0.2809542371234556,0.6361939724089473,0.08285179046759716,369.287026268831
6,asr,10,21,63,192,0.9948946159997936,0.9948946159997936,0.246417606202789,0.28094778014654664,0.6359051518071394,0.083147068046314,369.1506837284694
6,asr,10,21,63,192,0.995,0.995,0.24673087568155375,0.28094655306381655,0.6358037496395432,0.08324969729664022,369.10455025581064
6,asr,10,21,63,192,0.9954166666666666,0.9954166666666666,0.24801595656460873,0.2809468197536601,0.6353833418366617,0.08366983840967823,368.9222727395329
6,asr,10,21,63,192,0.9958333333333333,0.9958333333333333,0.24938327808889654,0.2809560316955267,0.634928577525345,0.08411539077912827,368.74019626560636
6,asr,10,21,63,192,0.99625,0.99625,0.25084582902939434,0.28097543099113015,0.6344342159569889,0.08459035305188095,368.55832337413756
6,asr,10,21,63,192,0.9966666666666667,0.9966666666666667,0.25242035071409463,0.2810066052217486,0.6338935179238752,0.08509987685437626,368.3766566000955
6,asr,10,21,63,192,0.9969294172277687,0.9969294172277687,0.25348052229950835,0.28103323118657025,0.6335248301178192,0.08544193869561051,368.26220439971195
6,asr,10,21,63,192,0.9970833333333333,0.9970833333333333,0.25412904929484204,0.28105164206500144,0.633297565537612,0.0856507923973866,368.1951984736678
6,asr,10,21,63,192,0.9975,0.9975,0.2560024645865523,0.2811133871490658,0.6326341239200253,0.08625248893090892,368.0139515198604
6,asr,10,21,63,192,0.9979166666666667,0.9979166666666667,0.2580846224068451,0.28119590498363545,0.6318855993658974,0.08691849565046716,367.8329182590562
6,asr,10,21,63,192,0.9983333333333333,0.9983333333333333,0.2604431825356153,0.2813053824343854,0.6310250228190375,0.0876695947465771,367.6521012071011
6,asr,10,21,63,192,0.99875,0.99875,0.2631921918933966,0.28145214444485844,0.6300070558367057,0.08854079971843587,367.47150287557173
6,asr,10,21,63,192,0.9989635735108221,0.9989635735108221,0.26481680062795143,0.2815475844561549,0.6293988037634325,0.0890536117804126,367.3790180306565
6,asr,10,21,63,192,0.9989638959832831,0.9989638959832831,0.26481939511285785,0.2815477416895965,0.629397828760805,0.08905442954959852,367.37887843280356
6,asr,10,21,63,192,0.9991666666666666,0.9991666666666666,0.26655431924433765,0.28165613899443365,0.6287434229698852,0.08960043803568118,367.2911257715751
6,asr,10,21,63,192,0.9995833333333334,0.9995833333333334,0.2711052125442124,0.28196835182743496,0.6270065902545205,0.0910250579180445,367.11097239872834
6,asr,10,21,63,192,1.0,1.000000000001,0.28291693538035884,0.28291693538035884,0.6224075823434582,0.094675482276183,366.93104525590564
6,asr,10,21,63,192,1.0004166666666667,1.0004166666666667,0.2795139381306851,0.2795139381306851,0.6255813165315917,0.09490474533772325,366.75134684070485
6,asr,10,21,63,192,1.0008333333333332,1.0008333333333332,0.27789461863745896,0.27789461863745896,0.6271098304306437,0.09499555093189732,366.5718796452955
6,asr,10,21,63,192,1.0010170781415266,1.0010170781415266,0.2772840781869479,0.2772840781869479,0.6276888451393968,0.09502707667365529,366.49281095710194
6,asr,10,21,63,192,1.00125,1.00125,0.27656404297092013,0.27656404297092013,0.6283735083519316,0.09506244867714825,366.39264615941414
6,asr,10,21,63,192,1.0016666666666667,1.0016666666666667,0.27538110305662866,0.27538110305662866,0.6295024079865742,0.09511648895679714,366.2136488709289
6,asr,10,21,63,192,1.0020833333333334,1.0020833333333334,0.2742913884031704,0.2742913884031704,0.6305466153067577,0.09516199629007188,366.0348902652905
6,asr,10,21,63,192,1.0025,1.0025,0.2732671197227943,0.2732671197227943,0.6315316696899098,0.09520121058729586,365.8563728253462
6,asr,10,21,63,192,1.0029166666666667,1.0029166666666667,0.272291871154877,0.272291871154877,0.6324726532860137,0.09523547555910933,365.6780990330737
6,asr,10,21,63,192,1.0030518793695018,1.0030518793695018,0.2719840463524114,0.2719840463524114,0.632770266554609,0.09524568709297959,365.620300092938
6,asr,10,21,63,192,1.0033333333333334,1.0033333333333334,0.271354991600186,0.271354991600186,0.6333793330542375,0.09526567534557645,365.5000713688853
6,asr,10,21,63,192,1.00375,1.00375,0.2704491196255444,0.2704491196255444,0.634258450185982,0.09529243018847355,365.3222923120937
6,asr,10,21,63,192,1.0041666666666667,1.0041666666666667,0.26956892322835074,0.26956892322835074,0.6351148805361136,0.09531619623553561,365.1447643421562
6,asr,10,21,63,192,1.0045833333333334,1.0045833333333334,0.2687103989620359,0.2687103989620359,0.6359522796678189,0.09533732137014522,364.9674899379966
6,asr,10,21,63,192,1.005,1.005,0.2678704541128977,0.2678704541128977,0.6367734672042629,0.0953560786828394,364.7904715791633
6,asr,10,21,63,192,1.005086680597477,1.005086680597477,0.267697816388601,0.267697816388601,0.6369424792132009,0.09535970439819808,364.7536782450971
6,asr,10,21,63,192,1.0054166666666666,1.0054166666666666,0.26704664370364284,0.26704664370364284,0.6375806686376768,0.09537268765868034,364.6137117458796
6,asr,10,21,63,192,1.0058333333333334,1.0058333333333334,0.26623699754903096,0.26623699754903096,0.6383756742613251,0.0953873281896439,364.43721292002493
6,asr,10,21,63,192,1.00625,1.00625,0.26543990235181136,0.26543990235181136,0.6391599474689128,0.09540015017927583,364.2609775847036
6,asr,10,21,63,192,1.0066666666666666,1.0066666666666666,0.264654018858956,0.264654018858956,0.6399347008110986,0.09541128032994539,364.08500822583744
6,asr,10,21,63,192,1.0070833333333333,1.0070833333333333,0.2638782221297494,0.2638782221297494,0.6407009508080851,0.09542082706216554,363.90930733206955
6,asr,10,21,63,192,1.0071401852281814,1.0071401852281814,0.2637730964595578,0.2637730964595578,0.6408048913118627,0.09542201222857949,363.8853548550113
6,asr,10,21,63,192,1.0071401852281816,1.0071401852281816,0.26377309645958147,0.26377309645958147,0.6408048913119472,0.09542201222847135,363.8853548550738
6,asr,10,21,63,192,1.0075,1.0075,0.26311155750811427,0.26311155750811427,0.6414595583285869,0.09542888416329881,363.73387739508485
6,asr,10,21,63,192,1.0079166666666666,1.0079166666666666,0.2623532075320453,0.2623532075320453,0.6422112589276642,0.09543553354029055,363.5587209109465
6,asr,10,21,63,192,1.0083333333333333,1.0083333333333333,0.26160246664087367,0.26160246664087367,0.6429566860196944,0.09544084733943198,363.3838403795623
6,asr,10,21,63,192,1.00875,1.00875,0.26085872154599055,0.26085872154599055,0.6436963888562146,0.09544488959779485,363.2092383065694
6,asr,10,21,63,192,1.0091666666666668,1.0091666666666668,0.2601214357945464,0.2601214357945464,0.6444308466558205,0.0954477175496331,363.0349172027418
6,asr,10,21,63,192,1.0091749864561566,1.0091749864561566,0.2601067764878698,0.2601067764878698,0.6444454614987273,0.09544776201340294,363.0314393254468
6,asr,10,21,63,192,1.0095833333333333,1.0095833333333333,0.2593901374803448,0.2593901374803448,0.645160479847668,0.09544938267198722,362.8608795856539
6,asr,10,21,63,192,1.01,1.01,0.2586644093543125,0.2586644093543125,0.645885659116345,0.0954499315293425,362.6871279793815
6,asr,10,21,63,192,1.0104166666666667,1.0104166666666667,0.25794388078661956,0.25794388078661956,0.646606712746375,0.0954494064670054,362.5136649156766
6,asr,10,21,63,192,1.0108333333333333,1.0108333333333333,0.25722822117554267,0.25722822117554267,0.6473239326473201,0.0954478461771372,362.3404929351286
6,asr,10,21,63,192,1.0112097876841317,1.0112097876841317,0.2565855693544116,0.2565855693544116,0.6479688547445533,0.09544557590103503,362.1842861269712
6,asr,10,21,63,192,1.01125,1.01125,0.25651713449434443,0.25651713449434443,0.6480375793288741,0.0954452861767815,362.167614586318
6,asr,10,21,63,192,1.0116666666666667,1.0116666666666667,0.2558103547512851,0.2558103547512851,0.6487478860493702,0.09544175919934472,361.9950324287535
6,asr,10,21,63,192,1.0120833333333334,1.0120833333333334,0.2551076421770696,0.2551076421770696,0.6494550622901537,0.09543729553277669,361.8227490313546
6,asr,10,21,63,192,1.0125,1.0125,0.25440878000748474,0.25440878000748474,0.6501592966913917,0.09543192330112354,361.6507669748657
6,asr,10,21,63,192,1.0129166666666667,1.0129166666666667,0.25371357174774256,0.25371357174774256,0.6508607595438879,0.09542566870836955,361.4790888520513
6,asr,10,21,63,192,1.0132626473699147,1.0132626473699147,0.2531389511698352,0.2531389511698352,0.6514412265640969,0.09541982226606793,361.3367681226037
6,asr,10,21,63,192,1.0133333333333334,1.0133333333333334,0.25302183883630597,0.25302183883630597,0.651559604918539,0.095418556245155,361.30771726824486
6,asr,10,21,63,192,1.01375,1.01375,0.2523334186400118,0.2523334186400118,0.652255972491918,0.09541060886807018,361.1366548430217
6,asr,10,21,63,192,1.0141666666666667,1.0141666666666667,0.25164816272027907,0.25164816272027907,0.6529499891222927,0.09540184815742819,360.96590420973575
6,asr,10,21,63,192,1.0145833333333334,1.0145833333333334,0.2509659353321494,0.2509659353321494,0.6536417702172159,0.09539229445063468,360.79546801799705
6,asr,10,21,63,192,1.0150000000000001,1.0150000000000001,0.2502866121181639,0.2502866121181639,0.6543314209204821,0.09538196696135398,360.625348932949
6,asr,10,21,63,192,1.0152974485978898,1.0152974485978898,0.24980337224547033,0.24980337224547033,0.6548224965997979,0.09537413115473181,360.5041003665369
6,asr,10,21,63,192,1.0154166666666666,1.0154166666666666,0.24961007896471432,0.24961007896471432,0.6550190371507607,0.09537088388452497,360.4555496376147
6,asr,10,21,63,192,1.0158333333333334,1.0158333333333334,0.24893623099871276,0.24893623099871276,0.6557047065147399,0.09535906248654735,360.28607283319315
6,asr,10,21,63,192,1.01625,1.01625,0.2482649717056115,0.2482649717056115,0.6563885091062196,0.09534651918816892,360.1169212394669
6,asr,10,21,63,192,1.0166666666666666,1.0166666666666666,0.24759621214791147,0.24759621214791147,0.6570705182165208,0.09533326963556768,359.9480975973276
6,asr,10,21,63,192,1.0170833333333333,1.0170833333333333,0.2469298702729896,0.2469298702729896,0.657750800961856,0.09531932876515439,359.77960466859724
6,asr,10,21,63,192,1.0173322498258648,1.0173322498258648,0.24653291994517768,0.24653291994517768,0.6581564034906715,0.09531067656415082,359.6791060099469
6,asr,10,21,63,192,1.0175,1.0175,0.24626587029837235,0.24626587029837235,0.6584294188407347,0.09530471086089295,359.61144523717616
6,asr,10,21,63,192,1.0179166666666666,1.0179166666666666,0.24560414216301404,0.24560414216301404,0.6591064282324209,0.09528942960456502,359.4436221106342
6,asr,10,21,63,192,1.0183333333333333,1.0183333333333333,0.24494462103591805,0.24494462103591805,0.6597818808423069,0.09527349812177502,359.27613812132444
6,asr,10,21,63,192,1.01875,1.01875,0.24428724687655967,0.24428724687655967,0.6604558240959766,0.09525692902746374,359.1089961267656
6,asr,10,21,63,192,1.0191666666666668,1.0191666666666668,0.24363196403937562,0.24363196403937562,0.661128301504044,0.09523973445658038,358.94219901179594
6,asr,10,21,63,192,1.0193857544565694,1.0193857544565694,0.24328823065363211,0.24328823065363211,0.6614813229183545,0.0952304464280134,358.85463463382763
6,asr,10,21,63,192,1.0195833333333333,1.0195833333333333,0.24297872091715095,0.24297872091715095,0.6617993529785945,0.09522192610425456,358.775749689487
6,asr,10,21,63,192,1.02,1.02,0.24232746961941223,0.24232746961941223,0.6624690151289168,0.095203515251671,358.6096511022979
6,asr,10,21,63,192,1.0204166666666667,1.0204166666666667,0.2416781656816426,0.2416781656816426,0.6631373215201478,0.09518451279820958,358.44390622283544
6,asr,10,21,63,192,1.0208333333333333,1.0208333333333333,0.24103076780000887,0.24103076780000887,0.6638043029161879,0.09516492928380327,358.27851805615563
6,asr,10,21,63,192,1.02125,1.02125,0.2403852375928523,0.2403852375928523,0.6644699874948613,0.0951447749122864,358.11348964072187
6,asr,10,21,63,192,1.0214205556845446,1.0214205556845446,0.2401215307275456,0.2401215307275456,0.664742106580593,0.09513636269186143,358.04604243717995
6,asr,10,21,63,192,1.0216666666666667,1.0216666666666667,0.2397415393802898,0.2397415393802898,0.6651344010444055,0.09512405957530473,357.9488240500223
6,asr,10,21,63,192,1.0220833333333332,1.0220833333333332,0.23909963998760994,0.23909963998760994,0.665797567145177,0.09510279286721304,357.7845243931242
6,asr,10,21,63,192,1.0225,1.0225,0.23845950856130588,0.23845950856130588,0.6664595073310798,0.09508098410761429,357.6205938171814
6,asr,10,21,63,192,1.0229166666666667,1.0229166666666667,0.23782111640168707,0.23782111640168707,0.667120241244499,0.09505864235381395,357.45703550875197
6,asr,10,21,63,192,1.0233333333333334,1.0233333333333334,0.23718443681316978,0.23718443681316978,0.6677797867677961,0.09503577641903407,357.2938526947927
6,asr,10,21,63,192,1.0234553569125198,1.0234553569125198,0.23699830156954804,0.23699830156954804,0.667972716437437,0.0950289819930149,357.24613508968457
6,asr,10,21,63,192,1.02375,1.02375,0.236549444961453,0.236549444961453,0.6684381601558155,0.09501239488273153,357.1310486453751
6,asr,10,21,63,192,1.0241666666666667,1.0241666666666667,0.235916117745191,0.235916117745191,0.6690953761487409,0.09498850610606807,356.9686266733157
6,asr,10,21,63,192,1.0245833333333334,1.0245833333333334,0.23528443367812496,0.23528443367812496,0.6697514480785587,0.09496411824331635,356.80659013869916
6,asr,10,21,63,192,1.025,1.025,0.234654372778441,0.234654372778441,0.6704063879695394,0.09493923925201955,356.6449424479995
6,asr,10,21,63,192,1.0254166666666666,1.0254166666666666,0.23402591646939827,0.23402591646939827,0.6710602066281217,0.09491387690248002,356.48368705775675
6,asr,10,21,63,192,1.0255082165983025,1.0255082165983025,0.23388804542848518,0.23388804542848518,0.6712037142926867,0.09490824027882816,356.44830896421695
6,asr,10,21,63,192,1.0258333333333334,1.0258333333333334,0.23339904748387277,0.23339904748387277,0.671712913726408,0.09488803878971927,356.3228274753102
6,asr,10,21,63,192,1.02625,1.02625,0.23277374977950682,0.23277374977950682,0.672364517881292,0.09486173233920114,356.16236726100624
6,asr,10,21,63,192,1.0266666666666666,1.0266666666666666,0.2321500084577401,0.2321500084577401,0.6730150267266715,0.09483496481558845,356.0023100300961
6,asr,10,21,63,192,1.0270833333333333,1.0270833333333333,0.23152780969054607,0.23152780969054607,0.6736644469770801,0.09480774333237388,355.8426594552169
6,asr,10,21,63,192,1.0275,1.0275,0.23090714065002785,0.23090714065002785,0.6743127844930732,0.09478007485689896,355.68341926791965
6,asr,10,21,63,192,1.0275430178262777,1.0275430178262777,0.2308431476871581,0.2308431476871581,0.6743796592094858,0.09477719310335606,355.6670023906521
6,asr,10,21,63,192,1.0279166666666666,1.0279166666666666,0.23028798944520437,0.23028798944520437,0.6749600443384348,0.09475196621636081,355.5245932606553
6,asr,10,21,63,192,1.0283333333333333,1.0283333333333333,0.22967034506180142,0.22967034506180142,0.6756062308326177,0.09472342410558085,355.36618528969996
6,asr,10,21,63,192,1.02875,1.02875,0.2290541973076413,0.2290541973076413,0.6762513476001583,0.09469445509220045,355.20819927639116
6,asr,10,21,63,192,1.0291666666666668,1.0291666666666668,0.2284395367594705,0.2284395367594705,0.6768953976187942,0.09466506562173524,355.0506392105006
6,asr,10,21,63,192,1.0295778190542528,1.0295778190542528,0.22783446011352973,0.22783446011352973,0.6775298807583351,0.09463565912813518,354.89558582737243
6,asr,10,21,63,192,1.0295833333333333,1.0295833333333333,0.22782635471556967,0.22782635471556967,0.677538383262363,0.09463526202206729,354.89350915124163
6,asr,10,21,63,192,1.03,1.03,0.22721464314950687,0.22721464314950687,0.678180306340539,0.09460505050995408,354.7368132314964
6,asr,10,21,63,192,1.0304166666666668,1.0304166666666668,0.22660439466900195,0.22660439466900195,0.6788211681387615,0.09457443719223657,354.5805556583296
6,asr,10,21,63,192,1.0308333333333333,1.0308333333333333,0.2259956024761505,0.2259956024761505,0.6794609694501724,0.09454342807367708,354.42474071690395
6,asr,10,21,63,192,1.03125,1.03125,0.22538826032986972,0.22538826032986972,0.6800997106114667,0.0945120290586636,354.26937277256496
6,asr,10,21,63,192,1.0316313236849572,1.0316313236849572,0.22483370074889933,0.22483370074889933,0.680683342587458,0.09448295666364268,354.1275791456451
6,asr,10,21,63,192,1.0316666666666667,1.0316666666666667,0.2247823625113292,0.2247823625113292,0.6807373915343655,0.09448024595430529,354.1144562734312
6,asr,10,21,63,192,1.0320833333333335,1.0320833333333335,0.224177903791847,0.224177903791847,0.6813740117324546,0.09444808447569841,353.95999575334804
6,asr,10,21,63,192,1.0325,1.0325,0.22357487940244536,0.22357487940244536,0.6820095703499329,0.09441555024762172,353.805995834168
6,asr,10,21,63,192,1.0329166666666667,1.0329166666666667,0.22297328500426253,0.22297328500426253,0.6826440661859258,0.0943826488098117,353.65246122971956
6,asr,10,21,63,192,1.0333333333333334,1.0333333333333334,0.2223731166624456,0.2223731166624456,0.6832774977216057,0.09434938561594866,353.49939674732866
6,asr,10,21,63,192,1.0336661249129324,1.0336661249129324,0.22189478428963602,0.22189478428963602,0.6837826536500037,0.0943225620603603,353.3774851540465
6,asr,10,21,63,192,1.03375,1.03375,0.22177437082106435,0.22177437082106435,0.6839098631390581,0.09431576603987754,353.34680729153257
6,asr,10,21,63,192,1.0341666666666667,1.0341666666666667,0.2211770442782487,0.2211770442782487,0.6845411603449977,0.09428179537675363,353.1946978673229
6,asr,10,21,63,192,1.0345833333333334,1.0345833333333334,0.220581134164591,0.220581134164591,0.6851713869894358,0.0942474788459732,353.04307358229113
6,asr,10,21,63,192,1.0350000000000001,1.0350000000000001,0.2199866379218648,0.2199866379218648,0.685800540485724,0.09421282159241118,352.89193965049986
6,asr,10,21,63,192,1.0354166666666667,1.0354166666666667,0.21939355328307358,0.21939355328307358,0.6864286180266407,0.09417782869028574,352.7413013952725
6,asr,10,21,63,192,1.0357009261409076,1.0357009261409076,0.21898974643683294,0.21898974643683294,0.6868564878603755,0.0941537657027916,352.638819768317
6,asr,10,21,63,192,1.0358333333333334,1.0358333333333334,0.21880187825335923,0.21880187825335923,0.6870556166033781,0.09414250514326267,352.59116425274607
6,asr,10,21,63,192,1.0362500000000001,1.0362500000000001,0.21821161109310133,0.21821161109310133,0.6876815330184144,0.09410685588848428,352.44153377438136
6,asr,10,21,63,192,1.0366666666666666,1.0366666666666666,0.21762275030060096,0.21762275030060096,0.6883063639031497,0.09407088579624934,352.2924156308797
6,asr,10,21,63,192,1.0370833333333334,1.0370833333333334,0.21703529459610796,0.21703529459610796,0.6889301057310613,0.09403459967283076,352.1438156146652
6,asr,10,21,63,192,1.0375,1.0375,0.21644924290745984,0.21644924290745984,0.6895527548284857,0.0939980022640545,351.9957396440535
6,asr,10,21,63,192,1.0377537858266903,1.0377537858266903,0.21609297467447966,0.21609297467447966,0.6899314645734561,0.09397556075206423,351.9058080181172
6,asr,10,21,63,192,1.0379166666666666,1.0379166666666666,0.21586459435644942,0.21586459435644942,0.6901743073913188,0.09396109825223178,351.8481937650551
6,asr,10,21,63,192,1.0383333333333333,1.0383333333333333,0.21528134824404627,0.21528134824404627,0.6907947594932246,0.09392389226272918,351.7011841559241
6,asr,10,21,63,192,1.03875,1.03875,0.21469950403887128,0.21469950403887128,0.6914141070993222,0.09388638886180656,351.55471712898367
6,asr,10,21,63,192,1.0391666666666668,1.0391666666666668,0.2141190613655896,0.2141190613655896,0.6920323460743943,0.09384859256001604,351.4087991344373
6,asr,10,21,63,192,1.0395833333333333,1.0395833333333333,0.2135400199932464,0.2135400199932464,0.6926494721949441,0.0938105078118095,351.2634367627208
6,asr,10,21,63,192,1.0397885870546655,1.0397885870546655,0.21325529417545255,0.21325529417545255,0.6929530635962973,0.09379164222825018,351.19203627839704
6,asr,10,21,63,192,1.04,1.04,0.21296237982320212,0.21296237982320212,0.6932654811576441,0.0937721390191538,351.1186367471882
6,asr,10,21,63,192,1.0404166666666668,1.0404166666666668,0.21238614088251268,0.21238614088251268,0.6938803685870781,0.09373349053040919,350.9744059665045
6,asr,10,21,63,192,1.0408333333333333,1.0408333333333333,0.21181130331074335,0.21181130331074335,0.6944941300476953,0.09369456664156131,350.8307514469842
6,asr,10,21,63,192,1.04125,1.04125,0.21123786735338115,0.21123786735338115,0.6951067610465179,0.09365537160010093,350.687680364661
6,asr,10,21,63,192,1.0416666666666667,1.0416666666666667,0.21066583335178676,0.21066583335178676,0.6957182570448119,0.0936159096034013,350.54520004596947
6,asr,10,21,63,192,1.0418233882826407,1.0418233882826407,0.21045103604499493,0.21045103604499493,0.6959479655040893,0.09360099845091574,350.4917630761949
6,asr,10,21,63,192,1.0420833333333333,1.0420833333333333,0.2100952017363554,0.2100952017363554,0.6963286134651215,0.09357618479852306,350.4033179703501
6,asr,10,21,63,192,1.0425,1.0425,0.2095259730174777,0.2095259730174777,0.6969378256947382,0.09353620128778414,350.2620417686902
6,asr,10,21,63,192,1.0429166666666667,1.0429166666666667,0.20895814777933225,0.20895814777933225,0.6975458890952894,0.09349596312537839,342.0491763023454
6,asr,10,21,63,192,1.0433333333333334,1.0433333333333334,0.20839172667270534,0.20839172667270534,0.6981527990072552,0.09345547432003942,341.91463217081747
6,asr,10,21,63,192,1.04375,1.04375,0.20782671040856238,0.20782671040856238,0.6987585507565715,0.09341473883486617,341.7802042817459
6,asr,10,21,63,192,1.0438768929133453,1.0438768929133453,0.20765491784430964,0.20765491784430964,0.6989427974294471,0.09340228472624326,341.7392882916782
6,asr,10,21,63,192,1.0441666666666667,1.0441666666666667,0.20726309975017662,0.20726309975017662,0.6993631396589061,0.09337376059091732,341.64589257289845
6,asr,10,21,63,192,1.0445833333333334,1.0445833333333334,0.2067008955109657,0.2067008955109657,0.6999665610254479,0.09333254346358644,341.51169698023205
6,asr,10,21,63,192,1.045,1.045,0.20614009854508275,0.20614009854508275,0.7005688101678613,0.09329109128705593,341.3776174385114
6,asr,10,21,63,192,1.0454166666666667,1.0454166666666667,0.2055807097441847,0.2055807097441847,0.7011698824021009,0.09324940785371444,341.2436538810084
6,asr,10,21,63,192,1.0458333333333334,1.0458333333333334,0.20502273003203125,0.20502273003203125,0.7017697730543337,0.093207496913635,341.1098062388806
6,asr,10,21,63,192,1.0459116941413202,1.0459116941413202,0.20491795055013923,0.20491795055013923,0.7018824596697002,0.09319958978016057,341.084647000425
6,asr,10,21,63,192,1.0459116941413205,1.0459116941413205,0.20491795055026316,0.20491795055026316,0.701882459669636,0.09319958978010082,341.0846470003631
6,asr,10,21,63,192,1.0462500000000001,1.0462500000000001,0.2044661603592936,0.2044661603592936,0.7023684774626252,0.09316536217808119,340.97607444182836
6,asr,10,21,63,192,1.0466666666666666,1.0466666666666666,0.20391100170029983,0.20391100170029983,0.7029659909834888,0.0931230073162114,340.84245841758104
6,asr,10,21,63,192,1.0470833333333334,1.0470833333333334,0.20335725504678206,0.20335725504678206,0.7035623089933946,0.09308043595982338,340.70895809215637
6,asr,10,21,63,192,1.0475,1.0475,0.20280492140571213,0.20280492140571213,0.704157426892276,0.09303765170201186,340.57557338958765
6,asr,10,21,63,192,1.0479166666666666,1.0479166666666666,0.20225400179414196,0.20225400179414196,0.7047513401108203,0.09299465809503774,340.4423042318909
6,asr,10,21,63,192,1.0479464953692954,1.0479464953692954,0.2022146163374543,0.2022146163374543,0.7047938113684443,0.09299157229410138,340.43276807105116
6,asr,10,21,63,192,1.0483333333333333,1.0483333333333333,0.20170449723654307,0.20170449723654307,0.705344044105446,0.09295145865801088,340.30915053898644
6,asr,10,21,63,192,1.04875,1.04875,0.20115640876107574,0.20115640876107574,0.705935534370252,0.09290805686867223,340.1761122289578
6,asr,10,21,63,192,1.0491666666666668,1.0491666666666668,0.2006097373958961,0.2006097373958961,0.7065258064325209,0.09286445617158295,340.04318921777207
6,asr,10,21,63,192,1.0495833333333333,1.0495833333333333,0.20006448416634717,0.20006448416634717,0.7071148558600203,0.09282065997363251,339.9103814192514
6,asr,10,21,63,192,1.0499993550550784,1.0499993550550784,0.19952149077857861,0.19952149077857861,0.7077017693407777,0.09277673988064372,339.7778940468786
6,asr,10,21,63,192,1.049999677527539,1.049999677527539,0.19952107043509035,0.19952107043509035,0.7077022238016324,0.09277670576327726,339.7777913960245
6,asr,10,21,63,192,1.05,1.05,0.19952065009243344,0.19952065009243344,0.7077026782620133,0.09277667164555328,339.7776887451387
6,fmm_reference,240,481,481,0,0.95,0.95,0.20443603062123247,0.29416951018503584,0.638002387822185,0.06782810199277917,6731.582264676678
6,fmm_reference,240,481,481,0,0.952,0.952,0.20511865214127456,0.29332494541186305,0.6385230955194645,0.06815195906867244,6723.7343599560145
6,fmm_reference,240,481,481,0,0.9520348012279751,0.9520348012279751,0.20513093014012068,0.2933103851774952,0.6385319031872176,0.06815771163528717,6723.5972217519175
6,fmm_reference,240,481,481,0,0.954,0.954,0.20584746664894793,0.2924958389860076,0.6390147750755931,0.06848938593839926,6715.821589159434
6,fmm_reference,240,481,481,0,0.9540696024559502,0.9540696024559502,0.20587370072951092,0.2924672682872731,0.6390313461759065,0.06850138553682039,6715.545072173522
6,fmm_reference,240,481,481,0,0.956,0.956,0.20662573146650556,0.29168260154224224,0.6394759726344142,0.06884142582334352,6707.8461098022735
6,fmm_reference,240,481,481,0,0.9561044036839254,0.9561044036839254,0.20666778313132989,0.2916405932873567,0.6394991810956601,0.06886022561698324,6707.428099247597
6,fmm_reference,240,481,481,0,0.958,0.958,0.20745710273974594,0.2908856948493093,0.6399050579396234,0.0692092472110673,6699.8104811923595
6,fmm_reference,240,481,481,0,0.9581579083146299,0.9581579083146299,0.20752512319215105,0.2908234862810989,0.6399375155642784,0.06923899815462276,6699.173557248087
6,fmm_reference,240,481,481,0,0.96,0.96,0.20834570488952506,0.29010564024234137,0.640300194233713,0.06959416552394565,6691.717645594958
6,fmm_reference,240,481,481,0,0.9601920645976832,0.9601920645976832,0.20843421820606248,0.2900316377788674,0.6403362791891964,0.06963208303193613,6690.937579921869
6,fmm_reference,240,481,481,0,0.962,0.962,0.20929621616564847,0.2893430288845394,0.6406593012534525,0.06999766986200812,6683.570905978452
6,fmm_reference,240,481,481,0,0.9622268658256585,0.9622268658256585,0.20940817521951913,0.289257654267389,0.6406976583162655,0.07004468741634556,6682.643552255616
6,fmm_reference,240,481,481,0,0.964,0.964,0.21031397512093078,0.2885985344298565,0.6409800093369441,0.0704214562331994,6675.37390061803
6,fmm_reference,240,481,481,0,0.964280370456363,0.964280370456363,0.21046236293686235,0.28849565784170683,0.6410217489767961,0.07048259318149708,6674.221005812708
6,fmm_reference,240,481,481,0,0.966,0.966,0.21140511451761004,0.28787292873440334,0.6412596019639071,0.07086746930168958,6667.130575286024
6,fmm_reference,240,481,481,0,0.9663151716843381,0.9663151716843381,0.21158420611908418,0.2877603629172394,0.6412997124982923,0.0709399245844683,6665.827592575368
6,fmm_reference,240,481,481,0,0.968,0.968,0.21257673184054698,0.2871671016732682,0.6414949427791516,0.07133795554758016,6658.845153515823
6,fmm_reference,240,481,481,0,0.9683499729123133,0.9683499729123133,0.21279061891664935,0.28704569931860185,0.6415313119481308,0.0714229887332673,6657.391318966973
6,fmm_reference,240,481,481,0,0.97,0.97,0.21383710934691968,0.2864820864418314,0.6416823818085832,0.07183553174958546,6650.522105712696
6,fmm_reference,240,481,481,0,0.9704034775430178,0.9704034775430178,0.21410297349541058,0.28634651910048264,0.641714020596384,0.0719394603031333,6648.838876693577
6,fmm_reference,240,481,481,0,0.972,0.972,0.21519600229341582,0.28581909226268254,0.6418176329769403,0.07236327476037718,6642.166117633599
6,fmm_reference,240,481,481,0,0.9724382787709929,0.9724382787709929,0.21550805477271506,0.28567688196210234,0.641839816013911,0.07248330202398662,6640.331069370595
6,fmm_reference,240,481,481,0,0.974,0.974,0.2166650229608645,0.28517954741755225,0.6418956117585203,0.07292484082392747,6633.782058944028
6,fmm_reference,240,481,481,0,0.9744724350540463,0.9744724350540463,0.2170295754787185,0.2850320783757068,0.6419050300974626,0.0730628915268306,6631.7980426730055
6,fmm_reference,240,481,481,0,0.976,0.976,0.21825816239943946,0.2845651570808905,0.6419102151574279,0.07352462776168167,6625.374952452029
6,fmm_reference,240,481,481,0,0.9765259396847509,0.9765259396847509,0.2186997772308756,0.28440801663366355,0.6419026373577394,0.073689346008597,6623.160951872724
6,fmm_reference,240,481,481,0,0.978,0.978,0.2199925149847503,0.2839779824977948,0.6418540176223906,0.0741679998798146,6616.949944566044
6,fmm_reference,240,481,481,0,0.978560740912726,0.978560740912726,0.22050689592640876,0.2838185722391214,0.641824353101748,0.0743570746591306,6614.58532144361
6,fmm_reference,240,481,481,0,0.98,0.98,0.22188931094189118,0.2834205522936279,0.6417178394238894,0.07486160828248273,6608.512277460334
6,fmm_reference,240,481,481,0,0.9805955421407012,0.9805955421407012,0.22248930627135866,0.2832607602097214,0.6416602003665579,0.07507903942372068,6605.998123028004
6,fmm_reference,240,481,481,0,0.982,0.982,0.22397543299861847,0.28289602381740186,0.6414901152506398,0.07561386093195832,6600.067263335116
6,fmm_reference,240,481,481,0,0.9826490467714057,0.9826490467714057,0.22469863809641255,0.2827335134434891,0.6413941741510786,0.0758723124054323,6597.325971289839
6,fmm_reference,240,481,481,0,0.984,0.984,0.22628572552630788,0.2824084249710579,0.6411559372115216,0.07643563781742047,6591.620261395484
6,fmm_reference,240,481,481,0,0.9846838479993808,0.9846838479993808,0.2271349780930259,0.28225107349597395,0.6410138963933998,0.07673503011062627,6588.7325367880085
6,fmm_reference,240,481,481,0,0.986,0.986,0.22886666805797423,0.28196303337054485,0.6406955391173542,0.07734142751210094,6583.176657353552
6,fmm_reference,240,481,481,0,0.9867180042824343,0.9867180042824343,0.2298708512240583,0.2818147286771364,0.6404945592877912,0.07769071203507238,6580.147249224529
6,fmm_reference,240,481,481,0,0.988,0.988,0.2317825448812369,0.2815670026723843,0.6400817628201397,0.07835123450747594,6574.74184625015
6,fmm_reference,240,481,481,0,0.9887715089131388,0.9887715089131388,0.23301536251594546,0.28142944514362467,0.6397962372511296,0.07877431760524578,6571.491576582833
6,fmm_reference,240,481,481,0,0.99,0.99,0.23512655245393557,0.2812304714944348,0.6392755188037482,0.07949400970181697,6566.321218234443
6,fmm_reference,240,481,481,0,0.990806310141114,0.990806310141114,0.2366258723624506,0.28111483153863753,0.6388835057979528,0.08000166266340963,6562.931629416647
6,fmm_reference,240,481,481,0,0.992,0.992,0.23904272896426992,0.28096871379036537,0.6382168691724549,0.08081441703717973,6557.9201478588575
6,fmm_reference,240,481,481,0,0.992841111369089,0.992841111369089,0.24091378182618767,0.28088647514965237,0.6376742803063801,0.08143924454396756,6554.394162755988
6,fmm_reference,240,481,481,0,0.994,0.994,0.24377524181301327,0.2808068805058739,0.636805092996801,0.08238802649732513,6549.54398658672
6,fmm_reference,240,481,481,0,0.9948946159997936,0.9948946159997936,0.2462670014012727,0.28077793512895916,0.6360140059895396,0.08320805888150123,6545.806732627684
6,fmm_reference,240,481,481,0,0.996,0.996,0.2498035265131874,0.28079273345604083,0.6348443388064315,0.08436292773752763,6541.198058817298
6,fmm_reference,240,481,481,0,0.9969294172277687,0.9969294172277687,0.25332609827641783,0.28086349952668854,0.6336328487796183,0.08550365169369312,6537.331405649422
6,fmm_reference,240,481,481,0,0.998,0.998,0.25837424523317404,0.28104559988141514,0.6318310518627177,0.08712334825586715,6532.887661170476
6,fmm_reference,240,481,481,0,0.9989635735108221,0.9989635735108221,0.26465607056457285,0.28137759135208656,0.6295057292574986,0.08911667939041484,6528.898061769587
6,fmm_reference,240,481,481,0,1.0,1.000000000001,0.2827458464641236,0.2827458464641236,0.6225130539569526,0.09474109957892385,6524.618065434084
6,fmm_reference,240,481,481,0,1.0010170781415266,1.0010170781415266,0.2771157319959631,0.2771157319959631,0.6277913757157472,0.09509289228828971,6520.429988863276
6,fmm_reference,240,481,481,0,1.002,1.002,0.27433654650492034,0.27433654650492034,0.6304442833793722,0.09521917011570746,6516.394524662306
6,fmm_reference,240,481,481,0,1.0030518793695018,1.0030518793695018,0.2718185418485421,0.2718185418485421,0.6328702160257768,0.09531124212568115,6512.089690785624
6,fmm_reference,240,481,481,0,1.004,1.004,0.2697538439992547,0.2697538439992547,0.6348737507612681,0.09537240523947721,6508.222282935013
6,fmm_reference,240,481,481,0,1.005086680597477,1.005086680597477,0.26753471186012195,0.26753471186012195,0.6370404238939559,0.09542486424592217,6503.805348267109
6,fmm_reference,240,481,481,0,1.006,1.006,0.26575464624489054,0.26575464624489054,0.6387877254811583,0.09545762827395121,6500.106588673735
6,fmm_reference,240,481,481,0,1.0071401852281814,1.0071401852281814,0.26361224604616573,0.26361224604616573,0.6409010431433296,0.09548671081050464,6495.50721808652
6,fmm_reference,240,481,481,0,1.008,1.008,0.2620425358026499,0.2620425358026499,0.6424562702589411,0.09550119393840895,6492.0527115398245
6,fmm_reference,240,481,481,0,1.0091749864561566,1.0091749864561566,0.2599480715101684,0.2599480715101684,0.644539963766328,0.09551196472350354,6487.3520738115685
6,fmm_reference,240,481,481,0,1.01,1.01,0.25850655775924086,0.25850655775924086,0.6459795172765948,0.09551392496416439,6484.065963323486
6,fmm_reference,240,481,481,0,1.0112097876841317,1.0112097876841317,0.2564289563511115,0.2564289563511115,0.6480617881927082,0.09550925545618028,6479.269675955027
6,fmm_reference,240,481,481,0,1.012,1.012,0.25509205920418176,0.25509205920418176,0.649406208382196,0.09550173241362225,6476.151722953738
6,fmm_reference,240,481,481,0,1.0132626473699147,1.0132626473699147,0.25298441287549855,0.25298441287549855,0.6515326337776057,0.09548295334689572,6471.195081299513
6,fmm_reference,240,481,481,0,1.014,1.014,0.25176809466623784,0.25176809466623784,0.6527635266626262,0.095468378671136,6468.315465944897
6,fmm_reference,240,481,481,0,1.0152974485978898,1.0152974485978898,0.2496508654893776,0.2496508654893776,0.6549124317385169,0.09543670277210553,6463.276240461592
6,fmm_reference,240,481,481,0,1.016,1.016,0.2485156119532221,0.2485156119532221,0.6560678817083873,0.09541650633839063,6460.562798821546
6,fmm_reference,240,481,481,0,1.0173322498258648,1.0173322498258648,0.24638242640251667,0.24638242640251667,0.6582448972009524,0.09537267639653096,6455.447780814617
6,fmm_reference,240,481,481,0,1.018,1.018,0.24532222723235433,0.24532222723235433,0.6593296678840844,0.09534810488356124,6452.899498676193
6,fmm_reference,240,481,481,0,1.0193857544565694,1.0193857544565694,0.24313975437787708,0.24313975437787708,0.6615683862150232,0.0952918594070997,6447.645329184429
6,fmm_reference,240,481,481,0,1.02,1.02,0.24217959434699607,0.24217959434699607,0.6625556545400568,0.0952647511129471,6445.3315589212825
6,fmm_reference,240,481,481,0,1.0214205556845446,1.0214205556845446,0.239975041593918,0.239975041593918,0.6648277718116331,0.0951971865944489,6440.017563299806
6,fmm_reference,240,481,481,0,1.022,1.022,0.23908195231700113,0.23908195231700113,0.6657503027932966,0.09516774488970225,6437.865241467525
6,fmm_reference,240,481,481,0,1.0234553569125198,1.0234553569125198,0.23685378944843796,0.23685378944843796,0.6680569995138929,0.09508921103766918,6432.499794423554
6,fmm_reference,240,481,481,0,1.024,1.024,0.2360252657373604,0.2360252657373604,0.6689165432592586,0.09505819100338095,6430.507136463124
6,fmm_reference,240,481,481,0,1.0255082165983025,1.0255082165983025,0.2337455184691999,0.2337455184691999,0.6712866166860105,0.09496786484478958,6425.03412465069
6,fmm_reference,240,481,481,0,1.026,1.026,0.23300668795944277,0.23300668795944277,0.6720562607904136,0.09493705125014365,6423.264230466604
6,fmm_reference,240,481,481,0,1.0275430178262777,1.0275430178262777,0.23070257949751566,0.23070257949751566,0.6744612050342977,0.0948362154681866,6417.759677911864
6,fmm_reference,240,481,481,0,1.028,1.028,0.23002421086649072,0.23002421086649072,0.6751706100434787,0.09480517909003061,6416.1439843252165
6,fmm_reference,240,481,481,0,1.0295778190542528,1.0295778190542528,0.22769584184583525,0.22769584184583525,0.6776100807562028,0.09469407739796198,6410.618550061922
6,fmm_reference,240,481,481,0,1.03,1.03,0.22707642833103117,0.22707642833103117,0.6782602283702287,0.09466334329874013,6409.154421989306
6,fmm_reference,240,481,481,0,1.0316313236849572,1.0316313236849572,0.22469704114862046,0.22469704114862046,0.680762194502566,0.0945407643488135,6403.556085906583
6,fmm_reference,240,481,481,0,1.032,1.032,0.22416237168577982,0.22416237168577982,0.6813253835115259,0.09451224480269424,6402.304231536535
6,fmm_reference,240,481,481,0,1.0336661249129324,1.0336661249129324,0.2217600560249112,0.2217600560249112,0.6838601793196489,0.09437976465543987,6396.71080892419
6,fmm_reference,240,481,481,0,1.034,1.034,0.22128139246036294,0.22128139246036294,0.6843660787403322,0.09435252879930489,6395.602879706002
6,fmm_reference,240,481,481,0,1.0357009261409076,1.0357009261409076,0.21885693953798482,0.21885693953798482,0.686932696551995,0.09421036391002022,6390.028472394842
6,fmm_reference,240,481,481,0,1.036,1.036,0.21843307716784496,0.21843307716784496,0.6873821291032404,0.09418479372891467,6389.060740070078
6,fmm_reference,240,481,481,0,1.0377537858266903,1.0377537858266903,0.21596209548932158,0.21596209548932158,0.690006353887418,0.09403155062326038,6383.463987577617
6,fmm_reference,240,481,481,0,1.038,1.038,0.21561718422168674,0.21561718422168674,0.6903732176816758,0.09400959809663745,6382.689234068957
