figure,method,modes,harmonics,eigen_dimension,quadrature_actual,wavelength,evaluation_wavelength,T0,T,R,A,max_boundary_condition,device,backend
11,fmm,7,15,15,0,0.9,0.9,0.006850806147182785,0.03220419200538819,0.9677958079946087,3.073929999430902e-15,312.62067738744895,cuda:0,torch
11,fmm,7,15,15,0,0.90025,0.90025,0.006606239356554364,0.03284115953177012,0.9671588404682256,4.232725281383409e-15,312.7289533559124,cuda:0,torch
11,fmm,7,15,15,0,0.9005,0.9005,0.006380327641447963,0.033544278584963144,0.9664557214150359,9.71445146547012e-16,312.8265771881879,cuda:0,torch
11,fmm,7,15,15,0,0.90075,0.90075,0.006173532078674928,0.03431990489586981,0.9656800951041291,1.0824674490095276e-15,312.91396315252445,cuda:0,torch
11,fmm,7,15,15,0,0.901,0.901,0.005986521152935496,0.03517520647195227,0.9648247935280437,3.9968028886505635e-15,312.9914824261067,cuda:0,torch
11,fmm,7,15,15,0,0.90125,0.90125,0.005820211094147684,0.0361182980149251,0.9638817019850747,1.734723475976807e-16,313.0594679584475,cuda:0,torch
11,fmm,7,15,15,0,0.9015,0.9015,0.005675813101243866,0.03715839908474057,0.9628416009152612,-1.734723475976807e-15,313.11821858185084,cuda:0,torch
11,fmm,7,15,15,0,0.90175,0.90175,0.005554889477083833,0.038306021079015644,0.9616939789209784,5.946632075648495e-15,313.16800250067257,cuda:0,torch
11,fmm,7,15,15,0,0.902,0.902,0.005459421153499372,0.03957318925257369,0.9604268107474219,4.440892098500626e-15,313.20906026407755,cuda:0,torch
11,fmm,7,15,15,0,0.90225,0.90225,0.0053918896789830265,0.040973707443306154,0.9590262925566998,-5.953570969552402e-15,313.241607306094,cuda:0,torch
11,fmm,7,15,15,0,0.9025,0.9025,0.00535537751493247,0.04252347497087621,0.9574765250291181,5.7245874707234634e-15,313.2658361204786,cuda:0,torch
11,fmm,7,15,15,0,0.90275,0.90275,0.005353691492937731,0.04424086742275775,0.9557591325772262,1.6028844918025698e-14,313.2819181250607,cuda:0,torch
11,fmm,7,15,15,0,0.903,0.903,0.0053915155954986525,0.04614719584620024,0.9538528041537937,6.0645932720149176e-15,313.29000526005655,cuda:0,torch
11,fmm,7,15,15,0,0.90325,0.90325,0.005474600927069875,0.04826726235287551,0.9517327376471157,8.743006318923108e-15,313.29023135666944,cuda:0,torch
11,fmm,7,15,15,0,0.9035,0.9035,0.005610002960279184,0.050630034460314235,0.9493699655396717,1.4085954624931674e-14,313.2827133057174,cuda:0,torch
11,fmm,7,15,15,0,0.90375,0.90375,0.005806379025806253,0.053269465793915644,0.9467305342060851,-7.494005416219807e-16,313.26755205063256,cuda:0,torch
11,fmm,7,15,15,0,0.904,0.904,0.006074362755921859,0.05622549719159858,0.9437745028084112,-9.818534874028728e-15,313.24483342477237,cuda:0,torch
11,fmm,7,15,15,0,0.90425,0.90425,0.006427037026418573,0.05954527986109432,0.9404547201388941,1.1594891713428979e-14,313.21462884928917,cuda:0,torch
11,fmm,7,15,15,0,0.9045,0.9045,0.006880533143160616,0.06328467094061466,0.9367153290593832,2.192690473634684e-15,313.1769959047084,cuda:0,torch
11,fmm,7,15,15,0,0.90475,0.90475,0.007454791876595517,0.06751006115489268,0.9324899388451015,5.870304242705515e-15,313.1319787867366,cuda:0,torch
11,fmm,7,15,15,0,0.905,0.905,0.008174531699418165,0.07230060307446692,0.9276993969255256,7.466249840604178e-15,313.65037517313436,cuda:0,torch
11,fmm,7,15,15,0,0.90525,0.90525,0.009070481271919664,0.07775091425309841,0.9222490857468942,7.355227538141662e-15,313.524044958899,cuda:0,torch
11,fmm,7,15,15,0,0.9055,0.9055,0.010180946380908851,0.08397432718759248,0.9160256728124032,4.3021142204224816e-15,313.44870374184455,cuda:0,torch
11,fmm,7,15,15,0,0.90575,0.90575,0.011553794570437516,0.0911067379854697,0.9088932620145305,-1.6653345369377348e-16,313.70251645567816,cuda:0,torch
11,fmm,7,15,15,0,0.906,0.906,0.013248949647317517,0.09931105004090152,0.9006889499590939,4.6074255521944e-15,314.1142029898954,cuda:0,torch
11,fmm,7,15,15,0,0.90625,0.90625,0.015341484477127475,0.10878208587992397,0.8912179141200792,-3.191891195797325e-15,314.456110413353,cuda:0,torch
11,fmm,7,15,15,0,0.9065,0.9065,0.017925366491997392,0.1197515935017277,0.8802484064982733,-9.992007221626409e-16,314.7487827516918,cuda:0,torch
11,fmm,7,15,15,0,0.9067500000000001,0.9067500000000001,0.021117812301254667,0.13249250775620164,0.8675074922437892,9.159339953157541e-15,315.00413127231906,cuda:0,torch
11,fmm,7,15,15,0,0.907,0.907,0.025063983484865476,0.14732078829270706,0.8526792117072827,1.0269562977782698e-14,315.2298095945069,cuda:0,torch
11,fmm,7,15,15,0,0.90725,0.90725,0.029941296766392088,0.16459171215410812,0.8354082878458876,4.274358644806853e-15,315.4310894453852,cuda:0,torch
11,fmm,7,15,15,0,0.9075,0.9075,0.03596175503856601,0.1846851532270505,0.8153148467729533,-3.802513859341161e-15,315.61178924621885,cuda:0,torch
11,fmm,7,15,15,0,0.9077500000000001,0.9077500000000001,0.043369193162966974,0.20797088143779113,0.792029118562203,5.828670879282072e-15,315.77478233141983,cuda:0,torch
11,fmm,7,15,15,0,0.908,0.908,0.05242595410925099,0.234740450092326,0.7652595499076699,4.135580766728708e-15,315.92229661621394,cuda:0,torch
11,fmm,7,15,15,0,0.90825,0.90825,0.06338038062037472,0.26508843032379414,0.7349115696761999,5.995204332975845e-15,316.0561017933915,cuda:0,torch
11,fmm,7,15,15,0,0.9085,0.9085,0.07640387951310186,0.29872757001356476,0.7012724299864469,-1.1657341758564144e-14,316.1776317928359,cuda:0,torch
11,fmm,7,15,15,0,0.9087500000000001,0.9087500000000001,0.09148803549534401,0.33474053272648907,0.6652594672735116,-6.661338147750939e-16,316.2880679748653,cuda:0,torch
11,fmm,7,15,15,0,0.909,0.909,0.10830593042830844,0.3713203069403237,0.628679693059667,9.325873406851315e-15,316.3883974573298,cuda:0,torch
11,fmm,7,15,15,0,0.90925,0.90925,0.12607574074287534,0.40563694100700565,0.5943630589929896,4.773959005888173e-15,316.47945511584385,cuda:0,torch
11,fmm,7,15,15,0,0.9095,0.9095,0.14351348123920643,0.43404720241709993,0.5659527975829233,-2.3203661214665772e-14,316.561954528981,cuda:0,torch
11,fmm,7,15,15,0,0.9097500000000001,0.9097500000000001,0.1589840618921799,0.45281629278776264,0.5471837072122118,2.5590640717609858e-14,316.6365112368139,cuda:0,torch
11,fmm,7,15,15,0,0.91,0.91,0.1708871717353565,0.45923245324439776,0.5407675467556274,-2.5202062658991053e-14,371.04912939422445,cuda:0,torch
11,fmm,7,15,15,0,0.91025,0.91025,0.17814122335085575,0.45259154945703767,0.5474084505429455,1.6819878823071122e-14,318.20630478383066,cuda:0,torch
11,fmm,7,15,15,0,0.9105,0.9105,0.18050003644261356,0.43443721694227266,0.5655627830576904,3.697042672001771e-14,317.0209522628985,cuda:0,torch
11,fmm,7,15,15,0,0.9107500000000001,0.9107500000000001,0.17852378155677898,0.40790499155626975,0.5920950084437299,3.885780586188048e-16,316.8650834172694,cuda:0,torch
11,fmm,7,15,15,0,0.911,0.911,0.1732679822375314,0.3766256420386267,0.6233743579613474,2.5868196473766147e-14,316.90677780266947,cuda:0,torch
11,fmm,7,15,15,0,0.91125,0.91125,0.16590788531898507,0.343800698584068,0.6561993014159347,-2.7200464103316335e-15,316.94293225879517,cuda:0,torch
11,fmm,7,15,15,0,0.9115,0.9115,0.1574721691026217,0.31175281692172135,0.6882471830782899,-1.1268763699945339e-14,316.97380962061374,cuda:0,torch
11,fmm,7,15,15,0,0.9117500000000001,0.9117500000000001,0.14873027281567414,0.281894358018845,0.7181056419811319,2.3092638912203256e-14,316.9996470841097,cuda:0,torch
11,fmm,7,15,15,0,0.912,0.912,0.14019102203584138,0.25491328387390877,0.7450867161260936,-2.3314683517128287e-15,317.0206594423423,cuda:0,torch
11,fmm,7,15,15,0,0.91225,0.91225,0.13215316284786663,0.23100853460697007,0.7689914653930235,6.38378239159465e-15,317.0370418063277,cuda:0,torch
11,fmm,7,15,15,0,0.9125,0.9125,0.12476659146734671,0.21008999325085712,0.7899100067491335,9.409140133698202e-15,317.04897190763694,cuda:0,torch
11,fmm,7,15,15,0,0.9127500000000001,0.9127500000000001,0.11808497177448013,0.19191983954645167,0.8080801604535459,2.4147350785597155e-15,317.0566120587306,cuda:0,torch
11,fmm,7,15,15,0,0.913,0.913,0.11210449896164834,0.1762014026032316,0.8237985973967467,2.173261570703744e-14,317.0601108312056,cuda:0,torch
11,fmm,7,15,15,0,0.91325,0.91325,0.10678997555098231,0.1626299391494042,0.8373700608505958,-5.551115123125783e-17,317.05960449998753,cuda:0,torch
11,fmm,7,15,15,0,0.9135,0.9135,0.10209127316632843,0.15091881167824214,0.8490811883217507,7.13318293321663e-15,317.0552182920988,cuda:0,torch
11,fmm,7,15,15,0,0.9137500000000001,0.9137500000000001,0.09795318701955659,0.14081098332899178,0.8591890166710048,3.4416913763379853e-15,317.04706747130496,cuda:0,torch
11,fmm,7,15,15,0,0.914,0.914,0.09432101549692755,0.1320823248259983,0.8679176751740028,-1.0547118733938987e-15,317.03525828416235,cuda:0,torch
11,fmm,7,15,15,0,0.91425,0.91425,0.09114349041685506,0.12454069200939541,0.8754593079906063,-1.7486012637846216e-15,317.0198887884269,cuda:0,torch
11,fmm,7,15,15,0,0.9145,0.9145,0.08837412410083591,0.11802306046987515,0.881976939530122,2.831068712794149e-15,317.00104958111575,cuda:0,torch
11,fmm,7,15,15,0,0.91475,0.91475,0.08597164561702485,0.11239197414287622,0.8876080258571225,1.27675647831893e-15,316.9788244405984,cuda:0,torch
11,fmm,7,15,15,0,0.915,0.915,0.08389993823815504,0.10753195925665046,0.8924680407433467,2.8033131371785203e-15,316.95329089469993,cuda:0,torch
11,fmm,7,15,15,0,0.91525,0.91525,0.08212772449338833,0.1033462120884387,0.8966537879115609,3.885780586188048e-16,316.9245207248874,cuda:0,torch
11,fmm,7,15,15,0,0.9155,0.9155,0.0806281424236135,0.09975368190066508,0.9002463180993301,4.829470157119431e-15,316.8925804150158,cuda:0,torch
11,fmm,7,15,15,0,0.91575,0.91575,0.07937829411483555,0.09668657308633774,0.9033134269136587,3.58046925441613e-15,316.85753155182704,cuda:0,torch
11,fmm,7,15,15,0,0.916,0.916,0.0783588101818529,0.09408824349986633,0.9059117565001255,8.215650382226158e-15,316.81943118330616,cuda:0,torch
11,fmm,7,15,15,0,0.91625,0.91625,0.07755345191662295,0.09191145626479406,0.9080885437352068,-8.187894806610529e-16,316.7783321401299,cuda:0,torch
11,fmm,7,15,15,0,0.9165,0.9165,0.07694876023075087,0.09011693699419555,0.9098830630058012,3.2057689836051395e-15,316.73428332467904,cuda:0,torch
11,fmm,7,15,15,0,0.91675,0.91675,0.07653375356057264,0.08867219006563237,0.9113278099343656,2.0539125955565396e-15,316.6873299714875,cuda:0,torch
11,fmm,7,15,15,0,0.917,0.917,0.07629967327655476,0.08755053240682657,0.9124494675931776,-4.1494585545365226e-15,316.6375138824647,cuda:0,torch
11,fmm,7,15,15,0,0.91725,0.91725,0.07623977345952151,0.08673030909050264,0.9132696909094922,5.190292640122607e-15,316.5848736397988,cuda:0,torch
11,fmm,7,15,15,0,0.9175,0.9175,0.0763491513414818,0.08619426086873518,0.913805739131266,-1.124100812432971e-15,316.5294447990764,cuda:0,torch
11,fmm,7,15,15,0,0.91775,0.91775,0.0766246147634422,0.08592901912964201,0.9140709808703567,1.3322676295501878e-15,316.4712600648387,cuda:0,torch
11,fmm,7,15,15,0,0.918,0.918,0.07706458338647729,0.08592470846503732,0.9140752915349594,3.316791286067655e-15,316.4103494505408,cuda:0,torch
11,fmm,7,15,15,0,0.91825,0.91825,0.07766902093847558,0.08617464108233527,0.913825358917663,1.6930901125533637e-15,316.3467404246411,cuda:0,torch
11,fmm,7,15,15,0,0.9185,0.9185,0.07843939639569693,0.08667509073605259,0.9133249092639456,1.8041124150158794e-15,316.5366440312596,cuda:0,torch
11,fmm,7,15,15,0,0.91875,0.91875,0.07937867263712163,0.08742513678018025,0.9125748632198232,-3.427813588530171e-15,317.00138886630424,cuda:0,torch
11,fmm,7,15,15,0,0.919,0.919,0.08049132174913166,0.08842657144626205,0.9115734285537385,-5.134781488891349e-16,317.4245132175649,cuda:0,torch
11,fmm,7,15,15,0,0.91925,0.91925,0.08178336679161419,0.089683865622977,0.9103161343770246,-1.6375789613221059e-15,317.8117548761154,cuda:0,torch
11,fmm,7,15,15,0,0.9195,0.9195,0.08326245046578246,0.09120419033242505,0.9087958096675683,6.6058269965196814e-15,318.16758895846715,cuda:0,torch
11,fmm,7,15,15,0,0.91975,0.91975,0.08493793175491011,0.09299749283799542,0.9070025071620035,1.096345236817342e-15,318.4955851506438,cuda:0,torch
11,fmm,7,15,15,0,0.92,0.92,0.08682101224881415,0.0950766279400956,0.9049233720598986,5.814793091474257e-15,318.7986443702583,cuda:0,torch
11,fmm,7,15,15,0,0.92025,0.92025,0.08892489451758671,0.09745754657139635,0.9025424534286105,-6.855627177060342e-15,319.0791612006573,cuda:0,torch
11,fmm,7,15,15,0,0.9205,0.9205,0.0912649755721906,0.10015954533408311,0.899840454665925,-8.104628079763643e-15,319.33913873962575,cuda:0,torch
11,fmm,7,15,15,0,0.92075,0.92075,0.09385907913567691,0.10320558215834315,0.8967944178416583,-1.4016565685892601e-15,319.5802718817089,cuda:0,torch
11,fmm,7,15,15,0,0.921,0.921,0.09672773113438854,0.10662266481852685,0.8933773351814766,-3.400058012914542e-15,319.8040090399501,cuda:0,torch
11,fmm,7,15,15,0,0.92125,0.92125,0.09989448347222653,0.11044232061406695,0.8895576793859322,8.326672684688674e-16,320.01159876439317,cuda:0,torch
11,fmm,7,15,15,0,0.9215,0.9215,0.10338629171506318,0.11470115706641754,0.885298842933572,1.049160758270773e-14,320.2041255445059,cuda:0,torch
11,fmm,7,15,15,0,0.92175,0.92175,0.10723395268629747,0.1194415249086884,0.8805584750913109,6.938893903907228e-16,320.3825377133877,cuda:0,torch
11,fmm,7,15,15,0,0.922,0.922,0.11147260799545566,0.12471229578030374,0.8752877042196915,4.773959005888173e-15,320.54766948376016,cuda:0,torch
11,fmm,7,15,15,0,0.92225,0.92225,0.11614231892669355,0.13056976758642366,0.8694302324135679,8.465450562766819e-15,320.7002585558763,cuda:0,torch
11,fmm,7,15,15,0,0.9225,0.9225,0.12128871649137277,0.13707870994818658,0.8629212900518095,3.913536161803677e-15,320.84096033708636,cuda:0,torch
11,fmm,7,15,15,0,0.92275,0.92275,0.12696372716009932,0.14431355975961457,0.8556864402403812,4.218847493575595e-15,320.97035953563983,cuda:0,torch
11,fmm,7,15,15,0,0.923,0.923,0.13322636885501501,0.15235977131978748,0.8476402286802157,-3.191891195797325e-15,321.088979696094,cuda:0,torch
11,fmm,7,15,15,0,0.92325,0.92325,0.1401436017175668,0.16131531485983386,0.8386846851401737,-7.549516567451064e-15,321.19729110397765,cuda:0,torch
11,fmm,7,15,15,0,0.9235,0.9235,0.14779120173924898,0.17129229850565614,0.828707701494344,-1.6653345369377348e-16,321.2957173859016,cuda:0,torch
11,fmm,7,15,15,0,0.92375,0.92375,0.15625459924658006,0.18241865721136596,0.8175813427886318,2.220446049250313e-15,321.3846410566464,cuda:0,torch
11,fmm,7,15,15,0,0.924,0.924,0.16562958364252817,0.19483980108780238,0.8051601989121847,1.2906342661267445e-14,321.46440820913205,cuda:0,torch
11,fmm,7,15,15,0,0.92425,0.92425,0.1760227138397618,0.208720034753246,0.7912799652467442,9.853229343548264e-15,321.5353325012773,cuda:0,torch
11,fmm,7,15,15,0,0.9245,0.9245,0.18755118096016388,0.2242434344716205,0.7757565655283793,1.3877787807814457e-16,321.5976985618296,cuda:0,torch
11,fmm,7,15,15,0,0.92475,0.92475,0.2003417336078606,0.2416136812354297,0.7583863187645683,1.9984014443252818e-15,321.6517649127367,cuda:0,torch
11,fmm,7,15,15,0,0.925,0.925,0.21452808125109213,0.26105207037733297,0.7389479296226663,7.216449660063518e-16,321.6977664865773,cuda:0,torch
11,fmm,7,15,15,0,0.92525,0.92525,0.23024592270161745,0.2827925231463237,0.7172074768536721,4.163336342344337e-15,321.73591680267464,cuda:0,torch
11,fmm,7,15,15,0,0.9255,0.9255,0.2476243957535229,0.307071888824564,0.6929281111754239,1.2156942119645464e-14,321.76640985378003,cuda:0,torch
11,fmm,7,15,15,0,0.92575,0.92575,0.26677232435840686,0.33411314754824506,0.6658868524517491,5.88418203051333e-15,321.78942174583955,cuda:0,torch
11,fmm,7,15,15,0,0.926,0.926,0.2877572181057194,0.36409837062402695,0.6359016293759584,1.4654943925052066e-14,321.8051121259031,cuda:0,torch
11,fmm,7,15,15,0,0.92625,0.92625,0.3105747297010671,0.3971276781354937,0.6028723218645126,-6.2727600891321345e-15,321.81362542718654,cuda:0,torch
11,fmm,7,15,15,0,0.9265,0.9265,0.3351065626675615,0.4331604337851343,0.5668395662148562,9.492406860545088e-15,321.8150919553963,cuda:0,torch
11,fmm,7,15,15,0,0.92675,0.92675,0.3610662829651133,0.47193643768339627,0.5280635623165706,3.314015728506092e-14,321.8096288364226,cuda:0,torch
11,fmm,7,15,15,0,0.927,0.927,0.38793605263572833,0.5128793249033532,0.4871206750966643,-1.7541523789077473e-14,321.7973408422102,cuda:0,torch
11,fmm,7,15,15,0,0.92725,0.92725,0.4149039266753418,0.5549933889481524,0.4450066110517805,6.705747068735946e-14,321.7783211088808,cuda:0,torch
11,fmm,7,15,15,0,0.9275,0.9275,0.4408211638564307,0.5967793805380949,0.40322061946192,-1.4876988529977098e-14,321.75265175889837,cuda:0,torch
11,fmm,7,15,15,0,0.92775,0.92775,0.4642096316536666,0.636211951319786,0.3637880486802018,1.2101430968414206e-14,321.7204044371595,cuda:0,torch
11,fmm,7,15,15,0,0.9279999999999999,0.9279999999999999,0.48335411258335254,0.6708324143020183,0.3291675856979232,5.839773109528323e-14,321.681640769246,cuda:0,torch
11,fmm,7,15,15,0,0.92825,0.92825,0.4965024699161376,0.6979996465626195,0.3020003534374073,-2.6756374893466273e-14,321.6364127487061,cuda:0,torch
11,fmm,7,15,15,0,0.9285,0.9285,0.502160053077336,0.7152947726112313,0.2847052273887544,1.4210854715202004e-14,321.5847630590151,cuda:0,torch
11,fmm,7,15,15,0,0.92875,0.92875,0.499410485530475,0.7209969191730364,0.2790030808269237,3.985700658404312e-14,321.52672533481103,cuda:0,torch
11,fmm,7,15,15,0,0.929,0.929,0.4881532843282921,0.7144774708988638,0.2855225291011076,2.853273173286652e-14,321.46232436608074,cuda:0,torch
11,fmm,7,15,15,0,0.92925,0.92925,0.4691580657081293,0.6963568372578821,0.3036431627421048,1.3100631690576847e-14,321.39157624812026,cuda:0,torch
11,fmm,7,15,15,0,0.9295,0.9295,0.4439055105585014,0.6683553790910864,0.331644620908914,-4.440892098500626e-16,321.31448847933154,cuda:0,torch
11,fmm,7,15,15,0,0.92975,0.92975,0.4142775371457264,0.6329023792885189,0.36709762071145463,2.6423307986078726e-14,321.2310600081953,cuda:0,torch
11,fmm,7,15,15,0,0.9299999999999999,0.9299999999999999,0.3822132592315561,0.5926578603942664,0.40734213960569654,3.708144902248023e-14,321.14128123007845,cuda:0,torch
11,fmm,7,15,15,0,0.93025,0.93025,0.3494355638161637,0.5501021266417377,0.4498978733582266,3.5638159090467525e-14,321.0451339338609,cuda:0,torch
11,fmm,7,15,15,0,0.9305,0.9305,0.3172980326457049,0.5072791419708184,0.4927208580291636,1.8096635301390052e-14,320.94259119770703,cuda:0,torch
11,fmm,7,15,15,0,0.93075,0.93075,0.28674601942803163,0.4657002972437373,0.5342997027562805,-1.7763568394002505e-14,320.83361723260856,cuda:0,torch
11,fmm,7,15,15,0,0.9309999999999999,0.9309999999999999,0.25835526088776656,0.42636611213036224,0.5736338878696479,-1.0103029524088925e-14,320.71816717163534,cuda:0,torch
11,fmm,7,15,15,0,0.93125,0.93125,0.23240742419478683,0.38985142722480787,0.6101485727752087,-1.659783421814609e-14,320.59618680202846,cuda:0,torch
11,fmm,7,15,15,0,0.9315,0.9315,0.20897250139194035,0.3564103909441475,0.643589609055841,1.1546319456101628e-14,320.4676122364855,cuda:0,torch
11,fmm,7,15,15,0,0.93175,0.93175,0.18798140797094864,0.32607492343420647,0.6739250765657739,1.9595436384634013e-14,320.3323695190143,cuda:0,torch
11,fmm,7,15,15,0,0.9319999999999999,0.9319999999999999,0.16928256823448565,0.2987350426779427,0.7012649573220576,-3.3306690738754696e-16,320.1903741597301,cuda:0,torch
11,fmm,7,15,15,0,0.93225,0.93225,0.15268238931877698,0.2741987321226022,0.725801267877392,5.828670879282072e-15,320.041530591764,cuda:0,torch
11,fmm,7,15,15,0,0.9325,0.9325,0.13797225014351636,0.2522336303492412,0.747766369650741,1.787459069646502e-14,319.8857315420881,cuda:0,torch
11,fmm,7,15,15,0,0.93275,0.93275,0.12494531650897771,0.2325944012621584,0.7674055987378265,1.504352198367087e-14,319.7228573064695,cuda:0,torch
11,fmm,7,15,15,0,0.9329999999999999,0.9329999999999999,0.11340620156177099,0.2150396468487072,0.7849603531512863,6.494804694057166e-15,319.5527749168871,cuda:0,torch
11,fmm,7,15,15,0,0.93325,0.93325,0.10317586281709963,0.19934158879553548,0.8006584112044611,3.3861802251067274e-15,319.37533718752485,cuda:0,torch
11,fmm,7,15,15,0,0.9335,0.9335,0.09409348064795245,0.1852909684342476,0.8147090315657352,1.7236212457305555e-14,319.1903816227989,cuda:0,torch
11,fmm,7,15,15,0,0.93375,0.93375,0.08601652286293361,0.17269891557089465,0.8273010844291061,-7.494005416219807e-16,318.99772916768933,cuda:0,torch
11,fmm,7,15,15,0,0.9339999999999999,0.9339999999999999,0.07881979242153561,0.1613969844907026,0.8386030155092974,0.0,318.7971827768071,cuda:0,torch
11,fmm,7,15,15,0,0.93425,0.93425,0.07239396646470665,0.15123614972015198,0.84876385027984,7.993605777301127e-15,318.5885257738911,cuda:0,torch
11,fmm,7,15,15,0,0.9345,0.9345,0.06664393868841449,0.1420852697850512,0.8579147302149408,7.993605777301127e-15,318.3715199677314,cuda:0,torch
11,fmm,7,15,15,0,0.93475,0.93475,0.06148714819148323,0.13382933450119522,0.8661706654988051,-2.7755575615628914e-16,318.1459034833945,cuda:0,torch
11,fmm,7,15,15,0,0.9349999999999999,0.9349999999999999,0.05685199558307272,0.12636768414786487,0.8736323158521422,-7.049916206369744e-15,317.9113882588457,cuda:0,torch
11,fmm,7,15,15,0,0.93525,0.93525,0.052676395968187725,0.11961230685992408,0.8803876931400728,3.1086244689504383e-15,317.66765714609477,cuda:0,torch
11,fmm,7,15,15,0,0.9355,0.9355,0.048906487626053145,0.11348626890658223,0.8865137310934131,4.6351811278100286e-15,317.4143605421909,cuda:0,torch
11,fmm,7,15,15,0,0.93575,0.93575,0.045495497407993024,0.10792230083297534,0.8920776991670152,9.478529072737274e-15,317.15111245792633,cuda:0,torch
11,fmm,7,15,15,0,0.9359999999999999,0.9359999999999999,0.04240275424014856,0.10286154366771694,0.8971384563322772,5.88418203051333e-15,316.8774859098558,cuda:0,torch
11,fmm,7,15,15,0,0.93625,0.93625,0.039592837457669214,0.09825244883831001,0.901747551161679,1.0949574580365606e-14,316.5930074926069,cuda:0,torch
11,fmm,7,15,15,0,0.9365,0.9365,0.03703484499980602,0.09404981999817619,0.9059501800018189,4.884981308350689e-15,316.2971509514146,cuda:0,torch
11,fmm,7,15,15,0,0.93675,0.93675,0.03470176648662922,0.09021398265101853,0.9097860173489739,7.563394355258879e-15,315.9893295263886,cuda:0,torch
11,fmm,7,15,15,0,0.9369999999999999,0.9369999999999999,0.03256994709248229,0.08671006698195324,0.9132899330180515,-4.746203430272544e-15,335.55392469056034,cuda:0,torch
11,fmm,7,15,15,0,0.93725,0.93725,0.030618629452027934,0.08350738986234155,0.9164926101376544,4.08006961549745e-15,464.70627369585713,cuda:0,torch
11,fmm,7,15,15,0,0.9375,0.9375,0.02882956230196522,0.08057892308676122,0.9194210769132393,-4.85722573273506e-16,314.9870942963807,cuda:0,torch
11,fmm,7,15,15,0,0.93775,0.93775,0.027186666016941512,0.07790083622208056,0.9220991637779228,-3.344546861683284e-15,314.6239710237051,cuda:0,torch
11,fmm,7,15,15,0,0.938,0.938,0.02567574655859175,0.07545210382201276,0.9245478961779808,6.411537967210279e-15,314.5703925003469,cuda:0,torch
11,fmm,7,15,15,0,0.93825,0.93825,0.024284250583764422,0.07321416808577771,0.9267858319142257,-3.4139358007223564e-15,314.5646885807073,cuda:0,torch
11,fmm,7,15,15,0,0.9385,0.9385,0.023001055539806473,0.0711706492653597,0.928829350734635,5.287437154777308e-15,314.5586414441544,cuda:0,torch
11,fmm,7,15,15,0,0.93875,0.93875,0.021816289514074938,0.06930709723078009,0.9306929027692168,3.1225022567582528e-15,314.5522505529035,cuda:0,torch
11,fmm,7,15,15,0,0.939,0.939,0.020721176411879955,0.06761077858205602,0.9323892214179459,-1.915134717478395e-15,314.5455153968752,cuda:0,torch
11,fmm,7,15,15,0,0.93925,0.93925,0.019707902725695885,0.06607049455602455,0.9339295054439728,2.6506574712925612e-15,314.53843549393235,cuda:0,torch
11,fmm,7,15,15,0,0.9395,0.9395,0.018769502743263458,0.06467642572594967,0.9353235742740509,-5.551115123125783e-16,314.5310103901055,cuda:0,torch
11,fmm,7,15,15,0,0.93975,0.93975,0.01789975953753843,0.06342000014512614,0.9365799998548706,3.247402347028583e-15,314.5232396598158,cuda:0,torch
11,fmm,7,15,15,0,0.94,0.94,0.017093119500589317,0.06229378215605218,0.9377062178439389,8.895661984809067e-15,314.51512290608184,cuda:0,torch
11,fmm,7,15,15,0,0.94025,0.94025,0.016344618538182754,0.06129137958741538,0.938708620412587,-2.338407245616736e-15,314.50665976072173,cuda:0,torch
11,fmm,7,15,15,0,0.9405,0.9405,0.015649818342542764,0.060407367505314724,0.9395926324946855,-2.220446049250313e-16,314.49784988454553,cuda:0,torch
11,fmm,7,15,15,0,0.94075,0.94075,0.015004751416646991,0.05963722708508598,0.9403627729149175,-3.524958103184872e-15,314.48869296753736,cuda:0,torch
11,fmm,7,15,15,0,0.941,0.941,0.014405873742321513,0.05897729853744858,0.9410227014625508,5.689893001203927e-16,314.47918872902943,cuda:0,torch
11,fmm,7,15,15,0,0.9412499999999999,0.9412499999999999,0.013850024173198703,0.05842474736912136,0.941575252630873,5.592748486549226e-15,314.46933691786495,cuda:0,torch
11,fmm,7,15,15,0,0.9415,0.9415,0.013334389798379354,0.05797754359507906,0.942022456404922,-1.0547118733938987e-15,696.4686900610312,cuda:0,torch
11,fmm,7,15,15,0,0.94175,0.94175,0.012856476668773566,0.057634453859213536,0.9423655461407896,-3.1363800445660672e-15,1150.5850729989236,cuda:0,torch
11,fmm,7,15,15,0,0.942,0.942,0.012414085410482511,0.05739504677539972,0.9426049532245998,4.718447854656915e-16,350.4910486559385,cuda:0,torch
11,fmm,7,15,15,0,0.94225,0.94225,0.012005291373104146,0.05725971218661566,0.942740287813381,3.3029134982598407e-15,314.42644996479686,cuda:0,torch
11,fmm,7,15,15,0,0.9425,0.9425,0.011628429080026786,0.05722969547291265,0.9427703045270834,3.913536161803677e-15,314.4148575661801,cuda:0,torch
11,fmm,7,15,15,0,0.94275,0.94275,0.011282080867782526,0.057307148540415145,0.9426928514595831,1.7069679003611782e-15,314.4029167156853,cuda:0,torch
11,fmm,7,15,15,0,0.943,0.943,0.010965069727734377,0.0574951997185662,0.9425048002814365,-2.6645352591003757e-15,315.0334984183951,cuda:0,torch
11,fmm,7,15,15,0,0.9432499999999999,0.9432499999999999,0.010676456502399538,0.05779804551333384,0.9422019544866675,-1.3877787807814457e-15,315.8074160130651,cuda:0,torch
11,fmm,7,15,15,0,0.9435,0.9435,0.010415541748417047,0.05822106805035377,0.9417789319496489,-2.671474153004283e-15,316.47626036577407,cuda:0,torch
11,fmm,7,15,15,0,0.94375,0.94375,0.010181872768655877,0.05877098314512099,0.9412290168548754,3.642919299551295e-15,317.06533632933764,cuda:0,torch
11,fmm,7,15,15,0,0.944,0.944,0.009975256550289911,0.05945602532270151,0.9405439746772923,6.1547988927657116e-15,317.59104099641814,cuda:0,torch
11,fmm,7,15,15,0,0.94425,0.94425,0.009795779641046453,0.06028617785924703,0.9397138221407542,-1.1934897514720433e-15,318.06472479742894,cuda:0,torch
11,fmm,7,15,15,0,0.9445,0.9445,0.009643836375471107,0.06127345813604798,0.938726541863952,2.7755575615628914e-17,318.4946325586358,cuda:0,torch
11,fmm,7,15,15,0,0.94475,0.94475,0.009520167357848256,0.06243227141030307,0.9375677285897023,-5.342948306008566e-15,318.88697752682845,cuda:0,torch
11,fmm,7,15,15,0,0.945,0.945,0.009425910760419388,0.06377984966566652,0.9362201503343347,-1.2212453270876722e-15,319.24657976155896,cuda:0,torch
11,fmm,7,15,15,0,0.9452499999999999,0.9452499999999999,0.009362669860852322,0.06533679667360032,0.934663203326393,6.716849298982197e-15,319.57726732951227,cuda:0,torch
11,fmm,7,15,15,0,0.9455,0.9455,0.009332601396493532,0.06712776592502716,0.9328722340749684,4.399258735077183e-15,319.88213995229694,cuda:0,torch
11,fmm,7,15,15,0,0.94575,0.94575,0.009338530851731237,0.06918230475257162,0.9308176952474269,1.5265566588595902e-15,320.1637487368145,cuda:0,torch
11,fmm,7,15,15,0,0.946,0.946,0.009384102840128581,0.0715359056040937,0.928464094395901,5.245803791353865e-15,320.4242225154034,cuda:0,torch
11,fmm,7,15,15,0,0.9462499999999999,0.9462499999999999,0.009473977432856988,0.07423131335533262,0.9257686866446619,5.440092820663267e-15,320.6653589999633,cuda:0,torch
11,fmm,7,15,15,0,0.9465,0.9465,0.00961408674673418,0.07732014388413055,0.9226798561158637,5.773159728050814e-15,320.8886920400687,cuda:0,torch
11,fmm,7,15,15,0,0.94675,0.94675,0.009811970374276485,0.08086486947060581,0.9191351305293985,-4.3576253716537394e-15,321.0955422259994,cuda:0,torch
11,fmm,7,15,15,0,0.947,0.947,0.010077213056267433,0.08494121131102184,0.9150587886889743,3.885780586188048e-15,321.2870556177309,cuda:0,torch
11,fmm,7,15,15,0,0.9472499999999999,0.9472499999999999,0.01042201233553572,0.0896409282093465,0.9103590717906646,-1.1046719095020308e-14,321.4642338380108,cuda:0,torch
11,fmm,7,15,15,0,0.9475,0.9475,0.010861904900719086,0.09507486131061807,0.9049251386893796,2.3037127760972e-15,321.6279577724711,cuda:0,torch
11,fmm,7,15,15,0,0.94775,0.94775,0.011416670760152216,0.10137580201525437,0.8986241979847371,8.493206138382448e-15,321.78096715594586,cuda:0,torch
11,fmm,7,15,15,0,0.948,0.948,0.012111397547707032,0.10870012266630585,0.8912998773336985,-4.385380947269368e-15,321.92661924436436,cuda:0,torch
11,fmm,7,15,15,0,0.9482499999999999,0.9482499999999999,0.012977585747894992,0.11722581265155814,0.8827741873484385,3.372302437298913e-15,322.06090998322264,cuda:0,torch
11,fmm,7,15,15,0,0.9485,0.9485,0.014053929281116751,0.12714197194093566,0.8728580280590601,4.246603069191224e-15,322.18439283686683,cuda:0,torch
11,fmm,7,15,15,0,0.94875,0.94875,0.01538585322344744,0.13861987148233934,0.8613801285176601,5.551115123125783e-16,322.29756567606944,cuda:0,torch
11,fmm,7,15,15,0,0.949,0.949,0.017021742183735932,0.15174699241583284,0.848253007584166,1.1657341758564144e-15,322.4008777981416,cuda:0,torch
11,fmm,7,15,15,0,0.9492499999999999,0.9492499999999999,0.019001665356767204,0.16639262278072803,0.8336073772192686,3.3861802251067274e-15,322.49473582225124,cuda:0,torch
11,fmm,7,15,15,0,0.9495,0.9495,0.02133130714610051,0.18196308672862255,0.8180369132713453,3.214095656289828e-14,322.5795086713046,cuda:0,torch
11,fmm,7,15,15,0,0.94975,0.94975,0.023932147532895083,0.19702630855297917,0.8029736914470299,-9.076073226310655e-15,322.6555318062164,cuda:0,torch
11,fmm,7,15,15,0,0.95,0.95,0.02656826302206874,0.20891716365522045,0.7910828363447844,-4.829470157119431e-15,322.72311084383847,cuda:0,torch
11,fmm,7,15,15,0,0.9502499999999999,0.9502499999999999,0.028789171428281204,0.21376442325471173,0.7862355767452839,4.385380947269368e-15,322.7825246632753,cuda:0,torch
11,fmm,7,15,15,0,0.9505,0.9505,0.029993908165013808,0.20769024044602136,0.7923097595539591,1.9539925233402755e-14,322.8340280848043,cuda:0,torch
11,fmm,7,15,15,0,0.95075,0.95075,0.02970632157029484,0.18927698452314135,0.8107230154768205,3.8191672047105385e-14,322.877854189565,cuda:0,torch
11,fmm,7,15,15,0,0.951,0.951,0.027912411627220097,0.1613658430493325,0.8386341569506447,2.2815083156046967e-14,322.91421633557803,cuda:0,torch
11,fmm,7,15,15,0,0.9512499999999999,0.9512499999999999,0.02510032396931104,0.12979060533053302,0.8702093946694481,1.8846035843012032e-14,322.9433099156302,cuda:0,torch
11,fmm,7,15,15,0,0.9515,0.9515,0.021938076621866864,0.10005977430254989,0.8999402256974467,3.4139358007223564e-15,322.9653138945718,cuda:0,torch
11,fmm,7,15,15,0,0.95175,0.95175,0.018940034450980723,0.07524403877716154,0.9247559612228382,2.498001805406602e-16,322.98039215715136,cuda:0,torch
11,fmm,7,15,15,0,0.952,0.952,0.01636467515488028,0.05607428901817106,0.9439257109818245,4.399258735077183e-15,322.9886946922713,cuda:0,torch
11,fmm,7,15,15,0,0.9522499999999999,0.9522499999999999,0.014278188688363258,0.041982955321374506,0.9580170446786186,6.904199434387692e-15,322.9903586353548,cuda:0,torch
11,fmm,7,15,15,0,0.9525,0.9525,0.012648338013440846,0.03197720718129078,0.9680227928187175,-8.28503932126523e-15,322.9855091870048,cuda:0,torch
11,fmm,7,15,15,0,0.95275,0.95275,0.011408712679843256,0.025087651957214182,0.9749123480427818,4.000272335602517e-15,322.9742604232701,cuda:0,torch
11,fmm,7,15,15,0,0.953,0.953,0.010490718840688664,0.020523771289887617,0.9794762287101084,3.9621084191310274e-15,322.9567160104899,cuda:0,torch
11,fmm,7,15,15,0,0.9532499999999999,0.9532499999999999,0.00983585426808278,0.017691556349849792,0.9823084436501324,1.7839896226945484e-14,322.93296983567757,cuda:0,torch
11,fmm,7,15,15,0,0.9535,0.9535,0.009398603253207833,0.016163507074178234,0.9838364929258131,8.666678485980128e-15,322.9031065617553,cuda:0,torch
11,fmm,7,15,15,0,0.95375,0.95375,0.0091456766774199,0.015640301232501676,0.9843596987675051,-6.741135427645872e-15,322.8672021155522,cuda:0,torch
11,fmm,7,15,15,0,0.954,0.954,0.009054234174233658,0.01591763088686635,0.9840823691131325,1.1345091532888318e-15,322.8253241153068,cuda:0,torch
11,fmm,7,15,15,0,0.9542499999999999,0.9542499999999999,0.009110144884688464,0.016861088749862724,0.9831389112501289,8.409939411535561e-15,322.7775322433558,cuda:0,torch
11,fmm,7,15,15,0,0.9545,0.9545,0.009306640290643627,0.018388388031872024,0.9816116119681267,1.2351231148954867e-15,322.7238785688607,cuda:0,torch
11,fmm,7,15,15,0,0.95475,0.95475,0.009643435126622031,0.020457374893400878,0.9795426251066024,-3.271688475692258e-15,322.66440782466657,cuda:0,torch
11,fmm,7,15,15,0,0.955,0.955,0.010126302047440316,0.023058408202330835,0.9769415917976666,2.5673907444456745e-15,322.5991576416928,cuda:0,torch
11,fmm,7,15,15,0,0.9552499999999999,0.9552499999999999,0.010767071881481753,0.026210032076745552,0.9737899679232597,-5.221517662690189e-15,322.52815874369435,cuda:0,torch
11,fmm,7,15,15,0,0.9555,0.9555,0.011584046214900185,0.02995721448151257,0.9700427855184842,3.2127078775090467e-15,322.4514351047188,cuda:0,torch
11,fmm,7,15,15,0,0.95575,0.95575,0.012602833105747727,0.03437170620386681,0.9656282937961366,-3.3792413312028202e-15,322.36900407107987,cuda:0,torch
11,fmm,7,15,15,0,0.956,0.956,0.01385764139191594,0.03955428038772405,0.960445719612272,3.9621084191310274e-15,322.2808764492844,cuda:0,torch
11,fmm,7,15,15,0,0.9562499999999999,0.9562499999999999,0.015393088276415105,0.04563874203663069,0.9543612579633687,6.314393452555578e-16,322.1870565608851,cuda:0,torch
11,fmm,7,15,15,0,0.9564999999999999,0.9564999999999999,0.01726657914754562,0.05279763126772685,0.947202368732273,1.1102230246251565e-16,322.08754226491163,cuda:0,torch
11,fmm,7,15,15,0,0.95675,0.95675,0.019551288061911004,0.061249426931605205,0.9387505730683768,1.7957857423311907e-14,321.9823249481075,cuda:0,torch
11,fmm,7,15,15,0,0.957,0.957,0.02233966037844458,0.07126666025157398,0.9287333397484312,-5.176414852314792e-15,321.8713894828796,cuda:0,torch
11,fmm,7,15,15,0,0.9572499999999999,0.9572499999999999,0.02574709218841805,0.08318341485177827,0.9168165851482306,-8.881784197001252e-15,321.75471415246125,cuda:0,torch
11,fmm,7,15,15,0,0.9575,0.9575,0.029914855733377786,0.0973987464605065,0.9026012535394874,6.106226635438361e-15,321.63227054245374,cuda:0,torch
11,fmm,7,15,15,0,0.95775,0.95775,0.03501015721418704,0.11436880934773881,0.885631190652261,1.5265566588595902e-16,321.50402339746984,cuda:0,torch
11,fmm,7,15,15,0,0.958,0.958,0.04121901065476314,0.13457382042703317,0.865426179572961,5.856426454897701e-15,321.3699304412342,cuda:0,torch
11,fmm,7,15,15,0,0.9582499999999999,0.9582499999999999,0.048723954932501076,0.15843556964009636,0.8415644303599132,-9.603429163007604e-15,321.22994215798997,cuda:0,torch
11,fmm,7,15,15,0,0.9584999999999999,0.9584999999999999,0.05765377296123979,0.18614872045002728,0.8138512795499784,-5.662137425588298e-15,321.08400153260527,cuda:0,torch
11,fmm,7,15,15,0,0.95875,0.95875,0.06798927246869405,0.21738526929293284,0.7826147307070668,3.885780586188048e-16,320.9320437461825,cuda:0,torch
11,fmm,7,15,15,0,0.959,0.959,0.07941759785765128,0.25086682585345776,0.7491331741465345,7.771561172376096e-15,320.77399582336557,cuda:0,torch
11,fmm,7,15,15,0,0.9592499999999999,0.9592499999999999,0.0911662043510516,0.28392645482009293,0.7160735451798883,1.8762769116165146e-14,320.60977622681537,cuda:0,torch
11,fmm,7,15,15,0,0.9594999999999999,0.9594999999999999,0.10192774544355679,0.31241689489847874,0.6875831051014973,2.3925306180672123e-14,320.43929439350694,cuda:0,torch
11,fmm,7,15,15,0,0.95975,0.95975,0.11005538542901872,0.3314757891091582,0.6685242108908156,2.6201263381153694e-14,320.26245020654443,cuda:0,torch
11,fmm,7,15,15,0,0.96,0.96,0.11410946606469449,0.3372730780753076,0.6627269219246761,1.63202784619898e-14,320.0791333950892,cuda:0,torch
11,fmm,14,29,29,0,0.9,0.9,0.011541600454996132,0.02502717441420611,0.9749728255858123,-1.844011054963346e-14,694.6528640768917,cuda:0,torch
11,fmm,14,29,29,0,0.90025,0.90025,0.010913124552539821,0.02541812043751883,0.9745818795624955,-1.4363510381087963e-14,693.3401232757445,cuda:0,torch
11,fmm,14,29,29,0,0.9005,0.9005,0.010326714200880558,0.02588847608456175,0.974111523915443,-4.728856195512776e-15,692.6320521044242,cuda:0,torch
11,fmm,14,29,29,0,0.90075,0.90075,0.009781140225723855,0.026437833437421867,0.9735621665626,-2.1840168562548e-14,692.4367226517387,cuda:0,torch
11,fmm,14,29,29,0,0.901,0.901,0.009275269887510151,0.027066867966116886,0.9729331320338844,-1.3149203947904198e-15,692.2515183917999,cuda:0,torch
11,fmm,14,29,29,0,0.90125,0.90125,0.008808120419394954,0.027777367561039466,0.9722226324389595,1.078998002057574e-15,692.0659087034422,cuda:0,torch
11,fmm,14,29,29,0,0.9015,0.9015,0.00837890885806841,0.028572272899382464,0.9714277271006235,-5.991734886023892e-15,691.8798913171338,cuda:0,torch
11,fmm,14,29,29,0,0.90175,0.90175,0.007987100329081512,0.029455733669870234,0.9705442663301379,-8.139322549283179e-15,691.6934639897117,cuda:0,torch
11,fmm,14,29,29,0,0.902,0.902,0.00763245702527607,0.030433185091109195,0.9695668149088864,4.395789288125229e-15,691.5066245056041,cuda:0,torch
11,fmm,14,29,29,0,0.90225,0.90225,0.00731509023945209,0.031511449334185274,0.9684885506657986,1.6084356069256955e-14,691.3193706780602,cuda:0,torch
11,fmm,14,29,29,0,0.9025,0.9025,0.00703551800711317,0.0326988669119565,0.9673011330880552,-1.1712852909795402e-14,691.1317003503655,cuda:0,torch
11,fmm,14,29,29,0,0.90275,0.90275,0.006794731209409101,0.034005463844973674,0.9659945361550347,-8.396061623727746e-15,690.9436113970512,cuda:0,torch
11,fmm,14,29,29,0,0.903,0.903,0.00659427141044334,0.035443161488268274,0.9645568385117265,5.259681579161679e-15,690.7551017251196,cuda:0,torch
11,fmm,14,29,29,0,0.90325,0.90325,0.006436324293178001,0.037026037348734116,0.9629739626512738,-7.889522368742519e-15,690.5661692752502,cuda:0,torch
11,fmm,14,29,29,0,0.9035,0.9035,0.006323833359414226,0.038770647101262594,0.9612293528987401,-2.7131075164277263e-15,690.3768120229978,cuda:0,torch
11,fmm,14,29,29,0,0.90375,0.90375,0.006260639629243494,0.04069642040277977,0.9593035795972288,-8.555656183517613e-15,690.1870279799953,cuda:0,torch
11,fmm,14,29,29,0,0.904,0.904,0.006251654488470658,0.042826146105524106,0.9571738538944744,1.4918621893400541e-15,689.9968151951488,cuda:0,torch
11,fmm,14,29,29,0,0.90425,0.90425,0.006303074684204542,0.04518656620027497,0.9548134337997269,-1.908195823574488e-15,689.8061717558153,cuda:0,torch
11,fmm,14,29,29,0,0.9045,0.9045,0.006422650881027529,0.04780910240114294,0.9521908975988473,9.721390359374027e-15,689.6150957889798,cuda:0,torch
11,fmm,14,29,29,0,0.90475,0.90475,0.006620024315473985,0.05073074483280984,0.9492692551671971,-6.9111383282915995e-15,689.423585462423,cuda:0,torch
11,fmm,14,29,29,0,0.905,0.905,0.006907150110243536,0.05399513886685323,0.9460048611331506,-3.864963904476326e-15,689.2316389858806,cuda:0,torch
11,fmm,14,29,29,0,0.90525,0.90525,0.007298830945719178,0.05765391372423215,0.9423460862757709,-3.0253577421035516e-15,689.039254612182,cuda:0,torch
11,fmm,14,29,29,0,0.9055,0.9055,0.007813391258322202,0.06176830469780284,0.9382316953022184,-2.123301534595612e-14,688.846430638395,cuda:0,torch
11,fmm,14,29,29,0,0.90575,0.90575,0.008473530127077956,0.06641112891020981,0.9335888710897939,-3.747002708109903e-15,688.6531654069338,cuda:0,torch
11,fmm,14,29,29,0,0.906,0.906,0.009307400555054171,0.07166918056486635,0.9283308194351273,6.356026815979021e-15,688.459457306682,cuda:0,torch
11,fmm,14,29,29,0,0.90625,0.90625,0.0103499736052178,0.07764611198364404,0.9223538880163646,-8.68749516769185e-15,688.2653047740806,cuda:0,torch
11,fmm,14,29,29,0,0.9065,0.9065,0.0116447566306528,0.08446585433569889,0.9155341456643089,-7.799316747991725e-15,688.0707062942054,cuda:0,torch
11,fmm,14,29,29,0,0.9067500000000001,0.9067500000000001,0.013245942760070177,0.09227659393099226,0.9077234060690116,-3.8441472227646045e-15,687.875660401839,cuda:0,torch
11,fmm,14,29,29,0,0.907,0.907,0.01522106763904022,0.10125523312878464,0.8987447668712271,-1.1698975121987587e-14,687.6801656825124,cuda:0,torch
11,fmm,14,29,29,0,0.90725,0.90725,0.01765422667658872,0.11161208882601566,0.8883879111739968,-1.2503886814840826e-14,687.7199527349314,cuda:0,torch
11,fmm,14,29,29,0,0.9075,0.9075,0.020649837761887082,0.12359524742467771,0.8764047525753319,-9.617306950815419e-15,687.8883292261487,cuda:0,torch
11,fmm,14,29,29,0,0.9077500000000001,0.9077500000000001,0.02433677673196511,0.13749339098209484,0.8625066090179065,-1.3877787807814457e-15,688.0368459486748,cuda:0,torch
11,fmm,14,29,29,0,0.908,0.908,0.028872389348043665,0.15363486294143017,0.8463651370585625,7.299716386910404e-15,688.1663675902058,cuda:0,torch
11,fmm,14,29,29,0,0.90825,0.90825,0.034445269988335164,0.17237901778708464,0.8276209822129402,-2.4868995751603507e-14,688.2776671663271,cuda:0,torch
11,fmm,14,29,29,0,0.9085,0.9085,0.041274614566661455,0.19409324842620673,0.805906751573798,-4.718447854656915e-15,688.3714371964286,cuda:0,torch
11,fmm,14,29,29,0,0.9087500000000001,0.9087500000000001,0.04960220472104337,0.21910545418530486,0.7808945458146913,3.83026943495679e-15,688.4482990456938,cuda:0,torch
11,fmm,14,29,29,0,0.909,0.909,0.0596706096586777,0.24761781484123016,0.7523821851587666,3.191891195797325e-15,688.5088107759789,cuda:0,torch
11,fmm,14,29,29,0,0.90925,0.90925,0.07167856105860902,0.2795662833816018,0.7204337166184192,-2.09277040141842e-14,688.5534737738988,cuda:0,torch
11,fmm,14,29,29,0,0.9095,0.9095,0.0857037958599769,0.3144178174159488,0.6855821825840445,6.716849298982197e-15,688.5827383675834,cuda:0,torch
11,fmm,14,29,29,0,0.9097500000000001,0.9097500000000001,0.10158990315232838,0.35092558925842354,0.6490744107416153,-3.885780586188048e-14,688.5970086002354,cuda:0,torch
11,fmm,14,29,29,0,0.91,0.91,0.11881423299846913,0.38692231260422927,0.6130776873958094,-3.863576125695545e-14,688.5966462948718,cuda:0,torch
11,fmm,14,29,29,0,0.91025,0.91025,0.1363918677093285,0.41931265724936073,0.580687342750588,5.129230373768223e-14,688.5819745183348,cuda:0,torch
11,fmm,14,29,29,0,0.9105,0.9105,0.15290832267541962,0.44446060374126717,0.5555393962587423,-9.43689570931383e-15,688.5532805315326,cuda:0,torch
11,fmm,14,29,29,0,0.9107500000000001,0.9107500000000001,0.16676073312383038,0.4590390746578675,0.5409609253421207,1.1823875212257917e-14,688.5108182974294,cuda:0,torch
11,fmm,14,29,29,0,0.911,0.911,0.17657765430898514,0.4610823698422716,0.5389176301577455,-1.709743457922741e-14,688.454810602732,cuda:0,torch
11,fmm,14,29,29,0,0.91125,0.91125,0.18163120366977156,0.45068878486276776,0.5493112151372579,-2.5646151868841116e-14,688.3854508410357,cuda:0,torch
11,fmm,14,29,29,0,0.9115,0.9115,0.1820107263783637,0.42993172534064605,0.5700682746593544,-4.440892098500626e-16,688.3029044940598,cuda:0,torch
11,fmm,14,29,29,0,0.9117500000000001,0.9117500000000001,0.17847820807897474,0.4020560799453467,0.5979439200546512,2.0539125955565396e-15,688.2073103415212,cuda:0,torch
11,fmm,14,29,29,0,0.912,0.912,0.17213340863260948,0.37047007947301713,0.62952992052697,1.2878587085651816e-14,688.0987814230225,cuda:0,torch
11,fmm,14,29,29,0,0.91225,0.91225,0.16408731164089158,0.33801637393286965,0.661983626067118,1.2323475573339238e-14,687.977405770417,cuda:0,torch
11,fmm,14,29,29,0,0.9125,0.9125,0.15526173760975867,0.3066812581429876,0.6933187418569986,1.3822276656583199e-14,687.843246924011,cuda:0,torch
11,fmm,14,29,29,0,0.9127500000000001,0.9127500000000001,0.14632252582719973,0.2776344591106373,0.7223655408893724,-9.71445146547012e-15,687.6963442417808,cuda:0,torch
11,fmm,14,29,29,0,0.913,0.913,0.13769789748506256,0.2514199421937285,0.7485800578062765,-4.9404924595819466e-15,687.536713006624,cuda:0,torch
11,fmm,14,29,29,0,0.91325,0.91325,0.12963155745369764,0.22816742126826095,0.771832578731752,-1.2989609388114332e-14,687.3643443328699,cuda:0,torch
11,fmm,14,29,29,0,0.9135,0.9135,0.12223913928969181,0.2077645888742427,0.7922354111257505,6.827871601444713e-15,687.1792048694813,cuda:0,torch
11,fmm,14,29,29,0,0.9137500000000001,0.9137500000000001,0.11555458304129622,0.1899768897134568,0.8100231102865386,4.579669976578771e-15,686.9812362932498,cuda:0,torch
11,fmm,14,29,29,0,0.914,0.914,0.10956363313872584,0.174522439848865,0.8254775601511298,5.162537064506978e-15,686.7703545813156,cuda:0,torch
11,fmm,14,29,29,0,0.91425,0.91425,0.10422616451657869,0.1611148746470942,0.8388851253529117,-5.9119376061289586e-15,686.5464490476406,cuda:0,torch
11,fmm,14,29,29,0,0.9145,0.9145,0.09949021199378051,0.14948550953664802,0.8505144904633654,-1.3378187446733136e-14,686.3093811229849,cuda:0,torch
11,fmm,14,29,29,0,0.91475,0.91475,0.09530034034901612,0.1393930961259555,0.8606069038740476,-3.0808688933348094e-15,686.0589828519425,cuda:0,torch
11,fmm,14,29,29,0,0.915,0.915,0.09160235933151882,0.1306266031984428,0.8693733968015442,1.2961853812498703e-14,685.7950550738282,cuda:0,torch
11,fmm,14,29,29,0,0.91525,0.91525,0.08834577162624065,0.1230043538117486,0.8769956461882499,1.5265566588595902e-15,685.5173652457028,cuda:0,torch
11,fmm,14,29,29,0,0.9155,0.9155,0.085484863872373,0.1163714622278831,0.883628537772118,-1.124100812432971e-15,685.2256448561311,cuda:0,torch
11,fmm,14,29,29,0,0.91575,0.91575,0.08297901618343369,0.11059665281467174,0.8894033471853287,-3.885780586188048e-16,684.9195863655555,cuda:0,torch
11,fmm,14,29,29,0,0.916,0.916,0.08079258418852386,0.10556903073464174,0.8944309692653505,7.771561172376096e-15,684.5988395944946,cuda:0,torch
11,fmm,14,29,29,0,0.91625,0.91625,0.07889456616676056,0.10119508017799524,0.8988049198220025,2.2620794126737565e-15,684.2630074612882,cuda:0,torch
11,fmm,14,29,29,0,0.9165,0.9165,0.07725817964362244,0.09739600297782894,0.9026039970221721,-1.0269562977782698e-15,683.9116409472379,cuda:0,torch
11,fmm,14,29,29,0,0.91675,0.91675,0.07586041783517446,0.0941054240589264,0.9058945759410727,9.020562075079397e-16,683.5442331361313,cuda:0,torch
11,fmm,14,29,29,0,0.917,0.917,0.07468162384491651,0.09126744731954808,0.9087325526804473,4.6351811278100286e-15,683.1602121355534,cuda:0,torch
11,fmm,14,29,29,0,0.91725,0.91725,0.07370510133574917,0.08883502679184298,0.9111649732081625,-5.4539706084710815e-15,682.758932635297,cuda:0,torch
11,fmm,14,29,29,0,0.9175,0.9175,0.07291676934054314,0.08676861204937208,0.9132313879506246,3.2751579226442118e-15,682.3396657909047,cuda:0,torch
11,fmm,14,29,29,0,0.91775,0.91775,0.07230486272211668,0.08503502747625281,0.9149649725237519,-4.676814491233472e-15,681.9015870281042,cuda:0,torch
11,fmm,14,29,29,0,0.918,0.918,0.07185967656658593,0.08360654865992732,0.9163934513400744,-1.762479051592436e-15,681.4437612435438,cuda:0,torch
11,fmm,14,29,29,0,0.91825,0.91825,0.07157335128572175,0.08246014392549925,0.9175398560745013,-5.273559366969494e-16,680.9651247090183,cuda:0,torch
11,fmm,14,29,29,0,0.9185,0.9185,0.071439694682627,0.0815768539194529,0.9184231460805472,-9.71445146547012e-17,680.4644627563194,cuda:0,torch
11,fmm,14,29,29,0,0.91875,0.91875,0.07145403726325397,0.08094128671268552,0.919058713287313,1.4432899320127035e-15,679.9403819955457,cuda:0,torch
11,fmm,14,29,29,0,0.919,0.919,0.0716131173947276,0.08054120994191107,0.9194587900580858,3.094746681142624e-15,679.3912753573377,cuda:0,torch
11,fmm,14,29,29,0,0.91925,0.91925,0.07191499337034857,0.08036722500525267,0.9196327749947495,-2.1649348980190553e-15,678.8152775769447,cuda:0,torch
11,fmm,14,29,29,0,0.9195,0.9195,0.0723589799559792,0.08041251130334907,0.9195874886966556,-4.704570066849101e-15,678.210207741359,cuda:0,torch
11,fmm,14,29,29,0,0.91975,0.91975,0.07294560751912253,0.08067263103471063,0.9193273689652952,-5.842548667089886e-15,677.5734940087069,cuda:0,torch
11,fmm,14,29,29,0,0.92,0.92,0.07367660235880183,0.08114538718513796,0.9188546128148661,-4.093947403305265e-15,676.9020732596999,cuda:0,torch
11,fmm,14,29,29,0,0.92025,0.92025,0.07455488735459104,0.08183072916796245,0.9181692708320333,4.288236432614667e-15,676.66168681721,cuda:0,torch
11,fmm,14,29,29,0,0.9205,0.9205,0.07558460253759665,0.08273070214071998,0.9172692978592851,-5.10702591327572e-15,676.4415692622864,cuda:0,torch
11,fmm,14,29,29,0,0.92075,0.92075,0.07677114566014871,0.08384943740384529,0.9161505625961556,-8.604228440844963e-16,676.2210235948513,cuda:0,torch
11,fmm,14,29,29,0,0.921,0.921,0.07812123331248652,0.08519318253036406,0.9148068174696357,2.7755575615628914e-16,676.0000521219891,cuda:0,torch
11,fmm,14,29,29,0,0.92125,0.92125,0.07964298361262984,0.08677037102811348,0.913229628971888,-1.457167719820518e-15,675.7786572157183,cuda:0,torch
11,fmm,14,29,29,0,0.9215,0.9215,0.0813460219892995,0.08859173243807553,0.9114082675619263,-1.8041124150158794e-15,675.5568413123234,cuda:0,torch
11,fmm,14,29,29,0,0.92175,0.92175,0.08324161209597221,0.09067044485956054,0.909329555140442,-2.5396351688300456e-15,675.3346069116517,cuda:0,torch
11,fmm,14,29,29,0,0.922,0.922,0.08534281444428014,0.0930223329961447,0.9069776670038499,5.4539706084710815e-15,675.1119565763576,cuda:0,torch
11,fmm,14,29,29,0,0.92225,0.92225,0.0876646759321604,0.09566611596210367,0.9043338840379004,-4.052314039881821e-15,674.888892931188,cuda:0,torch
11,fmm,14,29,29,0,0.9225,0.9225,0.09022445406714305,0.09862371029811645,0.9013762897018889,-5.329070518200751e-15,674.6654186621384,cuda:0,torch
11,fmm,14,29,29,0,0.92275,0.92275,0.09304188034147468,0.10192059492934534,0.8980794050706399,1.4779844015322396e-14,674.4415365156984,cuda:0,torch
11,fmm,14,29,29,0,0.923,0.923,0.09613946788614783,0.10558624615848151,0.8944137538415132,5.259681579161679e-15,674.2172492979761,cuda:0,torch
11,fmm,14,29,29,0,0.92325,0.92325,0.09954286917865052,0.1096546521985501,0.8903453478014456,4.315992008230296e-15,673.9925598738585,cuda:0,torch
11,fmm,14,29,29,0,0.9235,0.9235,0.10328129014065411,0.11416491816161396,0.8858350818383939,-7.840950111415168e-15,673.7674711660974,cuda:0,torch
11,fmm,14,29,29,0,0.92375,0.92375,0.10738796732635214,0.11916197372036828,0.8808380262796399,-8.201772594418344e-15,673.5419861544475,cuda:0,torch
11,fmm,14,29,29,0,0.924,0.924,0.11190071489180792,0.1246973966579751,0.8753026033420316,-6.675215935558754e-15,673.3161078746888,cuda:0,torch
11,fmm,14,29,29,0,0.92425,0.92425,0.11686254736401347,0.13083036588945768,0.8691696341105487,-6.38378239159465e-15,673.0898394177028,cuda:0,torch
11,fmm,14,29,29,0,0.9245,0.9245,0.1223223824483254,0.13762875674146596,0.8623712432585353,-1.27675647831893e-15,672.8631839284868,cuda:0,torch
11,fmm,14,29,29,0,0.92475,0.92475,0.12833582452963274,0.14517038845782135,0.8548296115421812,-2.525757381022231e-15,672.6361446051553,cuda:0,torch
11,fmm,14,29,29,0,0.925,0.925,0.13496602307312908,0.15354442770532076,0.8464555722946934,-1.4127587988355117e-14,672.4087246979565,cuda:0,torch
11,fmm,14,29,29,0,0.92525,0.92525,0.14228458920125772,0.16285294018565488,0.837147059814344,1.1102230246251565e-15,672.1809275081902,cuda:0,torch
11,fmm,14,29,29,0,0.9255,0.9255,0.1503725358950037,0.17321256209018365,0.8267874379098041,1.2212453270876722e-14,671.9527563872057,cuda:0,torch
11,fmm,14,29,29,0,0.92575,0.92575,0.15932117895565898,0.18475622917838022,0.8152437708216206,-8.049116928532385e-16,671.7242147353006,cuda:0,torch
11,fmm,14,29,29,0,0.926,0.926,0.16923289184906024,0.19763484643949192,0.8023651535604942,1.3877787807814457e-14,671.4953060006712,cuda:0,torch
11,fmm,14,29,29,0,0.92625,0.92625,0.18022154040669255,0.21201869498342368,0.78798130501657,6.2727600891321345e-15,671.2660336782593,cuda:0,torch
11,fmm,14,29,29,0,0.9265,0.9265,0.1924123228487909,0.22809823993733208,0.7719017600626646,3.2751579226442118e-15,671.0364013087288,cuda:0,torch
11,fmm,14,29,29,0,0.92675,0.92675,0.20594059335976783,0.24608380324751625,0.7539161967524837,8.326672684688674e-17,670.806412477268,cuda:0,torch
11,fmm,14,29,29,0,0.927,0.927,0.22094903755487919,0.2662032725526428,0.7337967274473696,-1.2378986724570495e-14,670.5760708122526,cuda:0,torch
11,fmm,14,29,29,0,0.92725,0.92725,0.23758227995095665,0.2886966031280781,0.7113033968719242,-2.3314683517128287e-15,670.3453799847346,cuda:0,torch
11,fmm,14,29,29,0,0.9275,0.9275,0.2559776293483575,0.31380531202316675,0.6861946879768276,5.662137425588298e-15,670.1143437065174,cuda:0,torch
11,fmm,14,29,29,0,0.92775,0.92775,0.276250225590672,0.3417544679007899,0.6582455320992153,-5.218048215738236e-15,669.8829657294104,cuda:0,torch
11,fmm,14,29,29,0,0.9279999999999999,0.9279999999999999,0.29847041777280986,0.3727239267530532,0.6272760732469609,-1.4099832412739488e-14,669.6512498439414,cuda:0,torch
11,fmm,14,29,29,0,0.92825,0.92825,0.3226309753508397,0.40680498989063185,0.5931950101093579,1.021405182655144e-14,669.4191998781538,cuda:0,torch
11,fmm,14,29,29,0,0.9285,0.9285,0.34860210958582,0.4439387899788858,0.55606121002114,-2.5757174171303632e-14,669.1868196964411,cuda:0,torch
11,fmm,14,29,29,0,0.92875,0.92875,0.37607395442968583,0.48383450344160556,0.5161654965584502,-5.5788706987414116e-14,668.9541131983011,cuda:0,torch
11,fmm,14,29,29,0,0.929,0.929,0.40449010078065034,0.5258703936171482,0.4741296063828613,-9.43689570931383e-15,668.7210843171464,cuda:0,torch
11,fmm,14,29,29,0,0.92925,0.92925,0.43298294552170985,0.5689903082770441,0.43100969172298825,-3.2307490016592055e-14,668.487737019056,cuda:0,torch
11,fmm,14,29,29,0,0.9295,0.9295,0.4603319722420141,0.6116230968304956,0.388376903169425,7.926992395823618e-14,668.2540753015982,cuda:0,torch
11,fmm,14,29,29,0,0.92975,0.92975,0.48497683357581367,0.6516693763666688,0.3483306236333252,5.995204332975845e-15,668.0201031925335,cuda:0,torch
11,fmm,14,29,29,0,0.9299999999999999,0.9299999999999999,0.5051209001604295,0.6866094863051834,0.31339051369480136,1.5210055437364645e-14,667.7858247486544,cuda:0,torch
11,fmm,14,29,29,0,0.93025,0.93025,0.5189467186469645,0.7137722919724131,0.2862277080276054,-1.8540724511240114e-14,667.5512440544885,cuda:0,torch
11,fmm,14,29,29,0,0.9305,0.9305,0.5249251350475513,0.7307535107263308,0.2692464892736488,2.042810365310288e-14,667.316365221099,cuda:0,torch
11,fmm,14,29,29,0,0.93075,0.93075,0.5221439486840005,0.735892804830253,0.26410719516979103,-4.4075854077618715e-14,667.0811923848468,cuda:0,torch
11,fmm,14,29,29,0,0.9309999999999999,0.9309999999999999,0.5105423721791926,0.7286535225381711,0.27134647746181834,1.0547118733938987e-14,666.8457297061063,cuda:0,torch
11,fmm,14,29,29,0,0.93125,0.93125,0.4909523734636059,0.7097542053993352,0.2902457946006783,-1.3433698597964394e-14,666.6099813681053,cuda:0,torch
11,fmm,14,29,29,0,0.9315,0.9315,0.46492339912298547,0.6809950655678882,0.31900493443211664,-4.884981308350689e-15,666.3739515756318,cuda:0,torch
11,fmm,14,29,29,0,0.93175,0.93175,0.4343998238506887,0.6448535684189594,0.3551464315809811,5.950795411990839e-14,666.1376445538195,cuda:0,torch
11,fmm,14,29,29,0,0.9319999999999999,0.9319999999999999,0.4013709105507083,0.6040065472648148,0.39599345273516445,2.0650148258027912e-14,665.9010645469455,cuda:0,torch
11,fmm,14,29,29,0,0.93225,0.93225,0.3675970548027537,0.560929065549267,0.4390709344507329,1.1102230246251565e-16,665.6642158170324,cuda:0,torch
11,fmm,14,29,29,0,0.9325,0.9325,0.3344591068816808,0.5176492378436668,0.48235076215630995,2.3314683517128287e-14,665.4271026430301,cuda:0,torch
11,fmm,14,29,29,0,0.93275,0.93275,0.3029221921895033,0.4756608346494082,0.5243391653505577,3.4083846855992306e-14,665.1897293192775,cuda:0,torch
11,fmm,14,29,29,0,0.9329999999999999,0.9329999999999999,0.2735763719681829,0.4359497965322701,0.5640502034677292,7.216449660063518e-16,664.952100153676,cuda:0,torch
11,fmm,14,29,29,0,0.93325,0.93325,0.24671348238309984,0.3990809532408291,0.6009190467592177,-4.679590048795035e-14,664.7142194682998,cuda:0,torch
11,fmm,14,29,29,0,0.9335,0.9335,0.2224103460508768,0.3653026444670571,0.6346973555329481,-5.2735593669694936e-15,664.4760915964096,cuda:0,torch
11,fmm,14,29,29,0,0.93375,0.93375,0.20060197365604035,0.3346440830506993,0.6653559169492691,3.1585845050585704e-14,664.2377208818489,cuda:0,torch
11,fmm,14,29,29,0,0.9339999999999999,0.9339999999999999,0.18113867433801517,0.3069945273422777,0.6930054726577113,1.099120794378905e-14,663.9991116781378,cuda:0,torch
11,fmm,14,29,29,0,0.93425,0.93425,0.16382701621505863,0.2821622313841397,0.7178377686158752,-1.4932499681208355e-14,663.7602683469825,cuda:0,torch
11,fmm,14,29,29,0,0.9345,0.9345,0.1484572580552756,0.2599155124184297,0.7400844875816017,-3.141931159689193e-14,663.5211952572114,cuda:0,torch
11,fmm,14,29,29,0,0.93475,0.93475,0.13482054853472525,0.24000975108446113,0.7599902489155249,1.3961054534661343e-14,663.281896783622,cuda:0,torch
11,fmm,14,29,29,0,0.9349999999999999,0.9349999999999999,0.12271890322319598,0.22220411536267715,0.7777958846373132,9.658940314238862e-15,663.042377305854,cuda:0,torch
11,fmm,14,29,29,0,0.93525,0.93525,0.11197035004862013,0.2062711692216327,0.7937288307783597,7.66053886991358e-15,662.8026412072237,cuda:0,torch
11,fmm,14,29,29,0,0.9355,0.9355,0.10241099423282857,0.1920017662982449,0.8079982337017643,-9.159339953157541e-15,662.562692873578,cuda:0,torch
11,fmm,14,29,29,0,0.93575,0.93575,0.09389521679410914,0.17920694625574257,0.8207930537442552,2.275957200481571e-15,662.3225366922791,cuda:0,torch
11,fmm,14,29,29,0,0.9359999999999999,0.9359999999999999,0.08629481403289614,0.16771801192990063,0.8322819880700884,1.1018963519404679e-14,662.0821770510125,cuda:0,torch
11,fmm,14,29,29,0,0.93625,0.93625,0.0794975959064966,0.15738556848564894,0.8426144315143618,-1.071365218763276e-14,661.8416183367539,cuda:0,torch
11,fmm,14,29,29,0,0.9365,0.9365,0.0734057636750713,0.14807802709156,0.8519219729084376,2.3592239273284576e-15,661.6008649346594,cuda:0,torch
11,fmm,14,29,29,0,0.93675,0.93675,0.06793425671963461,0.13967988627288436,0.860320113727129,-1.3378187446733136e-14,661.3599212270728,cuda:0,torch
11,fmm,14,29,29,0,0.9369999999999999,0.9369999999999999,0.06300917457971207,0.13208997878080417,0.8679100212191924,3.469446951953614e-15,661.1187915924074,cuda:0,torch
11,fmm,14,29,29,0,0.93725,0.93725,0.058566327791958174,0.12521979074476186,0.8747802092552368,1.3322676295501878e-15,660.877480404185,cuda:0,torch
11,fmm,14,29,29,0,0.9375,0.9375,0.05454993925266644,0.11899190861365747,0.8810080913863401,2.4702462297909733e-15,660.6359920299737,cuda:0,torch
11,fmm,14,29,29,0,0.93775,0.93775,0.050911499216169255,0.11333861781104843,0.8866613821889358,1.582067810090848e-14,660.3943308304109,cuda:0,torch
11,fmm,14,29,29,0,0.938,0.938,0.04760876677697931,0.1082006582182008,0.8917993417817967,2.55351295663786e-15,660.1525011582413,cuda:0,torch
11,fmm,14,29,29,0,0.93825,0.93825,0.044604905564196086,0.1035261309344577,0.8964738690655489,-6.63358257213531e-15,659.9105073573086,cuda:0,torch
11,fmm,14,29,29,0,0.9385,0.9385,0.04186773934479288,0.09926954520317968,0.9007304547968278,-7.466249840604178e-15,659.6683537616419,cuda:0,torch
11,fmm,14,29,29,0,0.93875,0.93875,0.03936911298527271,0.09539099195523607,0.9046090080447584,5.523359547510154e-15,659.4260446945062,cuda:0,torch
11,fmm,14,29,29,0,0.939,0.939,0.03708434494831954,0.09185542984222562,0.9081445701577748,-4.579669976578771e-16,659.183584467507,cuda:0,torch
11,fmm,14,29,29,0,0.93925,0.93925,0.03499175870676174,0.0886320701041573,0.9113679298958386,4.107825191113079e-15,658.9409773796918,cuda:0,torch
11,fmm,14,29,29,0,0.9395,0.9395,0.03307228184737732,0.08569384764224647,0.9143061523577541,-6.106226635438361e-16,658.6982277164774,cuda:0,torch
11,fmm,14,29,29,0,0.93975,0.93975,0.03130910304231252,0.08301696694042947,0.916983033059571,-4.3021142204224816e-16,658.4553397492734,cuda:0,torch
11,fmm,14,29,29,0,0.94,0.94,0.029687378395561743,0.08058051282025601,0.9194194871797464,-2.42861286636753e-15,658.2123177341106,cuda:0,torch
11,fmm,14,29,29,0,0.94025,0.94025,0.028193979881725055,0.07836611732023993,0.9216338826797594,6.38378239159465e-16,657.9691659110798,cuda:0,torch
11,fmm,14,29,29,0,0.9405,0.9405,0.02681727966848559,0.07635767521063974,0.9236423247893499,1.0325074129013956e-14,657.7258885034755,cuda:0,torch
11,fmm,14,29,29,0,0.94075,0.94075,0.025546965052453567,0.07454110176468774,0.9254588982353104,1.9012569296705806e-15,657.5091608292913,cuda:0,torch
11,fmm,14,29,29,0,0.941,0.941,0.024373879549161398,0.07290412740347776,0.9270958725965156,6.63358257213531e-15,657.4096684929913,cuda:0,torch
11,fmm,14,29,29,0,0.9412499999999999,0.9412499999999999,0.02328988637404104,0.07143612471883354,0.9285638752811733,-6.8833827526759706e-15,657.3096409105934,cuda:0,torch
11,fmm,14,29,29,0,0.9415,0.9415,0.022287751146489843,0.07012796416846663,0.929872035831533,3.7470027081099033e-16,657.2090762848705,cuda:0,torch
11,fmm,14,29,29,0,0.94175,0.94175,0.021361041157639125,0.06897189544505493,0.9310281045549452,-1.5265566588595902e-16,657.1079728614224,cuda:0,torch
11,fmm,14,29,29,0,0.942,0.942,0.02050403897701353,0.06796145216077704,0.9320385478392181,4.829470157119431e-15,657.0063289293995,cuda:0,torch
11,fmm,14,29,29,0,0.94225,0.94225,0.019711668546586087,0.06709137807901779,0.9329086219209873,-5.1209037010835345e-15,656.9041428222259,cuda:0,torch
11,fmm,14,29,29,0,0.9425,0.9425,0.018979432233351065,0.06635757368194542,0.9336424263180513,3.3029134982598407e-15,656.801412918294,cuda:0,torch
11,fmm,14,29,29,0,0.94275,0.94275,0.018303357593702222,0.06575706240507961,0.9342429375949219,-1.5543122344752192e-15,656.6981376416625,cuda:0,torch
11,fmm,14,29,29,0,0.943,0.943,0.017679952853600175,0.06528797641708346,0.9347120235829116,4.926614671774132e-15,656.594315462733,cuda:0,torch
11,fmm,14,29,29,0,0.9432499999999999,0.9432499999999999,0.017106170336444036,0.06494956239666264,0.9350504376033354,1.970645868709653e-15,2015.7786864526618,cuda:0,torch
11,fmm,14,29,29,0,0.9435,0.9435,0.016579377283746248,0.06474220838269659,0.9352577916173045,-1.0824674490095276e-15,656.385024515293,cuda:0,torch
11,fmm,14,29,29,0,0.94375,0.94375,0.016097333720816485,0.0646674934783602,0.9353325065216367,3.1086244689504383e-15,656.2795529252427,cuda:0,torch
11,fmm,14,29,29,0,0.944,0.944,0.015658177229303342,0.0647282630094532,0.9352717369905426,4.246603069191224e-15,656.173528791081,cuda:0,torch
11,fmm,14,29,29,0,0.94425,0.94425,0.015260414710730152,0.06492873271505675,0.9350712672849488,-5.578870698741412e-15,656.0669508246654,cuda:0,torch
11,fmm,14,29,29,0,0.9445,0.9445,0.014902921471650909,0.06527462673891024,0.9347253732610872,2.581268532253489e-15,655.9598177879991,cuda:0,torch
11,fmm,14,29,29,0,0.94475,0.94475,0.014584948245980552,0.06577335566017845,0.9342266443398197,1.8318679906315083e-15,655.852128493809,cuda:0,torch
11,fmm,14,29,29,0,0.945,0.945,0.014306137111119806,0.06643424263736623,0.9335657573626334,4.0245584642661925e-16,655.7438818061178,cuda:0,torch
11,fmm,14,29,29,0,0.9452499999999999,0.9452499999999999,0.014066547674425839,0.06726880804422557,0.9327311919557835,-9.034439862887211e-15,655.6350766407954,cuda:0,torch
11,fmm,14,29,29,0,0.9455,0.9455,0.013866695434355172,0.06829112587894627,0.9317088741210529,8.743006318923108e-16,655.5257119660956,cuda:0,torch
11,fmm,14,29,29,0,0.94575,0.94575,0.013707604893786895,0.06951826887550863,0.9304817311244902,1.1934897514720433e-15,655.4157868031765,cuda:0,torch
11,fmm,14,29,29,0,0.946,0.946,0.013590880868847176,0.0709708637968267,0.9290291362031703,3.011479954295737e-15,655.3053002266101,cuda:0,torch
11,fmm,14,29,29,0,0.9462499999999999,0.9462499999999999,0.013518802553275783,0.07267378397860198,0.9273262160213989,-8.465450562766819e-16,655.194251364864,cuda:0,torch
11,fmm,14,29,29,0,0.9465,0.9465,0.013494446333408855,0.07465701286287435,0.92534298713712,5.6066262743570405e-15,655.0826394007744,cuda:0,torch
11,fmm,14,29,29,0,0.94675,0.94675,0.01352184516939802,0.0769567197956327,0.9230432802043732,-5.9119376061289586e-15,654.970463572004,cuda:0,torch
11,fmm,14,29,29,0,0.947,0.947,0.013606194607438088,0.07961659695538739,0.9203834030446126,-2.7755575615628914e-17,654.857723171473,cuda:0,torch
11,fmm,14,29,29,0,0.9472499999999999,0.9472499999999999,0.013754118122248622,0.08268951182755055,0.9173104881724468,2.6922908347160046e-15,654.7444175477841,cuda:0,torch
11,fmm,14,29,29,0,0.9475,0.9475,0.013974007240348984,0.0862395283289484,0.9137604716710491,2.4702462297909733e-15,654.6305461056165,cuda:0,torch
11,fmm,14,29,29,0,0.94775,0.94775,0.01427645396042339,0.09034433111718493,0.909655668882814,1.0547118733938987e-15,654.5161083061164,cuda:0,torch
11,fmm,14,29,29,0,0.948,0.948,0.014674792363820927,0.09509803002458483,0.9049019699754126,2.55351295663786e-15,654.4011036672571,cuda:0,torch
11,fmm,14,29,29,0,0.9482499999999999,0.9482499999999999,0.015185758369926012,0.10061418025570268,0.8993858197442987,-1.3322676295501878e-15,654.2855317641853,cuda:0,torch
11,fmm,14,29,29,0,0.9485,0.9485,0.015830251101928386,0.10702853861549409,0.8929714613844909,1.5001888620247428e-14,654.1693922295528,cuda:0,torch
11,fmm,14,29,29,0,0.94875,0.94875,0.01663411430004596,0.11450040681606607,0.8854995931839382,-4.3021142204224816e-15,654.0526847538206,cuda:0,torch
11,fmm,14,29,29,0,0.949,0.949,0.017628705757793527,0.12321004124993026,0.876789958750066,3.6914915568786455e-15,653.9354090855494,cuda:0,torch
11,fmm,14,29,29,0,0.9492499999999999,0.9492499999999999,0.018850694860594035,0.13334689030866742,0.8666531096913486,-1.5987211554602254e-14,653.8175650316747,cuda:0,torch
11,fmm,14,29,29,0,0.9495,0.9495,0.020339851467123107,0.14507827993179256,0.854921720068203,4.440892098500626e-15,653.6991524577546,cuda:0,torch
11,fmm,14,29,29,0,0.94975,0.94975,0.022132291055622606,0.1584792314349529,0.8415207685650397,7.438494264988549e-15,653.5801712882006,cuda:0,torch
11,fmm,14,29,29,0,0.95,0.95,0.024244464523023992,0.17339119951737297,0.8266088004826224,4.6074255521944e-15,653.4606215064922,cuda:0,torch
11,fmm,14,29,29,0,0.9502499999999999,0.9502499999999999,0.02664058860325352,0.18916788788365632,0.8108321121163455,-1.8596235662471372e-15,653.3405031553722,cuda:0,torch
11,fmm,14,29,29,0,0.9505,0.9505,0.029176735312568397,0.20429151101392212,0.7957084889860545,2.3370194668359545e-14,653.2198163370141,cuda:0,torch
11,fmm,14,29,29,0,0.95075,0.95075,0.03152956773808465,0.21598279703827944,0.784017202961696,2.4591439995447217e-14,653.0985612131801,cuda:0,torch
11,fmm,14,29,29,0,0.951,0.951,0.03316375402618396,0.220265128894148,0.7797348711058357,1.6264767310758543e-14,652.9767380053562,cuda:0,torch
11,fmm,14,29,29,0,0.9512499999999999,0.9512499999999999,0.033452020399315024,0.21323667595260737,0.7867633240473685,2.4147350785597155e-14,653.0561936643495,cuda:0,torch
11,fmm,14,29,29,0,0.9515,0.9515,0.03200674389771613,0.1935893716270126,0.8064106283729563,3.111400026512001e-14,653.3693953061583,cuda:0,torch
11,fmm,14,29,29,0,0.95175,0.95175,0.02900265519269144,0.16436114661909065,0.8356388533808742,3.5166314305001833e-14,653.6510518243159,cuda:0,torch
11,fmm,14,29,29,0,0.952,0.952,0.025117466441023355,0.13155766435232824,0.8684423356476425,2.9254376698872875e-14,653.9032137702936,cuda:0,torch
11,fmm,14,29,29,0,0.9522499999999999,0.9522499999999999,0.021120084942154126,0.10077274744327633,0.8992272525567226,1.0269562977782698e-15,654.127682750332,cuda:0,torch
11,fmm,14,29,29,0,0.9525,0.9525,0.017529810194688602,0.07508990923622891,0.9249100907637516,1.9456658506555868e-14,654.326050434797,cuda:0,torch
11,fmm,14,29,29,0,0.95275,0.95275,0.014558151999334384,0.055215994114071465,0.9447840058859318,-3.2751579226442118e-15,654.4997299646516,cuda:0,torch
11,fmm,14,29,29,0,0.953,0.953,0.012213233499275014,0.04054729904835005,0.9594527009516478,2.1441182163073336e-15,654.649981488017,cuda:0,torch
11,fmm,14,29,29,0,0.9532499999999999,0.9532499999999999,0.010413242083633135,0.0300550064431449,0.9699449935568613,-6.158268339717665e-15,654.7779331110177,cuda:0,torch
11,fmm,14,29,29,0,0.9535,0.9535,0.009055234031399156,0.0227386121184333,0.9772613878815725,-5.762751387194953e-15,654.8845982271978,cuda:0,torch
11,fmm,14,29,29,0,0.95375,0.95375,0.008045410921675163,0.017782291959947547,0.9822177080400551,-2.6957602816679582e-15,654.9708899584551,cuda:0,torch
11,fmm,14,29,29,0,0.954,0.954,0.007308262115976276,0.014571816738467198,0.9854281832615327,1.0408340855860843e-16,655.0376332709868,cuda:0,torch
11,fmm,14,29,29,0,0.9542499999999999,0.9542499999999999,0.006786683068977191,0.012663310796365023,0.9873366892036454,-1.0390993621101074e-14,655.0855752037487,cuda:0,torch
11,fmm,14,29,29,0,0.9545,0.9545,0.006439166982150004,0.011743667717184722,0.9882563322828203,-5.0046772281930885e-15,655.1153935525064,cuda:0,torch
11,fmm,14,29,29,0,0.95475,0.95475,0.006236613979740307,0.011596291611285971,0.988403708388711,2.9733160378242474e-15,655.1277042807545,cuda:0,torch
11,fmm,14,29,29,0,0.955,0.955,0.006159630391649326,0.012075063251579334,0.9879249367484277,-7.074202335033419e-15,655.123067873824,cuda:0,torch
11,fmm,14,29,29,0,0.9552499999999999,0.9552499999999999,0.0061965106823006965,0.013085773214629772,0.986914226785374,-3.766084666345648e-15,655.1019948098958,cuda:0,torch
11,fmm,14,29,29,0,0.9555,0.9555,0.00634186005486842,0.01457342466119599,0.9854265753388166,-1.2602766052971504e-14,655.0649502884897,cuda:0,torch
11,fmm,14,29,29,0,0.95575,0.95575,0.00659576142022594,0.01651392508762092,0.9834860749124014,-2.2284257772398064e-14,655.0123583307851,cuda:0,torch
11,fmm,14,29,29,0,0.956,0.956,0.006963401396524325,0.01890904294493181,0.981090957055072,-3.7990444123892075e-15,654.9446053454608,cuda:0,torch
11,fmm,14,29,29,0,0.9562499999999999,0.9562499999999999,0.007455100786041474,0.021783859873232617,0.9782161401267635,3.882311139236094e-15,654.8620432371741,cuda:0,torch
11,fmm,14,29,29,0,0.9564999999999999,0.9564999999999999,0.00808672938867182,0.02518623984845447,0.9748137601515514,-5.880712583561376e-15,654.7649921214352,cuda:0,torch
11,fmm,14,29,29,0,0.95675,0.95675,0.008880518285943606,0.029188059274516964,0.9708119407254878,-4.784367346744034e-15,654.6537426989212,cuda:0,torch
11,fmm,14,29,29,0,0.957,0.957,0.009866313559054632,0.03388810585430419,0.9661118941456949,9.367506770274758e-16,654.5285583333938,cuda:0,torch
11,fmm,14,29,29,0,0.9572499999999999,0.9572499999999999,0.011083341787401136,0.03941666043390795,0.9605833395660942,-2.157996004115148e-15,654.3896768702571,cuda:0,torch
11,fmm,14,29,29,0,0.9575,0.9575,0.012582573164274283,0.045941805229103794,0.9540581947708996,-3.3861802251067274e-15,654.2373122267373,cuda:0,torch
11,fmm,14,29,29,0,0.95775,0.95775,0.01442975582857741,0.05367739324334178,0.9463226067566772,-1.9012569296705806e-14,654.0716557797917,cuda:0,torch
11,fmm,14,29,29,0,0.958,0.958,0.01670911638891524,0.06289222887400645,0.9371077711260049,-1.1296519275560968e-14,653.8928775736687,cuda:0,torch
11,fmm,14,29,29,0,0.9582499999999999,0.9582499999999999,0.019527494149249786,0.07391906470397809,0.926080935296017,4.926614671774132e-15,653.7011273655265,cuda:0,torch
11,fmm,14,29,29,0,0.9584999999999999,0.9584999999999999,0.02301813464259078,0.0871599714555541,0.9128400285444515,-5.551115123125783e-15,653.4965355246054,cuda:0,torch
11,fmm,14,29,29,0,0.95875,0.95875,0.027342203465950794,0.10308053703541407,0.8969194629645826,3.344546861683284e-15,653.2792137978297,cuda:0,torch
11,fmm,14,29,29,0,0.959,0.959,0.0326837907304813,0.12217778862393455,0.8778222113760831,-1.762479051592436e-14,653.0492559525661,cuda:0,torch
11,fmm,14,29,29,0,0.9592499999999999,0.9592499999999999,0.03923016107659443,0.14489443520583978,0.8551055647941574,2.7755575615628914e-15,652.8067383053261,cuda:0,torch
11,fmm,14,29,29,0,0.9594999999999999,0.9594999999999999,0.047123300882700156,0.17143668613371688,0.8285633138663064,-2.3314683517128287e-14,652.5517201434646,cuda:0,torch
11,fmm,14,29,29,0,0.95975,0.95975,0.0563645479592526,0.20144741102752725,0.7985525889724688,3.913536161803677e-15,652.2842440454185,cuda:0,torch
11,fmm,14,29,29,0,0.96,0.96,0.06666265442843228,0.23352993575460884,0.766470064245382,9.159339953157541e-15,652.0043361036304,cuda:0,torch
11,asr,7,15,45,192,0.9,0.9,0.014711262897792043,0.025000430969191856,0.9770997966703172,-0.002100227639509067,326.2317849999288,cuda:0,torch
11,asr,7,15,45,192,0.90025,0.90025,0.01393228207484187,0.02521478352775637,0.9767827372088727,-0.0019975207366290243,326.2818187549668,cuda:0,torch
11,asr,7,15,45,192,0.9005,0.9005,0.013201183352950785,0.02552789107735625,0.9763682945003332,-0.001896185577689495,326.33140948611964,cuda:0,torch
11,asr,7,15,45,192,0.90075,0.90075,0.01251701013585534,0.025934210817197892,0.9758622755510671,-0.001796486368264974,326.3805545808886,cuda:0,torch
11,asr,7,15,45,192,0.901,0.901,0.011878668956309948,0.02642946177337725,0.9752691378854239,-0.001698599658801158,326.4292514322028,cuda:0,torch
11,asr,7,15,45,192,0.90125,0.90125,0.01128501306103643,0.027010654655700475,0.9745919688457769,-0.0016026235014773987,326.47749743815746,cuda:0,torch
11,asr,7,15,45,192,0.9015,0.9015,0.010734916056972075,0.02767610672156383,0.9738324792999415,-0.0015085860215053731,326.5252900040292,cuda:0,torch
11,asr,7,15,45,192,0.90175,0.90175,0.010227337278791045,0.02842545088756056,0.9729910022332346,-0.0014164531207952087,326.5726265420819,cuda:0,torch
11,asr,7,15,45,192,0.902,0.902,0.009761380784161944,0.029259646959220165,0.9720664881681385,-0.0013261351273586193,326.61950447322766,cuda:0,torch
11,asr,7,15,45,192,0.90225,0.90225,0.009336350038873271,0.030181001723830904,0.9710564905481576,-0.0012374922719884732,326.6659212281485,cuda:0,torch
11,asr,7,15,45,192,0.9025,0.9025,0.00895180047387663,0.031193203789633295,0.969957135135473,-0.0011503389251062875,326.7118742476902,cuda:0,torch
11,asr,7,15,45,192,0.90275,0.90275,0.008607592185831878,0.0323013785364143,0.9687630680126733,-0.0010644465490876123,326.7573609841583,cuda:0,torch
11,asr,7,15,45,192,0.903,0.903,0.008303945193683071,0.03351216832055705,0.9674673770150511,-0.0009795453356081923,326.8023789023431,cuda:0,torch
11,asr,7,15,45,192,0.90325,0.90325,0.008041499841017617,0.034833843223766356,0.9660614812701867,-0.0008953244939530064,326.8469254802004,cuda:0,torch
11,asr,7,15,45,192,0.9035,0.9035,0.00782138520816349,0.03627644806501741,0.9645349830732357,-0.0008114311382531186,326.89099820985757,cuda:0,torch
11,asr,7,15,45,192,0.90375,0.90375,0.007645298786451279,0.03785199224454215,0.9628754754534471,-0.0007274676979892453,326.93459459964714,cuda:0,torch
11,asr,7,15,45,192,0.904,0.904,0.007515601208038069,0.03957469014808521,0.9610682975880265,-0.0006429877361116901,326.9777121731659,cuda:0,torch
11,asr,7,15,45,192,0.90425,0.90425,0.00743543054693943,0.04146126144111707,0.9590962285717113,-0.0005574900128283572,327.0203484721238,cuda:0,torch
11,asr,7,15,45,192,0.9045,0.9045,0.007408841690457702,0.043531302657226406,0.9569391079154658,-0.0004704105726921759,327.06250105620745,cuda:0,torch
11,asr,7,15,45,192,0.90475,0.90475,0.007440977545611809,0.045807744049415865,0.9545733685097979,-0.00038111255921376846,327.1041675046378,cuda:0,torch
11,asr,7,15,45,192,0.905,0.905,0.007538280511473779,0.048317408874743006,0.9519714644980725,-0.000288873372815468,327.14534541693297,cuda:0,torch
11,asr,7,15,45,192,0.90525,0.90525,0.007708754781593858,0.0510916961034551,0.9491011725786492,-0.00019286868210433017,327.1860324135981,cuda:0,torch
11,asr,7,15,45,192,0.9055,0.9055,0.007962292787702843,0.05416741212231031,0.9459247405518202,-9.215267413049955e-05,327.2262261382692,cuda:0,torch
11,asr,7,15,45,192,0.90575,0.90575,0.008311082555151755,0.0575877821971533,0.9423978515826693,1.4366220177391975e-05,327.2659242574951,cuda:0,torch
11,asr,7,15,45,192,0.906,0.906,0.00877011709584182,0.061403678197904904,0.9384683667525713,0.00012795504952381465,327.30512446213254,cuda:0,torch
11,asr,7,15,45,192,0.90625,0.90625,0.009357832303999199,0.06567510482346217,0.9340748025584166,0.00025009261812125594,327.34382446857427,cuda:0,torch
11,asr,7,15,45,192,0.9065,0.9065,0.010096906221461324,0.07047299131959832,0.929144495099522,0.0003825135808796648,327.38202201955556,cuda:0,torch
11,asr,7,15,45,192,0.9067500000000001,0.9067500000000001,0.01101525982710801,0.07588133740893116,0.9235914008465298,0.0005272617445390426,327.4197148852816,cuda:0,torch
11,asr,7,15,45,192,0.907,0.907,0.012147307153164259,0.08199975714923133,0.9173134889047856,0.0006867539459830818,327.4569008640659,cuda:0,torch
11,asr,7,15,45,192,0.90725,0.90725,0.013535509082101042,0.08894644577717911,0.9101896986348669,0.0008638555879540155,327.49357778393505,cuda:0,torch
11,asr,7,15,45,192,0.9075,0.9075,0.01523228763671111,0.09686155041227382,0.9020764815166822,0.0010619680710440005,327.52974350307005,cuda:0,torch
11,asr,7,15,45,192,0.9077500000000001,0.9077500000000001,0.017302349797153664,0.10591083474681143,0.8928040387611892,0.0012851264919993832,327.5653959108988,cuda:0,torch
11,asr,7,15,45,192,0.908,0.908,0.019825440362360155,0.11628935576810046,0.8821725419589665,0.0015381022729329952,327.6005329292043,cuda:0,torch
11,asr,7,15,45,192,0.90825,0.90825,0.022899470974283374,0.1282245596875003,0.8699489418318012,0.0018264984806985463,327.6351525130878,cuda:0,torch
11,asr,7,15,45,192,0.9085,0.9085,0.02664382016251896,0.14197766484079283,0.855865521836777,0.0021568133224301733,327.66925265187024,cuda:0,torch
11,asr,7,15,45,192,0.9087500000000001,0.9087500000000001,0.031202305743498217,0.15784130108236943,0.8396222724913579,0.0025364264262726643,327.70283136994306,cuda:0,torch
11,asr,7,15,45,192,0.909,0.909,0.03674480112956159,0.17612995130536097,0.8208966199751446,0.0029734287194944087,327.7358867277699,cuda:0,torch
11,asr,7,15,45,192,0.90925,0.90925,0.04346557393687751,0.19715764311157952,0.7993661911991438,0.0034761656892767223,327.76841682305303,cuda:0,torch
11,asr,7,15,45,192,0.9095,0.9095,0.05157504586896256,0.22119461168726023,0.7747530932196536,0.004052295093086189,327.8004197909804,cuda:0,torch
11,asr,7,15,45,192,0.9097500000000001,0.9097500000000001,0.06127982615484127,0.24839197569263616,0.7469009370169669,0.004707087290396927,327.8318938061334,cuda:0,torch
11,asr,7,15,45,192,0.91,0.91,0.07274406189886488,0.27866301180617314,0.7158963205887804,0.0054406676050464675,327.86283708244497,cuda:0,torch
11,asr,7,15,45,192,0.91025,0.91025,0.08602502189304273,0.3115162791917014,0.6822396909703938,0.006244029837904785,327.8932478747036,cuda:0,torch
11,asr,7,15,45,192,0.9105,0.9105,0.10098092104610445,0.3458576900319462,0.6470481746114108,0.007094135356642939,327.92312447901867,cuda:0,torch
11,asr,7,15,45,192,0.9107500000000001,0.9107500000000001,0.11716432174866885,0.379822873665579,0.6122276761557119,0.007949450178709072,327.95246523388397,cuda:0,torch
11,asr,7,15,45,192,0.911,0.911,0.1337420215053156,0.41076014559875285,0.5804911206657206,0.008748733735526537,327.98126852113944,cuda:0,torch
11,asr,7,15,45,192,0.91125,0.91125,0.14951045617083417,0.43551330218864004,0.5550699286213234,0.009416769190036534,328.00953276616605,cuda:0,torch
11,asr,7,15,45,192,0.9115,0.9115,0.16307077833226194,0.4510719686416784,0.5390489621753727,0.009879069182948896,328.0372564398018,cuda:0,torch
11,asr,7,15,45,192,0.9117500000000001,0.9117500000000001,0.17315537481758195,0.45542944968916244,0.5344882311183985,0.010082319192439071,328.0644380579512,cuda:0,torch
11,asr,7,15,45,192,0.912,0.912,0.1789810065737368,0.44824900010089397,0.5417396555844692,0.010011344314636794,328.0910761832684,cuda:0,torch
11,asr,7,15,45,192,0.91225,0.91225,0.18044690416996803,0.43095243877035877,0.5593545420694241,0.009693019160217087,328.1171694252774,cuda:0,torch
11,asr,7,15,45,192,0.9125,0.9125,0.17808006984252664,0.4061858724888036,0.5846289655882567,0.009185161922939666,328.14271644156855,cuda:0,torch
11,asr,7,15,45,192,0.9127500000000001,0.9127500000000001,0.17278953409079065,0.3769941669655059,0.6144482226047008,0.008557610429793305,328.1677159381422,cuda:0,torch
11,asr,7,15,45,192,0.913,0.913,0.16558058428044065,0.34611745984216613,0.6460072796668578,0.007875260490976088,328.19216667060124,cuda:0,torch
11,asr,7,15,45,192,0.91325,0.91325,0.1573474436295244,0.3156215861380864,0.677189884356761,0.007188529505152641,328.2160674440534,cuda:0,torch
11,asr,7,15,45,192,0.9135,0.9135,0.14877790279126768,0.286838515904241,0.7066303423276354,0.006531141768123583,328.2394171147512,cuda:0,torch
11,asr,7,15,45,192,0.9137500000000001,0.9137500000000001,0.1403437394492766,0.2604852448898058,0.7335923932244033,0.005922361885790928,328.2622145900549,cuda:0,torch
11,asr,7,15,45,192,0.914,0.914,0.13233539575578063,0.23683904457141364,0.7577901346736228,0.00537082075496359,328.2844588289179,cuda:0,torch
11,asr,7,15,45,192,0.91425,0.91425,0.12490936174153229,0.2158988494434874,0.7792229426647437,0.004878207891768932,328.3061488432208,cuda:0,torch
11,asr,7,15,45,192,0.9145,0.9145,0.11813165017373653,0.19750730302076935,0.7980505497119025,0.004442147267328167,328.32728369779414,cuda:0,torch
11,asr,7,15,45,192,0.91475,0.91475,0.11201154132630683,0.1814326831533667,0.8145091392122445,0.00405817763438876,328.3478625108795,cuda:0,torch
11,asr,7,15,45,192,0.915,0.915,0.106525373099189,0.16741919626866217,0.8288598018763442,0.0037210018549936053,328.36788445523484,cuda:0,torch
11,asr,7,15,45,192,0.91525,0.91525,0.10163225403283108,0.1552153577818049,0.8413594253424493,0.0034252168757457624,328.3873487579698,cuda:0,torch
11,asr,7,15,45,192,0.9155,0.9155,0.09728391994296884,0.14458839396876447,0.852245901324864,0.003165704706371536,328.4062547013329,cuda:0,torch
11,asr,7,15,45,192,0.91575,0.91575,0.09343062013690265,0.13533027647894566,0.8617319081331365,0.002937815387917847,328.42460162349835,cuda:0,torch
11,asr,7,15,45,192,0.916,0.916,0.09002443256549593,0.12725904358898232,0.8700035272899329,0.0027374291210847668,328.44238891834783,cuda:0,torch
11,asr,7,15,45,192,0.91625,0.91625,0.087020973006134,0.1202176581941109,0.8772213894421754,0.0025609523637136755,328.4596160361968,cuda:0,torch
11,asr,7,15,45,192,0.9165,0.9165,0.08438013425775305,0.11407172672484234,0.8835229923818908,0.002405280893266859,328.4762824843541,cuda:0,torch
11,asr,7,15,45,192,0.91675,0.91675,0.0820662614264647,0.10870682434463662,0.8890254267202945,0.0022677489350688834,328.4923878273489,cuda:0,torch
11,asr,7,15,45,192,0.917,0.917,0.08004801619991657,0.10402582338719385,0.8938281016856842,0.002146074927121988,328.50793168703404,cuda:0,torch
11,asr,7,15,45,192,0.91725,0.91725,0.07829808408751912,0.09994641914497784,0.8980152714345615,0.0020383094204606544,328.52291374308777,cuda:0,torch
11,asr,7,15,45,192,0.9175,0.9175,0.07679281601447505,0.0963989327753228,0.901658279543885,0.0019427876807922018,328.5373337334969,cuda:0,torch
11,asr,7,15,45,192,0.91775,0.91775,0.07551185681549767,0.09332440946371971,0.9048175026176233,0.001858087918657006,328.5511914543993,cuda:0,torch
11,asr,7,15,45,192,0.918,0.918,0.07443778938854921,0.09067299871496574,0.9075440060835305,0.0017829952015037814,328.56448676045943,cuda:0,torch
11,asr,7,15,45,192,0.91825,0.91825,0.07355580901603027,0.08840258966298116,0.9098809396697144,0.0017164706673044455,328.5772195653481,cuda:0,torch
11,asr,7,15,45,192,0.9185,0.9185,0.07285343398518057,0.08647766966842081,0.9118647048534996,0.0016576254780796135,328.5893898414298,cuda:0,torch
11,asr,7,15,45,192,0.91875,0.91875,0.07232025388975288,0.08486837473964048,0.9135259263580976,0.0016056989022619206,328.60099762032553,cuda:0,torch
11,asr,7,15,45,192,0.919,0.919,0.07194771444497305,0.08354970291281774,0.9148902571476097,0.0015600399395725162,328.61204299282787,cuda:0,torch
11,asr,7,15,45,192,0.91925,0.91925,0.07172893642724819,0.0825008652639192,0.9159790427819651,0.001520091954115732,328.6225261091288,cuda:0,torch
11,asr,7,15,45,192,0.9195,0.9195,0.07165856588744636,0.08170475291644291,0.916809867232975,0.0014853798505821136,328.6324471785764,cuda:0,torch
11,asr,7,15,45,192,0.91975,0.91975,0.07173265277826597,0.08114750192268341,0.9173969986837788,0.0014554993935378124,328.641806470046,cuda:0,torch
11,asr,7,15,45,192,0.92,0.92,0.07194855536206117,0.08081814105489457,0.9177517506109873,0.0014301083341180798,328.650604312002,cuda:0,torch
11,asr,7,15,45,192,0.92025,0.92025,0.0723048681223388,0.0807083103075916,0.9178827706284021,0.0014089190640063365,328.6588410918072,cuda:0,torch
11,asr,7,15,45,192,0.9205,0.9205,0.0728013713070544,0.08081204028883286,0.9177962671458154,0.0013916925653517237,328.66651725674745,cuda:0,torch
11,asr,7,15,45,192,0.92075,0.92075,0.07343900067132751,0.08112558473082808,0.917496181801878,0.0013782334672939461,328.6736333134254,cuda:0,torch
11,asr,7,15,45,192,0.921,0.921,0.07421983640199559,0.08164730007755967,0.9169843138666245,0.0013683860558158373,328.6801898268801,cuda:0,torch
11,asr,7,15,45,192,0.92125,0.92125,0.07514711064346823,0.08237756763232704,0.9162604012546552,0.0013620311130177198,328.68618742225453,cuda:0,torch
11,asr,7,15,45,192,0.9215,0.9215,0.07622523345953719,0.08331875506158196,0.9153221614494385,0.00135908348897959,328.69162678268157,cuda:0,torch
11,asr,7,15,45,192,0.92175,0.92175,0.07745983747642746,0.08447521521845491,0.9141652944509195,0.0013594903306255457,328.6965086508622,cuda:0,torch
11,asr,7,15,45,192,0.922,0.922,0.07885784188422226,0.08585332133436316,0.9127834487544257,0.0013632299112111002,328.7008338274151,cuda:0,torch
11,asr,7,15,45,192,0.92225,0.92225,0.08042753689304766,0.087461538615902,0.9111681503619462,0.0013703110221517933,328.70460317152896,cuda:0,torch
11,asr,7,15,45,192,0.9225,0.9225,0.08217869020532369,0.08931053326862883,0.9093086938292688,0.0013807729021023535,328.7078176006631,cuda:0,torch
11,asr,7,15,45,192,0.92275,0.92275,0.08412267753421698,0.09141332092420205,0.9071919933813346,0.0013946856944633407,328.71047808983553,cuda:0,torch
11,asr,7,15,45,192,0.923,0.923,0.08627263971317527,0.09378545743457008,0.9048023911300577,0.0014121514353722525,328.7125856715775,cuda:0,torch
11,asr,7,15,45,192,0.92325,0.92325,0.08864366949440709,0.09644527603125594,0.9021214183805416,0.0014333055882024548,328.7173187394613,cuda:0,torch
11,asr,7,15,45,192,0.9235,0.9235,0.09125303171422691,0.0994141759239701,0.8991275049238632,0.0014583191521667233,328.73499493122614,cuda:0,torch
11,asr,7,15,45,192,0.92375,0.92375,0.09412042112891564,0.1027169685759502,0.8957956300396321,0.0014874013844176637,328.75220424867075,cuda:0,torch
11,asr,7,15,45,192,0.924,0.924,0.09726826286506161,0.10638228912073276,0.8920969076931117,0.0015208031861555643,328.7689452741377,cuda:0,torch
11,asr,7,15,45,192,0.92425,0.92425,0.10072206103863666,0.11044308164229626,0.8879980971422778,0.0015588212154259012,328.7852166175969,cuda:0,torch
11,asr,7,15,45,192,0.9245,0.9245,0.104510801654823,0.11493716831628178,0.8834610288866405,0.0016018027970777504,328.8010169172597,cuda:0,torch
11,asr,7,15,45,192,0.92475,0.92475,0.10866741628719039,0.11990791358929342,0.8784419347027522,0.0016501517079543504,328.8163448401597,cuda:0,torch
11,asr,7,15,45,192,0.925,0.925,0.11322931307766909,0.12540499546348943,0.8728906696177768,0.0017043349187337298,328.8311990828512,cuda:0,torch
11,asr,7,15,45,192,0.92525,0.92525,0.11823898109926778,0.13148529633439857,0.8667498132989705,0.001764890366630939,328.8455783726591,cuda:0,torch
11,asr,7,15,45,192,0.9255,0.9255,0.12374467259756786,0.13821392513107142,0.859953639053175,0.0018324358157535692,328.8594814676289,cuda:0,torch
11,asr,7,15,45,192,0.92575,0.92575,0.1298011646412147,0.1456653802044406,0.8524269409735279,0.0019076788220315222,328.87290715646276,cuda:0,torch
11,asr,7,15,45,192,0.926,0.926,0.13647059606826303,0.1539248570087515,0.8440837152441868,0.001991427747061708,328.8858542618143,cuda:0,torch
11,asr,7,15,45,192,0.92625,0.92625,0.14382336627319467,0.1630896947952451,0.8348257015657803,0.0020846036389746136,328.8983216347931,cuda:0,torch
11,asr,7,15,45,192,0.9265,0.9265,0.15193906692225234,0.17327093914920189,0.8245408082543332,0.0021882525964649346,328.9103081654842,cuda:0,torch
11,asr,7,15,45,192,0.92675,0.92675,0.1609073932224226,0.18459496841339382,0.8131014736835714,0.002303557903034742,328.92181277388244,cuda:0,torch
11,asr,7,15,45,192,0.927,0.927,0.17082894346422348,0.19720508583480723,0.8003630634488115,0.002431850716381301,328.9328344149129,cuda:0,torch
11,asr,7,15,45,192,0.92725,0.92725,0.18181575757681834,0.2112629064901576,0.7861624761894067,0.0025746173204356793,328.943372080371,cuda:0,torch
11,asr,7,15,45,192,0.9275,0.9275,0.1939913589203093,0.22694925663254603,0.7703172435708203,0.0027334997966336483,328.9534247975887,cuda:0,torch
11,asr,7,15,45,192,0.92775,0.92775,0.20748993657259335,0.2444641356227415,0.752625579109117,0.0029102852681415214,328.9629916141304,cuda:0,torch
11,asr,7,15,45,192,0.9279999999999999,0.9279999999999999,0.22245412385406255,0.26402504536048893,0.7328680781917742,0.0031068764477368283,328.9720716398114,cuda:0,torch
11,asr,7,15,45,192,0.92825,0.92825,0.23903057804558706,0.2858626443441829,0.7108121227954851,0.0033252328603319836,328.98066401059657,cuda:0,torch
11,asr,7,15,45,192,0.9285,0.9285,0.25736223594307595,0.3102122110294777,0.6862205212852203,0.0035672676853020224,328.98876789532704,cuda:0,torch
11,asr,7,15,45,192,0.92875,0.92875,0.27757571793452235,0.33729880117938077,0.6588665190486935,0.0038346797719256975,328.996382504686,cuda:0,torch
11,asr,7,15,45,192,0.929,0.929,0.2997619305315851,0.36731330520841693,0.6285580000943307,0.004128694697252355,329.0035070864447,cuda:0,torch
11,asr,7,15,45,192,0.92925,0.92925,0.3239476134656269,0.40037601664763817,0.5951742987328694,0.004449684619492411,329.0101409280437,cuda:0,torch
11,asr,7,15,45,192,0.9295,0.9295,0.35005569117162355,0.43648418833531405,0.558719173538772,0.004796638125913966,329.01628335573525,cuda:0,torch
11,asr,7,15,45,192,0.92975,0.92975,0.3778533590074727,0.47544109733675505,0.5193924371803473,0.00516646548289762,329.02193373545583,cuda:0,torch
11,asr,7,15,45,192,0.9299999999999999,0.9299999999999999,0.4068896785681511,0.5167675120868712,0.47767932529289325,0.00555316262023553,329.0270914726455,cuda:0,torch
11,asr,7,15,45,192,0.93025,0.93025,0.43643000971156054,0.5596035885991588,0.43444948003587014,0.005946931364971042,329.0317560143659,cuda:0,torch
11,asr,7,15,45,192,0.9305,0.9305,0.4654033064459882,0.60262107518133,0.3910454549669732,0.006333469851696805,329.0359268472743,cuda:0,torch
11,asr,7,15,45,192,0.93075,0.93075,0.4923887612158403,0.6439809782123362,0.34932523454903114,0.006693787238632565,329.03960349997976,cuda:0,torch
11,asr,7,15,45,192,0.9309999999999999,0.9309999999999999,0.5156755151613608,0.6813843663089545,0.31161063932019795,0.0070049943708475615,329.04278554206485,cuda:0,torch
11,asr,7,15,45,192,0.93125,0.93125,0.5334240364000555,0.7122613635570562,0.2804961816929143,0.007242454750029492,329.0454725848803,cuda:0,torch
11,asr,7,15,45,192,0.9315,0.9315,0.5439309391813113,0.7341113740110518,0.2585053035699757,0.007383322418972549,329.04766428241174,cuda:0,torch
11,asr,7,15,45,192,0.93175,0.93175,0.5459510205417015,0.7449436551509704,0.24764549332179175,0.0074108515272378606,329.04936033065025,cuda:0,torch
11,asr,7,15,45,192,0.9319999999999999,0.9319999999999999,0.5389818640448136,0.7436963569166758,0.24898543007943333,0.0073182130038909055,329.05056046790116,cuda:0,torch
11,asr,7,15,45,192,0.93225,0.93225,0.523403445515613,0.7304831124795924,0.26240650967122797,0.007110377849179561,329.05126447622007,cuda:0,torch
11,asr,7,15,45,192,0.9325,0.9325,0.5004108440183949,0.7065664159156025,0.2866303497198026,0.006803234364594846,329.0514721804129,cuda:0,torch
11,asr,7,15,45,192,0.93275,0.93275,0.471763630186048,0.6740689299709195,0.31951082097581707,0.006420249053263438,329.0511834487917,cuda:0,torch
11,asr,7,15,45,192,0.9329999999999999,0.9329999999999999,0.4394477782988866,0.6355387158410711,0.358473334425095,0.005987949733833875,329.0503981928566,cuda:0,torch
11,asr,7,15,45,192,0.93325,0.93325,0.40536245758060785,0.5935194555403257,0.4009488107336024,0.0055317337260719635,329.04911636864233,cuda:0,torch
11,asr,7,15,45,192,0.9335,0.9335,0.37110657544351977,0.5502362178968201,0.44469077682678176,0.00507300527639809,329.04733797553763,cuda:0,torch
11,asr,7,15,45,192,0.93375,0.93375,0.3378836203627807,0.5074342825299926,0.4879378237443915,0.004627893725616006,329.0450630574305,cuda:0,torch
11,asr,7,15,45,192,0.9339999999999999,0.9339999999999999,0.30650168608588074,0.4663494506436411,0.5294433035900411,0.004207245766317813,329.0422917024181,cuda:0,torch
11,asr,7,15,45,192,0.93425,0.93425,0.2774300108207097,0.4277623762197287,0.5684202479635481,0.0038173758167232563,329.03902404308434,cuda:0,torch
11,asr,7,15,45,192,0.9345,0.9345,0.2508773266610963,0.39209074975191105,0.6044481398095761,0.0034611104385128266,329.0352602561009,cuda:0,torch
11,asr,7,15,45,192,0.93475,0.93475,0.22686917946091723,0.3594869882155692,0.6373741909341677,0.0031388208502631243,329.03100056341725,cuda:0,torch
11,asr,7,15,45,192,0.9349999999999999,0.9349999999999999,0.20531294362198207,0.3299240515753392,0.6672266563084575,0.002849292116203328,329.02624523115264,cuda:0,torch
11,asr,7,15,45,192,0.93525,0.93525,0.18604725114033,0.3032630163292895,0.6941465990748287,0.002590384595881845,329.02099457001816,cuda:0,torch
11,asr,7,15,45,192,0.9355,0.9355,0.16887687361835912,0.2793023880835246,0.718338110750898,0.0023595011655773712,329.01524893610144,cuda:0,torch
11,asr,7,15,45,192,0.93575,0.93575,0.15359581939032477,0.25781197773668385,0.7400341253459051,0.00215389691741108,329.0090087298236,cuda:0,torch
11,asr,7,15,45,192,0.9359999999999999,0.9359999999999999,0.14000167149030932,0.2385549176515088,0.7594742106744314,0.0019708716740597654,329.0022743965995,cuda:0,torch
11,asr,7,15,45,192,0.93625,0.93625,0.12790380055464284,0.22130112879289726,0.7768909907176444,0.0018078804894582912,328.99504642606456,cuda:0,torch
11,asr,7,15,45,192,0.9365,0.9365,0.11712750015872428,0.20583491519624716,0.7925024953010114,0.0016625895027414794,328.98732535342623,cuda:0,torch
11,asr,7,15,45,192,0.93675,0.93675,0.10751552932041192,0.19195868715571285,0.8065084158384243,0.0015328970058628988,328.9791117578307,cuda:0,torch
11,asr,7,15,45,192,0.9369999999999999,0.9369999999999999,0.09892808748511135,0.17949423411557683,0.8190888324337985,0.0014169334506246856,328.97040626367817,cuda:0,torch
11,asr,7,15,45,192,0.93725,0.93725,0.09124190357573941,0.16828251856663684,0.8304044319064016,0.001313049526961596,328.9612095392168,cuda:0,torch
11,asr,7,15,45,192,0.9375,0.9375,0.08434887696342279,0.1581826342444272,0.8405975675716233,0.0012197981839495164,328.95152229780655,cuda:0,torch
11,asr,7,15,45,192,0.93775,0.93775,0.07815454188605,0.1490703423108004,0.8497937434513361,0.0011359142378635223,328.9413452963394,cuda:0,torch
11,asr,7,15,45,192,0.938,0.938,0.07257651682503849,0.14083644348888696,0.8581032627717632,0.001060293739349849,328.9306793366107,cuda:0,torch
11,asr,7,15,45,192,0.93825,0.93825,0.06754302911432603,0.13338514053305744,0.8656228851518297,0.0009919743151128313,328.9195252639659,cuda:0,torch
11,asr,7,15,45,192,0.9385,0.9385,0.06299156054122881,0.1266324786937158,0.8724374042026191,0.0009301171036651401,328.9078839678085,cuda:0,torch
11,asr,7,15,45,192,0.93875,0.93875,0.05886763223769126,0.12050490911317495,0.8786211003520193,0.0008739905348057048,328.89575638050206,cuda:0,torch
11,asr,7,15,45,192,0.939,0.939,0.055123731219800624,0.1149379940237315,0.8842390499879635,0.000822955988304952,328.8831434792688,cuda:0,torch
11,asr,7,15,45,192,0.93925,0.93925,0.05171837191717684,0.10987525681503951,0.8893482879391889,0.0007764552457716345,472.7168848342804,cuda:0,torch
11,asr,7,15,45,192,0.9395,0.9395,0.048615281605602016,0.10526717124708251,0.8939988291636417,0.00073399958927578,331.36492980691963,cuda:0,torch
11,asr,7,15,45,192,0.93975,0.93975,0.04578269681835855,0.10107027942590972,0.8982345601985627,0.0006951603755275398,328.8424033007085,cuda:0,torch
11,asr,7,15,45,192,0.94,0.94,0.043192757565380234,0.09724642616891604,0.9020940129212452,0.0006595609098387079,328.82785976711625,cuda:0,torch
11,asr,7,15,45,192,0.94025,0.94025,0.04082098682007592,0.09376209697675064,0.9056110335703457,0.0006268694529036889,328.81283644592565,cuda:0,torch
11,asr,7,15,45,192,0.9405,0.9405,0.038645843789422304,0.09058784730318702,0.9088153594901272,0.0005967932066858334,328.7973345654507,cuda:0,torch
11,asr,7,15,45,192,0.94075,0.94075,0.036648340703230996,0.08769781174531469,0.9117331151128129,0.0005690731418724615,328.78135540305675,cuda:0,torch
11,asr,7,15,45,192,0.941,0.941,0.03481171412341097,0.08506928295606356,0.9143872374984681,0.0005434795454683783,328.7649002723761,cuda:0,torch
11,asr,7,15,45,192,0.9412499999999999,0.9412499999999999,0.03312114296002452,0.0826823512913718,0.9167978405249313,0.0005198081836969015,328.7479705294029,cuda:0,torch
11,asr,7,15,45,192,0.9415,0.9415,0.03156350647624038,0.08051959739786352,0.9189825256138088,0.0004978769883277057,328.7305675645619,cuda:0,torch
11,asr,7,15,45,192,0.94175,0.94175,0.03012717654176213,0.07856583108578,0.9209566457258499,0.00047752318837010477,328.7126928225692,cuda:0,torch
11,asr,7,15,45,192,0.942,0.942,0.02880183925293797,0.07680787084824708,0.9227335283323591,0.00045860081939380626,328.69434777703975,cuda:0,torch
11,asr,7,15,45,192,0.94225,0.94225,0.027578341790905594,0.07523435935830469,0.9243246620892794,0.0004409785524158716,328.675533942359,cuda:0,torch
11,asr,7,15,45,192,0.9425,0.9425,0.026448561024142534,0.07383561110297118,0.9257398511044117,0.00042453779261711344,328.65625287441117,cuda:0,torch
11,asr,7,15,45,192,0.94275,0.94275,0.02540529093962065,0.0726034891343415,0.92698733986163,0.00040917100402854123,328.6365061652777,cuda:0,torch
11,asr,7,15,45,192,0.943,0.943,0.024442146452673456,0.07153130862368715,0.9280739111534431,0.0003947802228697894,328.6162954477107,cuda:0,torch
11,asr,7,15,45,192,0.9432499999999999,0.9432499999999999,0.02355348158100582,0.0706137656142171,0.9290049586602347,0.0003812757255482052,328.5956223902437,cuda:0,torch
11,asr,7,15,45,192,0.9435,0.9435,0.022734320327036598,0.0698468900433174,0.9297845351353287,0.0003685748213539397,328.57448869904294,cuda:0,torch
11,asr,7,15,45,192,0.94375,0.94375,0.02198029894871798,0.06922802279082155,0.9304153764670487,0.0003566007421297035,328.55289611759946,cuda:0,torch
11,asr,7,15,45,192,0.944,0.944,0.02128761859136516,0.06875581723216251,0.9308989011655112,0.00034528160232627503,470.45586924543267,cuda:0,torch
11,asr,7,15,45,192,0.94425,0.94425,0.020653007540797578,0.06843026656870171,0.9312351840274576,0.0003345494038406449,2237.2443968035545,cuda:0,torch
11,asr,7,15,45,192,0.9445,0.9445,0.020073692615771976,0.06825275908634912,0.9314229018551028,0.00032433905854808986,443.9173473211297,cuda:0,torch
11,asr,7,15,45,192,0.94475,0.94475,0.019547379504064266,0.06822616454806575,0.9314592480513904,0.0003145874005438948,328.4619730140332,cuda:0,torch
11,asr,7,15,45,192,0.945,0.945,0.019072242120834974,0.0683549561624944,0.931339811681754,0.0003052321557516502,328.43811338333774,cuda:0,torch
11,asr,7,15,45,192,0.9452499999999999,0.9452499999999999,0.01864692139176928,0.06864537409139629,0.931058415076651,0.00029621083195272013,328.41380606658925,cuda:0,torch
11,asr,7,15,45,192,0.9455,0.9455,0.01827053421877745,0.06910563835095013,0.9306069021649347,0.0002874594841151823,328.38905305111314,cuda:0,torch
11,asr,7,15,45,192,0.94575,0.94575,0.017942693817360134,0.06974622131272826,0.9299748673882737,0.0002789112989980136,328.3638563561536,cuda:0,torch
11,asr,7,15,45,192,0.946,0.946,0.017663543128355733,0.0705801929787225,0.9291493120929779,0.0002704949282995861,328.33821803345637,cuda:0,torch
11,asr,7,15,45,192,0.9462499999999999,0.9462499999999999,0.01743380365272222,0.07162365593716781,0.9281142115857861,0.00026213247704608145,328.3121401663817,cuda:0,torch
11,asr,7,15,45,192,0.9465,0.9465,0.017254842848358466,0.07289629156404137,0.9268499714093447,0.0002537370266139649,328.28562486902547,cuda:0,torch
11,asr,7,15,45,192,0.94675,0.94675,0.017128764228380257,0.07442204479652845,0.9253327456741428,0.00024520952932874374,328.25867428657307,cuda:0,torch
11,asr,7,15,45,192,0.947,0.947,0.01705852551977452,0.07622998171968484,0.9235335834228252,0.00023643485748994775,328.231290593123,cuda:0,torch
11,asr,7,15,45,192,0.9472499999999999,0.9472499999999999,0.01704809170975667,0.07835536211485544,0.9214173611734453,0.00022727671169925356,328.2034759928491,cuda:0,torch
11,asr,7,15,45,192,0.9475,0.9475,0.017102631479328563,0.08084097729252107,0.918941451718684,0.00021757098879490733,328.1752327183917,cuda:0,torch
11,asr,7,15,45,192,0.94775,0.94775,0.017228767184018796,0.08373880990959315,0.9160540730243257,0.00020711706608111946,328.1465630300548,cuda:0,torch
11,asr,7,15,45,192,0.948,0.948,0.017434889679850456,0.08711207238886473,0.9126922613428412,0.00019566626829406464,328.1174692164178,cuda:0,torch
11,asr,7,15,45,192,0.9482499999999999,0.9482499999999999,0.017731548662318554,0.09103766367906002,0.908779429780448,0.0001829065404919672,328.0879535924388,cuda:0,torch
11,asr,7,15,45,192,0.9485,0.9485,0.01813192397851264,0.09560902857228676,0.9042225293658853,0.00016844206182792254,328.0580184995512,cuda:0,torch
11,asr,7,15,45,192,0.94875,0.94875,0.01865236766029173,0.10093926429160212,0.8989089694474169,0.0001517662609809428,328.02766630443756,cuda:0,torch
11,asr,7,15,45,192,0.949,0.949,0.019312967641703864,0.10716400323030693,0.8927037701695089,0.00013222660018420707,327.99689939926475,cuda:0,torch
11,asr,7,15,45,192,0.9492499999999999,0.9492499999999999,0.02013799640926143,0.11444292247444629,0.8854480974838169,0.00010898004173678921,327.96572020056766,cuda:0,torch
11,asr,7,15,45,192,0.9495,0.9495,0.021155919193180814,0.12295732584829669,0.8769617337396081,8.094041209524838e-05,327.93413114846663,cuda:0,torch
11,asr,7,15,45,192,0.94975,0.94975,0.02239824641863402,0.13289843007606272,0.8670548444202936,4.672550364370753e-05,327.90213470640305,cuda:0,torch
11,asr,7,15,45,192,0.95,0.95,0.023895746455178907,0.14443560442155035,0.855559767278268,4.628300181663825e-06,327.8697333603613,cuda:0,torch
11,asr,7,15,45,192,0.9502499999999999,0.9502499999999999,0.025669131792037014,0.1576443358461055,0.8424029900056013,-4.7325851706747635e-05,327.8369296182615,cuda:0,torch
11,asr,7,15,45,192,0.9505,0.9505,0.027709151485484147,0.17235979619506547,0.827751302461303,-0.00011109865636849126,327.8037260088056,cuda:0,torch
11,asr,7,15,45,192,0.95075,0.95075,0.029938942918572624,0.1879111459988726,0.8122767265653109,-0.00018787256418351106,327.7701250821891,cuda:0,torch
11,asr,7,15,45,192,0.951,0.951,0.032154157740968095,0.20271844662263577,0.7975579773554742,-0.000276423978109952,327.7361294080008,cuda:0,torch
11,asr,7,15,45,192,0.9512499999999999,0.9512499999999999,0.033956680194939325,0.21388665124548145,0.786483828140133,-0.0003704793856144084,327.7017415755419,cuda:0,torch
11,asr,7,15,45,192,0.9515,0.9515,0.03475135321190235,0.21730042241182063,0.7831557546719299,-0.0004561770837505086,327.6669641923694,cuda:0,torch
11,asr,7,15,45,192,0.95175,0.95175,0.0339281547073463,0.2090298875860635,0.7914833714641336,-0.0005132590501971124,327.63179988471285,cuda:0,torch
11,asr,7,15,45,192,0.952,0.952,0.031247968211395135,0.1880146591570512,0.8125090716493818,-0.0005237308064330037,327.59625129596265,cuda:0,torch
11,asr,7,15,45,192,0.9522499999999999,0.9522499999999999,0.027122661361804783,0.15774531407500714,0.8427384340142154,-0.00048374808922257984,327.5603210864947,cuda:0,torch
11,asr,7,15,45,192,0.9525,0.9525,0.0224163599261467,0.12453662101799795,0.8758697461126465,-0.0004063671306444028,327.5240119325993,cuda:0,torch
11,asr,7,15,45,192,0.95275,0.95275,0.01794155309568543,0.09394208396410875,0.9063698155083607,-0.0003118994724694568,327.4873265266161,cuda:0,torch
11,asr,7,15,45,192,0.953,0.953,0.014150031777438482,0.0687934101861755,0.9314235847788819,-0.00021699496505737936,327.4502675755838,cuda:0,torch
11,asr,7,15,45,192,0.9532499999999999,0.9532499999999999,0.011153340553847728,0.04955005628902498,0.9505806993872536,-0.0001307556762786266,327.41283780060974,cuda:0,torch
11,asr,7,15,45,192,0.9535,0.9535,0.008875819216552302,0.03545604166289606,0.9646001993465708,-5.624100946687721e-05,327.37503993713835,cuda:0,torch
11,asr,7,15,45,192,0.95375,0.95375,0.0071798966773041345,0.02541597478688177,0.9745772133325815,6.811880536715387e-06,327.33687673321015,cuda:0,torch
11,asr,7,15,45,192,0.954,0.954,0.005929884659890195,0.018412933757064223,0.9815270514053143,6.001483762151094e-05,327.2983509495424,cuda:0,torch
11,asr,7,15,45,192,0.9542499999999999,0.9542499999999999,0.0050141991675920344,0.013637043980610622,0.9862576678206504,0.00010528819873899253,327.2594653586131,cuda:0,torch
11,asr,7,15,45,192,0.9545,0.9545,0.004348175537732466,0.010486918175301677,0.9893686596780564,0.00014442214664189476,327.2202227442615,cuda:0,torch
11,asr,7,15,45,192,0.95475,0.95475,0.003870128365876065,0.008531279777529769,0.9912897787424032,0.00017894148006702623,327.1806259010536,cuda:0,torch
11,asr,7,15,45,192,0.955,0.955,0.00353615343814656,0.007466610041848432,0.992323289655016,0.00021010030313552922,327.15310619475264,cuda:0,torch
11,asr,7,15,45,192,0.9552499999999999,0.9552499999999999,0.0033155754455661155,0.0070820782442220865,0.9926789990404626,0.00023892271531527395,327.1357622195733,cuda:0,torch
11,asr,7,15,45,192,0.9555,0.9555,0.003187467343049307,0.007233434856196896,0.9925003115007792,0.0002662536430238843,327.11799982245066,cuda:0,torch
11,asr,7,15,45,192,0.95575,0.95575,0.0031381609174816402,0.007824550294512624,0.9918826431834881,0.0002928065219993097,327.0998197982502,cuda:0,torch
11,asr,7,15,45,192,0.956,0.956,0.003159547227931066,0.008794761093498252,0.990886034673156,0.00031920423334580103,327.0812229740807,cuda:0,torch
11,asr,7,15,45,192,0.9562499999999999,0.9562499999999999,0.003247977113910347,0.01011044188185553,0.9895435446286861,0.00034601348945836885,327.06221020872783,cuda:0,torch
11,asr,7,15,45,192,0.9564999999999999,0.9564999999999999,0.003403618472406184,0.01175963240573693,0.9878665934551332,0.00037377413912990237,327.0427823932446,cuda:0,torch
11,asr,7,15,45,192,0.95675,0.95675,0.003630175471558075,0.013748919461235916,0.9858480553991815,0.0004030251395825621,327.0229404502573,cuda:0,torch
11,asr,7,15,45,192,0.957,0.957,0.0039349168465880584,0.016102064238434435,0.9834636068850255,0.0004343288765400223,327.00268533402567,cuda:0,torch
11,asr,7,15,45,192,0.9572499999999999,0.9572499999999999,0.004328995958733368,0.018860085049109156,0.9806716195909415,0.0004682953599493313,326.9820180304054,cuda:0,torch
11,asr,7,15,45,192,0.9575,0.9575,0.0048280768261593264,0.022082672569726992,0.9774117197792314,0.0005056076510416493,326.96093955624497,cuda:0,torch
11,asr,7,15,45,192,0.95775,0.95775,0.005453310430787796,0.025850945467566028,0.9736020048620924,0.0005470496703416095,326.93945095989653,cuda:0,torch
11,asr,7,15,45,192,0.958,0.958,0.006232735748307999,0.030271655388943934,0.9691348074371654,0.0005935371738906639,326.91755332039304,cuda:0,torch
11,asr,7,15,45,192,0.9582499999999999,0.9582499999999999,0.0072032091934721215,0.03548301398856338,0.9638708340696697,0.0006461519417669537,326.89524774762793,cuda:0,torch
11,asr,7,15,45,192,0.9584999999999999,0.9584999999999999,0.008412987802832134,0.04166230511836749,0.9576315172650018,0.0007061776166306655,326.8725353820152,cuda:0,torch
11,asr,7,15,45,192,0.95875,0.95875,0.009925086056707232,0.04903527213489845,0.9501895956014947,0.0007751322636068078,326.8494173941418,cuda:0,torch
11,asr,7,15,45,192,0.959,0.959,0.011821446215144615,0.05788673280415983,0.9412584813200852,0.000854785875755007,326.8258949850025,cuda:0,torch
11,asr,7,15,45,192,0.9592499999999999,0.9592499999999999,0.014207700396778565,0.0685705565158338,0.9304823058719294,0.0009471376122368313,326.80196938515047,cuda:0,torch
11,asr,7,15,45,192,0.9594999999999999,0.9594999999999999,0.01721763431776714,0.08151423201038115,0.9174314656896851,0.0010543022999337098,326.7776418552291,cuda:0,torch
11,asr,7,15,45,192,0.95975,0.95975,0.021014952873381017,0.09720733612254621,0.9016144526386625,0.0011782112387913185,326.75291368486234,cuda:0,torch
11,asr,7,15,45,192,0.96,0.96,0.02578687622797223,0.11615226267755208,0.8825277745612784,0.0013199627611695242,326.727786192924,cuda:0,torch
11,asr,14,29,87,232,0.9,0.9,0.012572562378562519,0.024611771311422247,0.9754163175638775,-2.8088875299724092e-05,811.1441765209441,cuda:0,torch
11,asr,14,29,87,232,0.90025,0.90025,0.011860646214226724,0.02490754132500421,0.9751189524627557,-2.6493787759915288e-05,811.4374968865641,cuda:0,torch
11,asr,14,29,87,232,0.9005,0.9005,0.011196921208746895,0.02529382930549963,0.9747310908765189,-2.4920182018509096e-05,811.7365375362541,cuda:0,torch
11,asr,14,29,87,232,0.90075,0.90075,0.010579792961014392,0.025768167759171165,0.9742552010092836,-2.3368768454809508e-05,812.0414743381074,cuda:0,torch
11,asr,14,29,87,232,0.901,0.901,0.010007728603168122,0.026329288444937055,0.9736925505861977,-2.183903113480226e-05,812.3524924045925,cuda:0,torch
11,asr,14,29,87,232,0.90125,0.90125,0.00947932060632635,0.026977144513371847,0.9730431848361013,-2.0329349473151292e-05,812.6697867271384,cuda:0,torch
11,asr,14,29,87,232,0.9015,0.9015,0.008993343613992478,0.027712937209055193,0.9723058998883771,-1.8837097432316402e-05,812.993562872497,cuda:0,torch
11,asr,14,29,87,232,0.90175,0.90175,0.008548806912869251,0.02853915282152655,0.9714782058981521,-1.735871967869715e-05,813.3240377796984,cuda:0,torch
11,asr,14,29,87,232,0.902,0.902,0.008145004836190805,0.029459615526326522,0.9705562742524889,-1.5889778815437322e-05,813.6614407920245,cuda:0,torch
11,asr,14,29,87,232,0.90225,0.90225,0.007781567715916681,0.03047956106618412,0.9695348639122291,-1.4424978413214024e-05,814.0060145230228,cuda:0,torch
11,asr,14,29,87,232,0.9025,0.9025,0.007458515953165066,0.03160573658482664,0.968407221572087,-1.2958156913669971e-05,814.35801606778,cuda:0,torch
11,asr,14,29,87,232,0.90275,0.90275,0.007176320031088658,0.03284653208464111,0.9671649501684223,-1.1482253063410663e-05,814.7177181922334,cuda:0,torch
11,asr,14,29,87,232,0.903,0.903,0.006935969577741883,0.03421214980454844,0.9657978394365,-9.989241048433128e-06,815.0854105523069,cuda:0,torch
11,asr,14,29,87,232,0.90325,0.90325,0.006739054992876958,0.035714818956451726,0.9642936510744347,-8.470030886380264e-06,815.461401451977,cuda:0,torch
11,asr,14,29,87,232,0.9035,0.9035,0.006587865794804597,0.03736906445763883,0.9626378498751803,-6.914332819137059e-06,815.8460194451536,cuda:0,torch
11,asr,14,29,87,232,0.90375,0.90375,0.006485510702910699,0.03919204049693501,0.9608132699814439,-5.310478378907357e-06,816.2396151138126,cuda:0,torch
11,asr,14,29,87,232,0.904,0.904,0.006436065528927838,0.041203942152364496,0.9587997030393397,-3.6451917041976922e-06,816.6425634395929,cuda:0,torch
11,asr,14,29,87,232,0.90425,0.90425,0.0064447565394622685,0.04342851129938127,0.9565733920041534,-1.9033035346394112e-06,817.0552660287425,cuda:0,torch
11,asr,14,29,87,232,0.9045,0.9045,0.006518188834004445,0.04589365709995929,0.9541064102938743,-6.739383361792362e-08,817.4781539161215,cuda:0,torch
11,asr,14,29,87,232,0.90475,0.90475,0.00666463186340851,0.048632215839013886,0.951365901512646,1.8826483401193639e-06,817.911690658033,cuda:0,torch
11,asr,14,29,87,232,0.905,0.905,0.0068943774879337005,0.051682880726038424,0.9483131491042571,3.970169704450854e-06,818.3563758930627,cuda:0,torch
11,asr,14,29,87,232,0.90525,0.90525,0.007220190210326471,0.05509133893774995,0.9449024386414713,6.222420778773108e-06,818.8127493221234,cuda:0,torch
11,asr,14,29,87,232,0.9055,0.9055,0.007657874538724278,0.058911660435022425,0.9410796681862761,8.671378701488597e-06,819.2813953847532,cuda:0,torch
11,asr,14,29,87,232,0.90575,0.90575,0.008226991147675937,0.06320799144837011,0.93678065379504,1.1354756589837534e-05,819.7629487912955,cuda:0,torch
11,asr,14,29,87,232,0.906,0.906,0.008951761631876883,0.06805661221853268,0.9319290705443202,1.4317237147148942e-05,820.2581003774558,cuda:0,torch
11,asr,14,29,87,232,0.90625,0.90625,0.009862211161258488,0.0735484232328203,0.926433964789524,1.7611977655693223e-05,820.7676047499979,cuda:0,torch
11,asr,14,29,87,232,0.9065,0.9065,0.010995608714924292,0.07979192090535453,0.9201867766668711,2.13024277743723e-05,821.2922885103688,cuda:0,torch
11,asr,14,29,87,232,0.9067500000000001,0.9067500000000001,0.012398274157010693,0.08691670503829992,0.9130578304604037,2.546450129640998e-05,821.8330604779784,cuda:0,torch
11,asr,14,29,87,232,0.907,0.907,0.014127826502593494,0.09507751074733702,0.9048923001368833,3.0189115779719056e-05,822.390923374995,cuda:0,torch
11,asr,14,29,87,232,0.90725,0.90725,0.016255941000624385,0.1044586515679034,0.895505763367305,3.5585064791565646e-05,822.9669883613564,cuda:0,torch
11,asr,14,29,87,232,0.9075,0.9075,0.018871648752844906,0.11527854995671011,0.8846796679689134,4.178207437649517e-05,823.5624915784426,cuda:0,torch
11,asr,14,29,87,232,0.9077500000000001,0.9077500000000001,0.022085124509022423,0.12779364384005973,0.8721574224731169,4.8933686823376954e-05,824.1788156053885,cuda:0,torch
11,asr,14,29,87,232,0.908,0.908,0.026031714674738263,0.14230026502703338,0.8576425157439225,5.7219229044142006e-05,824.8175142420221,cuda:0,torch
11,asr,14,29,87,232,0.90825,0.90825,0.030875575250633953,0.15913191274918143,0.8408012437934641,6.684345735447073e-05,825.480343917308,cuda:0,torch
11,asr,14,29,87,232,0.9085,0.9085,0.03681158244752029,0.1786474481186454,0.8212745205119523,7.803136940232047e-05,826.1693031035476,cuda:0,torch
11,asr,14,29,87,232,0.9087500000000001,0.9087500000000001,0.04406296928556664,0.2012029166424919,0.7987060693603001,9.101399720801151e-05,826.8866815288325,cuda:0,torch
11,asr,14,29,87,232,0.909,0.909,0.052870256649264945,0.22709603861078417,0.7727979626600775,0.00010599872913832908,827.6351231170604,cuda:0,torch
11,asr,14,29,87,232,0.90925,0.90925,0.06346455108203627,0.25646897822841414,0.7434079063682709,0.00012311540331494397,828.4177084312605,cuda:0,torch
11,asr,14,29,87,232,0.9095,0.9095,0.0760160196881214,0.2891552180895675,0.7107024529911062,0.00014232891932625114,829.2380622555858,cuda:0,torch
11,asr,14,29,87,232,0.9097500000000001,0.9097500000000001,0.09054898631171089,0.3244678053861704,0.6753688798100054,0.00016331480382419938,830.100499184284,cuda:0,torch
11,asr,14,29,87,232,0.91,0.91,0.10682410251039136,0.36096064422290586,0.6388540426555813,0.0001853131215128201,831.3893687831845,cuda:0,torch
11,asr,14,29,87,232,0.91025,0.91025,0.12421231726385218,0.3962595901279101,0.6035333959730615,0.0002070138990283299,833.7456500123801,cuda:0,torch
11,asr,14,29,87,232,0.9105,0.9105,0.14162443821474763,0.42713482037466605,0.5726386061070079,0.00022657351832605643,836.2781681133615,cuda:0,torch
11,asr,14,29,87,232,0.9107500000000001,0.9107500000000001,0.1575892617032177,0.4499908065057602,0.5497673219384274,0.00024187155581245623,839.0174425917752,cuda:0,torch
11,asr,14,29,87,232,0.911,0.911,0.17053984265073943,0.46177627918075914,0.5379726959424391,0.0002510248768017309,842.0035496202584,cuda:0,torch
11,asr,14,29,87,232,0.91125,0.91125,0.17924193435927402,0.46098081586169093,0.538766203276994,0.00025298086131508857,845.2908771145687,cuda:0,torch
11,asr,14,29,87,232,0.9115,0.9115,0.1831591881597774,0.4481673915774692,0.5515847382024601,0.0002478702200706673,848.9564145960181,cuda:0,torch
11,asr,14,29,87,232,0.9117500000000001,0.9117500000000001,0.18255095729453003,0.42570637216282614,0.574056723433162,0.00023690440401180624,853.1154608503355,cuda:0,torch
11,asr,14,29,87,232,0.912,0.912,0.17827408202947762,0.39690316171037154,0.6028749354973421,0.0002219027922863992,857.9549103653001,cuda:0,torch
11,asr,14,29,87,232,0.91225,0.91225,0.17144235434882196,0.36504422288710675,0.6347510339980704,0.00020474311482282515,863.8165120950159,cuda:0,torch
11,asr,14,29,87,232,0.9125,0.9125,0.16312777539783713,0.33277281386189517,0.667040204266405,0.00018698187169985392,871.4715625177605,cuda:0,torch
11,asr,14,29,87,232,0.9127500000000001,0.9127500000000001,0.15419349104631405,0.301882255134803,0.6979480341381317,0.00016971072706534196,883.8400358930326,cuda:0,torch
11,asr,14,29,87,232,0.913,0.913,0.14524939059285008,0.2733953865821807,0.7264510302564442,0.00015358316137509265,892.9614783252764,cuda:0,torch
11,asr,14,29,87,232,0.91325,0.91325,0.13668002597558193,0.24776113534863287,0.7520999480430938,0.00013891660827336505,888.7508640115457,cuda:0,torch
11,asr,14,29,87,232,0.9135,0.9135,0.128698943236697,0.22505597618710438,0.7748182199194071,0.0001258038934884853,885.6302533740981,cuda:0,torch
11,asr,14,29,87,232,0.9137500000000001,0.9137500000000001,0.12140273704651311,0.2051427502867992,0.7947430456785066,0.00011420403469417084,882.9960183622624,cuda:0,torch
11,asr,14,29,87,232,0.914,0.914,0.11481425736755961,0.1877791676749382,0.8121168264032966,0.00010400592176515455,880.6571260286322,cuda:0,torch
11,asr,14,29,87,232,0.91425,0.91425,0.10891336529307774,0.1726848750142785,0.8272200562409789,9.506874474254912e-05,878.5231641781086,cuda:0,torch
11,asr,14,29,87,232,0.9145,0.9145,0.10365725218812877,0.15957941412940313,0.8403333402334134,8.72456371834307e-05,876.5427173795065,cuda:0,torch
11,asr,14,29,87,232,0.91475,0.91475,0.09899312713115138,0.14820158151486623,0.8517180221408323,8.039634430151432e-05,874.6831764993856,cuda:0,torch
11,asr,14,29,87,232,0.915,0.915,0.09486574081791585,0.13831770519325165,0.8616079016168267,7.439318992169541e-05,872.9222907709491,cuda:0,torch
11,asr,14,29,87,232,0.91525,0.91525,0.0912215904953818,0.12972372520580439,0.8702071516136933,6.912318050228405e-05,871.244056982207,cuda:0,torch
11,asr,14,29,87,232,0.9155,0.9155,0.08801107221806304,0.1222440608661771,0.8776914511123088,6.448802151405586e-05,869.6364983007901,cuda:0,torch
11,asr,14,29,87,232,0.91575,0.91575,0.08518940799732629,0.11572900175510774,0.8842105951469331,6.040309795914134e-05,868.0903671814162,cuda:0,torch
11,asr,14,29,87,232,0.916,0.916,0.08271687035064637,0.1100515877098891,0.8898916162662158,5.679602389507821e-05,866.5983422489311,cuda:0,torch
11,asr,14,29,87,232,0.91625,0.91625,0.080558624631942,0.10510448263171186,0.8948419122802935,5.3605087994609835e-05,865.1545061458208,cuda:0,torch
11,asr,14,29,87,232,0.9165,0.9165,0.0786843821302136,0.10079708579179132,0.8991521364452081,5.077776300059511e-05,863.7539929606156,cuda:0,torch
11,asr,14,29,87,232,0.91675,0.91675,0.07706797622653185,0.09705297746198263,0.902898753182816,4.8269355201385755e-05,862.3927422597518,cuda:0,torch
11,asr,14,29,87,232,0.917,0.917,0.07568692512692583,0.09380771882121511,0.9061462393576291,4.604182115583444e-05,861.0673227603268,cuda:0,torch
11,asr,14,29,87,232,0.91725,0.91725,0.07452201527494612,0.09100698821894748,0.9089489490308869,4.406275016566319e-05,859.774803073343,cuda:0,torch
11,asr,14,29,87,232,0.9175,0.9175,0.07355692192880656,0.08860501900410725,0.9113526764939067,4.2304501986029086e-05,858.5126543640891,cuda:0,torch
11,asr,14,29,87,232,0.91775,0.91775,0.07277787349561708,0.0865632994827756,0.9133959570375749,4.074347964948266e-05,857.278676818519,cuda:0,torch
11,asr,14,29,87,232,0.918,0.918,0.07217336064375748,0.0848494964195365,0.9151111440583686,3.935952209492555e-05,856.0709422476451,cuda:0,torch
11,asr,14,29,87,232,0.91825,0.91825,0.07173388821806127,0.08343656699086117,0.9165252976125916,3.813539654722031e-05,854.8877489831473,cuda:0,torch
11,asr,14,29,87,232,0.9185,0.9185,0.0714517667765543,0.08230202887269912,0.9176609147517005,3.705637560035002e-05,853.7275862729113,cuda:0,torch
11,asr,14,29,87,232,0.91875,0.91875,0.07132094000043922,0.08142736256529212,0.91853652754839,3.6109886317886586e-05,852.5891052350652,cuda:0,torch
11,asr,14,29,87,232,0.919,0.919,0.07133684436726559,0.08079752454866203,0.9191671902337657,3.528521757227565e-05,851.4710958518261,cuda:0,torch
11,asr,14,29,87,232,0.91925,0.91925,0.07149629788377736,0.08040055378053781,0.9195648729406319,3.4573278830246634e-05,850.3724673687082,cuda:0,torch
11,asr,14,29,87,232,0.9195,0.9195,0.07179741487164319,0.08022725702865557,0.9197387765715704,3.3966399773988076e-05,849.2922326528006,cuda:0,torch
11,asr,14,29,87,232,0.91975,0.91975,0.0722395446450456,0.08027096182531428,0.9196955800090393,3.345816564644111e-05,848.2294946998152,cuda:0,torch
11,asr,14,29,87,232,0.92,0.92,0.07282323209142161,0.08052732776797612,0.9194396289495507,3.304328247320798e-05,847.1834359128367,cuda:0,torch
11,asr,14,29,87,232,0.92025,0.92025,0.07355019903646833,0.08099420940410446,0.9189730731281595,3.2717467736087524e-05,846.1533081975791,cuda:0,torch
11,asr,14,29,87,232,0.9205,0.9205,0.07442334522841056,0.08167156500967335,0.9182959576270535,3.247736327313677e-05,845.1384254135186,cuda:0,torch
11,asr,14,29,87,232,0.92075,0.92075,0.07544676901578247,0.08256140797832266,0.9174062715540112,3.2320467666116515e-05,844.1381561021434,cuda:0,torch
11,asr,14,29,87,232,0.921,0.921,0.07662580736847316,0.08366779788945206,0.9162999570255628,3.224508498517187e-05,843.1519178856787,cuda:0,torch
11,asr,14,29,87,232,0.92125,0.92125,0.07796709605955092,0.08499687022410786,0.9149708794857287,3.225029016339087e-05,842.179172282416,cuda:0,torch
11,asr,14,29,87,232,0.9215,0.9215,0.07947865092342934,0.08655690450665521,0.9134107595853035,3.233590804130326e-05,841.2194202394625,cuda:0,torch
11,asr,14,29,87,232,0.92175,0.92175,0.08116997177377432,0.08835843183535602,0.9116090656582923,3.250250635172813e-05,840.2721984037033,cuda:0,torch
11,asr,14,29,87,232,0.922,0.922,0.08305217074532675,0.09041438351173457,0.9095528650868588,3.2751401406586056e-05,839.3370754369541,cuda:0,torch
11,asr,14,29,87,232,0.92225,0.92225,0.08513812795752916,0.09274028414581857,0.9072266311762811,3.308467790032188e-05,838.4136495242611,cuda:0,torch
11,asr,14,29,87,232,0.9225,0.9225,0.08744267715655905,0.09535449289970294,0.9046120018792996,3.350522099748732e-05,837.5015452225825,cuda:0,torch
11,asr,14,29,87,232,0.92275,0.92275,0.089982825597715,0.09827849871477706,0.9016874845215667,3.401676365627493e-05,836.6004115134583,cuda:0,torch
11,asr,14,29,87,232,0.923,0.923,0.09277801191411919,0.10153727539067332,0.8984281006614482,3.462394787849543e-05,835.7099196130813,cuda:0,torch
11,asr,14,29,87,232,0.92325,0.92325,0.09585040765588686,0.10515970510987616,0.8948049624873792,3.533240274466998e-05,834.8297611586063,cuda:0,torch
11,asr,14,29,87,232,0.9235,0.9235,0.09922526756251672,0.10917907892971328,0.8907847722306663,3.614883962040072e-05,833.9596463818394,cuda:0,torch
11,asr,14,29,87,232,0.92375,0.92375,0.10293133540893969,0.11363368554384241,0.886329233289509,3.708116664861982e-05,833.0993030365546,cuda:0,torch
11,asr,14,29,87,232,0.924,0.924,0.10700131147743998,0.11856749956301234,0.8813943618120351,3.813862495254117e-05,832.2484745352207,cuda:0,torch
11,asr,14,29,87,232,0.92425,0.92425,0.11147238908645139,0.1240309830988839,0.8759296849540867,3.933194702936127e-05,831.4069193097014,cuda:0,torch
11,asr,14,29,87,232,0.9245,0.9245,0.11638686563596307,0.13008201321874843,0.8698773132403498,4.067354090178665e-05,830.5744093309113,cuda:0,torch
11,asr,14,29,87,232,0.92475,0.92475,0.12179283331591557,0.13678694879695638,0.8631708735029238,4.217770011985533e-05,829.7507293239594,cuda:0,torch
11,asr,14,29,87,232,0.925,0.925,0.12774495082317366,0.14422184708445843,0.8557342920748187,4.386084072291463e-05,828.9356758354687,cuda:0,torch
11,asr,14,29,87,232,0.92525,0.92525,0.1343052911579457,0.15247383432025371,0.8474804239154763,4.574176426999643e-05,828.1290565284606,cuda:0,torch
11,asr,14,29,87,232,0.9255,0.9255,0.14154425195613646,0.16164262591335202,0.838309532145455,4.784194119297758e-05,827.330689104234,cuda:0,torch
11,asr,14,29,87,232,0.92575,0.92575,0.14954149654094695,0.17184217078825065,0.8281076434052659,5.0185806483471485e-05,826.5404012073142,cuda:0,torch
11,asr,14,29,87,232,0.926,0.926,0.1583868692855362,0.18320236541400364,0.8167448335361406,5.280104985577738e-05,825.7580293395522,cuda:0,torch
11,asr,14,29,87,232,0.92625,0.92625,0.16818118774710902,0.19587073207295988,0.8040735490570234,5.571887001667997e-05,824.9834183565938,cuda:0,torch
11,asr,14,29,87,232,0.9265,0.9265,0.1790367510563092,0.21001387579788397,0.7899271500577622,5.8974144353879376e-05,824.2164213287194,cuda:0,torch
11,asr,14,29,87,232,0.92675,0.92675,0.1910773118389811,0.22581841319291943,0.7741189813721057,6.260543497491056e-05,823.4568986524467,cuda:0,torch
11,asr,14,29,87,232,0.927,0.927,0.2044371210826225,0.24349088091367957,0.756442464376125,6.665471019548508e-05,822.7047177619736,cuda:0,torch
11,asr,14,29,87,232,0.92725,0.92725,0.21925845823815132,0.2632558589741593,0.7366729744252216,7.116660061906588e-05,821.959752885563,cuda:0,torch
11,asr,14,29,87,232,0.9275,0.9275,0.23568678860746287,0.2853511595629748,0.7145726535190595,7.618691796568156e-05,821.221884351827,cuda:0,torch
11,asr,14,29,87,232,0.92775,0.92775,0.2538623319419599,0.31001840461017327,0.6898998353268317,8.17600629949844e-05,820.4909986058155,cuda:0,torch
11,asr,14,29,87,232,0.9279999999999999,0.9279999999999999,0.2739063965261284,0.33748665125920607,0.6624254239391012,8.79248016927292e-05,819.7669877589376,cuda:0,torch
11,asr,14,29,87,232,0.92825,0.92825,0.2959003914993615,0.36794598074313783,0.6319593114984892,9.470775837300272e-05,819.0497490594959,cuda:0,torch
11,asr,14,29,87,232,0.9285,0.9285,0.3198551459538154,0.40150734451710013,0.5983905416084409,0.00010211387445901998,818.339185161157,cuda:0,torch
11,asr,14,29,87,232,0.92875,0.92875,0.3456683841980685,0.4381449107848052,0.5617449760673213,0.0001101131478734585,817.6352033604533,cuda:0,torch
11,asr,14,29,87,232,0.929,0.929,0.37306956468117997,0.4776185396979777,0.5222628369205315,0.00011862338149076779,816.9377156143272,cuda:0,torch
11,asr,14,29,87,232,0.92925,0.92925,0.40155470301853735,0.519378174283713,0.48049433599083957,0.000127489725447405,816.246638379323,cuda:0,torch
11,asr,14,29,87,232,0.9295,0.9295,0.4303202595958661,0.5624604689151492,0.4374030672788886,0.00013646380596210594,815.5618921551187,cuda:0,torch
11,asr,14,29,87,232,0.92975,0.92975,0.45821493038838096,0.6054017219696619,0.3944530897401184,0.00014518829021969992,814.8834016347594,cuda:0,torch
11,asr,14,29,87,232,0.9299999999999999,0.9299999999999999,0.4837391660485036,0.646208000280142,0.3536388035297885,0.00015319619006948226,814.2110952598457,cuda:0,torch
11,asr,14,29,87,232,0.93025,0.93025,0.5051281139739108,0.6824350857619259,0.31740497811861035,0.00015993611946374386,813.5449053956181,cuda:0,torch
11,asr,14,29,87,232,0.9305,0.9305,0.5205439246240237,0.711422669232918,0.2884124990073468,0.0001648317597352511,812.8847676662429,cuda:0,torch
11,asr,14,29,87,232,0.93075,0.93075,0.5283690272124578,0.7306843295631803,0.26914829727409745,0.00016737316272219527,812.2306212997287,cuda:0,torch
11,asr,14,29,87,232,0.9309999999999999,0.9309999999999999,0.5275379741312995,0.738379855425717,0.26145292393946457,0.00016722063481844351,811.5824087994597,cuda:0,torch
11,asr,14,29,87,232,0.93125,0.93125,0.5177997124755966,0.7337247473102779,0.26611096517415084,0.00016428751557118204,810.9400758634935,cuda:0,torch
11,asr,14,29,87,232,0.9315,0.9315,0.4998038060112097,0.7171795206078252,0.2826617109824903,0.00015876840968453987,810.3035711906095,cuda:0,torch
11,asr,14,29,87,232,0.93175,0.93175,0.47496844183492365,0.690338290247428,0.3095106104656464,0.00015109928692558228,809.6728465894604,cuda:0,torch
11,asr,14,29,87,232,0.9319999999999999,0.9319999999999999,0.445181420554189,0.655564402446943,0.3442937325408111,0.00014186501224588977,809.0478566085039,cuda:0,torch
11,asr,14,29,87,232,0.93225,0.93225,0.41244771469381303,0.6155183264996443,0.38434998393750686,0.0001316895628488135,808.4285587013915,cuda:0,torch
11,asr,14,29,87,232,0.9325,0.9325,0.3785945501360478,0.5727344444879436,0.42714441187830543,0.00012114363375093085,807.8149128594697,cuda:0,torch
11,asr,14,29,87,232,0.93275,0.93275,0.3450937358014919,0.5293422180867701,0.47054709337679906,0.00011068853643092513,807.2068819759222,cuda:0,torch
11,asr,14,29,87,232,0.9329999999999999,0.9329999999999999,0.313002948461053,0.48694810181039017,0.5129512410150772,0.00010065717453267009,806.6044313103723,cuda:0,torch
11,asr,14,29,87,232,0.93325,0.93325,0.28299256824864794,0.44664147237760393,0.5532672657798909,9.126184250513036e-05,806.007528654741,cuda:0,torch
11,asr,14,29,87,232,0.9335,0.9335,0.25541684817675814,0.4090713504506201,0.5908460334985487,8.261605083120793e-05,805.4161443738867,cuda:0,torch
11,asr,14,29,87,232,0.93375,0.93375,0.23039697250420996,0.37454876312898694,0.6253764766410648,7.476022994828968e-05,804.8302510974829,cuda:0,torch
11,asr,14,29,87,232,0.9339999999999999,0.9339999999999999,0.2078969157043073,0.3431461908416903,0.6567861238366173,6.768532169243446e-05,804.2498237931229,cuda:0,torch
11,asr,14,29,87,232,0.93425,0.93425,0.1877841046256745,0.3147805659375795,0.685158082355833,6.1351706587498e-05,803.6748398481947,cuda:0,torch
11,asr,14,29,87,232,0.9345,0.9345,0.16987376680286215,0.2892762426867116,0.7106680542294374,5.570308385105527e-05,803.1052788389151,cuda:0,torch
11,asr,14,29,87,232,0.93475,0.93475,0.15395914582481365,0.266409550730858,0.7335397733094375,5.0675959704482576e-05,802.5411225920591,cuda:0,torch
11,asr,14,29,87,232,0.9349999999999999,0.9349999999999999,0.1398307938996785,0.24593852141190561,0.7540152728597825,4.620572831184888e-05,801.9823550574649,cuda:0,torch
11,asr,14,29,87,232,0.93525,0.93525,0.12728802991623897,0.22762160746432766,0.7723361622323488,4.2230303323537166e-05,801.4289624516948,cuda:0,torch
11,asr,14,29,87,232,0.9355,0.9355,0.11614508402796646,0.21122868417810786,0.7887326237381188,3.8692083773328445e-05,800.8809330442461,cuda:0,torch
11,asr,14,29,87,232,0.93575,0.93575,0.10623380765180347,0.1965468764091483,0.8034175847533602,3.553883749146669e-05,800.3382573210116,cuda:0,torch
11,asr,14,29,87,232,0.9359999999999999,0.9359999999999999,0.09740426972556905,0.18338305763277507,0.8165842184484619,3.27239187630779e-05,799.8009277905682,cuda:0,torch
11,asr,14,29,87,232,0.93625,0.93625,0.08952412800800963,0.17156430136342307,0.8284054925402451,3.020609633183624e-05,799.2689390948769,cuda:0,torch
11,asr,14,29,87,232,0.9365,0.9365,0.08247735075886527,0.16093714068201284,0.8390349101459839,2.7949172003299827e-05,798.7422879483504,cuda:0,torch
11,asr,14,29,87,232,0.93675,0.93675,0.0761626491126663,0.1513661912077837,0.8486078872863488,2.5921505867471106e-05,798.2209730166618,cuda:0,torch
11,asr,14,29,87,232,0.9369999999999999,0.9369999999999999,0.07049183706520229,0.1427324879618512,0.8572434165236569,2.4095514491923042e-05,797.7049952463691,cuda:0,torch
11,asr,14,29,87,232,0.93725,0.93725,0.06538824258937398,0.1349317482715385,0.8650458045457672,2.2447182694312895e-05,797.1943575186895,cuda:0,torch
11,asr,14,29,87,232,0.9375,0.9375,0.06078523451086846,0.1278726834565152,0.8721063609340342,2.0955609450645785e-05,796.6890646978374,cuda:0,torch
11,asr,14,29,87,232,0.93775,0.93775,0.05662489396943102,0.12147542552400847,0.8785049718794494,1.9602596542100947e-05,796.1891238981356,cuda:0,torch
11,asr,14,29,87,232,0.938,0.938,0.05285683777379722,0.11567009931249345,0.8843115284027454,1.8372284761147828e-05,795.694544203015,cuda:0,torch
11,asr,14,29,87,232,0.93825,0.93825,0.04943718887923406,0.11039554915613022,0.8895872000103376,1.7250833532142518e-05,795.2053368009696,cuda:0,torch
11,asr,14,29,87,232,0.9385,0.9385,0.04632768311954078,0.10559821709978488,0.8943855567566427,1.6226143572453666e-05,794.7215149212406,cuda:0,torch
11,asr,14,29,87,232,0.93875,0.93875,0.0434948985893958,0.10123116301098653,0.8987535493731119,1.5287615901554696e-05,794.2430939907374,cuda:0,torch
11,asr,14,29,87,232,0.939,0.939,0.040909592925237284,0.0972532131029046,0.9027323609515671,1.442594552833465e-05,793.7700915665147,cuda:0,torch
11,asr,14,29,87,232,0.93925,0.93925,0.038546135266317255,0.0936282239995061,0.9063581430575118,1.3632942982066965e-05,793.3025273053437,cuda:0,torch
11,asr,14,29,87,232,0.9395,0.9395,0.03638201947705392,0.09032444786133909,0.9096626507572377,1.2901381423180425e-05,792.8404230191578,cuda:0,torch
11,asr,14,29,87,232,0.93975,0.93975,0.03439744762666229,0.0873139863109304,0.9126737888239128,1.222486515678467e-05,792.3838029066667,cuda:0,torch
11,asr,14,29,87,232,0.94,0.94,0.0325749733458387,0.08457232142190112,0.9154160808614057,1.1597716693192983e-05,791.9326931890431,cuda:0,torch
11,asr,14,29,87,232,0.94025,0.94025,0.030899196618078283,0.08207791385490593,0.9179110712661921,1.1014878901982605e-05,791.4871225540611,cuda:0,torch
11,asr,14,29,87,232,0.9405,0.9405,0.029356502080203534,0.07981185863023757,0.9201776695387187,1.047183104371796e-05,791.0471218875854,cuda:0,torch
11,asr,14,29,87,232,0.94075,0.94075,0.027934834825029713,0.07775759158394166,0.9222324439004511,9.964515607224778e-06,790.6127244348417,cuda:0,torch
11,asr,14,29,87,232,0.941,0.941,0.026623508043309225,0.07590063951087324,0.9240898712144353,9.489274691451555e-06,790.183965931932,cuda:0,torch
11,asr,14,29,87,232,0.9412499999999999,0.9412499999999999,0.025413037797110207,0.07422840844175102,0.9257625487640115,9.042794237440477e-06,789.7608845264575,cuda:0,torch
11,asr,14,29,87,232,0.9415,0.9415,0.024295001225563353,0.07273000568418866,0.9272613722607441,8.622055067214474e-06,789.3435208613023,cuda:0,torch
11,asr,14,29,87,232,0.94175,0.94175,0.0232619147785196,0.07139609172299391,0.9285956839880665,8.224288939623348e-06,788.9319182107296,cuda:0,torch
11,asr,14,29,87,232,0.942,0.942,0.022307129667669,0.07021875878096323,0.9297733942795039,7.846939532873964e-06,788.5261224164162,cuda:0,torch
11,asr,14,29,87,232,0.94225,0.94225,0.021424742408087224,0.06919143388510983,0.930801078488365,7.487626525151669e-06,788.1261820741591,cuda:0,torch
11,asr,14,29,87,232,0.9425,0.9425,0.020609518322581687,0.06830880449992963,0.9316840513873871,7.144112683293846e-06,787.7321484925259,cuda:0,torch
11,asr,14,29,87,232,0.94275,0.94275,0.01985682658035343,0.06756676555578991,0.9324264201717192,6.8142724909125985e-06,787.3440758026026,cuda:0,torch
11,asr,14,29,87,232,0.943,0.943,0.01916258538285001,0.06696238731585882,0.9330311166217999,6.496062341238007e-06,786.9620212664192,cuda:0,torch
11,asr,14,29,87,232,0.9432499999999999,0.9432499999999999,0.018523216442166944,0.0664939041551138,0.9334999083541767,6.187490709463894e-06,786.5860449138078,cuda:0,torch
11,asr,14,29,87,232,0.9435,0.9435,0.017935607714598636,0.06616072457428304,0.9338333888375356,5.886588181319707e-06,2011.6982483541583,cuda:0,torch
11,asr,14,29,87,232,0.94375,0.94375,0.01739708414858674,0.06596346411143768,0.9340309445126861,5.591375876232152e-06,785.8525830224154,cuda:0,torch
11,asr,14,29,87,232,0.944,0.944,0.016905385838410707,0.06590400288422674,0.9340906972839284,5.2998318449126725e-06,785.4952337074127,cuda:0,torch
11,asr,14,29,87,232,0.94425,0.94425,0.016458653720388364,0.0659855710036908,0.9340094191425752,5.009853734014302e-06,785.1442352191563,cuda:0,torch
11,asr,14,29,87,232,0.9445,0.9445,0.016055422868155728,0.06621286582022147,0.9337824149629997,4.7192167787896144e-06,784.799664258763,cuda:0,torch
11,asr,14,29,87,232,0.94475,0.94475,0.015694623701928364,0.0665922062569693,0.9334033682182254,4.425524805257153e-06,784.4616012733725,cuda:0,torch
11,asr,14,29,87,232,0.945,0.945,0.015375592113836498,0.0671317316654475,0.9328641421816312,4.126152921335446e-06,784.130130422242,cuda:0,torch
11,asr,14,29,87,232,0.9452499999999999,0.9452499999999999,0.015098089433242515,0.06784165400531764,0.9321545278166898,3.8181779925261505e-06,783.8053398200944,cuda:0,torch
11,asr,14,29,87,232,0.9455,0.9455,0.014862333885624602,0.0687345751175093,0.9312619265882696,3.4982942211381207e-06,783.4873215893131,cuda:0,torch
11,asr,14,29,87,232,0.94575,0.94575,0.014669045820537045,0.06982588423612798,0.9301709530549642,3.162708907794576e-06,783.1761722373656,cuda:0,torch
11,asr,14,29,87,232,0.946,0.946,0.014519509580010696,0.07113425467822321,0.9288629383100913,2.807011685534988e-06,782.8719926882022,cuda:0,torch
11,asr,14,29,87,232,0.9462499999999999,0.9462499999999999,0.014415656029150088,0.07268226378943336,0.9273153102011509,2.4260094157596557e-06,782.5748881278739,cuda:0,torch
11,asr,14,29,87,232,0.9465,0.9465,0.014360170873268428,0.0744971666146535,0.9255008198691098,2.0135162366874404e-06,782.2849689999833,cuda:0,torch
11,asr,14,29,87,232,0.94675,0.94675,0.014356635534588073,0.0766118603963164,0.923386577520662,1.5620830216001025e-06,782.0023504022495,cuda:0,torch
11,asr,14,29,87,232,0.947,0.947,0.01440970936417832,0.07906608533818645,0.9209328520143361,1.0626474774982908e-06,781.7271526614256,cuda:0,torch
11,asr,14,29,87,232,0.9472499999999999,0.9472499999999999,0.014525364086803254,0.08190791313237003,0.918091582789471,5.040781589638055e-07,781.4595015946646,cuda:0,torch
11,asr,14,29,87,232,0.9475,0.9475,0.014711184118007366,0.08519557864625232,0.9148045487758124,-1.2742206473292939e-07,781.1995286822174,cuda:0,torch
11,asr,14,29,87,232,0.94775,0.94775,0.014976748286897771,0.08899970077950817,0.911001148319742,-8.490992501608563e-07,780.9473711876449,cuda:0,torch
11,asr,14,29,87,232,0.948,0.948,0.01533410891996778,0.0934059044019658,0.9065957782739363,-1.6826759021426607e-06,780.7031726662563,cuda:0,torch
11,asr,14,29,87,232,0.9482499999999999,0.9482499999999999,0.015798379368108722,0.09851776303430357,0.9014848926563237,-2.6556906272678926e-06,780.4670830653469,cuda:0,torch
11,asr,14,29,87,232,0.9485,0.9485,0.016388423724443348,0.1044597673345826,0.8955440358869368,-3.80322151936896e-06,780.2392591213448,cuda:0,torch
11,asr,14,29,87,232,0.94875,0.94875,0.017127597093780825,0.11137956198607278,0.8886256080473798,-5.170033452558953e-06,780.0198647370395,cuda:0,torch
11,asr,14,29,87,232,0.949,0.949,0.018044377685661056,0.11944772780078818,0.8805590852888449,-6.8130896330315105e-06,779.8090712003277,cuda:0,torch
11,asr,14,29,87,232,0.9492499999999999,0.9492499999999999,0.019172497341272052,0.12885144433231877,0.8711573597453468,-8.804077665569565e-06,779.6070574785992,cuda:0,torch
11,asr,14,29,87,232,0.9495,0.9495,0.020549684862332555,0.1397745970559688,0.860236633854819,-1.1230910787779491e-05,779.4140109927705,cuda:0,torch
11,asr,14,29,87,232,0.94975,0.94975,0.022213166669067672,0.15235001924813932,0.8476641763681705,-1.4195616309803372e-05,779.2301276187935,cuda:0,torch
11,asr,14,29,87,232,0.95,0.95,0.024188335538136017,0.16655845386166312,0.8334593490266705,-1.7802888333640077e-05,779.055612423294,cuda:0,torch
11,asr,14,29,87,232,0.9502499999999999,0.9502499999999999,0.026464494788801262,0.18203574232785247,0.8179863857789026,-2.2128106755059385e-05,778.8906799218972,cuda:0,torch
11,asr,14,29,87,232,0.9505,0.9505,0.028949991249564544,0.1977511021917598,0.8022760448644284,-2.714705618817037e-05,778.7355547430208,cuda:0,torch
11,asr,14,29,87,232,0.95075,0.95075,0.03140532736077916,0.21158869096175503,0.7884439207009584,-3.261166271339988e-05,778.5904720976831,cuda:0,torch
11,asr,14,29,87,232,0.951,0.951,0.03338267103748658,0.22010022298019177,0.7799376728972518,-3.789587744357226e-05,778.4556784834826,cuda:0,torch
11,asr,14,29,87,232,0.9512499999999999,0.9512499999999999,0.03426118373826385,0.21908408706921506,0.7809578601531121,-4.194722232714332e-05,778.3314321745659,cuda:0,torch
11,asr,14,29,87,232,0.9515,0.9515,0.03348952282048772,0.20558775550100392,0.7944558271456481,-4.358264665202394e-05,778.2180039115924,cuda:0,torch
11,asr,14,29,87,232,0.95175,0.95175,0.030965708171278604,0.18041524091898603,0.8196269114664777,-4.215238546373401e-05,778.1156777391056,cuda:0,torch
11,asr,14,29,87,232,0.952,0.952,0.027191222949197,0.14846155920229065,0.8515764674941178,-3.802669640839973e-05,778.0247516624055,cuda:0,torch
11,asr,14,29,87,232,0.9522499999999999,0.9522499999999999,0.022975283694885072,0.11594619224644857,0.8840861461278023,-3.233837425091479e-05,777.9455385573459,cuda:0,torch
11,asr,14,29,87,232,0.9525,0.9525,0.01899679557873423,0.08733297293927196,0.9126933042633476,-2.627720261956512e-05,777.878367023538,cuda:0,torch
11,asr,14,29,87,232,0.95275,0.95275,0.015609036397191888,0.06441998062627305,0.9356006471410324,-2.062776730546445e-05,777.823582401273,cuda:0,torch
11,asr,14,29,87,232,0.953,0.953,0.012894955024468338,0.04712841417195718,0.9528873168388297,-1.5731010786834698e-05,777.7815477160398,cuda:0,torch
11,asr,14,29,87,232,0.9532499999999999,0.9532499999999999,0.010795094436199389,0.03455904110499131,0.9654525990510937,-1.164015608502017e-05,777.7526448885444,cuda:0,torch
11,asr,14,29,87,232,0.9535,0.9535,0.009202530296024688,0.02565972383826908,0.9743485496465581,-8.27348482723006e-06,777.7372760759896,cuda:0,torch
11,asr,14,29,87,232,0.95375,0.95375,0.00801049194895922,0.019509873126570116,0.9804956337899047,-5.506916474790763e-06,777.7358646676406,cuda:0,torch
11,asr,14,29,87,232,0.954,0.954,0.007129620638194466,0.015392415353855254,0.9846108019722896,-3.2173261448158186e-06,777.7488570152136,cuda:0,torch
11,asr,14,29,87,232,0.9542499999999999,0.9542499999999999,0.006490914429215856,0.012779394158510907,0.9872219040539802,-1.2982124911551512e-06,777.7767237394077,cuda:0,torch
11,asr,14,29,87,232,0.9545,0.9545,0.006043405771896153,0.011293653970179222,0.9887060086700917,3.373597290481922e-07,777.8199616590086,cuda:0,torch
11,asr,14,29,87,232,0.95475,0.95475,0.005750623394451836,0.01067096018593712,0.9893272810966388,1.7587174240690784e-06,777.8790953016698,cuda:0,torch
11,asr,14,29,87,232,0.955,0.955,0.0055873468492495665,0.010729629486452372,0.9892673496072019,3.020906345765212e-06,777.9546791686124,cuda:0,torch
11,asr,14,29,87,232,0.9552499999999999,0.9552499999999999,0.005537069693513553,0.011348224829823974,0.9886476071773757,4.1679928003725275e-06,778.047299830066,cuda:0,torch
11,asr,14,29,87,232,0.9555,0.9555,0.005590183463481449,0.012449941473506594,0.9875448226318269,5.235894666548446e-06,778.1575780566711,cuda:0,torch
11,asr,14,29,87,232,0.95575,0.95575,0.005742779067962962,0.013992078189113282,0.9860016671286763,6.254682210399959e-06,778.286171645548,cuda:0,torch
11,asr,14,29,87,232,0.956,0.956,0.005995954966234812,0.015959270503541397,0.9840334790748053,7.250421653285516e-06,778.4337782717319,cuda:0,torch
11,asr,14,29,87,232,0.9562499999999999,0.9562499999999999,0.006355549198826451,0.018359531821161165,0.9816322215084088,8.24667043004823e-06,778.6011381366548,cuda:0,torch
11,asr,14,29,87,232,0.9564999999999999,0.9564999999999999,0.0068322480458003695,0.02122247299385825,0.9787682612794179,9.265726723901163e-06,778.7890379414528,cuda:0,torch
11,asr,14,29,87,232,0.95675,0.95675,0.007442058907840208,0.024599326390248165,0.9753903438867045,1.0329723047299011e-05,778.9983140853308,cuda:0,torch
11,asr,14,29,87,232,0.957,0.957,0.008207167928701513,0.028564595302666782,0.9714239430630173,1.1461634315947794e-05,779.2298570016081,cuda:0,torch
11,asr,14,29,87,232,0.9572499999999999,0.9572499999999999,0.009157233163783706,0.03321929324344094,0.9667680205025552,1.2686254003892172e-05,779.4846157310395,cuda:0,torch
11,asr,14,29,87,232,0.9575,0.9575,0.010331190701086342,0.038695830039147866,0.9612901387914182,1.403116943390903e-05,779.763602785883,cuda:0,torch
11,asr,14,29,87,232,0.95775,0.95775,0.011779667226936396,0.045164619975364,0.9548198522946623,1.5527729973735527e-05,780.0678995983153,cuda:0,torch
11,asr,14,29,87,232,0.958,0.958,0.013568081008872525,0.052842364932328134,0.9471404231250827,1.7211942589134832e-05,780.3986625699322,cuda:0,torch
11,asr,14,29,87,232,0.9582499999999999,0.9582499999999999,0.0157804336495575,0.062001553704176066,0.9379793211948979,1.912510092602626e-05,780.7571302307504,cuda:0,torch
11,asr,14,29,87,232,0.9584999999999999,0.9584999999999999,0.018523560688502392,0.07297971141363184,0.9269989748578822,2.1313728485974903e-05,781.1446302191366,cuda:0,torch
11,asr,14,29,87,232,0.95875,0.95875,0.02193104365698183,0.08618474244726929,0.913791429572324,2.382798040675982e-05,781.5625881619205,cuda:0,torch
11,asr,14,29,87,232,0.959,0.959,0.026164762272684217,0.10208831393929942,0.8978849691663151,2.6716894385478418e-05,782.012537047651,cuda:0,torch
11,asr,14,29,87,232,0.9592499999999999,0.9592499999999999,0.031409639780432826,0.12119109730255676,0.8787788850375142,3.001765992902139e-05,782.496127373304,cuda:0,torch
11,asr,14,29,87,232,0.9594999999999999,0.9594999999999999,0.03785287754280016,0.14393052798603231,0.8560357375374466,3.373447652113559e-05,783.0151394723146,cuda:0,torch
11,asr,14,29,87,232,0.95975,0.95975,0.04563297499515084,0.17048568241713977,0.8294765160939858,3.7801488874472655e-05,783.5714966651981,cuda:0,torch
11,asr,14,29,87,232,0.96,0.96,0.05473967765267289,0.20042990793347906,0.7995280650938674,4.202697265351385e-05,784.1672801907345,cuda:0,torch
