figure,method,modes,harmonics,eigen_dimension,quadrature_actual,wavelength,evaluation_wavelength,T0,T,R,A,max_boundary_condition,device,backend
6,fmm,5,11,11,0,0.95,0.95,0.19791374670815945,0.2849437673294672,0.6450333855502344,0.07002284712029844,242.5830056625956,cuda:0,torch
6,fmm,5,11,11,0,0.9504166666666666,0.9504166666666666,0.19805098598593537,0.2847759460626025,0.6451351313009417,0.07008892263645583,242.4790366130601,cuda:0,torch
6,fmm,5,11,11,0,0.9508333333333333,0.9508333333333333,0.19819007034571107,0.28460875424263327,0.6452356737392031,0.07015557201816364,242.37494162584758,cuda:0,torch
6,fmm,5,11,11,0,0.9512499999999999,0.9512499999999999,0.19833102479931283,0.2844421949536327,0.6453350012956008,0.07022280375076645,242.27072010989696,cuda:0,torch
6,fmm,5,11,11,0,0.9516666666666667,0.9516666666666667,0.19847387492917223,0.2842762713529887,0.6454331021374469,0.07029062650956441,242.16637150875783,cuda:0,torch
6,fmm,5,11,11,0,0.9520833333333333,0.9520833333333333,0.19861864690611697,0.28411098667356616,0.6455299641606708,0.07035904916576308,242.06189530103833,cuda:0,torch
6,fmm,5,11,11,0,0.9524999999999999,0.9524999999999999,0.19876536750790083,0.28394634422598874,0.6456255749814379,0.07042808079257334,241.95729100082627,cuda:0,torch
6,fmm,5,11,11,0,0.9529166666666666,0.9529166666666666,0.19891406413848736,0.2837823474010253,0.6457199219273968,0.07049773067157789,241.85255815810422,cuda:0,torch
6,fmm,5,11,11,0,0.9533333333333333,0.9533333333333333,0.19906476484804528,0.28361899967196036,0.6458129920286101,0.07056800829942955,241.74769635911807,cuda:0,torch
6,fmm,5,11,11,0,0.95375,0.95375,0.19921749835386157,0.2834563045972024,0.6459047720080882,0.07063892339470945,241.6427052267461,cuda:0,torch
6,fmm,5,11,11,0,0.9541666666666666,0.9541666666666666,0.19937229406202503,0.2832942658228592,0.6459952482719514,0.07071048590518936,241.53758442082955,cuda:0,torch
6,fmm,5,11,11,0,0.9545833333333333,0.9545833333333333,0.199529182090096,0.28313288708553264,0.6460844068991933,0.07078270601527403,241.43233363848105,cuda:0,torch
6,fmm,5,11,11,0,0.955,0.955,0.19968819329067256,0.28297217221514287,0.6461722336310212,0.07085559415383597,241.3269526143673,cuda:0,torch
6,fmm,5,11,11,0,0.9554166666666666,0.9554166666666666,0.19984935927594857,0.2828121251378558,0.6462587138597845,0.07092916100235969,241.2214411209734,cuda:0,torch
6,fmm,5,11,11,0,0.9558333333333333,0.9558333333333333,0.20001271244340782,0.28265274987924727,0.6463438326173236,0.07100341750342909,241.115798968827,cuda:0,torch
6,fmm,5,11,11,0,0.9562499999999999,0.9562499999999999,0.2001782860025234,0.2824940505674524,0.6464275745629363,0.07107837486961127,241.010026006712,cuda:0,torch
6,fmm,5,11,11,0,0.9566666666666667,0.9566666666666667,0.2003461140026897,0.2823360314365301,0.6465099239708275,0.07115404459264241,240.904122121838,cuda:0,torch
6,fmm,5,11,11,0,0.9570833333333333,0.9570833333333333,0.2005162313623552,0.28217869682994057,0.6465908647169185,0.07123043845314092,240.7980872399986,cuda:0,torch
6,fmm,5,11,11,0,0.9575,0.9575,0.20068867389948247,0.28202205120420154,0.6466703802651607,0.0713075685306378,240.69192132568872,cuda:0,torch
6,fmm,5,11,11,0,0.9579166666666666,0.9579166666666666,0.20086347836332774,0.2818660991326393,0.6467484536532124,0.07138544721414825,240.5856243822003,cuda:0,torch
6,fmm,5,11,11,0,0.9583333333333333,0.9583333333333333,0.201040682467694,0.28171084530934665,0.6468250674775388,0.07146408721311459,240.47919645168895,cuda:0,torch
6,fmm,5,11,11,0,0.95875,0.95875,0.20122032492572256,0.28155629455333087,0.6469002038776872,0.07154350156898193,240.3726376152116,cuda:0,torch
6,fmm,5,11,11,0,0.9591666666666666,0.9591666666666666,0.20140244548625277,0.28140245181279333,0.6469738445200224,0.07162370366718429,240.26594799273076,cuda:0,torch
6,fmm,5,11,11,0,0.9595833333333333,0.9595833333333333,0.20158708497190725,0.28124932216962983,0.6470459705805999,0.0717047072497703,240.15912774309874,cuda:0,torch
6,fmm,5,11,11,0,0.96,0.96,0.2017742853189519,0.28109691084410554,0.6471165627273041,0.07178652642859035,240.05217706400254,cuda:0,torch
6,fmm,5,11,11,0,0.9604166666666666,0.9604166666666666,0.20196408961910772,0.28094522319981396,0.6471856011010799,0.07186917569910611,239.9450961918897,cuda:0,torch
6,fmm,5,11,11,0,0.9608333333333333,0.9608333333333333,0.20215654216330964,0.28079426474876545,0.6472530652963457,0.0719526699548888,239.8378854018566,cuda:0,torch
6,fmm,5,11,11,0,0.9612499999999999,0.9612499999999999,0.2023516884876371,0.2806440411567739,0.6473189343404391,0.07203702450278704,239.73054500751064,cuda:0,torch
6,fmm,5,11,11,0,0.9616666666666667,0.9616666666666667,0.20254957542149032,0.28049455824907304,0.6473831866720547,0.07212225507887221,239.6230753608076,cuda:0,torch
6,fmm,5,11,11,0,0.9620833333333333,0.9620833333333333,0.2027502511381957,0.28034582201624686,0.6474458001185932,0.07220837786515993,239.5154768518492,cuda:0,torch
6,fmm,5,11,11,0,0.9624999999999999,0.9624999999999999,0.20295376520807984,0.28019783862033715,0.6475067518725119,0.07229540950715091,239.4077499086671,cuda:0,torch
6,fmm,5,11,11,0,0.9629166666666666,0.9629166666666666,0.20316016865433043,0.280050614401373,0.647566018466307,0.07238336713231996,239.2998949969642,cuda:0,torch
6,fmm,5,11,11,0,0.9633333333333333,0.9633333333333333,0.2033695140116592,0.27990415588412654,0.6476235757464232,0.07247226836945031,239.19191261983653,cuda:0,torch
6,fmm,5,11,11,0,0.96375,0.96375,0.20358185538805967,0.27975846978526014,0.6476793988456432,0.07256213136909667,239.08380331746343,cuda:0,torch
6,fmm,5,11,11,0,0.9641666666666666,0.9641666666666666,0.20379724852976688,0.27961356302078155,0.6477334621541921,0.0726529748250263,238.9755676667712,cuda:0,torch
6,fmm,5,11,11,0,0.9645833333333333,0.9645833333333333,0.2040157508897288,0.2794694427139491,0.647785739289223,0.07274481799682792,238.86720628106934,cuda:0,torch
6,fmm,5,11,11,0,0.965,0.965,0.2042374216996848,0.2793261162034827,0.6478362030627813,0.07283768073373598,238.7587198096619,cuda:0,torch
6,fmm,5,11,11,0,0.9654166666666666,0.9654166666666666,0.2044623220462505,0.27918359105231494,0.6478848254479452,0.07293158349973983,238.65010893742922,cuda:0,torch
6,fmm,5,11,11,0,0.9658333333333333,0.9658333333333333,0.2046905149511469,0.2790418750567407,0.6479315775431792,0.07302654740008008,238.5413743843854,cuda:0,torch
6,fmm,5,11,11,0,0.9662499999999999,0.9662499999999999,0.20492206545584493,0.27890097625597704,0.6479764295347801,0.07312259420924289,238.4325169052125,cuda:0,torch
6,fmm,5,11,11,0,0.9666666666666667,0.9666666666666667,0.2051570407111316,0.2787609029424378,0.6480193506571151,0.07321974640044704,238.32353728876495,cuda:0,torch
6,fmm,5,11,11,0,0.9670833333333333,0.9670833333333333,0.20539551007165757,0.27862166367238655,0.6480603091507031,0.07331802717691033,238.21443635755938,cuda:0,torch
6,fmm,5,11,11,0,0.9675,0.9675,0.20563754519599964,0.2784832672772422,0.6480992722178875,0.07341746050487025,238.10521496722876,cuda:0,torch
6,fmm,5,11,11,0,0.9679166666666666,0.9679166666666666,0.20588322015260943,0.2783457228755529,0.648136205975938,0.07351807114850906,237.99587400596315,cuda:0,torch
6,fmm,5,11,11,0,0.9683333333333333,0.9683333333333333,0.20613261153200133,0.2782090398855869,0.6481710754073873,0.07361988470702585,237.88641439392615,cuda:0,torch
6,fmm,5,11,11,0,0.96875,0.96875,0.206385798565708,0.27807322803868195,0.6482038443074858,0.07372292765383226,237.77683708264792,cuda:0,torch
6,fmm,5,11,11,0,0.9691666666666666,0.9691666666666666,0.20664286325248282,0.27793829739337944,0.6482344752284246,0.07382722737819597,237.6671430544002,cuda:0,torch
6,fmm,5,11,11,0,0.9695833333333334,0.9695833333333334,0.20690389049228355,0.2778042583503796,0.6482629294201733,0.07393281222944714,237.5573333215504,cuda:0,torch
6,fmm,5,11,11,0,0.97,0.97,0.207168968228635,0.2776711216683977,0.6482891667677237,0.07403971156387856,237.44740892589968,cuda:0,torch
6,fmm,5,11,11,0,0.9704166666666666,0.9704166666666666,0.20743818760001642,0.27753889848097335,0.6483131457242922,0.07414795579473443,237.33737093799553,cuda:0,torch
6,fmm,5,11,11,0,0.9708333333333333,0.9708333333333333,0.20771164310096749,0.27740760031429934,0.6483348232404371,0.07425757644526354,237.22722045643687,cuda:0,torch
6,fmm,5,11,11,0,0.97125,0.97125,0.20798943275376905,0.2772772391062567,0.6483541546884388,0.0743686062053045,237.1169586071565,cuda:0,torch
6,fmm,5,11,11,0,0.9716666666666667,0.9716666666666667,0.20827165829136784,0.27714782722650444,0.6483710937818525,0.07448107899164302,237.00658654268864,cuda:0,torch
6,fmm,5,11,11,0,0.9720833333333333,0.9720833333333333,0.20855842535268915,0.2770193774980144,0.6483855924897195,0.07459503001226608,236.89610544142676,cuda:0,torch
6,fmm,5,11,11,0,0.9724999999999999,0.9724999999999999,0.20884984369118254,0.27689190321991575,0.6483976009449044,0.07471049583517986,236.78551650685853,cuda:0,torch
6,fmm,5,11,11,0,0.9729166666666667,0.9729166666666667,0.20914602739780086,0.27676541819187855,0.6484070673463205,0.07482751446180097,236.6748209667997,cuda:0,torch
6,fmm,5,11,11,0,0.9733333333333333,0.9733333333333333,0.20944709513964263,0.27663993674015663,0.6484139378542425,0.07494612540560086,236.56402007260724,cuda:0,torch
6,fmm,5,11,11,0,0.97375,0.97375,0.2097531704156156,0.2765154737454217,0.6484181564783483,0.07506636977622999,236.4531150983846,cuda:0,torch
6,fmm,5,11,11,0,0.9741666666666666,0.9741666666666666,0.2100643818305593,0.27639204467246703,0.6484196649576035,0.07518829036992947,236.3421073401771,cuda:0,torch
6,fmm,5,11,11,0,0.9745833333333334,0.9745833333333334,0.21038086338961112,0.27626966560210703,0.6484184026315993,0.07531193176629364,236.23099811516104,cuda:0,torch
6,fmm,5,11,11,0,0.975,0.975,0.2107027548145112,0.2761483532652785,0.6484143063022532,0.07543734043246836,236.1197887608164,cuda:0,torch
6,fmm,5,11,11,0,0.9754166666666666,0.9754166666666666,0.2110302018840089,0.27602812507971014,0.6484073100850672,0.07556456483522261,236.0084806341044,cuda:0,torch
6,fmm,5,11,11,0,0.9758333333333333,0.9758333333333333,0.21136335680054133,0.2759089991892618,0.6483973452492049,0.07569365556153329,235.89707511062957,cuda:0,torch
6,fmm,5,11,11,0,0.97625,0.97625,0.2117023785857551,0.27579099450626593,0.648384340044897,0.07582466544883709,235.7855735837977,cuda:0,torch
6,fmm,5,11,11,0,0.9766666666666667,0.9766666666666667,0.21204743350767047,0.27567413075712344,0.648368219517399,0.07595764972547758,235.67397746397614,cuda:0,torch
6,fmm,5,11,11,0,0.9770833333333333,0.9770833333333333,0.21239869554261145,0.27555842853146206,0.6483489053058419,0.07609266616269605,235.56228817763972,cuda:0,torch
6,fmm,5,11,11,0,0.9775,0.9775,0.21275634687546102,0.27544390933525875,0.6483263154255691,0.07622977523917218,235.45050716652744,cuda:0,torch
6,fmm,5,11,11,0,0.9779166666666667,0.9779166666666667,0.21312057844208626,0.2753305956482022,0.6483003640324445,0.07636904031935327,235.33863588678062,cuda:0,torch
6,fmm,5,11,11,0,0.9783333333333333,0.9783333333333333,0.2134915905184973,0.27521851098591227,0.6482709611668558,0.07651052784723195,235.22667580810176,cuda:0,torch
6,fmm,5,11,11,0,0.97875,0.97875,0.21386959336159153,0.2751076799673326,0.6482380124757259,0.07665430755694153,235.11462841289085,cuda:0,torch
6,fmm,5,11,11,0,0.9791666666666666,0.9791666666666666,0.21425480790716792,0.27499812838794346,0.6482014189098432,0.07680045270221336,235.00249519539724,cuda:0,torch
6,fmm,5,11,11,0,0.9795833333333334,0.9795833333333334,0.214647466531644,0.2748898832994976,0.6481610763938214,0.07694904030668104,234.89027766086923,cuda:0,torch
6,fmm,5,11,11,0,0.98,0.98,0.21504781388452837,0.2747829730967931,0.6481168754657504,0.07710015143745652,234.77797732470836,cuda:0,torch
6,fmm,5,11,11,0,0.9804166666666666,0.9804166666666666,0.2154561077999866,0.2746774276124602,0.6480687008829067,0.07725387150463309,234.66559571161764,cuda:0,torch
6,fmm,5,11,11,0,0.9808333333333333,0.9808333333333333,0.2158726202968071,0.27457327822063543,0.648016431189669,0.07741029058969556,234.5531343547674,cuda:0,torch
6,fmm,5,11,11,0,0.98125,0.98125,0.21629763867742693,0.27447055795054304,0.6479599382429091,0.07756950380654787,234.44059479495434,cuda:0,torch
6,fmm,5,11,11,0,0.9816666666666667,0.9816666666666667,0.21673146673825885,0.2743693016111882,0.6478990866898616,0.07773161169895015,234.32797857977468,cuda:0,torch
6,fmm,5,11,11,0,0.9820833333333333,0.9820833333333333,0.2171744261053605,0.27426954592851954,0.6478337333924244,0.07789672067905601,234.21528726279416,cuda:0,torch
6,fmm,5,11,11,0,0.9824999999999999,0.9824999999999999,0.21762685771174256,0.27417132969674807,0.6477637267908534,0.07806494351239857,234.10252240273502,cuda:0,torch
6,fmm,5,11,11,0,0.9829166666666667,0.9829166666666667,0.21808912343485562,0.27407469394540557,0.6476889061992753,0.0782363998553191,233.98968556266283,cuda:0,torch
6,fmm,5,11,11,0,0.9833333333333333,0.9833333333333333,0.21856160791620333,0.27397968212451346,0.6476091010233048,0.07841121685218172,233.87677830918128,cuda:0,torch
6,fmm,5,11,11,0,0.98375,0.98375,0.2190447205882127,0.27388634031010567,0.6475241298894846,0.07858952980040973,233.76380221164334,cuda:0,torch
6,fmm,5,11,11,0,0.9841666666666666,0.9841666666666666,0.21953889793802683,0.27379471743309003,0.6474337996737599,0.07877148289315006,233.65075884135987,cuda:0,torch
6,fmm,5,11,11,0,0.9845833333333334,0.9845833333333334,0.22004460604275936,0.27370486553463996,0.6473379044144676,0.07895723005089245,233.53764977082943,cuda:0,torch
6,fmm,5,11,11,0,0.985,0.985,0.22056234341714243,0.273616840052185,0.6472362240924203,0.07914693585539467,233.42447657296773,cuda:0,torch
6,fmm,5,11,11,0,0.9854166666666666,0.9854166666666666,0.22109264422171673,0.27353070014049186,0.6471285232578703,0.07934077660163785,233.31124082035447,cuda:0,torch
6,fmm,5,11,11,0,0.9858333333333333,0.9858333333333333,0.2216360818888845,0.2734465090333373,0.64701454947996,0.07953894148670276,233.19794408448956,cuda:0,torch
6,fmm,5,11,11,0,0.98625,0.98625,0.2221932732352609,0.2733643344523628,0.6468940315899077,0.07974163395772954,233.0845879350598,cuda:0,torch
6,fmm,5,11,11,0,0.9866666666666667,0.9866666666666667,0.22276488314217197,0.2732842490707318,0.646766677683304,0.07994907324596423,232.97117393921667,cuda:0,torch
6,fmm,5,11,11,0,0.9870833333333333,0.9870833333333333,0.2233516299032075,0.2732063310410774,0.6466321728398785,0.0801614961190441,232.85770366086524,cuda:0,torch
6,fmm,5,11,11,0,0.9875,0.9875,0.2239542913586185,0.27313066459908064,0.6464901765100067,0.08037915889091263,232.7441786599733,cuda:0,torch
6,fmm,5,11,11,0,0.9879166666666667,0.9879166666666667,0.2245737119623682,0.2730573407562129,0.6463403195070485,0.08060233973673858,232.63060049187908,cuda:0,torch
6,fmm,5,11,11,0,0.9883333333333333,0.9883333333333333,0.2252108109612429,0.27298645809881905,0.6461822005293638,0.08083134137181713,232.5169707066241,cuda:0,torch
6,fmm,5,11,11,0,0.98875,0.98875,0.2258665919069773,0.2729181237140037,0.6460153821195528,0.08106649416644351,232.40329084829517,cuda:0,torch
6,fmm,5,11,11,0,0.9891666666666666,0.9891666666666666,0.2265421537765535,0.2728524542681003,0.6458393859450984,0.08130815978680134,232.28956245437575,cuda:0,torch
6,fmm,5,11,11,0,0.9895833333333334,0.9895833333333334,0.22723870404553445,0.2727895772700057,0.6456536872554068,0.08155673547458747,232.17578705511713,cuda:0,torch
6,fmm,5,11,11,0,0.99,0.99,0.22795757414990103,0.2727296325597506,0.64545770833268,0.08181265910756941,232.06196617291795,cuda:0,torch
6,fmm,5,11,11,0,0.9904166666666666,0.9904166666666666,0.22870023789159444,0.27267277407385576,0.6452508107034604,0.08207641522268389,231.94810132171824,cuda:0,torch
6,fmm,5,11,11,0,0.9908333333333333,0.9908333333333333,0.229468333502159,0.27261917195366825,0.6450322858115836,0.08234854223474819,231.83419400641313,cuda:0,torch
6,fmm,5,11,11,0,0.99125,0.99125,0.23026369029278568,0.27256901508215214,0.6448013437633903,0.08262964115445759,231.72024572227008,cuda:0,torch
6,fmm,5,11,11,0,0.9916666666666667,0.9916666666666667,0.2310883611112635,0.2725225141616679,0.6445570996344544,0.0829203862038777,231.60625795436744,cuda:0,torch
6,fmm,5,11,11,0,0.9920833333333333,0.9920833333333333,0.23194466222909896,0.27247990548162215,0.6442985566584346,0.08322153785994324,231.4922321770462,cuda:0,torch
6,fmm,5,11,11,0,0.9924999999999999,0.9924999999999999,0.23283522284697614,0.2724414555762629,0.6440245853835368,0.08353395904020028,231.3781698533705,cuda:0,torch
6,fmm,5,11,11,0,0.9929166666666667,0.9929166666666667,0.23376304721129207,0.272407467045935,0.6437338975458213,0.08385863540824368,231.26748689088117,cuda:0,torch
6,fmm,5,11,11,0,0.9933333333333333,0.9933333333333333,0.23473159350036024,0.2723782859202644,0.6434250129235339,0.08419670115620165,231.2111066678175,cuda:0,torch
6,fmm,5,11,11,0,0.99375,0.99375,0.23574487536286814,0.2723543110973362,0.6430962167178143,0.08454947218484954,231.16731053212857,cuda:0,torch
6,fmm,5,11,11,0,0.9941666666666666,0.9941666666666666,0.23680759459576914,0.27233600662723145,0.6427455039215123,0.08491848945125624,231.12356939148728,cuda:0,torch
6,fmm,5,11,11,0,0.9945833333333334,0.9945833333333334,0.23792531748163967,0.27232391797004774,0.6423705054599105,0.08530557657004179,231.07988486735303,cuda:0,torch
6,fmm,5,11,11,0,0.995,0.995,0.23910471372516692,0.27231869393340297,0.6419683882181626,0.08571291784843443,231.03625860505704,cuda:0,torch
6,fmm,5,11,11,0,0.9954166666666666,0.9954166666666666,0.24035388747290498,0.27232111693565736,0.6415357166890725,0.08614316637527014,230.9926922738516,cuda:0,torch
6,fmm,5,11,11,0,0.9958333333333333,0.9958333333333333,0.24168284785952718,0.27233214584112286,0.6410682565178287,0.08659959764104841,230.94918756695458,cuda:0,torch
6,fmm,5,11,11,0,0.99625,0.99625,0.24310419842212228,0.27235297844716355,0.6405606869824867,0.08708633457034975,230.90574620162715,cuda:0,torch
6,fmm,5,11,11,0,0.9966666666666667,0.9966666666666667,0.24463418426102004,0.2723851459796816,0.6400061647586329,0.08760868926168547,230.8623699192558,cuda:0,torch
6,fmm,5,11,11,0,0.9970833333333333,0.9970833333333333,0.24629435374024164,0.2724306623760697,0.6393956324453787,0.08817370517855161,230.81906048545696,cuda:0,torch
6,fmm,5,11,11,0,0.9975,0.9975,0.2481143426331643,0.2724922732732571,0.6387166613220122,0.0887910654047307,230.7758196901959,cuda:0,torch
6,fmm,5,11,11,0,0.9979166666666667,0.9979166666666667,0.2501368744030773,0.27257390112496926,0.6379513753366393,0.08947472353839148,230.73264934792255,cuda:0,torch
6,fmm,5,11,11,0,0.9983333333333333,0.9983333333333333,0.2524276087918609,0.2726815177783992,0.6370723669436109,0.09024611527798987,230.68955129772138,cuda:0,torch
6,fmm,5,11,11,0,0.99875,0.99875,0.2550972240164361,0.2728250914539083,0.6360335506623975,0.09114135788369415,230.6465274034819,cuda:0,torch
6,fmm,5,11,11,0,0.9991666666666666,0.9991666666666666,0.2583618169425142,0.2730238852330035,0.6347451764443232,0.09223093832267332,230.6035795540801,cuda:0,torch
6,fmm,5,11,11,0,0.9995833333333334,0.9995833333333334,0.2627800605310678,0.2733271462118972,0.6329758538435846,0.09369699994451824,230.5607096635867,cuda:0,torch
6,fmm,5,11,11,0,1.0,1.000000000001,0.2742452060912363,0.2742452060912363,0.6282952081467171,0.09745958576204655,230.51791967137643,cuda:0,torch
6,fmm,5,11,11,0,1.0004166666666667,1.0004166666666667,0.27088717169645393,0.27088717169645393,0.6314277481777538,0.09768508012579225,230.47521154288196,cuda:0,torch
6,fmm,5,11,11,0,1.0008333333333332,1.0008333333333332,0.26929372342291646,0.26929372342291646,0.6329356376504036,0.09777063892667992,230.4325872688173,cuda:0,torch
6,fmm,5,11,11,0,1.00125,1.00125,0.26798605127617087,0.26798605127617087,0.6341819675019837,0.09783198122184539,230.39004886647666,cuda:0,torch
6,fmm,5,11,11,0,1.0016666666666667,1.0016666666666667,0.26682455315915216,0.26682455315915216,0.6352951642601135,0.09788028258073439,230.34759837950983,cuda:0,torch
6,fmm,5,11,11,0,1.0020833333333334,1.0020833333333334,0.2657553950663414,0.2657553950663414,0.6363246850518569,0.09791991988180171,230.30523787832888,cuda:0,torch
6,fmm,5,11,11,0,1.0025,1.0025,0.2647510899123239,0.2647510899123239,0.6372957482136719,0.09795316187400427,230.2629694604318,cuda:0,torch
6,fmm,5,11,11,0,1.0029166666666667,1.0029166666666667,0.263795383330786,0.263795383330786,0.6382232460615469,0.0979813706076671,230.22079525074827,cuda:0,torch
6,fmm,5,11,11,0,1.0033333333333334,1.0033333333333334,0.26287773455668667,0.26287773455668667,0.639116822453804,0.09800544298950936,230.17871740199348,cuda:0,torch
6,fmm,5,11,11,0,1.00375,1.00375,0.26199085778052844,0.26199085778052844,0.6399831335051738,0.09802600871429779,230.13673809505576,cuda:0,torch
6,fmm,5,11,11,0,1.0041666666666667,1.0041666666666667,0.2611294752890949,0.2611294752890949,0.6408269934543678,0.09804353125653731,230.0948595393837,cuda:0,torch
6,fmm,5,11,11,0,1.0045833333333334,1.0045833333333334,0.26028962400882205,0.26028962400882205,0.6416520116138915,0.09805836437728643,230.0530839734115,cuda:0,torch
6,fmm,5,11,11,0,1.005,1.005,0.25946824209124697,0.25946824209124697,0.6424609718961108,0.09807078601264219,230.01141366499095,cuda:0,torch
6,fmm,5,11,11,0,1.0054166666666666,1.0054166666666666,0.25866290868582653,0.25866290868582653,0.6432560715827083,0.09808101973146521,229.96985091184865,cuda:0,torch
6,fmm,5,11,11,0,1.0058333333333334,1.0058333333333334,0.25787167281004275,0.25787167281004275,0.6440390782607447,0.09808924892921256,229.92839804205755,cuda:0,torch
6,fmm,5,11,11,0,1.00625,1.00625,0.2570929366809877,0.2570929366809877,0.644811436757769,0.09809562656124332,229.88705741453504,cuda:0,torch
6,fmm,5,11,11,0,1.0066666666666666,1.0066666666666666,0.2563253737347753,0.2563253737347753,0.6455743442433997,0.09810028202182502,229.84583141955932,cuda:0,torch
6,fmm,5,11,11,0,1.0070833333333333,1.0070833333333333,0.2555678695190227,0.2555678695190227,0.6463288043485169,0.09810332613246037,229.80472247930592,cuda:0,torch
6,fmm,5,11,11,0,1.0075,1.0075,0.2548194781206257,0.2548194781206257,0.6470756670391546,0.09810485484021964,229.76373304839572,cuda:0,torch
6,fmm,5,11,11,0,1.0079166666666666,1.0079166666666666,0.25407938941916725,0.25407938941916725,0.6478156585678363,0.09810495201299646,229.7228656144872,cuda:0,torch
6,fmm,5,11,11,0,1.0083333333333333,1.0083333333333333,0.25334690405462623,0.25334690405462623,0.6485494043569434,0.09810369158843035,229.68212269886445,cuda:0,torch
6,fmm,5,11,11,0,1.00875,1.00875,0.252621414001866,0.252621414001866,0.6492774467472899,0.09810113925084407,229.64150685706593,cuda:0,torch
6,fmm,5,11,11,0,1.0091666666666668,1.0091666666666668,0.2519023872921773,0.2519023872921773,0.6500002589502873,0.09809735375753537,229.60102067951993,cuda:0,torch
6,fmm,5,11,11,0,1.0095833333333333,1.0095833333333333,0.25118935585070096,0.25118935585070096,0.6507182561488625,0.09809238800043657,229.560666792219,cuda:0,torch
6,fmm,5,11,11,0,1.01,1.01,0.25048190570820056,0.25048190570820056,0.6514318044264713,0.09808628986532814,229.5204478574025,cuda:0,torch
6,fmm,5,11,11,0,1.0104166666666667,1.0104166666666667,0.24977966904538348,0.24977966904538348,0.6521412280208088,0.09807910293380775,229.48036657427033,cuda:0,torch
6,fmm,5,11,11,0,1.0108333333333333,1.0108333333333333,0.24908231766808137,0.24908231766808137,0.6528468152695759,0.09807086706234275,229.44042567971482,cuda:0,torch
6,fmm,5,11,11,0,1.01125,1.01125,0.24838955761165998,0.24838955761165998,0.6535488235248356,0.09806161886350445,229.40062794908405,cuda:0,torch
6,fmm,5,11,11,0,1.0116666666666667,1.0116666666666667,0.2477011246450964,0.2477011246450964,0.6542474832456421,0.09805139210926153,229.36097619696025,cuda:0,torch
6,fmm,5,11,11,0,1.0120833333333334,1.0120833333333334,0.24701678049865725,0.24701678049865725,0.654943001430365,0.09804021807097776,229.3214732779676,cuda:0,torch
6,fmm,5,11,11,0,1.0125,1.0125,0.24633630967786996,0.24633630967786996,0.6556355645138938,0.09802812580823622,229.28212208760198,cuda:0,torch
6,fmm,5,11,11,0,1.0129166666666667,1.0129166666666667,0.24565951675670736,0.24565951675670736,0.6563253408278795,0.09801514241541312,229.24292556308984,cuda:0,torch
6,fmm,5,11,11,0,1.0133333333333334,1.0133333333333334,0.24498622406483328,0.24498622406483328,0.6570124827017627,0.09800129323340401,229.2038866842667,cuda:0,torch
6,fmm,5,11,11,0,1.01375,1.01375,0.24431626970138118,0.24431626970138118,0.6576971282661526,0.09798660203246626,229.165008474484,cuda:0,torch
6,fmm,5,11,11,0,1.0141666666666667,1.0141666666666667,0.24364950582071968,0.24364950582071968,0.6583794030085005,0.09797109117077982,229.12629400154242,cuda:0,torch
6,fmm,5,11,11,0,1.0145833333333334,1.0145833333333334,0.24298579714618462,0.24298579714618462,0.6590594211212736,0.0979547817325418,229.08774637864678,cuda:0,torch
6,fmm,5,11,11,0,1.0150000000000001,1.0150000000000001,0.24232501967605496,0.24232501967605496,0.6597372866750144,0.09793769364893062,229.04936876539333,cuda:0,torch
6,fmm,5,11,11,0,1.0154166666666666,1.0154166666666666,0.2416670595521879,0.2416670595521879,0.6604130946435484,0.09791984580426374,229.0111643687757,cuda:0,torch
6,fmm,5,11,11,0,1.0158333333333334,1.0158333333333334,0.24101181206722078,0.24101181206722078,0.6610869318031589,0.0979012561296203,228.97313644422542,cuda:0,torch
6,fmm,5,11,11,0,1.01625,1.01625,0.2403591807902172,0.2403591807902172,0.6617588775240347,0.09788194168574807,228.93528829666826,cuda:0,torch
6,fmm,5,11,11,0,1.0166666666666666,1.0166666666666666,0.23970907679398049,0.23970907679398049,0.662429004469397,0.0978619187366225,228.89762328161737,cuda:0,torch
6,fmm,5,11,11,0,1.0170833333333333,1.0170833333333333,0.23906141797001032,0.23906141797001032,0.6630973792150908,0.09784120281489886,228.86014480628575,cuda:0,torch
6,fmm,5,11,11,0,1.0175,1.0175,0.2384161284193973,0.2384161284193973,0.6637640628000112,0.09781980878059149,228.82285633072576,cuda:0,torch
6,fmm,5,11,11,0,1.0179166666666666,1.0179166666666666,0.23777313790956614,0.23777313790956614,0.6644291112170411,0.09779775087339279,228.78576136899773,cuda:0,torch
6,fmm,5,11,11,0,1.0183333333333333,1.0183333333333333,0.23713238138846277,0.23713238138846277,0.6650925758517019,0.09777504275983534,228.74886349035975,cuda:0,torch
6,fmm,5,11,11,0,1.01875,1.01875,0.2364937985490334,0.2364937985490334,0.6657545038753038,0.09775169757566282,228.7121663204815,cuda:0,torch
6,fmm,5,11,11,0,1.0191666666666668,1.0191666666666668,0.2358573334376388,0.2358573334376388,0.6664149385981357,0.09772772796422549,228.67567354269187,cuda:0,torch
6,fmm,5,11,11,0,1.0195833333333333,1.0195833333333333,0.235222934101398,0.235222934101398,0.6670739197876161,0.0977031461109859,228.63938889923466,cuda:0,torch
6,fmm,5,11,11,0,1.02,1.02,0.23459055226962372,0.23459055226962372,0.6677314839552819,0.09767796377509436,228.6033161925625,cuda:0,torch
6,fmm,5,11,11,0,1.0204166666666667,1.0204166666666667,0.23396014306557605,0.23396014306557605,0.668387664616579,0.097652192317845,228.5674592866407,cuda:0,torch
6,fmm,5,11,11,0,1.0208333333333333,1.0208333333333333,0.23333166474509048,0.23333166474509048,0.6690424925261707,0.09762584272873887,228.53182210827714,cuda:0,torch
6,fmm,5,11,11,0,1.02125,1.02125,0.23270507845899202,0.23270507845899202,0.6696959958918605,0.09759892564914752,228.49640864847376,cuda:0,torch
6,fmm,5,11,11,0,1.0216666666666667,1.0216666666666667,0.23208034803694372,0.23208034803694372,0.6703482005690038,0.09757145139405249,228.46122296378266,cuda:0,torch
6,fmm,5,11,11,0,1.0220833333333332,1.0220833333333332,0.231457439790197,0.231457439790197,0.6709991302378641,0.09754342997193893,228.42626917769599,cuda:0,torch
6,fmm,5,11,11,0,1.0225,1.0225,0.2308363223314494,0.2308363223314494,0.6716488065656384,0.09751487110291218,228.39155148202727,cuda:0,torch
6,fmm,5,11,11,0,1.0229166666666667,1.0229166666666667,0.23021696640993178,0.23021696640993178,0.6722972493545564,0.09748578423551185,228.3570741383212,cuda:0,torch
6,fmm,5,11,11,0,1.0233333333333334,1.0233333333333334,0.22959934476033833,0.22959934476033833,0.6729444766775524,0.09745617856210925,228.32284147925668,cuda:0,torch
6,fmm,5,11,11,0,1.02375,1.02375,0.2289834319640308,0.2289834319640308,0.6735905050029247,0.09742606303304449,228.28885791006107,cuda:0,torch
6,fmm,5,11,11,0,1.0241666666666667,1.0241666666666667,0.22836920432153213,0.22836920432153213,0.6742353493086801,0.09739544636978775,228.25512790991488,cuda:0,torch
6,fmm,5,11,11,0,1.0245833333333334,1.0245833333333334,0.22775663973504962,0.22775663973504962,0.6748790231879369,0.09736433707701347,228.22165603335534,cuda:0,torch
6,fmm,5,11,11,0,1.025,1.025,0.22714571760024316,0.22714571760024316,0.6755215389459158,0.09733274345384102,228.18844691167288,cuda:0,torch
6,fmm,5,11,11,0,1.0254166666666666,1.0254166666666666,0.2265364187062324,0.2265364187062324,0.6761629076896027,0.09730067360416486,228.15550525427525,cuda:0,torch
6,fmm,5,11,11,0,1.0258333333333334,1.0258333333333334,0.22592872514325807,0.22592872514325807,0.6768031394104039,0.097268135446338,228.12283585003956,cuda:0,torch
6,fmm,5,11,11,0,1.02625,1.02625,0.2253226202171182,0.2253226202171182,0.6774422430607776,0.09723513672210418,228.09044356862282,cuda:0,torch
6,fmm,5,11,11,0,1.0266666666666666,1.0266666666666666,0.22471808836997528,0.22471808836997528,0.6780802266250956,0.09720168500492912,228.05833336173916,cuda:0,torch
6,fmm,5,11,11,0,1.0270833333333333,1.0270833333333333,0.2241151151068863,0.2241151151068863,0.6787170971853651,0.09716778770774859,228.02651026436612,cuda:0,torch
6,fmm,5,11,11,0,1.0275,1.0275,0.2235136869274958,0.2235136869274958,0.6793528609823367,0.0971334520901675,227.99497939591188,cuda:0,torch
6,fmm,5,11,11,0,1.0279166666666666,1.0279166666666666,0.22291379126265534,0.22291379126265534,0.6799875234720614,0.09709868526528329,227.96374596128052,cuda:0,torch
6,fmm,5,11,11,0,1.0283333333333333,1.0283333333333333,0.22231541641536862,0.22231541641536862,0.6806210893787119,0.09706349420591948,227.9328152518563,cuda:0,torch
6,fmm,5,11,11,0,1.02875,1.02875,0.22171855150579642,0.22171855150579642,0.6812535627436878,0.09702788575051582,227.90219264638162,cuda:0,torch
6,fmm,5,11,11,0,1.0291666666666668,1.0291666666666668,0.22112318641999015,0.22112318641999015,0.681884946971321,0.09699186660868889,227.8718836116928,cuda:0,torch
6,fmm,5,11,11,0,1.0295833333333333,1.0295833333333333,0.22052931176204288,0.22052931176204288,0.6825152448715819,0.09695544336637524,227.84189370332015,cuda:0,torch
6,fmm,5,11,11,0,1.03,1.03,0.21993691880945088,0.21993691880945088,0.683144458699894,0.09691862249065508,227.81222856590597,cuda:0,torch
6,fmm,5,11,11,0,1.0304166666666668,1.0304166666666668,0.21934599947126981,0.21934599947126981,0.6837725901943607,0.09688141033436953,227.78289393342186,cuda:0,torch
6,fmm,5,11,11,0,1.0308333333333333,1.0308333333333333,0.21875654624911217,0.21875654624911217,0.6843996406105725,0.09684381314031537,227.75389562915416,cuda:0,torch
6,fmm,5,11,11,0,1.03125,1.03125,0.21816855220049233,0.21816855220049233,0.6850256107541884,0.09680583704531923,227.72523956542764,cuda:0,torch
6,fmm,5,11,11,0,1.0316666666666667,1.0316666666666667,0.21758201090460794,0.21758201090460794,0.6856505010113954,0.09676748808399671,227.6969317430161,cuda:0,torch
6,fmm,5,11,11,0,1.0320833333333335,1.0320833333333335,0.21699691643015,0.21699691643015,0.686274311377521,0.09672877219232895,227.66897825020908,cuda:0,torch
6,fmm,5,11,11,0,1.0325,1.0325,0.2164132633051595,0.2164132633051595,0.6868970414837947,0.09668969521104578,227.6413852614835,cuda:0,torch
6,fmm,5,11,11,0,1.0329166666666667,1.0329166666666667,0.21583104648871723,0.21583104648871723,0.6875186906225922,0.09665026288869058,227.61415903571424,cuda:0,torch
6,fmm,5,11,11,0,1.0333333333333334,1.0333333333333334,0.21525026134430014,0.21525026134430014,0.6881392577709209,0.09661048088477897,227.58730591387624,cuda:0,torch
6,fmm,5,11,11,0,1.03375,1.03375,0.2146709036148228,0.2146709036148228,0.6887587416126977,0.09657035477247952,227.5608323161565,cuda:0,torch
6,fmm,5,11,11,0,1.0341666666666667,1.0341666666666667,0.2140929693990573,0.2140929693990573,0.689377140559571,0.09652989004137169,227.53474473840512,cuda:0,torch
6,fmm,5,11,11,0,1.0345833333333334,1.0345833333333334,0.2135164551295084,0.2135164551295084,0.6899944527705295,0.09648909209996209,227.50904974782932,cuda:0,torch
6,fmm,5,11,11,0,1.0350000000000001,1.0350000000000001,0.21294135755154311,0.21294135755154311,0.6906106761703953,0.0964479662780616,227.4837539778383,cuda:0,torch
6,fmm,5,11,11,0,1.0354166666666667,1.0354166666666667,0.2123676737037594,0.2123676737037594,0.6912258084671811,0.09640651782905954,227.458864121917,cuda:0,torch
6,fmm,5,11,11,0,1.0358333333333334,1.0358333333333334,0.21179540089943608,0.21179540089943608,0.6918398471684417,0.09636475193212221,227.43438692640777,cuda:0,torch
6,fmm,5,11,11,0,1.0362500000000001,1.0362500000000001,0.21122453670908214,0.21122453670908214,0.6924527895967468,0.09632267369417102,227.41032918205636,cuda:0,torch
6,fmm,5,11,11,0,1.0366666666666666,1.0366666666666666,0.21065507894393373,0.21065507894393373,0.6930646329041762,0.09628028815189008,227.38669771415877,cuda:0,torch
6,fmm,5,11,11,0,1.0370833333333334,1.0370833333333334,0.210087025640375,0.210087025640375,0.6936753740860966,0.0962376002735284,227.36349937112556,cuda:0,torch
6,fmm,5,11,11,0,1.0375,1.0375,0.20952037504526883,0.20952037504526883,0.6942850099940527,0.09619461496067844,227.34074101126282,cuda:0,torch
6,fmm,5,11,11,0,1.0379166666666666,1.0379166666666666,0.20895512560207485,0.20895512560207485,0.694893537348002,0.09615133704992318,227.31842948752873,cuda:0,torch
6,fmm,5,11,11,0,1.0383333333333333,1.0383333333333333,0.20839127593769288,0.20839127593769288,0.6955009527478296,0.09610777131447748,227.2965716300207,cuda:0,torch
6,fmm,5,11,11,0,1.03875,1.03875,0.20782882485006932,0.20782882485006932,0.6961072526842912,0.0960639224656395,227.27517422588207,cuda:0,torch
6,fmm,5,11,11,0,1.0391666666666668,1.0391666666666668,0.207267771296445,0.207267771296445,0.696712433549247,0.09601979515430806,227.25424399630353,cuda:0,torch
6,fmm,5,11,11,0,1.0395833333333333,1.0395833333333333,0.2067081143823164,0.2067081143823164,0.6973164916453852,0.09597539397229837,227.2337875702394,cuda:0,torch
6,fmm,5,11,11,0,1.04,1.04,0.20614985335084693,0.20614985335084693,0.6979194231954602,0.09593072345369288,227.213811454431,cuda:0,torch
6,fmm,5,11,11,0,1.0404166666666668,1.0404166666666668,0.20559298757296846,0.20559298757296846,0.6985212243509114,0.09588578807612019,227.19432199924273,cuda:0,torch
6,fmm,5,11,11,0,1.0408333333333333,1.0408333333333333,0.20503751653795052,0.20503751653795052,0.6991218912001396,0.09584059226190991,227.1753253597759,cuda:0,torch
6,fmm,5,11,11,0,1.04125,1.04125,0.20448343984449685,0.20448343984449685,0.6997214197762114,0.09579514037929177,227.15682745167987,cuda:0,torch
6,fmm,5,11,11,0,1.0416666666666667,1.0416666666666667,0.2039307571922933,0.2039307571922933,0.7003198060642276,0.09574943674347908,227.1388339009399,cuda:0,torch
6,fmm,5,11,11,0,1.0420833333333333,1.0420833333333333,0.20337946837398113,0.20337946837398113,0.7009170460083011,0.0957034856177178,227.121349986913,cuda:0,torch
6,fmm,5,11,11,0,1.0425,1.0425,0.20282957326761797,0.20282957326761797,0.7015131355180795,0.09565729121430255,227.10438057773874,cuda:0,torch
6,fmm,5,11,11,0,1.0429166666666667,1.0429166666666667,0.2022810718294488,0.2022810718294488,0.7021080704749708,0.09561085769558039,227.08793005715611,cuda:0,torch
6,fmm,5,11,11,0,1.0433333333333334,1.0433333333333334,0.20173396408713434,0.20173396408713434,0.7027018467380571,0.09556418917480852,227.07200224165487,cuda:0,torch
6,fmm,5,11,11,0,1.04375,1.04375,0.20118825013325087,0.20118825013325087,0.7032944601495671,0.09551728971718204,227.05660028675652,cuda:0,torch
6,fmm,5,11,11,0,1.0441666666666667,1.0441666666666667,0.20064393011921378,0.20064393011921378,0.7038859065402675,0.09547016334051872,227.041726581079,cuda:0,torch
6,fmm,5,11,11,0,1.0445833333333334,1.0445833333333334,0.20010100424943797,0.20010100424943797,0.7044761817343158,0.09542281401624622,227.0273826266884,cuda:0,torch
6,fmm,5,11,11,0,1.045,1.045,0.19955947277584346,0.19955947277584346,0.7050652815540541,0.09537524567010242,227.013568904095,cuda:0,torch
6,fmm,5,11,11,0,1.0454166666666667,1.0454166666666667,0.19901933599267552,0.19901933599267552,0.7056532018243808,0.09532746218294363,227.00028472005397,cuda:0,torch
6,fmm,5,11,11,0,1.0458333333333334,1.0458333333333334,0.19848059423150533,0.19848059423150533,0.7062399383770442,0.09527946739145043,226.9875280362078,cuda:0,torch
6,fmm,5,11,11,0,1.0462500000000001,1.0462500000000001,0.19794324785655387,0.19794324785655387,0.7068254870545406,0.0952312650889055,226.97529527636152,cuda:0,torch
6,fmm,5,11,11,0,1.0466666666666666,1.0466666666666666,0.19740729726027428,0.19740729726027428,0.7074098437139228,0.09518285902580292,226.96358111007757,cuda:0,torch
6,fmm,5,11,11,0,1.0470833333333334,1.0470833333333334,0.19687274285912162,0.19687274285912162,0.7079930042303405,0.09513425291053787,226.95237821007655,cuda:0,torch
6,fmm,5,11,11,0,1.0475,1.0475,0.19633958508952765,0.19633958508952765,0.7085749645003879,0.09508545041008443,226.94167698083936,cuda:0,torch
6,fmm,5,11,11,0,1.0479166666666666,1.0479166666666666,0.19580782440416997,0.19580782440416997,0.7091557204452705,0.0950364551505595,226.93146525567673,cuda:0,torch
6,fmm,5,11,11,0,1.0483333333333333,1.0483333333333333,0.19527746126833906,0.19527746126833906,0.709735268013815,0.0949872707178459,226.9217279595583,cuda:0,torch
6,fmm,5,11,11,0,1.04875,1.04875,0.1947484961565631,0.1947484961565631,0.7103136031852476,0.0949379006581893,226.91244673506856,cuda:0,torch
6,fmm,5,11,11,0,1.0491666666666668,1.0491666666666668,0.19422092954936543,0.19422092954936543,0.7108907219719159,0.09488834847871863,226.90359952905533,cuda:0,torch
6,fmm,5,11,11,0,1.0495833333333333,1.0495833333333333,0.19369476193025417,0.19369476193025417,0.7114666204217375,0.09483861764800836,226.89516013797936,cuda:0,torch
6,fmm,5,11,11,0,1.05,1.05,0.19316999378277333,0.19316999378277333,0.7120412946205914,0.09478871159663527,226.88709771062472,cuda:0,torch
6,fmm,10,21,21,0,0.95,0.95,0.20330923490176384,0.2925903966182418,0.6391891000275312,0.06822050335422702,390.04454519827766,cuda:0,torch
6,fmm,10,21,21,0,0.9504166666666666,0.9504166666666666,0.20344750016927957,0.2924146638637144,0.6392984347167668,0.06828690141951876,389.8407035954553,cuda:0,torch
6,fmm,10,21,21,0,0.9508333333333333,0.9508333333333333,0.20358765851333877,0.29223958494721647,0.639406556181098,0.06835385887168555,389.63686911205133,cuda:0,torch
6,fmm,10,21,21,0,0.9512499999999999,0.9512499999999999,0.20372973558692156,0.29206516308149894,0.6395134528890488,0.06842138402945225,389.433042619969,cuda:0,torch
6,fmm,10,21,21,0,0.9516666666666667,0.9516666666666667,0.20387375762809895,0.29189140155514587,0.6396191130475679,0.06848948539728622,389.2292250358995,cuda:0,torch
6,fmm,10,21,21,0,0.9520833333333333,0.9520833333333333,0.20401975147824197,0.29171830373476515,0.6397235245939047,0.06855817167133016,389.0254173210159,cuda:0,torch
6,fmm,10,21,21,0,0.9524999999999999,0.9524999999999999,0.2041677446010797,0.2915458730674298,0.6398266751872891,0.06862745174528112,388.82162048059524,cuda:0,torch
6,fmm,10,21,21,0,0.9529166666666666,0.9529166666666666,0.2043177651024181,0.29137411308306876,0.6399285522002442,0.06869733471668699,388.6178355636734,cuda:0,torch
6,fmm,10,21,21,0,0.9533333333333333,0.9533333333333333,0.2044698417506579,0.2912030273969421,0.6400291427096337,0.06876782989342417,388.4140636626514,cuda:0,torch
6,fmm,10,21,21,0,0.95375,0.95375,0.2046240039982409,0.29103261971233685,0.6401284334871136,0.06883894680054958,388.2103059128791,cuda:0,torch
6,fmm,10,21,21,0,0.9541666666666666,0.9541666666666666,0.2047802820039257,0.2908628938232972,0.6402264109895982,0.06891069518710458,388.00656349223954,cuda:0,torch
6,fmm,10,21,21,0,0.9545833333333333,0.9545833333333333,0.20493870665596153,0.29069385361740707,0.6403230613488579,0.06898308503373507,387.80283762070127,cuda:0,torch
6,fmm,10,21,21,0,0.955,0.955,0.2050993095963092,0.29052550307879554,0.6404183703610937,0.06905612656011073,387.59912955985624,cuda:0,torch
6,fmm,10,21,21,0,0.9554166666666666,0.9554166666666666,0.2052621232458107,0.290357846291146,0.6405123234758248,0.06912983023302921,387.39544061242424,cuda:0,torch
6,fmm,10,21,21,0,0.9558333333333333,0.9558333333333333,0.20542718083054567,0.29019088744098576,0.6406049057844043,0.06920420677460992,387.19656811378053,cuda:0,torch
6,fmm,10,21,21,0,0.9562499999999999,0.9562499999999999,0.20559451640913767,0.2900246308208365,0.6406961020081313,0.06927926717103217,387.0056473381297,cuda:0,torch
6,fmm,10,21,21,0,0.9566666666666667,0.9566666666666667,0.20576416490154933,0.28985908083292,0.6407858964855508,0.06935502268152915,386.8147049003685,cuda:0,torch
6,fmm,10,21,21,0,0.9570833333333333,0.9570833333333333,0.20593616211878546,0.289694241992509,0.6408742731596828,0.0694314848478082,386.6237423837169,cuda:0,torch
6,fmm,10,21,21,0,0.9575,0.9575,0.20611054479423702,0.2895301189318695,0.6409612155641443,0.06950866550398621,386.4327614097731,cuda:0,torch
6,fmm,10,21,21,0,0.9579166666666666,0.9579166666666666,0.20628735061623524,0.2893667164040931,0.6410467068091803,0.06958657678672658,386.2417636379618,cuda:0,torch
6,fmm,10,21,21,0,0.9583333333333333,0.9583333333333333,0.20646661826213422,0.2892040392871696,0.6411307295666246,0.06966523114620576,386.0507507649347,cuda:0,torch
6,fmm,10,21,21,0,0.95875,0.95875,0.20664838743405203,0.2890420925883711,0.6412132660545129,0.069744641357116,385.8597245239663,cuda:0,torch
6,fmm,10,21,21,0,0.9591666666666666,0.9591666666666666,0.20683269889604136,0.2888808814485185,0.6412942980207847,0.06982482053069677,385.66868668435757,cuda:0,torch
6,fmm,10,21,21,0,0.9595833333333333,0.9595833333333333,0.20701959451325286,0.2887204111467955,0.6413738067264074,0.0699057821267971,385.47763905079546,cuda:0,torch
6,fmm,10,21,21,0,0.96,0.96,0.20720911729277341,0.28856068710553434,0.6414517729275111,0.06998753996695456,385.28658346271465,cuda:0,torch
6,fmm,10,21,21,0,0.9604166666666666,0.9604166666666666,0.20740131142640153,0.28840171489520644,0.6415281768570025,0.07007010824779109,385.09552179365977,cuda:0,torch
6,fmm,10,21,21,0,0.9608333333333333,0.9608333333333333,0.2075962223357296,0.2882435002399866,0.6416029982047585,0.07015350155525485,384.9044559506126,cuda:0,torch
6,fmm,10,21,21,0,0.9612499999999999,0.9612499999999999,0.20779389671903273,0.2880860490230287,0.641676216097576,0.07023773487939533,384.7133878733205,cuda:0,torch
6,fmm,10,21,21,0,0.9616666666666667,0.9616666666666667,0.20799438260078523,0.287929367292442,0.6417478090776143,0.07032282362994369,384.52231953363,cuda:0,torch
6,fmm,10,21,21,0,0.9620833333333333,0.9620833333333333,0.20819772938350908,0.28777346126736325,0.641817755079945,0.07040878365269176,384.33125293478406,cuda:0,torch
6,fmm,10,21,21,0,0.9624999999999999,0.9624999999999999,0.20840398790220696,0.2876183373442914,0.6418860314090964,0.07049563124661223,384.1401901107266,cuda:0,torch
6,fmm,10,21,21,0,0.9629166666666666,0.9629166666666666,0.20861321048164463,0.2874640021038465,0.6419526147142454,0.07058338318190815,383.94913312540336,cuda:0,torch
6,fmm,10,21,21,0,0.9633333333333333,0.9633333333333333,0.2088254509964767,0.2873104623177166,0.6420174809632584,0.07067205671902499,383.7580840720391,cuda:0,torch
6,fmm,10,21,21,0,0.96375,0.96375,0.20904076493462392,0.28715772495612524,0.6420806054154642,0.07076166962841057,383.5670450724351,cuda:0,torch
6,fmm,10,21,21,0,0.9641666666666666,0.9641666666666666,0.20925920946383217,0.28700579719546926,0.6421419625927712,0.07085224021175951,383.376018276227,cuda:0,torch
6,fmm,10,21,21,0,0.9645833333333333,0.9645833333333333,0.209480843501882,0.2868546864264979,0.6422015262496327,0.07094378732386941,383.1850058601721,cuda:0,torch
6,fmm,10,21,21,0,0.965,0.965,0.20970572779057722,0.28670440026291233,0.642259269341084,0.07103633039600366,382.99401002740024,cuda:0,torch
6,fmm,10,21,21,0,0.9654166666666666,0.9654166666666666,0.2099339249736233,0.2865549465502302,0.6423151639892515,0.07112988946051829,382.8030330066845,cuda:0,torch
6,fmm,10,21,21,0,0.9658333333333333,0.9658333333333333,0.21016549967894038,0.28640633337530963,0.6423691814480412,0.07122448517664914,382.6120770517107,cuda:0,torch
6,fmm,10,21,21,0,0.9662499999999999,0.9662499999999999,0.21040051860560358,0.28625856907644215,0.6424212920657137,0.0713201388578441,382.42114444031654,cuda:0,torch
6,fmm,10,21,21,0,0.9666666666666667,0.9666666666666667,0.21063905061543986,0.2861116622536415,0.6424714652456791,0.07141687250067941,382.23023747375913,cuda:0,torch
6,fmm,10,21,21,0,0.9670833333333333,0.9670833333333333,0.21088116683011668,0.2859656217798592,0.6425196694048176,0.07151470881532318,382.03935847596955,cuda:0,torch
6,fmm,10,21,21,0,0.9675,0.9675,0.2111269407337112,0.28582045681262813,0.6425658719295482,0.0716136712578237,381.84850979280344,cuda:0,torch
6,fmm,10,21,21,0,0.9679166666666666,0.9679166666666666,0.21137644828136465,0.28567617680647,0.6426100391292124,0.07171378406431755,381.6576937912974,cuda:0,torch
6,fmm,10,21,21,0,0.9683333333333333,0.9683333333333333,0.21162976801424224,0.2855327915258142,0.6426521361870745,0.07181507228711131,381.4669128589301,cuda:0,torch
6,fmm,10,21,21,0,0.96875,0.96875,0.21188698118164115,0.28539031105898555,0.6426921271079608,0.0719175618330537,381.2761694028715,cuda:0,torch
6,fmm,10,21,21,0,0.9691666666666666,0.9691666666666666,0.2121481718701734,0.28524874583251814,0.6427299746632624,0.07202127950421944,381.0854658492463,cuda:0,torch
6,fmm,10,21,21,0,0.9695833333333334,0.9695833333333334,0.2124134271413952,0.28510810662695574,0.6427656403319498,0.07212625304109443,380.89480464240137,cuda:0,torch
6,fmm,10,21,21,0,0.97,0.97,0.2126828371775363,0.2849684045929171,0.6427990842386799,0.07223251116840296,380.7041882441591,cuda:0,torch
6,fmm,10,21,21,0,0.9704166666666666,0.9704166666666666,0.21295649543693154,0.28482965126875226,0.6428302650872926,0.07234008364395517,380.513619133103,cuda:0,torch
6,fmm,10,21,21,0,0.9708333333333333,0.9708333333333333,0.2132344988190486,0.28469185859875945,0.6428591400908227,0.07244900131041787,380.3230998038366,cuda:0,torch
6,fmm,10,21,21,0,0.97125,0.97125,0.21351694784060413,0.2845550389529723,0.642885664896372,0.0725592961506557,380.1326327662739,cuda:0,torch
6,fmm,10,21,21,0,0.9716666666666667,0.9716666666666667,0.21380394682306061,0.28441920514784663,0.6429097935054423,0.07267100134671106,379.9422205449223,cuda:0,torch
6,fmm,10,21,21,0,0.9720833333333333,0.9720833333333333,0.21409560409294193,0.28428437046859323,0.6429314781888916,0.07278415134251515,379.75186567817263,cuda:0,torch
6,fmm,10,21,21,0,0.9724999999999999,0.9724999999999999,0.21439203219559422,0.28415054869270123,0.6429506693962022,0.07289878191109661,379.5615707175928,cuda:0,torch
6,fmm,10,21,21,0,0.9729166666666667,0.9729166666666667,0.21469334812385202,0.2840177541151953,0.6429673156583693,0.0730149302264354,379.37133822724115,cuda:0,torch
6,fmm,10,21,21,0,0.9733333333333333,0.9733333333333333,0.21499967356268973,0.28388600157550575,0.642981363484445,0.07313263494004923,379.1811707829776,cuda:0,torch
6,fmm,10,21,21,0,0.97375,0.97375,0.21531113515134595,0.2837553064862231,0.6429927572504129,0.07325193626336396,378.9910709717818,cuda:0,torch
6,fmm,10,21,21,0,0.9741666666666666,0.9741666666666666,0.21562786476438622,0.2836256848637957,0.6430014390803306,0.07337287605587373,378.8010413910877,cuda:0,torch
6,fmm,10,21,21,0,0.9745833333333334,0.9745833333333334,0.21594999981356527,0.28349715336155834,0.6430073487185922,0.07349549791984944,378.61108464811747,cuda:0,torch
6,fmm,10,21,21,0,0.975,0.975,0.2162776835720112,0.28336972930480664,0.6430104233932936,0.07361984730189974,378.42120335923516,cuda:0,torch
6,fmm,10,21,21,0,0.9754166666666666,0.9754166666666666,0.21661106552332451,0.2832434307287968,0.6430105976686167,0.0737459716025865,378.2314001493083,cuda:0,torch
6,fmm,10,21,21,0,0.9758333333333333,0.9758333333333333,0.21695030173749225,0.2831182764193431,0.6430078032865056,0.07387392029415124,378.04167765106877,cuda:0,torch
6,fmm,10,21,21,0,0.97625,0.97625,0.21729555527640335,0.2829942859565543,0.6430019689957184,0.07400374504772733,377.8520385045041,cuda:0,torch
6,fmm,10,21,21,0,0.9766666666666667,0.9766666666666667,0.21764699663179068,0.28287147976191446,0.6429930203676225,0.07413549987046303,377.6624853562382,cuda:0,torch
6,fmm,10,21,21,0,0.9770833333333333,0.9770833333333333,0.21800480419885696,0.28274987914909333,0.6429808795967717,0.07426924125413492,377.47302085894864,cuda:0,torch
6,fmm,10,21,21,0,0.9775,0.9775,0.21836916478909424,0.2826295063787269,0.6429654652856389,0.07440502833563417,377.2836476707672,cuda:0,torch
6,fmm,10,21,21,0,0.9779166666666667,0.9779166666666667,0.21874027418650002,0.28251038471778206,0.6429466922109367,0.07454292307128124,377.09436845472186,cuda:0,torch
6,fmm,10,21,21,0,0.9783333333333333,0.9783333333333333,0.2191183377514702,0.2823925385036347,0.6429244710704237,0.07468299042594156,376.9051858781632,cuda:0,torch
6,fmm,10,21,21,0,0.97875,0.97875,0.21950357107789606,0.28227599321390295,0.642898708207289,0.07482529857880804,376.7161026122315,cuda:0,torch
6,fmm,10,21,21,0,0.9791666666666666,0.9791666666666666,0.21989620070859753,0.2821607755417952,0.6428693053107936,0.07496991914741125,376.52712133132184,cuda:0,torch
6,fmm,10,21,21,0,0.9795833333333334,0.9795833333333334,0.2202964649163514,0.2820469134785708,0.6428361590893619,0.07511692743206733,376.33824471255383,cuda:0,torch
6,fmm,10,21,21,0,0.98,0.98,0.22070461455733972,0.28193443640310606,0.6427991609138562,0.07526640268303769,376.1494754352771,cuda:0,torch
6,fmm,10,21,21,0,0.9804166666666666,0.9804166666666666,0.22112091400571665,0.2818233751797824,0.6427581964273016,0.07541842839291601,375.96081618057735,cuda:0,torch
6,fmm,10,21,21,0,0.9808333333333333,0.9808333333333333,0.221545642178743,0.28171376226546563,0.6427131451170973,0.07557309261743705,375.772269630796,cuda:0,torch
6,fmm,10,21,21,0,0.98125,0.98125,0.2219790936635527,0.2816056318268174,0.6426638798452826,0.07573048832789997,375.58383846907,cuda:0,torch
6,fmm,10,21,21,0,0.9816666666666667,0.9816666666666667,0.22242157995787307,0.28149901986888237,0.6426102663318183,0.07589071379929935,375.3955253788949,cuda:0,torch
6,fmm,10,21,21,0,0.9820833333333333,0.9820833333333333,0.22287343083951958,0.28139396437689723,0.642552162584662,0.0760538730384408,375.20733304365933,cuda:0,torch
6,fmm,10,21,21,0,0.9824999999999999,0.9824999999999999,0.2233349958807182,0.281290505472237,0.6424894182702087,0.07622007625755434,375.0192641462728,cuda:0,torch
6,fmm,10,21,21,0,0.9829166666666667,0.9829166666666667,0.22380664612694426,0.2811886855849909,0.6424218740160136,0.07638944039899553,374.83132136872945,cuda:0,torch
6,fmm,10,21,21,0,0.9833333333333333,0.9833333333333333,0.22428877596226734,0.2810885496449752,0.6423493606367698,0.07656208971825496,374.6435073917344,cuda:0,torch
6,fmm,10,21,21,0,0.98375,0.98375,0.2247818051873692,0.28099014529400523,0.6422716982726269,0.0767381564333679,374.4558248943292,cuda:0,torch
6,fmm,10,21,21,0,0.9841666666666666,0.9841666666666666,0.22528618134007006,0.2808935231217854,0.642188695428435,0.07691778144977957,374.2682765535411,cuda:0,torch
6,fmm,10,21,21,0,0.9845833333333334,0.9845833333333334,0.22580238229457122,0.28079873692971336,0.6421001478977534,0.07710111517253326,374.08086504404014,cuda:0,torch
6,fmm,10,21,21,0,0.985,0.985,0.22633091918062234,0.28070584402585125,0.6420058375564743,0.07728831841767442,373.8935930378104,cuda:0,torch
6,fmm,10,21,21,0,0.9854166666666666,0.9854166666666666,0.22687233967238374,0.2806149055562226,0.6419055310043015,0.07747956343947593,373.70646320385356,cuda:0,torch
6,fmm,10,21,21,0,0.9858333333333333,0.9858333333333333,0.22742723170564177,0.2805259868779789,0.6417989780312684,0.07767503509075269,373.5194782078935,cuda:0,torch
6,fmm,10,21,21,0,0.98625,0.98625,0.2279962276935084,0.28043915798119684,0.641685909879797,0.07787493213900615,373.33264071210067,cuda:0,torch
6,fmm,10,21,21,0,0.9866666666666667,0.9866666666666667,0.22858000932451125,0.2803544939671917,0.6415660372692407,0.07807946876356764,373.14595337482825,cuda:0,torch
6,fmm,10,21,21,0,0.9870833333333333,0.9870833333333333,0.2291793130445285,0.2802720755931939,0.641439048140411,0.07828887626639514,372.95941885037473,cuda:0,torch
6,fmm,10,21,21,0,0.9875,0.9875,0.22979493634514978,0.2801919898948323,0.6413046050714957,0.07850340503367204,372.7730397887598,cuda:0,torch
6,fmm,10,21,21,0,0.9879166666666667,0.9879166666666667,0.23042774500818902,0.28011433090070514,0.6411623423037668,0.07872332679552807,372.58681883551617,cuda:0,torch
6,fmm,10,21,21,0,0.9883333333333333,0.9883333333333333,0.23107868149013724,0.280039200456595,0.6410118623026158,0.07894893724078922,372.40075863148763,cuda:0,torch
6,fmm,10,21,21,0,0.98875,0.98875,0.23174877467291094,0.27996670918028044,0.640852731762549,0.07918055905717059,372.2148618126602,cuda:0,torch
6,fmm,10,21,21,0,0.9891666666666666,0.9891666666666666,0.23243915126315062,0.2798969775737561,0.6406844769414335,0.07941854548481042,372.0291310100029,cuda:0,torch
6,fmm,10,21,21,0,0.9895833333333334,0.9895833333333334,0.23315104919343876,0.27983013732599543,0.6405065781807711,0.07966328449323351,371.843568849313,cuda:0,torch
6,fmm,10,21,21,0,0.99,0.99,0.23388583347176833,0.2797663328478254,0.640318463432025,0.07991520372014954,371.6581779511075,cuda:0,torch
6,fmm,10,21,21,0,0.9904166666666666,0.9904166666666666,0.23464501504855304,0.2797057230922819,0.6401195005579972,0.08017477634972092,371.47296093049624,cuda:0,torch
6,fmm,10,21,21,0,0.9908333333333333,0.9908333333333333,0.23543027343295603,0.27964848372808465,0.6399089881145317,0.08044252815738367,371.2879203971016,cuda:0,torch
6,fmm,10,21,21,0,0.99125,0.99125,0.23624348401079218,0.2795948097552088,0.6396861442271343,0.08071904601765689,371.1030589549651,cuda:0,torch
6,fmm,10,21,21,0,0.9916666666666667,0.9916666666666667,0.23708675131420293,0.27954491867753634,0.6394500930589966,0.08100498826346708,370.91837920250043,cuda:0,torch
6,fmm,10,21,21,0,0.9920833333333333,0.9920833333333333,0.23796244990747162,0.2794990543866518,0.6391998481988806,0.08130109741446756,370.73388373244256,cuda:0,torch
6,fmm,10,21,21,0,0.9924999999999999,0.9924999999999999,0.23887327513166592,0.27945749196293684,0.6389342920655747,0.08160821597148843,370.5495751318267,cuda:0,torch
6,fmm,10,21,21,0,0.9929166666666667,0.9929166666666667,0.23982230677538174,0.27942054367532304,0.6386521500945039,0.08192730623017302,370.3654559819619,cuda:0,torch
6,fmm,10,21,21,0,0.9933333333333333,0.9933333333333333,0.24081308993440434,0.2793885665700399,0.6383519579910282,0.08225947543893192,370.1815288584516,cuda:0,torch
6,fmm,10,21,21,0,0.99375,0.99375,0.24184973908926005,0.2793619721979944,0.6380320196282203,0.08260600817378527,369.9977963312101,cuda:0,torch
6,fmm,10,21,21,0,0.9941666666666666,0.9941666666666666,0.24293707410004833,0.2793412392727215,0.6376903520936656,0.08296840863361288,369.8142609644934,cuda:0,torch
6,fmm,10,21,21,0,0.9945833333333334,0.9945833333333334,0.24408080095076543,0.27932693042272205,0.6373246127364918,0.08334845684078618,369.63092531696276,cuda:0,torch
6,fmm,10,21,21,0,0.995,0.995,0.24528775665532873,0.27931971479441287,0.6369320004282847,0.08374828477730245,369.4477919417497,cuda:0,torch
6,fmm,10,21,21,0,0.9954166666666666,0.9954166666666666,0.24656624854477927,0.27932039923112484,0.6365091189286163,0.08417048184025888,369.26486338653996,cuda:0,torch
6,fmm,10,21,21,0,0.9958333333333333,0.9958333333333333,0.24792653656189875,0.27932997240135915,0.6360517828834147,0.08461824471522617,369.08214219368585,cuda:0,torch
6,fmm,10,21,21,0,0.99625,0.99625,0.24938153988287604,0.2793496691676246,0.6355547339181491,0.0850955969142263,368.89963090031364,cuda:0,torch
6,fmm,10,21,21,0,0.9966666666666667,0.9966666666666667,0.25094791020564267,0.27938106792016937,0.6350112099171391,0.08560772216269152,368.71733203846816,cuda:0,torch
6,fmm,10,21,21,0,0.9970833333333333,0.9970833333333333,0.252647734897186,0.27942624433255747,0.6344122623442745,0.08616149332316803,368.5352481352547,cuda:0,torch
6,fmm,10,21,21,0,0.9975,0.9975,0.254511390558322,0.2794880277899275,0.6337456138087643,0.08676635840130825,368.35338171301623,cuda:0,torch
6,fmm,10,21,21,0,0.9979166666666667,0.9979166666666667,0.25658266793587203,0.27957045977184897,0.6329936087847441,0.08743593144340694,368.1717352895112,cuda:0,torch
6,fmm,10,21,21,0,0.9983333333333333,0.9983333333333333,0.25892886589771896,0.2796796923626938,0.6321291823669126,0.08819112527039358,367.9903113781096,cuda:0,torch
6,fmm,10,21,21,0,0.99875,0.99875,0.26166342362220446,0.27982599293417204,0.6311068330964305,0.0890671739693975,367.8091124880198,cuda:0,torch
6,fmm,10,21,21,0,0.9991666666666666,0.9991666666666666,0.2650078245498156,0.28002919919985536,0.6298379642998138,0.09013283650033088,367.6281411245137,cuda:0,torch
6,fmm,10,21,21,0,0.9995833333333334,0.9995833333333334,0.26953465580612485,0.2803400177356043,0.6280942034646654,0.09156577879973032,367.4473997891645,cuda:0,torch
6,fmm,10,21,21,0,1.0,1.000000000001,0.2812837517198993,0.2812837517198993,0.6234775983475184,0.09523864993258235,367.26689097970365,cuda:0,torch
6,fmm,10,21,21,0,1.0004166666666667,1.0004166666666667,0.2778891516865446,0.2778891516865446,0.6266414610320236,0.09546938728143184,367.08661719243725,cuda:0,torch
6,fmm,10,21,21,0,1.0008333333333332,1.0008333333333332,0.27627454299156684,0.27627454299156684,0.6281653137673942,0.09556014324103901,366.9065809182389,cuda:0,torch
6,fmm,10,21,21,0,1.00125,1.00125,0.27494810215976906,0.27494810215976906,0.6294251715055987,0.0956267263346322,366.72678464716574,cuda:0,torch
6,fmm,10,21,21,0,1.0016666666666667,1.0016666666666667,0.27376901229463774,0.27376901229463774,0.6305506783053314,0.09568030940003086,366.5472308666473,cuda:0,torch
6,fmm,10,21,21,0,1.0020833333333334,1.0020833333333334,0.2726829745555015,0.2726829745555015,0.6315917602753924,0.09572526516910607,366.3679220622453,cuda:0,torch
6,fmm,10,21,21,0,1.0025,1.0025,0.27166226634595597,0.27166226634595597,0.632573874976191,0.09576385867785303,366.18886071802865,cuda:0,torch
6,fmm,10,21,21,0,1.0029166666666667,1.0029166666666667,0.27069049514082066,0.27069049514082066,0.6335120560561335,0.09579744880304586,366.0100493169385,cuda:0,torch
6,fmm,10,21,21,0,1.0033333333333334,1.0033333333333334,0.2697570313310023,0.2697570313310023,0.6344160389376591,0.0958269297313386,365.83149034120015,cuda:0,torch
6,fmm,10,21,21,0,1.00375,1.00375,0.2688545282443313,0.2688545282443313,0.6352925429573452,0.09585292879832352,365.65318627271074,cuda:0,torch
6,fmm,10,21,21,0,1.0041666666666667,1.0041666666666667,0.2679776645000015,0.2679776645000015,0.6361464280943111,0.09587590740568741,365.47513959349124,cuda:0,torch
6,fmm,10,21,21,0,1.0045833333333334,1.0045833333333334,0.2671224445709079,0.2671224445709079,0.6369813379570998,0.09589621747199234,365.2973527861127,cuda:0,torch
6,fmm,10,21,21,0,1.005,1.005,0.2662857818139634,0.2662857818139634,0.6378000829080831,0.0959141352779535,365.1198283341738,cuda:0,torch
6,fmm,10,21,21,0,1.0054166666666666,1.0054166666666666,0.26546523601146393,0.26546523601146393,0.6386048810967154,0.09592988289182064,364.9425687227656,cuda:0,torch
6,fmm,10,21,21,0,1.0058333333333334,1.0058333333333334,0.2646588407782178,0.2646588407782178,0.6393975168838442,0.09594364233793806,364.7655764389747,cuda:0,torch
6,fmm,10,21,21,0,1.00625,1.00625,0.2638649858982641,0.2638649858982641,0.6401794487915392,0.09595556531019667,364.58885397239607,cuda:0,torch
6,fmm,10,21,21,0,1.0066666666666666,1.0066666666666666,0.263082334647504,0.263082334647504,0.6409518853172758,0.09596578003522022,364.4124038156694,cuda:0,torch
6,fmm,10,21,21,0,1.0070833333333333,1.0070833333333333,0.26230976418496155,0.26230976418496155,0.6417158395668553,0.09597439624818316,364.2362284650095,cuda:0,torch
6,fmm,10,21,21,0,1.0075,1.0075,0.2615463216121838,0.2615463216121838,0.6424721695071646,0.09598150888065166,364.0603304208022,cuda:0,torch
6,fmm,10,21,21,0,1.0079166666666666,1.0079166666666666,0.26079119095054626,0.26079119095054626,0.6432216082021747,0.09598720084727907,363.88471218816153,cuda:0,torch
6,fmm,10,21,21,0,1.0083333333333333,1.0083333333333333,0.2600436678983616,0.2600436678983616,0.64396478691375,0.09599154518788838,363.70937627755467,cuda:0,torch
6,fmm,10,21,21,0,1.00875,1.00875,0.2593031402425156,0.2593031402425156,0.6447022530194807,0.0959946067380037,363.5343252054135,cuda:0,torch
6,fmm,10,21,21,0,1.0091666666666668,1.0091666666666668,0.2585690724520383,0.2585690724520383,0.6454344840973499,0.09599644345061176,363.3595614947758,cuda:0,torch
6,fmm,10,21,21,0,1.0095833333333333,1.0095833333333333,0.25784099341414635,0.25784099341414635,0.6461618991326774,0.09599710745317624,363.185087675956,cuda:0,torch
6,fmm,10,21,21,0,1.01,1.01,0.25711848656445974,0.25711848656445974,0.6468848675323865,0.09599664590315377,363.01090628721,cuda:0,torch
6,fmm,10,21,21,0,1.0104166666666667,1.0104166666666667,0.25640118186505007,0.25640118186505007,0.6476037164479188,0.09599510168703113,362.8370198754597,cuda:0,torch
6,fmm,10,21,21,0,1.0108333333333333,1.0108333333333333,0.2556887492258259,0.2556887492258259,0.6483187367778626,0.09599251399631153,362.6634309969853,cuda:0,torch
6,fmm,10,21,21,0,1.01125,1.01125,0.2549808930640536,0.2549808930640536,0.6490301881294986,0.09598891880644778,362.4901422181937,cuda:0,torch
6,fmm,10,21,21,0,1.0116666666666667,1.0116666666666667,0.2542773477713879,0.2542773477713879,0.649738302950573,0.09598434927803912,362.3171561163668,cuda:0,torch
6,fmm,10,21,21,0,1.0120833333333334,1.0120833333333334,0.25357787391057873,0.25357787391057873,0.6504432899946255,0.09597883609479574,362.1444752804474,cuda:0,torch
6,fmm,10,21,21,0,1.0125,1.0125,0.25288225500294303,0.25288225500294303,0.6511453372461867,0.09597240775087024,361.972102311856,cuda:0,torch
6,fmm,10,21,21,0,1.0129166666666667,1.0129166666666667,0.2521902947996016,0.2521902947996016,0.6518446144046579,0.0959650907957405,361.80003982531514,cuda:0,torch
6,fmm,10,21,21,0,1.0133333333333334,1.0133333333333334,0.25150181494964974,0.25150181494964974,0.6525412750055609,0.09595691004478935,361.6282904496897,cuda:0,torch
6,fmm,10,21,21,0,1.01375,1.01375,0.2508166529976084,0.2508166529976084,0.6532354582415502,0.09594788876084143,361.4568568288863,cuda:0,torch
6,fmm,10,21,21,0,1.0141666666666667,1.0141666666666667,0.25013466065514733,0.25013466065514733,0.6539272905332245,0.09593804881162815,361.28574162274583,cuda:0,torch
6,fmm,10,21,21,0,1.0145833333333334,1.0145833333333334,0.249455702302836,0.249455702302836,0.6546168868901981,0.09592741080696585,361.11494750795225,cuda:0,torch
6,fmm,10,21,21,0,1.0150000000000001,1.0150000000000001,0.24877965368542065,0.24877965368542065,0.6553043520957323,0.095915994218847,360.9444771790103,cuda:0,torch
6,fmm,10,21,21,0,1.0154166666666666,1.0154166666666666,0.24810640077107693,0.24810640077107693,0.6559897817422375,0.09590381748668553,360.7743333492072,cuda:0,torch
6,fmm,10,21,21,0,1.0158333333333334,1.0158333333333334,0.2474358387509003,0.2474358387509003,0.6566732631387764,0.09589089811032331,360.6045187516145,cuda:0,torch
6,fmm,10,21,21,0,1.01625,1.01625,0.24676787115703164,0.24676787115703164,0.6573548761107869,0.09587725273218145,360.4350361401282,cuda:0,torch
6,fmm,10,21,21,0,1.0166666666666666,1.0166666666666666,0.24610240908389278,0.24610240908389278,0.6580346937058638,0.09586289721024346,360.26588829052406,cuda:0,torch
6,fmm,10,21,21,0,1.0170833333333333,1.0170833333333333,0.24543937049742795,0.24543937049742795,0.6587127828195846,0.09584784668298749,360.09707800154536,cuda:0,torch
6,fmm,10,21,21,0,1.0175,1.0175,0.24477867962113478,0.24477867962113478,0.6593892047514821,0.09583211562738311,359.92860809601854,cuda:0,torch
6,fmm,10,21,21,0,1.0179166666666666,1.0179166666666666,0.24412026638826217,0.24412026638826217,0.6600640157007915,0.09581571791094629,359.7604814220106,cuda:0,torch
6,fmm,10,21,21,0,1.0183333333333333,1.0183333333333333,0.24346406595215217,0.24346406595215217,0.6607372672096083,0.09579866683823948,359.59270085399464,cuda:0,torch
6,fmm,10,21,21,0,1.01875,1.01875,0.24281001824701115,0.24281001824701115,0.6614090065599844,0.09578097519300449,359.4252692940741,cuda:0,torch
6,fmm,10,21,21,0,1.0191666666666668,1.0191666666666668,0.242158067593214,0.242158067593214,0.6620792771307649,0.09576265527602112,359.25818967322795,cuda:0,torch
6,fmm,10,21,21,0,1.0195833333333333,1.0195833333333333,0.24150816234172404,0.24150816234172404,0.6627481187188456,0.09574371893943032,359.0914649525817,cuda:0,torch
6,fmm,10,21,21,0,1.02,1.02,0.2408602545529033,0.2408602545529033,0.6634155678293188,0.09572417761777793,358.9250981247302,cuda:0,torch
6,fmm,10,21,21,0,1.0204166666666667,1.0204166666666667,0.24021429970591315,0.24021429970591315,0.6640816579377897,0.09570404235629712,358.75909221507345,cuda:0,torch
6,fmm,10,21,21,0,1.0208333333333333,1.0208333333333333,0.23957025643509353,0.23957025643509353,0.6647464197282963,0.09568332383661018,358.59345028323526,cuda:0,torch
6,fmm,10,21,21,0,1.02125,1.02125,0.2389280862906003,0.2389280862906003,0.6654098813092256,0.09566203240017407,358.428175424453,cuda:0,torch
6,fmm,10,21,21,0,1.0216666666666667,1.0216666666666667,0.23828775352023635,0.23828775352023635,0.6660720684100626,0.09564017806970104,358.26327077106515,cuda:0,torch
6,fmm,10,21,21,0,1.0220833333333332,1.0220833333333332,0.23764922487071788,0.23764922487071788,0.6667330045604655,0.09561777056881665,358.0987394940129,cuda:0,torch
6,fmm,10,21,21,0,1.0225,1.0225,0.23701246940596046,0.23701246940596046,0.667392711254012,0.09559481934002753,357.9345848043809,cuda:0,torch
6,fmm,10,21,21,0,1.0229166666666667,1.0229166666666667,0.2363774583408252,0.2363774583408252,0.6680512080980148,0.09557133356116004,357.77080995499773,cuda:0,torch
6,fmm,10,21,21,0,1.0233333333333334,1.0233333333333334,0.23574416488866665,0.23574416488866665,0.6687085129506305,0.09554732216070286,357.6074182420547,cuda:0,torch
6,fmm,10,21,21,0,1.02375,1.02375,0.2351125641214915,0.2351125641214915,0.669364642046809,0.09552279383169948,357.44441300681257,cuda:0,torch
6,fmm,10,21,21,0,1.0241666666666667,1.0241666666666667,0.23448263284138593,0.23448263284138593,0.6700196101139145,0.09549775704469954,357.2817976372806,cuda:0,torch
6,fmm,10,21,21,0,1.0245833333333334,1.0245833333333334,0.2338543494618815,0.2338543494618815,0.6706734304784586,0.09547222005965988,357.1195755700414,cuda:0,torch
6,fmm,10,21,21,0,1.025,1.025,0.23322769389893816,0.23322769389893816,0.6713261151639864,0.0954461909370754,356.9577502920391,cuda:0,torch
6,fmm,10,21,21,0,1.0254166666666666,1.0254166666666666,0.23260264746999776,0.23260264746999776,0.6719776749819407,0.09541967754806152,356.7963253424547,cuda:0,torch
6,fmm,10,21,21,0,1.0258333333333334,1.0258333333333334,0.2319791928009799,0.2319791928009799,0.672628119615069,0.09539268758395114,356.63530431463886,cuda:0,torch
6,fmm,10,21,21,0,1.02625,1.02625,0.2313573137398137,0.2313573137398137,0.6732774576950937,0.09536522856509258,356.4746908580825,cuda:0,torch
6,fmm,10,21,21,0,1.0266666666666666,1.0266666666666666,0.23073699527664845,0.23073699527664845,0.673925696874371,0.09533730784898056,356.3144886804447,cuda:0,torch
6,fmm,10,21,21,0,1.0270833333333333,1.0270833333333333,0.2301182234697185,0.2301182234697185,0.6745728438923932,0.09530893263788826,356.1547015496309,cuda:0,torch
6,fmm,10,21,21,0,1.0275,1.0275,0.22950098537644273,0.22950098537644273,0.6752189046375139,0.09528010998604339,355.99533329593964,cuda:0,torch
6,fmm,10,21,21,0,1.0279166666666666,1.0279166666666666,0.22888526898946532,0.22888526898946532,0.675863884204412,0.09525084680612267,355.8363878142517,cuda:0,torch
6,fmm,10,21,21,0,1.0283333333333333,1.0283333333333333,0.22827106317706397,0.22827106317706397,0.6765077869473572,0.09522114987557878,355.6778690662887,cuda:0,torch
6,fmm,10,21,21,0,1.02875,1.02875,0.22765835762767853,0.22765835762767853,0.6771506165300067,0.09519102584231473,355.5197810829147,cuda:0,torch
6,fmm,10,21,21,0,1.0291666666666668,1.0291666666666668,0.2270471427981818,0.2270471427981818,0.677792375971707,0.09516048123011114,355.3621279665206,cuda:0,torch
6,fmm,10,21,21,0,1.0295833333333333,1.0295833333333333,0.2264374098656109,0.2264374098656109,0.6784330676906297,0.09512952244375938,355.2049138934348,cuda:0,torch
6,fmm,10,21,21,0,1.03,1.03,0.2258291506820527,0.2258291506820527,0.67907269354425,0.09509815577369726,355.04814311642895,cuda:0,torch
6,fmm,10,21,21,0,1.0304166666666668,1.0304166666666668,0.22522235773251487,0.22522235773251487,0.6797112548669507,0.09506638740053441,354.89181996724767,cuda:0,torch
6,fmm,10,21,21,0,1.0308333333333333,1.0308333333333333,0.22461702409545098,0.22461702409545098,0.6803487525053039,0.09503422339924511,354.7359488592406,cuda:0,torch
6,fmm,10,21,21,0,1.03125,1.03125,0.22401314340587802,0.22401314340587802,0.6809851868510681,0.09500166974305385,354.58053429000324,cuda:0,torch
6,fmm,10,21,21,0,1.0316666666666667,1.0316666666666667,0.2234107098207391,0.2234107098207391,0.6816205578721244,0.09496873230713651,354.4255808441185,cuda:0,torch
6,fmm,10,21,21,0,1.0320833333333335,1.0320833333333335,0.22280971798646734,0.22280971798646734,0.6822548651413686,0.09493541687216409,354.271093195924,cuda:0,torch
6,fmm,10,21,21,0,1.0325,1.0325,0.22221016300854504,0.22221016300854504,0.6828881078640155,0.09490172912743941,354.1170761123667,cuda:0,torch
6,fmm,10,21,21,0,1.0329166666666667,1.0329166666666667,0.22161204042289986,0.22161204042289986,0.6835202849029133,0.09486767467418686,353.96353445585584,cuda:0,torch
6,fmm,10,21,21,0,1.0333333333333334,1.0333333333333334,0.2210153461690245,0.2210153461690245,0.6841513948026656,0.09483325902830989,353.8104731872398,cuda:0,torch
6,fmm,10,21,21,0,1.03375,1.03375,0.2204200765647956,0.2204200765647956,0.6847814358120726,0.09479848762313178,353.65789736875416,cuda:0,torch
6,fmm,10,21,21,0,1.0341666666666667,1.0341666666666667,0.219826228282611,0.219826228282611,0.6854104059052447,0.09476336581214428,353.5058121670523,cuda:0,torch
6,fmm,10,21,21,0,1.0345833333333334,1.0345833333333334,0.2192337983271198,0.2192337983271198,0.6860383028014967,0.0947278988713835,353.3542228562651,cuda:0,torch
6,fmm,10,21,21,0,1.0350000000000001,1.0350000000000001,0.21864278401404838,0.21864278401404838,0.6866651239842357,0.09469209200171588,353.2031348210788,cuda:0,torch
6,fmm,10,21,21,0,1.0354166666666667,1.0354166666666667,0.2180531829505296,0.2180531829505296,0.6872908667183685,0.09465595033110191,353.0525535598202,cuda:0,torch
6,fmm,10,21,21,0,1.0358333333333334,1.0358333333333334,0.21746499301614983,0.21746499301614983,0.6879155280671411,0.0946194789167091,352.9024846875829,cuda:0,torch
6,fmm,10,21,21,0,1.0362500000000001,1.0362500000000001,0.21687821234558613,0.21687821234558613,0.6885391049075832,0.09458268274683068,352.7529339393109,cuda:0,torch
6,fmm,10,21,21,0,1.0366666666666666,1.0366666666666666,0.21629283931166193,0.21629283931166193,0.6891615939456268,0.09454556674271125,352.7088698400813,cuda:0,torch
6,fmm,10,21,21,0,1.0370833333333334,1.0370833333333334,0.2157088725098533,0.2157088725098533,0.689782991729549,0.09450813576059766,352.6866788262546,cuda:0,torch
6,fmm,10,21,21,0,1.0375,1.0375,0.21512631074334787,0.21512631074334787,0.6904032946635722,0.09447039459307993,352.66516592207506,cuda:0,torch
6,fmm,10,21,21,0,1.0379166666666666,1.0379166666666666,0.2145451530089808,0.2145451530089808,0.6910224990200683,0.0944323479709509,352.64434135418725,cuda:0,torch
6,fmm,10,21,21,0,1.0383333333333333,1.0383333333333333,0.2139653984840551,0.2139653984840551,0.6916406009512314,0.09439400056471353,352.62421544538813,cuda:0,torch
6,fmm,10,21,21,0,1.03875,1.03875,0.21338704651378687,0.21338704651378687,0.6922575965003188,0.09435535698589431,352.60479861099395,cuda:0,torch
6,fmm,10,21,21,0,1.0391666666666668,1.0391666666666668,0.21281009659941588,0.21281009659941588,0.6928734816119508,0.09431642178863328,352.5861013547865,cuda:0,torch
6,fmm,10,21,21,0,1.0395833333333333,1.0395833333333333,0.2122345483869861,0.2122345483869861,0.693488252142158,0.09427719947085586,352.5681342644898,cuda:0,torch
6,fmm,10,21,21,0,1.04,1.04,0.21166040165680453,0.21166040165680453,0.6941019038675016,0.09423769447569388,352.5509080065924,cuda:0,torch
6,fmm,10,21,21,0,1.0404166666666668,1.0404166666666668,0.21108765631331478,0.21108765631331478,0.6947144324942262,0.09419791119245907,352.53443332048084,cuda:0,torch
6,fmm,10,21,21,0,1.0408333333333333,1.0408333333333333,0.2105163123756505,0.2105163123756505,0.695325833666264,0.09415785395808551,352.51872101154714,cuda:0,torch
6,fmm,10,21,21,0,1.04125,1.04125,0.20994636996855007,0.20994636996855007,0.6959361029734509,0.09411752705799906,352.5037819432542,cuda:0,torch
6,fmm,10,21,21,0,1.0416666666666667,1.0416666666666667,0.20937782931387686,0.20937782931387686,0.6965452359587747,0.09407693472734843,352.48962702772985,cuda:0,torch
6,fmm,10,21,21,0,1.0420833333333333,1.0420833333333333,0.20881069072256872,0.20881069072256872,0.6971532281256121,0.09403608115181919,352.47626721473284,cuda:0,torch
6,fmm,10,21,21,0,1.0425,1.0425,0.2082449545868947,0.2082449545868947,0.6977600749442593,0.093994970468846,352.463713478651,cuda:0,torch
6,fmm,10,21,21,0,1.0429166666666667,1.0429166666666667,0.20768062137321477,0.20768062137321477,0.6983657718584723,0.09395360676831296,352.45197680312515,cuda:0,torch
6,fmm,10,21,21,0,1.0433333333333334,1.0433333333333334,0.20711769161517732,0.20711769161517732,0.6989703142912317,0.093911994093591,352.44106816290304,cuda:0,torch
6,fmm,10,21,21,0,1.04375,1.04375,0.20655616590709933,0.20655616590709933,0.6995736976506464,0.09387013644225431,352.43099850249615,cuda:0,torch
6,fmm,10,21,21,0,1.0441666666666667,1.0441666666666667,0.20599604489785595,0.20599604489785595,0.7001759173350368,0.09382803776710724,352.42177871106713,cuda:0,torch
6,fmm,10,21,21,0,1.0445833333333334,1.0445833333333334,0.20543732928498348,0.20543732928498348,0.7007769687382412,0.09378570197677527,352.4134195929579,cuda:0,torch
6,fmm,10,21,21,0,1.045,1.045,0.20488001980912762,0.20488001980912762,0.7013768472543932,0.09374313293647918,352.4059318332434,cuda:0,torch
6,fmm,10,21,21,0,1.0454166666666667,1.0454166666666667,0.20432411724876276,0.20432411724876276,0.7019755482822813,0.09370033446895598,352.3993259575196,cuda:0,torch
6,fmm,10,21,21,0,1.0458333333333334,1.0458333333333334,0.20376962241526964,0.20376962241526964,0.7025730672298763,0.09365731035485403,352.39361228509665,cuda:0,torch
6,fmm,10,21,21,0,1.0462500000000001,1.0462500000000001,0.2032165361481132,0.2032165361481132,0.7031693995182141,0.0936140643336727,352.38880087468357,cuda:0,torch
6,fmm,10,21,21,0,1.0466666666666666,1.0466666666666666,0.20266485931035458,0.20266485931035458,0.7037645405853775,0.0935706001042679,352.3849014615398,cuda:0,torch
6,fmm,10,21,21,0,1.0470833333333334,1.0470833333333334,0.20211459278453572,0.20211459278453572,0.7043584858899192,0.09352692132554505,352.38192338478103,cuda:0,torch
6,fmm,10,21,21,0,1.0475,1.0475,0.20156573746846804,0.20156573746846804,0.7049512309145917,0.0934830316169403,352.3798755037407,cuda:0,torch
6,fmm,10,21,21,0,1.0479166666666666,1.0479166666666666,0.20101829427153758,0.20101829427153758,0.7055427711692535,0.09343893455920896,352.3787661016464,cuda:0,torch
6,fmm,10,21,21,0,1.0483333333333333,1.0483333333333333,0.2004722641110002,0.2004722641110002,0.7061331021941581,0.09339463369484166,352.3786027751779,cuda:0,torch
6,fmm,10,21,21,0,1.04875,1.04875,0.19992764790868695,0.19992764790868695,0.7067222195627305,0.09335013252858254,352.37939230781586,cuda:0,torch
6,fmm,10,21,21,0,1.0491666666666668,1.0491666666666668,0.1993844465875538,0.1993844465875538,0.7073101188843379,0.09330543452810827,352.38114052505887,cuda:0,torch
6,fmm,10,21,21,0,1.0495833333333333,1.0495833333333333,0.19884266106884219,0.19884266106884219,0.7078967958067893,0.09326054312436849,352.3838521290008,cuda:0,torch
6,fmm,10,21,21,0,1.05,1.05,0.1983022922689739,0.1983022922689739,0.7084822460189276,0.09321546171209849,352.38753050977766,cuda:0,torch
6,asr,5,11,33,192,0.95,0.95,0.20608255497250832,0.2964919057509823,0.6366649835323239,0.0668431107166938,246.44266586939483,cuda:0,torch
6,asr,5,11,33,192,0.9504166666666666,0.9504166666666666,0.2062221948645553,0.2963134323257235,0.6367766697946621,0.06690989787961443,246.33513304219213,cuda:0,torch
6,asr,5,11,33,192,0.9508333333333333,0.9508333333333333,0.2063637500132394,0.29613561894320833,0.636887143771208,0.06697723728558364,246.22749332681875,cuda:0,torch
6,asr,5,11,33,192,0.9512499999999999,0.9512499999999999,0.20650724639871296,0.2959584688798741,0.636996393957621,0.06704513716250493,246.11974536216667,cuda:0,torch
6,asr,5,11,33,192,0.9516666666666667,0.9516666666666667,0.20665271059336324,0.2957819854887897,0.6371044085906158,0.06711360592059451,246.01188780327448,cuda:0,torch
6,asr,5,11,33,192,0.9520833333333333,0.9520833333333333,0.20680016978020993,0.2956061722018687,0.6372111756383425,0.0671826521597888,245.90391932240283,cuda:0,torch
6,asr,5,11,33,192,0.9524999999999999,0.9524999999999999,0.2069496517724898,0.29543103253269765,0.6373166827930449,0.06725228467425748,245.7958386093334,cuda:0,torch
6,asr,5,11,33,192,0.9529166666666666,0.9529166666666666,0.20710118503283675,0.2952565700779082,0.6374209174600944,0.06732251246199739,245.68764437321843,cuda:0,torch
6,asr,5,11,33,192,0.9533333333333333,0.9533333333333333,0.20725479869477054,0.2950827885206614,0.6375238667526394,0.06739334472669922,245.57933534285047,cuda:0,torch
6,asr,5,11,33,192,0.95375,0.95375,0.20741052258430295,0.2949096916332693,0.6376255174796602,0.06746479088707047,245.4709102680764,cuda:0,torch
6,asr,5,11,33,192,0.9541666666666666,0.9541666666666666,0.20756838724200552,0.2947372832792151,0.637725856135865,0.06753686058491992,245.36236792001463,cuda:0,torch
6,asr,5,11,33,192,0.9545833333333333,0.9545833333333333,0.20772842394717267,0.29456556741705286,0.637824868895284,0.06760956368766313,245.2537070931662,cuda:0,torch
6,asr,5,11,33,192,0.955,0.955,0.20789066474162454,0.29439454810237387,0.6379225415956364,0.0676829103019897,245.14492660502225,cuda:0,torch
6,asr,5,11,33,192,0.9554166666666666,0.9554166666666666,0.20805514245587284,0.2942242294918299,0.6380188597317205,0.06775691077644963,245.036025297978,cuda:0,torch
6,asr,5,11,33,192,0.9558333333333333,0.9558333333333333,0.20822189073496664,0.29405461584533815,0.638113808440471,0.0678315757141908,244.927002039962,cuda:0,torch
6,asr,5,11,33,192,0.9562499999999999,0.9562499999999999,0.20839094406707012,0.2938857115305229,0.6382073724925852,0.06790691597689191,244.81785572519232,cuda:0,torch
6,asr,5,11,33,192,0.9566666666666667,0.9566666666666667,0.20856233781175887,0.2937175210253321,0.6382995362762022,0.06798294269846572,244.7085852754915,cuda:0,torch
6,asr,5,11,33,192,0.9570833333333333,0.9570833333333333,0.2087361082307314,0.2935500489222859,0.638390283788249,0.06805966728946505,244.59918964049814,cuda:0,torch
6,asr,5,11,33,192,0.9575,0.9575,0.20891229251921659,0.29338329993203904,0.6384795986169001,0.06813710145106089,244.48966779957752,cuda:0,torch
6,asr,5,11,33,192,0.9579166666666666,0.9579166666666666,0.20909092883869435,0.2932172788869356,0.6385674639305877,0.06821525718247667,244.38001876168295,cuda:0,torch
6,asr,5,11,33,192,0.9583333333333333,0.9583333333333333,0.20927205635203705,0.2930519907460307,0.6386538624609007,0.06829414679306856,244.27024156694017,cuda:0,torch
6,asr,5,11,33,192,0.95875,0.95875,0.20945571525877366,0.2928874405982538,0.6387387764877095,0.06837378291403673,244.1603352873509,cuda:0,torch
6,asr,5,11,33,192,0.9591666666666666,0.9591666666666666,0.20964194683381157,0.29272363366825105,0.6388221878254466,0.06845417850630231,244.05029902709083,cuda:0,torch
6,asr,5,11,33,192,0.9595833333333333,0.9595833333333333,0.20983079346601624,0.2925605753197654,0.6389040778025288,0.0685353468777058,243.94013192450194,cuda:0,torch
6,asr,5,11,33,192,0.96,0.96,0.21002229870032377,0.29239827106158073,0.63898442724654,0.06861730169187924,243.82983315178635,cuda:0,torch
6,asr,5,11,33,192,0.9604166666666666,0.9604166666666666,0.21021650728049646,0.292236726551829,0.6390632164637771,0.06870005698439396,243.71940191622457,cuda:0,torch
6,asr,5,11,33,192,0.9608333333333333,0.9608333333333333,0.21041346519487172,0.2920759476037396,0.6391404252215297,0.06878362717473069,243.60883746127843,cuda:0,torch
6,asr,5,11,33,192,0.9612499999999999,0.9612499999999999,0.2106132197241261,0.2919159401914441,0.6392160327266664,0.0688680270818895,243.4981390666051,cuda:0,torch
6,asr,5,11,33,192,0.9616666666666667,0.9616666666666667,0.21081581949110034,0.29175671045559126,0.6392900176062953,0.0689532719381134,243.38730604949325,cuda:0,torch
6,asr,5,11,33,192,0.9620833333333333,0.9620833333333333,0.21102131451331252,0.2915982647095278,0.639362357881559,0.06903937740891314,243.2763377655628,cuda:0,torch
6,asr,5,11,33,192,0.9624999999999999,0.9624999999999999,0.2112297562578886,0.2914406094455201,0.6394330309488663,0.06912635960561364,243.16523360870457,cuda:0,torch
6,asr,5,11,33,192,0.9629166666666666,0.9629166666666666,0.21144119769977282,0.29128375134185747,0.6395020135520324,0.06921423510611013,243.05399301266394,cuda:0,torch
6,asr,5,11,33,192,0.9633333333333333,0.9633333333333333,0.2116556933825434,0.29112769726988397,0.6395692817577432,0.06930302097237284,242.9426154508793,cuda:0,torch
6,asr,5,11,33,192,0.96375,0.96375,0.21187329948279737,0.29097245430179,0.6396348109295711,0.06939273476863894,242.83110043785825,cuda:0,torch
6,asr,5,11,33,192,0.9641666666666666,0.9641666666666666,0.2120940738762216,0.2908180297166642,0.6396985756952334,0.06948339458810243,242.71944752904207,cuda:0,torch
6,asr,5,11,33,192,0.9645833333333333,0.9645833333333333,0.21231807621090754,0.29066443101177525,0.6397605499234718,0.069575019064753,242.60765632219105,cuda:0,torch
6,asr,5,11,33,192,0.965,0.965,0.21254536797948786,0.29051166590755007,0.6398207066845252,0.06966762740792476,242.49572645669448,cuda:0,torch
6,asr,5,11,33,192,0.9654166666666666,0.9654166666666666,0.21277601260098739,0.2903597423606415,0.6398790182242565,0.06976123941510198,242.38365761540857,cuda:0,torch
6,asr,5,11,33,192,0.9658333333333333,0.9658333333333333,0.2130100755011684,0.2902086685695382,0.6399354559228554,0.06985587550760641,242.27144952425755,cuda:0,torch
6,asr,5,11,33,192,0.9662499999999999,0.9662499999999999,0.21324762420237534,0.29005845298730176,0.6399899902620236,0.0699515567506746,242.15910195278983,cuda:0,torch
6,asr,5,11,33,192,0.9666666666666667,0.9666666666666667,0.2134887284158224,0.2899091043313696,0.6400425907840444,0.07004830488458602,242.04661471483539,cuda:0,torch
6,asr,5,11,33,192,0.9670833333333333,0.9670833333333333,0.213733460139461,0.2897606315943695,0.6400932260507759,0.07014614235485461,241.93398766862654,cuda:0,torch
6,asr,5,11,33,192,0.9675,0.9675,0.2139818937619964,0.289613044056193,0.6401418635996872,0.07024509234411985,241.82122071736987,cuda:0,torch
6,asr,5,11,33,192,0.9679166666666666,0.9679166666666666,0.2142341061729359,0.28946635129662546,0.6401884698980261,0.07034517880534841,241.7083138090853,cuda:0,torch
6,asr,5,11,33,192,0.9683333333333333,0.9683333333333333,0.21449017687886932,0.28932056320832344,0.6402330102938152,0.07044642649786137,241.59526693717427,cuda:0,torch
6,asr,5,11,33,192,0.96875,0.96875,0.21475018812701413,0.2891756900108813,0.6402754489656232,0.07054886102349556,241.48208014083542,cuda:0,torch
6,asr,5,11,33,192,0.9691666666666666,0.9691666666666666,0.21501422503575757,0.2890317422650659,0.6403157488638638,0.07065250887107033,241.36875350487793,cuda:0,torch
6,asr,5,11,33,192,0.9695833333333334,0.9695833333333334,0.21528237573377,0.2888887308885407,0.6403538716566999,0.0707573974547594,241.25528715997947,cuda:0,torch
6,asr,5,11,33,192,0.97,0.97,0.21555473150835044,0.2887466671732361,0.6403897776652422,0.07086355516152171,241.14168128253723,cuda:0,torch
6,asr,5,11,33,192,0.9704166666666666,0.9704166666666666,0.2158313869617842,0.2886055628019569,0.6404234258002801,0.07097101139776296,241.02793609553757,cuda:0,torch
6,asr,5,11,33,192,0.9708333333333333,0.9708333333333333,0.2161124401784461,0.28846542986686086,0.6404547734907639,0.07107979664237529,240.9140518676613,cuda:0,torch
6,asr,5,11,33,192,0.97125,0.97125,0.21639799290347067,0.28832628089010315,0.6404837766101255,0.0711899424997714,240.8000289135345,cuda:0,torch
6,asr,5,11,33,192,0.9716666666666667,0.9716666666666667,0.2166881507322488,0.2881881288443291,0.6405103893967865,0.0713014817588844,240.68586759442184,cuda:0,torch
6,asr,5,11,33,192,0.9720833333333333,0.9720833333333333,0.21698302331240138,0.28805098717429306,0.6405345643688873,0.0714144484568196,240.5715683164516,cuda:0,torch
6,asr,5,11,33,192,0.9724999999999999,0.9724999999999999,0.21728272456146494,0.287914869822404,0.6405562522372359,0.07152887794036011,240.45713153255147,cuda:0,torch
6,asr,5,11,33,192,0.9729166666666667,0.9729166666666667,0.2175873728969495,0.2877797912524332,0.6405754018056502,0.0716448069419166,240.34255774068205,cuda:0,torch
6,asr,5,11,33,192,0.9733333333333333,0.9733333333333333,0.2178970914845553,0.287645766477534,0.6405919598683818,0.07176227365408422,240.22784748445292,cuda:0,torch
6,asr,5,11,33,192,0.97375,0.97375,0.2182120085035111,0.2875128110893347,0.6406058711043277,0.07188131780633766,240.113001352461,cuda:0,torch
6,asr,5,11,33,192,0.9741666666666666,0.9741666666666666,0.2185322574303951,0.28738094128816455,0.6406170779521831,0.0720019807596523,239.99801997829204,cuda:0,torch
6,asr,5,11,33,192,0.9745833333333334,0.9745833333333334,0.21885797734434534,0.2872501739160609,0.640625520487911,0.07212430559602812,239.88290404004135,cuda:0,torch
6,asr,5,11,33,192,0.975,0.975,0.2191893132567411,0.2871205264943148,0.6406311362904875,0.07224833721519769,239.76765425999653,cuda:0,torch
6,asr,5,11,33,192,0.9754166666666666,0.9754166666666666,0.2195264164620391,0.2869920172586202,0.6406338602906626,0.07237412245071717,239.6522714043263,cuda:0,torch
6,asr,5,11,33,192,0.9758333333333333,0.9758333333333333,0.21986944491968127,0.2868646652020915,0.6406336246161173,0.07250171018179125,239.53675628245148,cuda:0,torch
6,asr,5,11,33,192,0.97625,0.97625,0.2202185636645166,0.2867384901194289,0.6406303584256667,0.07263115145490434,239.4211097468305,cuda:0,torch
6,asr,5,11,33,192,0.9766666666666667,0.9766666666666667,0.22057394524815252,0.28661351265214924,0.6406239877183109,0.0727624996295399,239.3053326920949,cuda:0,torch
6,asr,5,11,33,192,0.9770833333333333,0.9770833333333333,0.22093577022046426,0.2864897543427477,0.6406144351435088,0.0728958105137435,239.18942605503392,cuda:0,torch
6,asr,5,11,33,192,0.9775,0.9775,0.22130422764639124,0.2863672376872426,0.6406016197819447,0.07303114253081266,239.07339081349167,cuda:0,torch
6,asr,5,11,33,192,0.9779166666666667,0.9779166666666667,0.2216795156701195,0.28624598619680336,0.640585456916106,0.07316855688709062,238.9572279862073,cuda:0,torch
6,asr,5,11,33,192,0.9783333333333333,0.9783333333333333,0.2220618421249807,0.28612602446093405,0.6405658577786487,0.07330811776041724,238.8409386320499,cuda:0,torch
6,asr,5,11,33,192,0.97875,0.97875,0.2224514251992414,0.28600737821907,0.6405427292792828,0.07344989250164718,238.72452384859446,cuda:0,torch
6,asr,5,11,33,192,0.9791666666666666,0.9791666666666666,0.22284849415894825,0.28589007443517855,0.6405159737068695,0.07359395185795192,238.60798477291144,cuda:0,torch
6,asr,5,11,33,192,0.9795833333333334,0.9795833333333334,0.2232532901386233,0.28577414138151563,0.6404854884054594,0.07374037021302499,238.49132257978238,cuda:0,torch
6,asr,5,11,33,192,0.98,0.98,0.2236660670045179,0.2856596087285252,0.6404511654196909,0.07388922585178387,238.37453848137565,cuda:0,torch
6,asr,5,11,33,192,0.9804166666666666,0.9804166666666666,0.224087092300412,0.2855465076438417,0.6404128911108578,0.07404060124530054,238.2576337258314,cuda:0,torch
6,asr,5,11,33,192,0.9808333333333333,0.9808333333333333,0.22451664828413662,0.2854348708991837,0.6403705457273495,0.0741945833734668,238.14060959729792,cuda:0,torch
6,asr,5,11,33,192,0.98125,0.98125,0.2249550330679069,0.28532473298903,0.6403240029438776,0.07435126406709242,238.02346741469765,cuda:0,torch
6,asr,5,11,33,192,0.9816666666666667,0.9816666666666667,0.2254025618730749,0.2852161302594237,0.6402731293434444,0.0745107403971319,237.90620853106154,cuda:0,torch
6,asr,5,11,33,192,0.9820833333333333,0.9820833333333333,0.22585956841619986,0.285109101051529,0.6402177838572073,0.07467311509126373,237.78883433160146,cuda:0,torch
6,asr,5,11,33,192,0.9824999999999999,0.9824999999999999,0.22632640644039434,0.2850036858577657,0.6401578171368811,0.07483849700535317,237.67134623515494,cuda:0,torch
6,asr,5,11,33,192,0.9829166666666667,0.9829166666666667,0.22680345141383929,0.2848999274956603,0.6400930708642696,0.07500700164007013,237.55374569085683,cuda:0,torch
6,asr,5,11,33,192,0.9833333333333333,0.9833333333333333,0.2272911024171194,0.28479787130040457,0.6400233769830597,0.07517875171653576,237.43603417850053,cuda:0,torch
6,asr,5,11,33,192,0.98375,0.98375,0.2277897842447502,0.28469756533762697,0.6399485568443845,0.07535387781798858,237.31821320677582,cuda:0,torch
6,asr,5,11,33,192,0.9841666666666666,0.9841666666666666,0.22829994975329493,0.2845990606415253,0.6398684202546403,0.0755325191038344,237.20028431371694,cuda:0,torch
6,asr,5,11,33,192,0.9845833333333334,0.9845833333333334,0.2288220824902041,0.2845024114795,0.6397827644077073,0.07571482411279268,237.08224906380315,cuda:0,torch
6,asr,5,11,33,192,0.985,0.985,0.2293566996470931,0.28440767564923686,0.6396913726883025,0.07590095166246069,236.9641090485414,cuda:0,torch
6,asr,5,11,33,192,0.9854166666666666,0.9854166666666666,0.22990435538656273,0.28431491481167415,0.6395940133257821,0.07609107186254371,236.84586588485337,cuda:0,torch
6,asr,5,11,33,192,0.9858333333333333,0.9858333333333333,0.2304656446025637,0.2842241948664591,0.6394904378734484,0.0762853672600925,236.72752121355023,cuda:0,torch
6,asr,5,11,33,192,0.98625,0.98625,0.23104120718442006,0.2841355863755572,0.639380379483339,0.07648403414110377,236.60907669951715,cuda:0,torch
6,asr,5,11,33,192,0.9866666666666667,0.9866666666666667,0.23163173287093136,0.28404916504485084,0.6392635509505133,0.07668728400463581,236.49053402967934,cuda:0,torch
6,asr,5,11,33,192,0.9870833333333333,0.9870833333333333,0.23223796679507597,0.2839650122711245,0.6391396424749576,0.07689534525391795,236.37189491179336,cuda:0,torch
6,asr,5,11,33,192,0.9875,0.9875,0.23286071584538717,0.2838832157683492,0.639008319100976,0.07710846513067482,236.25316107467535,cuda:0,torch
6,asr,5,11,33,192,0.9879166666666667,0.9879166666666667,0.23350085599339826,0.2838038702852557,0.6388692177661817,0.07732691194856262,236.13433426594497,cuda:0,torch
6,asr,5,11,33,192,0.9883333333333333,0.9883333333333333,0.2341593407751796,0.2837270784343837,0.6387219438946744,0.07755097767094188,236.01541625084576,cuda:0,torch
6,asr,5,11,33,192,0.98875,0.98875,0.23483721115427572,0.2836529516515408,0.6385660674359945,0.07778098091246466,235.89640881256952,cuda:0,torch
6,asr,5,11,33,192,0.9891666666666666,0.9891666666666666,0.23553560705145243,0.28358161131270954,0.6384011182388151,0.0780172704484754,235.7773137497803,cuda:0,torch
6,asr,5,11,33,192,0.9895833333333334,0.9895833333333334,0.23625578090089183,0.28351319004424735,0.6382265806216149,0.07826022933413779,235.65813287629746,cuda:0,torch
6,asr,5,11,33,192,0.99,0.99,0.23699911368085,0.2834478332639904,0.6380418869537366,0.07851027978227293,235.538868019529,cuda:0,torch
6,asr,5,11,33,192,0.9904166666666666,0.9904166666666666,0.23776713399815677,0.2833857010112431,0.637846410028704,0.07876788896005288,235.41952101997313,cuda:0,torch
6,asr,5,11,33,192,0.9908333333333333,0.9908333333333333,0.23856154096250062,0.2833269701284743,0.6376394539222056,0.07903357594932015,235.3000937298326,cuda:0,torch
6,asr,5,11,33,192,0.99125,0.99125,0.2393842318182648,0.2832718368896411,0.6374202429727439,0.079307920137615,235.1805880119768,cuda:0,torch
6,asr,5,11,33,192,0.9916666666666667,0.9916666666666667,0.24023733559552912,0.28322052018718674,0.637187908371631,0.07959157144118228,235.06100573895438,cuda:0,torch
6,asr,5,11,33,192,0.9920833333333333,0.9920833333333333,0.24112325446206967,0.2831732654305822,0.6369414716968849,0.07988526287253295,234.9413487919783,cuda:0,torch
6,asr,5,11,33,192,0.9924999999999999,0.9924999999999999,0.24204471504937258,0.2831303493689878,0.6366798245088315,0.08018982612218067,234.82161905979078,cuda:0,torch
6,asr,5,11,33,192,0.9929166666666667,0.9929166666666667,0.24300483285011387,0.2830920861148885,0.6364017027692573,0.08050621111585415,234.70181843770933,cuda:0,torch
6,asr,5,11,33,192,0.9933333333333333,0.9933333333333333,0.24400719400055162,0.2830588347629413,0.6361056543971386,0.08083551083992008,234.58194882664077,cuda:0,torch
6,asr,5,11,33,192,0.99375,0.99375,0.24505596054495504,0.28303100915515106,0.6357899975527016,0.08117899329214734,234.46201213243776,cuda:0,torch
6,asr,5,11,33,192,0.9941666666666666,0.9941666666666666,0.24615600797963205,0.2830090905862867,0.6354527661923864,0.08153814322132685,234.34201026348515,cuda:0,torch
6,asr,5,11,33,192,0.9945833333333334,0.9945833333333334,0.24731310805504264,0.28299364461801213,0.6350916377969964,0.08191471758499147,234.22194513207032,cuda:0,torch
6,asr,5,11,33,192,0.995,0.995,0.24853417646757722,0.28298534376256884,0.6347038355524104,0.08231082068502077,234.10181865118736,cuda:0,torch
6,asr,5,11,33,192,0.9954166666666666,0.9954166666666666,0.2498276160021799,0.2829849987692647,0.6342859930021545,0.08272900822858081,233.98163273463908,cuda:0,torch
6,asr,5,11,33,192,0.9958333333333333,0.9958333333333333,0.25120380430378936,0.28299360290131126,0.6338339618726996,0.08317243522598916,233.86138929651136,cuda:0,torch
6,asr,5,11,33,192,0.99625,0.99625,0.25267580851594723,0.28301239651409604,0.6333425308658773,0.08364507262002663,233.7410902485315,cuda:0,torch
6,asr,5,11,33,192,0.9966666666666667,0.9966666666666667,0.2542604707342589,0.2830429646936523,0.6328049990389111,0.08415203626743661,233.62073750169577,cuda:0,torch
6,asr,5,11,33,192,0.9970833333333333,0.9970833333333333,0.2559801304441469,0.28308739148020523,0.6322124996739625,0.08470010884583223,233.50033296310767,cuda:0,torch
6,asr,5,11,33,192,0.9975,0.9975,0.2578655103716339,0.28314851704179195,0.6315528688376603,0.08529861412054779,233.37987853631702,cuda:0,torch
6,asr,5,11,33,192,0.9979166666666667,0.9979166666666667,0.2599608993364863,0.2832303973466011,0.6308086159552504,0.0859609866981485,233.25937611965225,cuda:0,torch
6,asr,5,11,33,192,0.9983333333333333,0.9983333333333333,0.2623343602301061,0.2833392050823529,0.6299529317774221,0.08670786314022505,233.13882760652706,cuda:0,torch
6,asr,5,11,33,192,0.99875,0.99875,0.265100617585486,0.28348523948299503,0.628940749521711,0.087574010995294,233.01823488349092,cuda:0,torch
6,asr,5,11,33,192,0.9991666666666666,0.9991666666666666,0.2684836593556735,0.2836883946823102,0.6276843287433043,0.08862727657438552,232.89759982986794,cuda:0,torch
6,asr,5,11,33,192,0.9995833333333334,0.9995833333333334,0.2730625333418362,0.28399950720032624,0.6259575312344557,0.09004296156521802,232.776924317068,cuda:0,torch
6,asr,5,11,33,192,1.0,1.000000000001,0.28494499470431184,0.28494499470431184,0.6213863079446967,0.09366869735099143,232.65621020723492,cuda:0,torch
6,asr,5,11,33,192,1.0004166666666667,1.0004166666666667,0.2815473185188005,0.2815473185188005,0.6245565265835628,0.09389615489763675,232.53545935422557,cuda:0,torch
6,asr,5,11,33,192,1.0008333333333332,1.0008333333333332,0.2799294923877702,0.2799294923877702,0.6260832757760896,0.09398723183614022,232.41467359979978,cuda:0,torch
6,asr,5,11,33,192,1.00125,1.00125,0.27859972194342125,0.27859972194342125,0.6273455096658073,0.09405476839077148,232.29385477546867,cuda:0,torch
6,asr,5,11,33,192,1.0016666666666667,1.0016666666666667,0.2774172045410091,0.2774172045410091,0.6284731477507571,0.09410964770823377,232.17300470115882,cuda:0,torch
6,asr,5,11,33,192,1.0020833333333334,1.0020833333333334,0.27632764983914576,0.27632764983914576,0.6295162219447327,0.09415612821612157,232.05212518432367,cuda:0,torch
6,asr,5,11,33,192,1.0025,1.0025,0.27530334108141796,0.27530334108141796,0.6305002436694606,0.09419641524912148,231.93121801886275,cuda:0,torch
6,asr,5,11,33,192,1.0029166666666667,1.0029166666666667,0.2743278900932471,0.2743278900932471,0.6314402783362176,0.09423183157053527,231.81028498516017,cuda:0,torch
6,asr,5,11,33,192,1.0033333333333334,1.0033333333333334,0.27339067068601053,0.27339067068601053,0.632346081917844,0.09426324739614544,231.6893278492996,cuda:0,torch
6,asr,5,11,33,192,1.00375,1.00375,0.27248433898326363,0.27248433898326363,0.633224387921995,0.09429127309474139,231.568348362004,cuda:0,torch
6,asr,5,11,33,192,1.0041666666666667,1.0041666666666667,0.2716035759562199,0.2716035759562199,0.6340800665659824,0.09431635747779771,231.4473482585781,cuda:0,torch
6,asr,5,11,33,192,1.0045833333333334,1.0045833333333334,0.2707443881029084,0.2707443881029084,0.6349167691225115,0.0943388427745801,231.32632925798208,cuda:0,torch
6,asr,5,11,33,192,1.005,1.005,0.26990369055784974,0.26990369055784974,0.63573731186135,0.0943589975808003,231.20529306238134,cuda:0,torch
6,asr,5,11,33,192,1.0054166666666666,1.0054166666666666,0.2690790446862138,0.2690790446862138,0.6365439175752196,0.09437703773856665,231.08424135660601,cuda:0,torch
6,asr,5,11,33,192,1.0058333333333334,1.0058333333333334,0.26826848553327737,0.26826848553327737,0.6373383743558301,0.09439314011089256,230.9631758076526,cuda:0,torch
6,asr,5,11,33,192,1.00625,1.00625,0.26747040418806123,0.26747040418806123,0.6381221437567156,0.09440745205522316,230.84209806377908,cuda:0,torch
6,asr,5,11,33,192,1.0066666666666666,1.0066666666666666,0.2666834651302612,0.2666834651302612,0.638896436774421,0.09442009809531782,230.72100975445665,cuda:0,torch
6,asr,5,11,33,192,1.0070833333333333,1.0070833333333333,0.26590654663763047,0.26590654663763047,0.6396622685972615,0.09443118476510803,230.59991249009545,cuda:0,torch
6,asr,5,11,33,192,1.0075,1.0075,0.26513869685992836,0.26513869685992836,0.6404204989379048,0.09444080420216688,230.4788078607719,cuda:0,torch
6,asr,5,11,33,192,1.0079166666666666,1.0079166666666666,0.2643791008058885,0.2643791008058885,0.6411718623361857,0.09444903685792577,230.3576974362931,cuda:0,torch
6,asr,5,11,33,192,1.0083333333333333,1.0083333333333333,0.2636270551111416,0.2636270551111416,0.6419169913110581,0.09445595357780034,230.23658276556674,cuda:0,torch
6,asr,5,11,33,192,1.00875,1.00875,0.2628819484545888,0.2628819484545888,0.6426564343074687,0.09446161723794255,230.11546537640515,cuda:0,torch
6,asr,5,11,33,192,1.0091666666666668,1.0091666666666668,0.2621432461601685,0.2621432461601685,0.6433906698217919,0.09446608401803958,229.99434677478243,cuda:0,torch
6,asr,5,11,33,192,1.0095833333333333,1.0095833333333333,0.261410477935981,0.261410477935981,0.6441201176239332,0.09446940444008584,229.87322844469367,cuda:0,torch
6,asr,5,11,33,192,1.01,1.01,0.2606832280101624,0.2606832280101624,0.6448451477964501,0.0944716241933875,229.75211184736307,cuda:0,torch
6,asr,5,11,33,192,1.0104166666666667,1.0104166666666667,0.2599611271117351,0.2599611271117351,0.6455660880692765,0.09447278481898841,229.6309984212416,cuda:0,torch
6,asr,5,11,33,192,1.0108333333333333,1.0108333333333333,0.2592438458942582,0.2592438458942582,0.6462832298337995,0.09447292427194232,229.50988958144333,cuda:0,torch
6,asr,5,11,33,192,1.01125,1.01125,0.2585310894993394,0.2585310894993394,0.6469968331208985,0.0944720773797621,229.388786719382,cuda:0,torch
6,asr,5,11,33,192,1.0116666666666667,1.0116666666666667,0.25782259302580257,0.25782259302580257,0.6477071307392859,0.09447027623491155,229.26769120243546,cuda:0,torch
6,asr,5,11,33,192,1.0120833333333334,1.0120833333333334,0.2571181177259666,0.2571181177259666,0.6484143317415028,0.09446755053253064,229.1466043733754,cuda:0,torch
6,asr,5,11,33,192,1.0125,1.0125,0.25641744779805453,0.25641744779805453,0.6491186243663872,0.09446392783555824,229.02552755034841,cuda:0,torch
6,asr,5,11,33,192,1.0129166666666667,1.0129166666666667,0.2557203876566642,0.2557203876566642,0.6498201785199526,0.09445943382338323,228.90446202622263,cuda:0,torch
6,asr,5,11,33,192,1.0133333333333334,1.0133333333333334,0.25502675960263094,0.25502675960263094,0.6505191479059914,0.09445409249137765,228.78340906833645,cuda:0,torch
6,asr,5,11,33,192,1.01375,1.01375,0.2543364018217213,0.2543364018217213,0.6512156718481614,0.09444792633011728,228.66902210672254,cuda:0,torch
6,asr,5,11,33,192,1.0141666666666667,1.0141666666666667,0.2536491666575195,0.2536491666575195,0.6519098768639562,0.0944409564785243,228.62904126077552,cuda:0,torch
6,asr,5,11,33,192,1.0145833333333334,1.0145833333333334,0.25296491911371244,0.25296491911371244,0.6526018780330893,0.09443320285319823,228.58918193912152,cuda:0,torch
6,asr,5,11,33,192,1.0150000000000001,1.0150000000000001,0.25228353555043564,0.25228353555043564,0.6532917801819049,0.09442468426765943,228.54944678221932,cuda:0,torch
6,asr,5,11,33,192,1.0154166666666666,1.0154166666666666,0.25160490254386836,0.25160490254386836,0.6539796789181297,0.09441541853800195,228.50983846830147,cuda:0,torch
6,asr,5,11,33,192,1.0158333333333334,1.0158333333333334,0.25092891588601207,0.25092891588601207,0.6546656615461961,0.09440542256779183,228.47035971378784,cuda:0,torch
6,asr,5,11,33,192,1.01625,1.01625,0.2502554797044404,0.2502554797044404,0.6553498078661677,0.0943947124293919,228.43101327429505,cuda:0,torch
6,asr,5,11,33,192,1.0166666666666666,1.0166666666666666,0.24958450568218266,0.24958450568218266,0.6560321908774975,0.09438330344031981,228.3918019451899,cuda:0,torch
6,asr,5,11,33,192,1.0170833333333333,1.0170833333333333,0.2489159123699626,0.2489159123699626,0.6567128774159303,0.09437121021410708,228.35272856247133,cuda:0,torch
6,asr,5,11,33,192,1.0175,1.0175,0.2482496245697075,0.2482496245697075,0.6573919286973599,0.09435844673293264,228.31379600351477,cuda:0,torch
6,asr,5,11,33,192,1.0179166666666666,1.0179166666666666,0.2475855727891852,0.2475855727891852,0.6580694008289851,0.09434502638182968,228.2750071880193,cuda:0,torch
6,asr,5,11,33,192,1.0183333333333333,1.0183333333333333,0.24692369275171125,0.24692369275171125,0.6587453452429257,0.09433096200536303,228.23636507868486,cuda:0,torch
6,asr,5,11,33,192,1.01875,1.01875,0.24626392495771415,0.24626392495771415,0.65941980909936,0.0943162659429258,228.19787268213284,cuda:0,torch
6,asr,5,11,33,192,1.0191666666666668,1.0191666666666668,0.24560621428888996,0.24560621428888996,0.6600928356402369,0.09430095007087314,228.1595330499225,cuda:0,torch
6,asr,5,11,33,192,1.0195833333333333,1.0195833333333333,0.24495050965508847,0.24495050965508847,0.6607644645179962,0.09428502582691534,228.12134927948784,cuda:0,torch
6,asr,5,11,33,192,1.02,1.02,0.24429676367131486,0.24429676367131486,0.6614347320810856,0.09426850424759953,228.08332451500902,cuda:0,torch
6,asr,5,11,33,192,1.0204166666666667,1.0204166666666667,0.24364493236810336,0.24364493236810336,0.662103671635025,0.0942513959968716,228.0454619484867,cuda:0,torch
6,asr,5,11,33,192,1.0208333333333333,1.0208333333333333,0.24299497492866864,0.24299497492866864,0.6627713136921453,0.0942337113791861,228.0077648207676,cuda:0,torch
6,asr,5,11,33,192,1.02125,1.02125,0.24234685344775964,0.24234685344775964,0.6634376861714577,0.09421546038078266,227.97023642264114,cuda:0,torch
6,asr,5,11,33,192,1.0216666666666667,1.0216666666666667,0.24170053271545164,0.24170053271545164,0.6641028146077138,0.09419665267683455,227.93288009593448,cuda:0,torch
6,asr,5,11,33,192,1.0220833333333332,1.0220833333333332,0.24105598001843792,0.24105598001843792,0.6647667223331453,0.09417729764841681,227.89569923461306,cuda:0,torch
6,asr,5,11,33,192,1.0225,1.0225,0.24041316495640883,0.24041316495640883,0.665429430627502,0.09415740441608914,227.85869728588332,cuda:0,torch
6,asr,5,11,33,192,1.0229166666666667,1.0229166666666667,0.23977205927860673,0.23977205927860673,0.6660909588845106,0.09413698183688263,227.8218777516405,cuda:0,torch
6,asr,5,11,33,192,1.0233333333333334,1.0233333333333334,0.23913263672921029,0.23913263672921029,0.6667513247381537,0.09411603853263603,227.78524418937303,cuda:0,torch
6,asr,5,11,33,192,1.02375,1.02375,0.2384948729090444,0.2384948729090444,0.667410544194764,0.09409458289619163,227.7488002136694,cuda:0,torch
6,asr,5,11,33,192,1.0241666666666667,1.0241666666666667,0.2378587451463686,0.2378587451463686,0.6680686317479844,0.09407262310564704,227.71254949742797,cuda:0,torch
6,asr,5,11,33,192,1.0245833333333334,1.0245833333333334,0.23722423237795445,0.23722423237795445,0.6687256004813235,0.09405016714072209,227.67649577323908,cuda:0,torch
6,asr,5,11,33,192,1.025,1.025,0.2365913150409073,0.2365913150409073,0.6693814621755615,0.0940272227835312,227.64064283466203,cuda:0,torch
6,asr,5,11,33,192,1.0254166666666666,1.0254166666666666,0.23595997497107246,0.23595997497107246,0.6700362273897749,0.09400379763915268,227.60499453765087,cuda:0,torch
6,asr,5,11,33,192,1.0258333333333334,1.0258333333333334,0.23533019531081423,0.23533019531081423,0.6706899055530282,0.09397989913615756,227.56955480214438,cuda:0,torch
6,asr,5,11,33,192,1.02625,1.02625,0.23470196042145006,0.23470196042145006,0.6713425050359088,0.09395553454264119,227.53432761321446,cuda:0,torch
6,asr,5,11,33,192,1.0266666666666666,1.0266666666666666,0.23407525580439142,0.23407525580439142,0.6719940332281277,0.0939307109674809,227.49931702293478,cuda:0,torch
6,asr,5,11,33,192,1.0270833333333333,1.0270833333333333,0.2334500680272193,0.2334500680272193,0.672644496602996,0.09390543536978474,227.4645271515951,cuda:0,torch
6,asr,5,11,33,192,1.0275,1.0275,0.23282638465340505,0.23282638465340505,0.6732939007762646,0.09387971457033034,227.4299621894651,cuda:0,torch
6,asr,5,11,33,192,1.0279166666666666,1.0279166666666666,0.23220419417957824,0.23220419417957824,0.6739422505678806,0.09385355525254116,227.39562639820926,cuda:0,torch
6,asr,5,11,33,192,1.0283333333333333,1.0283333333333333,0.23158348597595263,0.23158348597595263,0.6745895500551875,0.09382696396885987,227.36152411275165,cuda:0,torch
6,asr,5,11,33,192,1.02875,1.02875,0.23096425023030828,0.23096425023030828,0.6752358026226877,0.09379994714700404,227.32765974269182,cuda:0,torch
6,asr,5,11,33,192,1.0291666666666668,1.0291666666666668,0.23034647789615498,0.23034647789615498,0.6758810110038737,0.09377251109997137,227.29403777398906,cuda:0,torch
6,asr,5,11,33,192,1.0295833333333333,1.0295833333333333,0.22973016064480545,0.22973016064480545,0.6765251773307605,0.0937446620244341,227.26066277077996,cuda:0,torch
6,asr,5,11,33,192,1.03,1.03,0.22911529082065607,0.22911529082065607,0.6771683031739684,0.09371640600537556,227.227539377004,cuda:0,torch
6,asr,5,11,33,192,1.0304166666666668,1.0304166666666668,0.2285018613984466,0.2285018613984466,0.6778103895771078,0.09368774902444557,227.19467231805538,cuda:0,torch
6,asr,5,11,33,192,1.0308333333333333,1.0308333333333333,0.22788986594301677,0.22788986594301677,0.6784514370918319,0.09365869696515136,227.1620664026932,cuda:0,torch
6,asr,5,11,33,192,1.03125,1.03125,0.22727929857475485,0.22727929857475485,0.6790914458168559,0.09362925560838928,227.12972652459902,cuda:0,torch
6,asr,5,11,33,192,1.0316666666666667,1.0316666666666667,0.22667015393238268,0.22667015393238268,0.6797304154220929,0.09359943064552442,227.09765766421597,cuda:0,torch
6,asr,5,11,33,192,1.0320833333333335,1.0320833333333335,0.2260624271416964,0.2260624271416964,0.6803683451809903,0.0935692276773133,227.0658648903581,cuda:0,torch
6,asr,5,11,33,192,1.0325,1.0325,0.2254561137858838,0.2254561137858838,0.6810052340022927,0.09353865221182348,227.0343533622589,cuda:0,torch
6,asr,5,11,33,192,1.0329166666666667,1.0329166666666667,0.22485120987513094,0.22485120987513094,0.6816410804447558,0.09350770968011327,227.0031283307297,cuda:0,torch
6,asr,5,11,33,192,1.0333333333333334,1.0333333333333334,0.22424771182070977,0.22424771182070977,0.6822758827503673,0.09347640542892291,226.97219514035348,cuda:0,torch
6,asr,5,11,33,192,1.03375,1.03375,0.22364561641030617,0.22364561641030617,0.6829096388645525,0.09344474472514136,226.9415592307562,cuda:0,torch
6,asr,5,11,33,192,1.0341666666666667,1.0341666666666667,0.22304492078257443,0.22304492078257443,0.6835423464565615,0.09341273276086404,226.9112261385408,cuda:0,torch
6,asr,5,11,33,192,1.0345833333333334,1.0345833333333334,0.22244562240696064,0.22244562240696064,0.6841740029394013,0.09338037465363802,226.88120149824346,cuda:0,torch
6,asr,5,11,33,192,1.0350000000000001,1.0350000000000001,0.22184771906030132,0.22184771906030132,0.6848046054893663,0.0933476754503324,226.85149104449204,cuda:0,torch
6,asr,5,11,33,192,1.0354166666666667,1.0354166666666667,0.22125120880863913,0.22125120880863913,0.6854341510655159,0.093314640125845,226.8221006126471,cuda:0,torch
6,asr,5,11,33,192,1.0358333333333334,1.0358333333333334,0.2206560899879599,0.2206560899879599,0.6860626364211623,0.09328127359087782,226.793036140482,cuda:0,torch
6,asr,5,11,33,192,1.0362500000000001,1.0362500000000001,0.2200623611862697,0.2200623611862697,0.6866900581259527,0.09324758068777755,226.76430366901565,cuda:0,torch
6,asr,5,11,33,192,1.0366666666666666,1.0366666666666666,0.2194700212272606,0.2194700212272606,0.6873164125769562,0.09321356619578322,226.73590934358447,cuda:0,torch
6,asr,5,11,33,192,1.0370833333333334,1.0370833333333334,0.21887906915473113,0.21887906915473113,0.687941696014946,0.09317923483032284,226.7078594143352,cuda:0,torch
6,asr,5,11,33,192,1.0375,1.0375,0.21828950421616924,0.21828950421616924,0.6885659045297229,0.09314459125410787,226.68016023698934,cuda:0,torch
6,asr,5,11,33,192,1.0379166666666666,1.0379166666666666,0.2177013258518619,0.2177013258518619,0.6891890340887706,0.09310964005936748,226.6528182727657,cuda:0,torch
6,asr,5,11,33,192,1.0383333333333333,1.0383333333333333,0.2171145336780914,0.2171145336780914,0.6898110805318575,0.09307438579005115,226.6258400884194,cuda:0,torch
6,asr,5,11,33,192,1.03875,1.03875,0.21652912747741984,0.21652912747741984,0.6904320395943776,0.09303883292820256,226.59923235599496,cuda:0,torch
6,asr,5,11,33,192,1.0391666666666668,1.0391666666666668,0.21594510718472196,0.21594510718472196,0.6910519069104152,0.09300298590486286,226.57300185134062,cuda:0,torch
6,asr,5,11,33,192,1.0395833333333333,1.0395833333333333,0.21536247287735202,0.21536247287735202,0.691670678027033,0.092966849095615,226.54715545370271,cuda:0,torch
6,asr,5,11,33,192,1.04,1.04,0.21478122476352005,0.21478122476352005,0.6922883484112824,0.09293042682519756,226.5217001428232,cuda:0,torch
6,asr,5,11,33,192,1.0404166666666668,1.0404166666666668,0.21420136317376204,0.21420136317376204,0.6929049134618472,0.09289372336439072,226.49664299722346,cuda:0,torch
6,asr,5,11,33,192,1.0408333333333333,1.0408333333333333,0.21362288854870953,0.21362288854870953,0.6935203685117773,0.09285674293951313,226.47199119077897,cuda:0,torch
6,asr,5,11,33,192,1.04125,1.04125,0.21304580143331178,0.21304580143331178,0.6941347088466442,0.09281948972004403,226.4477519882711,cuda:0,torch
6,asr,5,11,33,192,1.0416666666666667,1.0416666666666667,0.21247010246536638,0.21247010246536638,0.6947479296977626,0.09278196783687107,226.4239327411769,cuda:0,torch
6,asr,5,11,33,192,1.0420833333333333,1.0420833333333333,0.2118957923695477,0.2118957923695477,0.6953600262653201,0.09274418136513218,226.40054088102943,cuda:0,torch
6,asr,5,11,33,192,1.0425,1.0425,0.21132287194922553,0.21132287194922553,0.6959709937131489,0.09270613433762562,226.37758391251748,cuda:0,torch
6,asr,5,11,33,192,1.0429166666666667,1.0429166666666667,0.2107513420778622,0.2107513420778622,0.696580827178635,0.0926678307435028,226.35506940487124,cuda:0,torch
6,asr,5,11,33,192,1.0433333333333334,1.0433333333333334,0.21018120369371357,0.21018120369371357,0.6971895217805096,0.0926292745257768,226.33300498168498,cuda:0,torch
6,asr,5,11,33,192,1.04375,1.04375,0.20961245779274576,0.20961245779274576,0.697797072622244,0.09259046958501024,226.3113983089293,cuda:0,torch
6,asr,5,11,33,192,1.0441666666666667,1.0441666666666667,0.20904510542213656,0.20904510542213656,0.698403474800489,0.09255141977737441,226.29025708126747,cuda:0,torch
6,asr,5,11,33,192,1.0445833333333334,1.0445833333333334,0.20847914767547168,0.20847914767547168,0.699008723409111,0.0925121289154173,226.26958900560481,cuda:0,torch
6,asr,5,11,33,192,1.045,1.045,0.20791458568520124,0.20791458568520124,0.6996128135381138,0.09247260077668498,226.24940178249818,cuda:0,torch
6,asr,5,11,33,192,1.0454166666666667,1.0454166666666667,0.20735142061911094,0.20735142061911094,0.7002157402871693,0.0924328390937198,226.22970308399042,cuda:0,torch
6,asr,5,11,33,192,1.0458333333333334,1.0458333333333334,0.20678965367489185,0.20678965367489185,0.70081749876618,0.0923928475589281,226.21050052916067,cuda:0,torch
6,asr,5,11,33,192,1.0462500000000001,1.0462500000000001,0.20622928607526209,0.20622928607526209,0.7014180840994589,0.09235262982527898,226.19180165442359,cuda:0,torch
6,asr,5,11,33,192,1.0466666666666666,1.0466666666666666,0.20567031906357627,0.20567031906357627,0.7020174914288069,0.09231218950761685,226.173613881003,cuda:0,torch
6,asr,5,11,33,192,1.0470833333333334,1.0470833333333334,0.20511275389841285,0.20511275389841285,0.7026157159151036,0.09227153018648351,226.1559444759547,cuda:0,torch
6,asr,5,11,33,192,1.0475,1.0475,0.20455659185241773,0.20455659185241773,0.7032127527506808,0.09223065539690142,226.13880050930962,cuda:0,torch
6,asr,5,11,33,192,1.0479166666666666,1.0479166666666666,0.20400183420480644,0.20400183420480644,0.7038085971499785,0.0921895686452151,226.12218880335905,cuda:0,torch
6,asr,5,11,33,192,1.0483333333333333,1.0483333333333333,0.20344848224066894,0.20344848224066894,0.7044032443643125,0.0921482733950186,226.1061158757387,cuda:0,torch
6,asr,5,11,33,192,1.04875,1.04875,0.20289653724630782,0.20289653724630782,0.7049966896772868,0.09210677307640538,226.09058787373803,cuda:0,torch
6,asr,5,11,33,192,1.0491666666666668,1.0491666666666668,0.20234600050546034,0.20234600050546034,0.7055889284078499,0.09206507108668974,226.07561050019322,cuda:0,torch
6,asr,5,11,33,192,1.0495833333333333,1.0495833333333333,0.2017968732979894,0.2017968732979894,0.7061799559188849,0.09202317078312566,226.06118892793808,cuda:0,torch
6,asr,5,11,33,192,1.05,1.05,0.2012491568948123,0.2012491568948123,0.7067697676140541,0.09198107549113363,226.04732770312913,cuda:0,torch
6,asr,10,21,63,192,0.95,0.95,0.20456912909388777,0.29435546876585345,0.6378778926525303,0.0677666385816163,390.2689763138733,cuda:0,torch
6,asr,10,21,63,192,0.9504166666666666,0.9504166666666666,0.20470769563922617,0.29417806453730483,0.6379888578880486,0.06783307757464657,390.064739578017,cuda:0,torch
6,asr,10,21,63,192,0.9508333333333333,0.9508333333333333,0.204848165652877,0.29400131858863976,0.6380986077281621,0.06790007368319817,389.8605113453401,cuda:0,torch
6,asr,10,21,63,192,0.9512499999999999,0.9512499999999999,0.20499056498233265,0.2938252342828056,0.6382071309834938,0.0679676347337006,389.6562924833824,cuda:0,torch
6,asr,10,21,63,192,0.9516666666666667,0.9516666666666667,0.20513492076698864,0.29364981597244577,0.6383144181608313,0.06803576586672289,389.45208369909955,cuda:0,torch
6,asr,10,21,63,192,0.9520833333333333,0.9520833333333333,0.2052812590838684,0.29347506579387006,0.6384204550819623,0.06810447912416762,389.24788588056,cuda:0,torch
6,asr,10,21,63,192,0.9524999999999999,0.9524999999999999,0.20542960815235545,0.2933009880397242,0.6385252302026887,0.06817378175758709,389.0436998300869,cuda:0,torch
6,asr,10,21,63,192,0.9529166666666666,0.9529166666666666,0.20557999525173884,0.29312758491035873,0.6386287285229153,0.06824368656672597,388.83952680521315,cuda:0,torch
6,asr,10,21,63,192,0.9533333333333333,0.9533333333333333,0.20573245096094075,0.2929548623683315,0.6387309439993114,0.06831419363235708,388.63536761670355,cuda:0,torch
6,asr,10,21,63,192,0.95375,0.95375,0.20588700371818167,0.29278282245054676,0.6388318552412232,0.06838532230823002,388.43122322923807,cuda:0,torch
6,asr,10,21,63,192,0.9541666666666666,0.9541666666666666,0.20604368362022163,0.2926114687029705,0.6389314502874129,0.06845708100961656,388.22709494524605,cuda:0,torch
6,asr,10,21,63,192,0.9545833333333333,0.9545833333333333,0.2062025225031389,0.2924408061038819,0.6390297183176951,0.06852947557842304,388.02298387104145,cuda:0,torch
6,asr,10,21,63,192,0.955,0.955,0.20636355235224274,0.2922708389390247,0.6391266443996629,0.06860251666131234,387.81889103937993,cuda:0,torch
6,asr,10,21,63,192,0.9554166666666666,0.9554166666666666,0.20652680501036497,0.2921015702526866,0.6392222149214204,0.06867621482589298,387.6148178216972,cuda:0,torch
6,asr,10,21,63,192,0.9558333333333333,0.9558333333333333,0.2066923142335805,0.29193300472063366,0.6393164119917296,0.06875058328763672,387.4107653744757,cuda:0,torch
6,asr,10,21,63,192,0.9562499999999999,0.9562499999999999,0.20686011412566985,0.2917651465076445,0.6394092227240599,0.06882563076829562,387.20673522075424,cuda:0,torch
6,asr,10,21,63,192,0.9566666666666667,0.9566666666666667,0.20703023974152845,0.29159799992678165,0.6395006286670368,0.06890137140618152,387.002728335534,cuda:0,torch
6,asr,10,21,63,192,0.9570833333333333,0.9570833333333333,0.20720272787069866,0.2914315706442571,0.6395906179308745,0.06897781142486842,386.7987465551225,cuda:0,torch
6,asr,10,21,63,192,0.9575,0.9575,0.207377614755701,0.29126586236296326,0.6396791733017123,0.06905496433532443,386.59479086339957,cuda:0,torch
6,asr,10,21,63,192,0.9579166666666666,0.9579166666666666,0.20755493790993496,0.291100879300304,0.6397662734571519,0.06913284724254415,386.3908629999276,cuda:0,torch
6,asr,10,21,63,192,0.9583333333333333,0.9583333333333333,0.2077347371989377,0.2909366277814526,0.6398519071531192,0.06921146506542819,386.18696452831296,cuda:0,torch
6,asr,10,21,63,192,0.95875,0.95875,0.20791705168454203,0.2907731115883334,0.6399360494518397,0.0692908389598269,385.9830967622514,cuda:0,torch
6,asr,10,21,63,192,0.9591666666666666,0.9591666666666666,0.2081019231223962,0.2906103370484481,0.6400186903302252,0.06937097262132674,385.7792613385229,cuda:0,torch
6,asr,10,21,63,192,0.9595833333333333,0.9595833333333333,0.20828939301294128,0.2904483085832952,0.6400998044260222,0.06945188699068261,385.57545977365663,cuda:0,torch
6,asr,10,21,63,192,0.96,0.96,0.2084795049286313,0.2902870321397095,0.6401793774632603,0.06953359039703022,385.37169397751916,cuda:0,torch
6,asr,10,21,63,192,0.9604166666666666,0.9604166666666666,0.20867230310399662,0.2901265130225078,0.6402573851375536,0.0696161018399386,385.16796553006475,cuda:0,torch
6,asr,10,21,63,192,0.9608333333333333,0.9608333333333333,0.20886783368978662,0.289966757724248,0.6403338130018656,0.06969942927388634,384.96427606530284,cuda:0,torch
6,asr,10,21,63,192,0.9612499999999999,0.9612499999999999,0.20906614304125737,0.2898077712910089,0.640408634398397,0.06978359431059411,384.76062735186883,cuda:0,torch
6,asr,10,21,63,192,0.9616666666666667,0.9616666666666667,0.20926727924587563,0.2896495595215731,0.6404818291095407,0.06986861136888622,384.55702131153123,cuda:0,torch
6,asr,10,21,63,192,0.9620833333333333,0.9620833333333333,0.20947129302584963,0.28949213015478076,0.6405533781580918,0.06995449168712747,384.3534595512638,cuda:0,torch
6,asr,10,21,63,192,0.9624999999999999,0.9624999999999999,0.20967823398049704,0.28933548754867755,0.6406232538293324,0.07004125862199007,384.1499440685464,cuda:0,torch
6,asr,10,21,63,192,0.9629166666666666,0.9629166666666666,0.20988815673630054,0.2891796410884493,0.6406914401005375,0.07012891881101324,383.94647666911317,cuda:0,torch
6,asr,10,21,63,192,0.9633333333333333,0.9633333333333333,0.21010111356574915,0.28902459496861915,0.6407579046951473,0.07021750033623358,383.74305939357686,cuda:0,torch
6,asr,10,21,63,192,0.96375,0.96375,0.21031716157730274,0.2888703580476315,0.6408226307255743,0.07030701122679417,383.5396940652174,cuda:0,torch
6,asr,10,21,63,192,0.9641666666666666,0.9641666666666666,0.21053635751232566,0.28871693651193314,0.6408855876176953,0.07039747587037154,383.3363825989539,cuda:0,torch
6,asr,10,21,63,192,0.9645833333333333,0.9645833333333333,0.210758761159021,0.2885643385780471,0.6409467511630259,0.070488910258927,383.133127223764,cuda:0,torch
6,asr,10,21,63,192,0.965,0.965,0.21098443306373585,0.28841257114953445,0.6410060918034315,0.07058133704703407,382.92992957014565,cuda:0,torch
6,asr,10,21,63,192,0.9654166666666666,0.9654166666666666,0.21121343626227887,0.28826164222996276,0.6410635845217522,0.07067477324828508,382.72679200147763,cuda:0,torch
6,asr,10,21,63,192,0.9658333333333333,0.9658333333333333,0.21144583584122098,0.28811156007406197,0.641119199675918,0.07076924025002002,382.5237165852485,cuda:0,torch
6,asr,10,21,63,192,0.9662499999999999,0.9662499999999999,0.21168169956477495,0.2879623340551982,0.6411729108735393,0.07086475507126244,382.32070514703827,cuda:0,torch
6,asr,10,21,63,192,0.9666666666666667,0.9666666666666667,0.21192109590768599,0.2878139717665636,0.6412246819395405,0.07096134629389589,382.11776028802115,cuda:0,torch
6,asr,10,21,63,192,0.9670833333333333,0.9670833333333333,0.2121640962886163,0.2876664820128883,0.6412744814033653,0.0710590365837464,381.91488362576456,cuda:0,torch
6,asr,10,21,63,192,0.9675,0.9675,0.2124107748562389,0.2875198744269078,0.641322283470356,0.07115784210273618,381.71207782108866,cuda:0,torch
6,asr,10,21,63,192,0.9679166666666666,0.9679166666666666,0.2126612079333287,0.2873741583915457,0.6413680468411204,0.07125779476733396,381.50934471344175,cuda:0,torch
6,asr,10,21,63,192,0.9683333333333333,0.9683333333333333,0.21291547500489702,0.28722934443395803,0.6414117409500232,0.07135891461601879,381.3066868263245,cuda:0,torch
6,asr,10,21,63,192,0.96875,0.96875,0.2131736570252132,0.2870854417659535,0.6414533308375686,0.07146122739647787,381.10410600112607,cuda:0,torch
6,asr,10,21,63,192,0.9691666666666666,0.9691666666666666,0.2134358387655033,0.2869424611551204,0.6414927770406074,0.07156476180427224,380.9016049409006,cuda:0,torch
6,asr,10,21,63,192,0.9695833333333334,0.9695833333333334,0.21370210826594438,0.286800414094954,0.6415300402230956,0.07166954568195044,380.69918546948594,cuda:0,torch
6,asr,10,21,63,192,0.97,0.97,0.21397255548265395,0.2866593108974062,0.6415650845305708,0.07177560457202298,380.4968502723643,cuda:0,torch
6,asr,10,21,63,192,0.9704166666666666,0.9704166666666666,0.21424727477880492,0.2865191636655619,0.6415978641408706,0.07188297219356748,380.29460159457716,cuda:0,torch
6,asr,10,21,63,192,0.9708333333333333,0.9708333333333333,0.21452636328739227,0.2863799840644903,0.6416283384733577,0.07199167746215207,380.0924414539956,cuda:0,torch
6,asr,10,21,63,192,0.97125,0.97125,0.21480992240015928,0.28624178494278996,0.6416564626953076,0.07210175236190242,379.89037251008085,cuda:0,torch
6,asr,10,21,63,192,0.9716666666666667,0.9716666666666667,0.21509805752582617,0.28610457990692373,0.6416821948663816,0.07221322522669471,379.6883970117694,cuda:0,torch
6,asr,10,21,63,192,0.9720833333333333,0.9720833333333333,0.21539087642277788,0.28596838078948195,0.6417054811427452,0.07232613806777288,379.4865174159057,cuda:0,torch
6,asr,10,21,63,192,0.9724999999999999,0.9724999999999999,0.21568849257144668,0.2858332018666269,0.6417262738327385,0.07244052430063458,379.2847360518418,cuda:0,torch
6,asr,10,21,63,192,0.9729166666666667,0.9729166666666667,0.21599102413290483,0.285699058235515,0.6417445229443437,0.0725564188201413,379.08305521545486,cuda:0,torch
6,asr,10,21,63,192,0.9733333333333333,0.9733333333333333,0.21629859350385255,0.28556596490994096,0.6417601765162158,0.07267385857384329,378.88147767397777,cuda:0,torch
6,asr,10,21,63,192,0.97375,0.97375,0.21661132749100412,0.2854339366901811,0.6417731768689896,0.07279288644082932,378.68000554951067,cuda:0,torch
6,asr,10,21,63,192,0.9741666666666666,0.9741666666666666,0.21692935943643482,0.28530299067094406,0.6417834669960127,0.0729135423330432,378.4786412188225,cuda:0,torch
6,asr,10,21,63,192,0.9745833333333334,0.9745833333333334,0.2172528266477101,0.285173142504451,0.6417909851553587,0.07303587234019027,378.27738744499476,cuda:0,torch
6,asr,10,21,63,192,0.975,0.975,0.2175818732018877,0.2850444096596536,0.6417956688213291,0.07315992151901729,378.0762464697598,cuda:0,torch
6,asr,10,21,63,192,0.9754166666666666,0.9754166666666666,0.2179166501601461,0.28491681128181295,0.6417974564528341,0.0732857322653529,377.87522082129067,cuda:0,torch
6,asr,10,21,63,192,0.9758333333333333,0.9758333333333333,0.2182573140388187,0.28479036574977823,0.641796277007483,0.07341335724273879,377.6743130489939,cuda:0,torch
6,asr,10,21,63,192,0.97625,0.97625,0.218604028724352,0.2846650926607637,0.6417920577097438,0.07354284962949253,377.4735255850456,cuda:0,torch
6,asr,10,21,63,192,0.9766666666666667,0.9766666666666667,0.21895696606866408,0.2845410131568583,0.6417847286465781,0.07367425819656359,377.2843267116782,cuda:0,torch
6,asr,10,21,63,192,0.9770833333333333,0.9770833333333333,0.21931630506066394,0.28441814819704225,0.6417742109251388,0.07380764087781899,377.09579087420144,cuda:0,torch
6,asr,10,21,63,192,0.9775,0.9775,0.21968223300544326,0.2842965194704661,0.6417604174591145,0.07394306307041942,376.90734007247664,cuda:0,torch
6,asr,10,21,63,192,0.9779166666666667,0.9779166666666667,0.22005494787283378,0.28417615185405287,0.6417432706749289,0.07408057747101826,376.7189770926617,cuda:0,torch
6,asr,10,21,63,192,0.9783333333333333,0.9783333333333333,0.22043465586774624,0.28405706948452986,0.6417226796691212,0.07422025084634892,376.53070479495085,cuda:0,torch
6,asr,10,21,63,192,0.97875,0.97875,0.22082157300762206,0.28393929704107707,0.6416985485740792,0.07436215438484378,376.34252549814323,cuda:0,torch
6,asr,10,21,63,192,0.9791666666666666,0.9791666666666666,0.22121592767604883,0.2838228621664064,0.6416707819181455,0.07450635591544807,376.1544421140437,cuda:0,torch
6,asr,10,21,63,192,0.9795833333333334,0.9795833333333334,0.2216179600260197,0.2837077937599019,0.641639275791142,0.0746529304489561,375.9664568110272,cuda:0,torch
6,asr,10,21,63,192,0.98,0.98,0.222027921112986,0.2835941199020689,0.6416039197001913,0.07480196039773984,375.7785729918664,cuda:0,torch
6,asr,10,21,63,192,0.9804166666666666,0.9804166666666666,0.22244607793742002,0.28348187314580525,0.6415646048408786,0.07495352201331612,375.59079271570937,cuda:0,torch
6,asr,10,21,63,192,0.9808333333333333,0.9808333333333333,0.2228727097732366,0.2833710846802609,0.6415212032461322,0.07510771207360695,375.40311906683536,cuda:0,torch
6,asr,10,21,63,192,0.98125,0.98125,0.22330811338179843,0.28326178961193726,0.6414735924245999,0.07526461796346284,375.2155542708967,cuda:0,torch
6,asr,10,21,63,192,0.9816666666666667,0.9816666666666667,0.22375260200226435,0.2831540242507925,0.6414216405938357,0.07542433515537184,375.0281014773723,cuda:0,torch
6,asr,10,21,63,192,0.9820833333333333,0.9820833333333333,0.224206508383953,0.2830478282874784,0.6413652065278591,0.07558696518466251,374.84076302688595,cuda:0,torch
6,asr,10,21,63,192,0.9824999999999999,0.9824999999999999,0.22467018114201945,0.28294323849988096,0.6413041330715259,0.07575262842859315,374.65354183451933,cuda:0,torch
6,asr,10,21,63,192,0.9829166666666667,0.9829166666666667,0.22514399608683186,0.28284030099983765,0.6412382681098521,0.07592143089031028,374.46644034912487,cuda:0,torch
6,asr,10,21,63,192,0.9833333333333333,0.9833333333333333,0.22562834844123508,0.28273905940527727,0.6411674416046704,0.0760934989900523,374.27946136575946,cuda:0,torch
6,asr,10,21,63,192,0.98375,0.98375,0.22612366086503838,0.28263956232812454,0.6410914704478992,0.0762689672239763,374.092607600359,cuda:0,torch
6,asr,10,21,63,192,0.9841666666666666,0.9841666666666666,0.22663038305910607,0.2825418603665891,0.6410101682191715,0.07644797141423942,373.9058815484474,cuda:0,torch
6,asr,10,21,63,192,0.9845833333333334,0.9845833333333334,0.22714899549610718,0.28244600765078914,0.640923329513247,0.07663066283596381,373.7192862602444,cuda:0,torch
6,asr,10,21,63,192,0.985,0.985,0.2276800120119537,0.28235206174755695,0.6408307356443577,0.07681720260808539,373.53282387434933,cuda:0,torch
6,asr,10,21,63,192,0.9854166666666666,0.9854166666666666,0.22822398395991758,0.28226008504702893,0.6407321551839901,0.077007759768981,373.3464973124786,cuda:0,torch
6,asr,10,21,63,192,0.9858333333333333,0.9858333333333333,0.2287815015897697,0.2821701422142186,0.6406273381521074,0.07720251963367403,373.1603094102475,cuda:0,torch
6,asr,10,21,63,192,0.98625,0.98625,0.22935320144837726,0.28208230455907596,0.6405160181076878,0.07740167733323627,372.97426270626187,cuda:0,torch
6,asr,10,21,63,192,0.9866666666666667,0.9866666666666667,0.229939768436845,0.2819966470202135,0.6403979033506451,0.07760544962914145,372.78835960393565,cuda:0,torch
6,asr,10,21,63,192,0.9870833333333333,0.9870833333333333,0.23054194349214363,0.2819132514550776,0.6402726849505495,0.07781406359437293,372.6026030886176,cuda:0,torch
6,asr,10,21,63,192,0.9875,0.9875,0.2311605277739364,0.28183220464581943,0.6401400252770452,0.0780277700771354,372.4169954725801,cuda:0,torch
6,asr,10,21,63,192,0.9879166666666667,0.9879166666666667,0.23179639258594412,0.2817536021596224,0.639999559387258,0.07824683845311953,372.23153979640335,cuda:0,torch
6,asr,10,21,63,192,0.9883333333333333,0.9883333333333333,0.23245048474558733,0.28167754560396935,0.639850892076094,0.07847156231993663,372.04623848954634,cuda:0,torch
6,asr,10,21,63,192,0.98875,0.98875,0.2331238400164844,0.2816041478004832,0.6396935939545609,0.07870225824495586,371.8610943035829,cuda:0,torch
6,asr,10,21,63,192,0.9891666666666666,0.9891666666666666,0.23381758974100444,0.2815335282161881,0.6395271842865873,0.07893928749722462,371.6761095615089,cuda:0,torch
6,asr,10,21,63,192,0.9895833333333334,0.9895833333333334,0.23453297933118974,0.2814658202754356,0.6393511511890219,0.07918302853554254,371.491287187831,cuda:0,torch
6,asr,10,21,63,192,0.99,0.99,0.2352713816045693,0.28140116974842955,0.6391649242805555,0.07943390597101496,371.30662971634416,cuda:0,torch
6,asr,10,21,63,192,0.9904166666666666,0.9904166666666666,0.23603431467350716,0.28133973536377055,0.6389678722291502,0.07969239240707926,371.1379601027935,cuda:0,torch
6,asr,10,21,63,192,0.9908333333333333,0.9908333333333333,0.23682346792601988,0.2812816947278605,0.6387592943416323,0.07995901093050722,370.9699694951039,cuda:0,torch
6,asr,10,21,63,192,0.99125,0.99125,0.2376407272176098,0.2812272444230984,0.6385384123902602,0.08023434318664141,370.8018985780347,cuda:0,torch
6,asr,10,21,63,192,0.9916666666666667,0.9916666666666667,0.23848820765395884,0.28117660230561814,0.6383043532159162,0.0805190444784657,370.63375010440313,cuda:0,torch
6,asr,10,21,63,192,0.9920833333333333,0.9920833333333333,0.2393682972839931,0.28113001447093877,0.6380561329568654,0.08081385257219587,370.4655266871995,cuda:0,torch
6,asr,10,21,63,192,0.9924999999999999,0.9924999999999999,0.2402837062016886,0.2810877578432286,0.6377926379318113,0.08111960422496012,370.2972309538534,cuda:0,torch
6,asr,10,21,63,192,0.9929166666666667,0.9929166666666667,0.24123753047932273,0.281050146151921,0.637512598666273,0.08143725518180606,370.12886578023677,cuda:0,torch
6,asr,10,21,63,192,0.9933333333333333,0.9933333333333333,0.2422333344073433,0.2810175386047361,0.6372145521669828,0.08176790922828114,369.9604336920276,cuda:0,torch
6,asr,10,21,63,192,0.99375,0.99375,0.24327525509584172,0.28099034967071385,0.6368968113216069,0.08211283900767924,369.791937317307,cuda:0,torch
6,asr,10,21,63,192,0.9941666666666666,0.9941666666666666,0.2443681382286862,0.2809690606831264,0.6365573969084208,0.08247354240845278,369.6233792380547,cuda:0,torch
6,asr,10,21,63,192,0.9945833333333334,0.9945833333333334,0.24551772015059878,0.2809542371025764,0.6361939728042981,0.08285179009312549,369.454762437729,cuda:0,torch
6,asr,10,21,63,192,0.995,0.995,0.2467308756662271,0.28094655304472765,0.6358037485279254,0.08324969842734692,369.286089576621,cuda:0,torch
6,asr,10,21,63,192,0.9954166666666666,0.9954166666666666,0.24801595665024623,0.28094681985090975,0.6353833428062189,0.08366983734287137,369.11736322050746,cuda:0,torch
6,asr,10,21,63,192,0.9958333333333333,0.9958333333333333,0.24938327797617374,0.28095603156967314,0.6349285776995394,0.0841153907307875,368.9485861865482,cuda:0,torch
6,asr,10,21,63,192,0.99625,0.99625,0.2508458288412123,0.280975430777747,0.6344342148566828,0.08459035436557016,368.7797610369958,cuda:0,torch
6,asr,10,21,63,192,0.9966666666666667,0.9966666666666667,0.2524203507714386,0.28100660528322197,0.6338935171639533,0.08509987755282478,368.6108906420807,cuda:0,torch
6,asr,10,21,63,192,0.9970833333333333,0.9970833333333333,0.2541290490949607,0.28105164184272624,0.6332975648837841,0.08565079327348968,368.4419777040906,cuda:0,torch
6,asr,10,21,63,192,0.9975,0.9975,0.256002464421381,0.2811133869693644,0.6326341233586452,0.0862524896719904,368.2730247067116,cuda:0,torch
6,asr,10,21,63,192,0.9979166666666667,0.9979166666666667,0.2580846222419512,0.2811959048017408,0.6318855990252522,0.08691849617300701,368.1040346274577,cuda:0,torch
6,asr,10,21,63,192,0.9983333333333333,0.9983333333333333,0.2604431820545551,0.281305381914662,0.6310250202027713,0.08766959788256673,367.9350100520322,cuda:0,torch
6,asr,10,21,63,192,0.99875,0.99875,0.26319219209472566,0.2814521446624022,0.6300070566312371,0.08854079870636067,367.7659534713768,cuda:0,torch
6,asr,10,21,63,192,0.9991666666666666,0.9991666666666666,0.2665543191820725,0.2816561389233607,0.6287434206237629,0.0896004404528764,367.596867759263,cuda:0,torch
6,asr,10,21,63,192,0.9995833333333334,0.9995833333333334,0.27110521228047496,0.28196835155174027,0.6270065878504457,0.09102506059781401,367.42775544091506,cuda:0,torch
6,asr,10,21,63,192,1.0,1.000000000001,0.28291693519367983,0.28291693519367983,0.6224075831566604,0.09467548164965972,367.25861937499,cuda:0,torch
6,asr,10,21,63,192,1.0004166666666667,1.0004166666666667,0.27951393816785597,0.27951393816785597,0.625581315786927,0.09490474604521704,367.089462052203,cuda:0,torch
6,asr,10,21,63,192,1.0008333333333332,1.0008333333333332,0.2778946183447079,0.2778946183447079,0.6271098288076331,0.09499555284765898,366.92028593003744,cuda:0,torch
6,asr,10,21,63,192,1.00125,1.00125,0.27656404297311676,0.27656404297311676,0.6283735083750015,0.09506244865188174,366.751093931745,cuda:0,torch
6,asr,10,21,63,192,1.0016666666666667,1.0016666666666667,0.27538110284817224,0.27538110284817224,0.6295024079940337,0.09511648915779408,366.5818884056535,cuda:0,torch
6,asr,10,21,63,192,1.0020833333333334,1.0020833333333334,0.27429138811868503,0.27429138811868503,0.6305466161569061,0.09516199572440887,366.41267208142494,cuda:0,torch
6,asr,10,21,63,192,1.0025,1.0025,0.27326711990856545,0.27326711990856545,0.6315316691742706,0.09520121091716394,366.2434472874644,cuda:0,torch
6,asr,10,21,63,192,1.0029166666666667,1.0029166666666667,0.27229187132023225,0.27229187132023225,0.6324726546659729,0.09523547401379484,366.0742169031818,cuda:0,torch
6,asr,10,21,63,192,1.0033333333333334,1.0033333333333334,0.27135499155561793,0.27135499155561793,0.6333793319653538,0.09526567647902828,365.90498305972994,cuda:0,torch
6,asr,10,21,63,192,1.00375,1.00375,0.2704491201130692,0.2704491201130692,0.6342584512731766,0.0952924286137542,365.7357486264303,cuda:0,torch
6,asr,10,21,63,192,1.0041666666666667,1.0041666666666667,0.26956892348850187,0.26956892348850187,0.6351148805116507,0.09531619599984748,365.56651550444735,cuda:0,torch
6,asr,10,21,63,192,1.0045833333333334,1.0045833333333334,0.26871039916831074,0.26871039916831074,0.6359522796789778,0.09533732115271143,365.3972867053257,cuda:0,torch
6,asr,10,21,63,192,1.005,1.005,0.26787045405905324,0.26787045405905324,0.6367734650417647,0.09535608089918207,365.2280645884079,cuda:0,torch
6,asr,10,21,63,192,1.0054166666666666,1.0054166666666666,0.2670466442050629,0.2670466442050629,0.6375806699647708,0.09537268583016628,365.0588512205517,cuda:0,torch
6,asr,10,21,63,192,1.0058333333333334,1.0058333333333334,0.266236997608279,0.266236997608279,0.6383756730085229,0.09538732938319805,364.8896490625198,cuda:0,torch
6,asr,10,21,63,192,1.00625,1.00625,0.26543990185055555,0.26543990185055555,0.6391599467427121,0.0954001514067323,364.7204606161927,cuda:0,torch
6,asr,10,21,63,192,1.0066666666666666,1.0066666666666666,0.2646540187417888,0.2646540187417888,0.6399347006976068,0.09541128056060438,364.55128814610333,cuda:0,torch
6,asr,10,21,63,192,1.0070833333333333,1.0070833333333333,0.26387822176774406,0.26387822176774406,0.6407009506318362,0.09542082760041976,364.38213386041986,cuda:0,torch
6,asr,10,21,63,192,1.0075,1.0075,0.2631115577499655,0.2631115577499655,0.6414595595106606,0.09542888273937394,364.21300005374326,cuda:0,torch
6,asr,10,21,63,192,1.0079166666666666,1.0079166666666666,0.2623532071948707,0.2623532071948707,0.6422112571036014,0.09543553570152791,364.0438891082824,cuda:0,torch
6,asr,10,21,63,192,1.0083333333333333,1.0083333333333333,0.2616024663268611,0.2616024663268611,0.642956683832175,0.0954408498409639,363.874803096738,cuda:0,torch
6,asr,10,21,63,192,1.00875,1.00875,0.26085872160563306,0.26085872160563306,0.6436963877583054,0.09544489063606154,363.7057439339592,cuda:0,torch
6,asr,10,21,63,192,1.0091666666666668,1.0091666666666668,0.2601214358850065,0.2601214358850065,0.6444308470062659,0.09544771710872763,363.5367140873978,cuda:0,torch
6,asr,10,21,63,192,1.0095833333333333,1.0095833333333333,0.25939013718307935,0.25939013718307935,0.6451604783450982,0.0954493844718225,363.36771562537734,cuda:0,torch
6,asr,10,21,63,192,1.01,1.01,0.25866440915745403,0.25866440915745403,0.6458856601385686,0.09544993070397734,363.19875056707065,cuda:0,torch
6,asr,10,21,63,192,1.0104166666666667,1.0104166666666667,0.2579438806918565,0.2579438806918565,0.6466067129864129,0.0954494063217306,363.02982091240904,cuda:0,torch
6,asr,10,21,63,192,1.0108333333333333,1.0108333333333333,0.25722822130953665,0.25722822130953665,0.6473239326196621,0.0954478460708012,362.8609287798211,cuda:0,torch
6,asr,10,21,63,192,1.01125,1.01125,0.25651713437753876,0.25651713437753876,0.6480375789975544,0.09544528662490681,362.6920759561472,cuda:0,torch
6,asr,10,21,63,192,1.0116666666666667,1.0116666666666667,0.25581035469134306,0.25581035469134306,0.6487478847492077,0.0954417605594492,362.5232644263051,cuda:0,torch
6,asr,10,21,63,192,1.0120833333333334,1.0120833333333334,0.2551076421342645,0.2551076421342645,0.6494550640007073,0.0954372938650282,362.35449627763023,cuda:0,torch
6,asr,10,21,63,192,1.0125,1.0125,0.2544087798319892,0.2544087798319892,0.6501592956133179,0.09543192455469296,362.1857732189313,cuda:0,torch
6,asr,10,21,63,192,1.0129166666666667,1.0129166666666667,0.25371357171372294,0.25371357171372294,0.6508607587377363,0.09542566954854076,362.01709704992874,cuda:0,torch
6,asr,10,21,63,192,1.0133333333333334,1.0133333333333334,0.2530218384439599,0.2530218384439599,0.6515596019935268,0.09541855956251327,361.8484695976051,cuda:0,torch
6,asr,10,21,63,192,1.01375,1.01375,0.2523334180085231,0.2523334180085231,0.6522559695661106,0.09541061242536625,361.67989261401044,cuda:0,torch
6,asr,10,21,63,192,1.0141666666666667,1.0141666666666667,0.2516481633013751,0.2516481633013751,0.6529499907133438,0.09540184598528106,361.5113679234684,cuda:0,torch
6,asr,10,21,63,192,1.0145833333333334,1.0145833333333334,0.2509659348280489,0.2509659348280489,0.6536417682195167,0.0953922969524344,361.3428971609624,cuda:0,torch
6,asr,10,21,63,192,1.0150000000000001,1.0150000000000001,0.25028661192195273,0.25028661192195273,0.6543314195533798,0.09538196852466746,361.1744817674115,cuda:0,torch
6,asr,10,21,63,192,1.0154166666666666,1.0154166666666666,0.24961007886742012,0.24961007886742012,0.6550190371741229,0.09537088395845697,361.00612358551354,cuda:0,torch
6,asr,10,21,63,192,1.0158333333333334,1.0158333333333334,0.2489362303641618,0.2489362303641618,0.6557047038039515,0.09535906583188669,360.8378238814614,cuda:0,torch
6,asr,10,21,63,192,1.01625,1.01625,0.24826497216442153,0.24826497216442153,0.6563885093488249,0.0953465184867536,360.6695845122136,cuda:0,torch
6,asr,10,21,63,192,1.0166666666666666,1.0166666666666666,0.24759621210663896,0.24759621210663896,0.6570705178069832,0.09533327008637782,360.50140687732204,cuda:0,torch
6,asr,10,21,63,192,1.0170833333333333,1.0170833333333333,0.246929870275676,0.246929870275676,0.6577508000587445,0.09531932966557946,360.3332923145893,cuda:0,torch
6,asr,10,21,63,192,1.0175,1.0175,0.2462658700586181,0.2462658700586181,0.6584294186770299,0.09530471126435203,360.165242218806,cuda:0,torch
6,asr,10,21,63,192,1.0179166666666666,1.0179166666666666,0.2456041419160733,0.2456041419160733,0.6591064276875417,0.09528943039638502,359.9972579931855,cuda:0,torch
6,asr,10,21,63,192,1.0183333333333333,1.0183333333333333,0.244944621144761,0.244944621144761,0.659781881190276,0.09527349766496296,359.8293409404116,cuda:0,torch
6,asr,10,21,63,192,1.01875,1.01875,0.24428724686577605,0.24428724686577605,0.66045582316776,0.09525692996646398,359.6614923718215,cuda:0,torch
6,asr,10,21,63,192,1.0191666666666668,1.0191666666666668,0.24363196381053426,0.24363196381053426,0.6611283008007234,0.09523973538874236,359.4937134363028,cuda:0,torch
6,asr,10,21,63,192,1.0195833333333333,1.0195833333333333,0.24297872028677173,0.24297872028677173,0.6617993513214364,0.09522192839179186,359.3260052978425,cuda:0,torch
6,asr,10,21,63,192,1.02,1.02,0.24232746937241742,0.24232746937241742,0.6624690139062439,0.09520351672133867,359.1583693055187,cuda:0,torch
6,asr,10,21,63,192,1.0204166666666667,1.0204166666666667,0.24167816549803847,0.24167816549803847,0.6631373211970817,0.09518451330487984,358.9908062330365,cuda:0,torch
6,asr,10,21,63,192,1.0208333333333333,1.0208333333333333,0.24103076810598717,0.24103076810598717,0.6638043042530956,0.09516492764091727,358.8233173186825,cuda:0,torch
6,asr,10,21,63,192,1.02125,1.02125,0.2403852375722988,0.2403852375722988,0.6644699871674927,0.09514477526020848,358.65590344459696,cuda:0,torch
6,asr,10,21,63,192,1.0216666666666667,1.0216666666666667,0.23974153933290224,0.23974153933290224,0.6651343992203066,0.09512406144679117,358.48856563863575,cuda:0,torch
6,asr,10,21,63,192,1.0220833333333332,1.0220833333333332,0.23909963995315045,0.23909963995315045,0.6657975668882526,0.0951027931585969,358.3213048839043,cuda:0,torch
6,asr,10,21,63,192,1.0225,1.0225,0.23845950820174866,0.23845950820174866,0.6664595058586343,0.095080985939617,358.15412188522663,cuda:0,torch
6,asr,10,21,63,192,1.0229166666666667,1.0229166666666667,0.23782111671934522,0.23782111671934522,0.667120241173723,0.09505864210693174,357.98701755341153,cuda:0,torch
6,asr,10,21,63,192,1.0233333333333334,1.0233333333333334,0.2371844368544858,0.2371844368544858,0.6677797845352973,0.09503577861021692,357.819992353656,cuda:0,torch
6,asr,10,21,63,192,1.02375,1.02375,0.23654944532917072,0.23654944532917072,0.6684381606231518,0.09501239404767753,357.65304735696606,cuda:0,torch
6,asr,10,21,63,192,1.0241666666666667,1.0241666666666667,0.2359161180714728,0.2359161180714728,0.6690953781251676,0.09498850380335958,357.4861830463585,cuda:0,torch
6,asr,10,21,63,192,1.0245833333333334,1.0245833333333334,0.2352844341389225,0.2352844341389225,0.6697514506466643,0.0949641152144132,357.3194001565438,cuda:0,torch
6,asr,10,21,63,192,1.025,1.025,0.23465437203010533,0.23465437203010533,0.6704063858541287,0.09493924211576596,357.1526988801475,cuda:0,torch
6,asr,10,21,63,192,1.0254166666666666,1.0254166666666666,0.23402591659463165,0.23402591659463165,0.6710602065507595,0.09491387685460886,356.98607994825807,cuda:0,torch
6,asr,10,21,63,192,1.0258333333333334,1.0258333333333334,0.2333990473737845,0.2333990473737845,0.6717129129036586,0.09488803972255686,356.8195438395374,cuda:0,torch
6,asr,10,21,63,192,1.02625,1.02625,0.23277374960118194,0.23277374960118194,0.672364517363134,0.0948617330356841,356.6530906765698,cuda:0,torch
6,asr,10,21,63,192,1.0266666666666666,1.0266666666666666,0.23215000868242677,0.23215000868242677,0.6730150271526624,0.09483496416491086,356.4867209402463,cuda:0,torch
6,asr,10,21,63,192,1.0270833333333333,1.0270833333333333,0.2315278094396388,0.2315278094396388,0.6736644463529065,0.09480774420745475,356.3204348501061,cuda:0,torch
6,asr,10,21,63,192,1.0275,1.0275,0.23090714057984474,0.23090714057984474,0.674312784457589,0.09478007496256624,356.15423252331607,cuda:0,torch
6,asr,10,21,63,192,1.0279166666666666,1.0279166666666666,0.23028798894242747,0.23028798894242747,0.6749600420365739,0.09475196902099864,355.98811411539276,cuda:0,torch
6,asr,10,21,63,192,1.0283333333333333,1.0283333333333333,0.22967034525868213,0.22967034525868213,0.6756062326422219,0.09472342209909601,355.82207978341603,cuda:0,torch
6,asr,10,21,63,192,1.02875,1.02875,0.22905419712880123,0.22905419712880123,0.6762513468618764,0.09469445600932239,355.6561291103681,cuda:0,torch
6,asr,10,21,63,192,1.0291666666666668,1.0291666666666668,0.2284395368415117,0.2284395368415117,0.6768953982090776,0.09466506494941068,355.4902624113004,cuda:0,torch
6,asr,10,21,63,192,1.0295833333333333,1.0295833333333333,0.22782635438025686,0.22782635438025686,0.6775383832556235,0.0946352623641196,355.3244792604202,cuda:0,torch
6,asr,10,21,63,192,1.03,1.03,0.22721464319739698,0.22721464319739698,0.6781803072230023,0.09460504957960075,355.1587796160698,cuda:0,torch
6,asr,10,21,63,192,1.0304166666666668,1.0304166666666668,0.22660439501706184,0.22660439501706184,0.6788211692817289,0.0945744357012093,354.9931629504687,cuda:0,torch
6,asr,10,21,63,192,1.0308333333333333,1.0308333333333333,0.2259956023002132,0.2259956023002132,0.6794609700383574,0.09454342766142942,354.8276289383546,cuda:0,torch
6,asr,10,21,63,192,1.03125,1.03125,0.22538826000276027,0.22538826000276027,0.6800997088883594,0.09451203110888037,354.66217707732386,cuda:0,torch
6,asr,10,21,63,192,1.0316666666666667,1.0316666666666667,0.22478236272595245,0.22478236272595245,0.6807373910803387,0.09448024619370884,354.4968069965642,cuda:0,torch
6,asr,10,21,63,192,1.0320833333333335,1.0320833333333335,0.2241779037172012,0.2241779037172012,0.6813740119868912,0.09444808429590762,354.33151756539604,cuda:0,torch
6,asr,10,21,63,192,1.0325,1.0325,0.2235748796273474,0.2235748796273474,0.6820095729569527,0.09441554741569985,354.1663085221709,cuda:0,torch
6,asr,10,21,63,192,1.0329166666666667,1.0329166666666667,0.22297328533309274,0.22297328533309274,0.6826440679699229,0.09438264669698432,354.00117867556605,cuda:0,torch
6,asr,10,21,63,192,1.0333333333333334,1.0333333333333334,0.22237311682129018,0.22237311682129018,0.6832774989908481,0.0943493841878617,353.83612699278433,cuda:0,torch
6,asr,10,21,63,192,1.03375,1.03375,0.22177437086489113,0.22177437086489113,0.6839098640333933,0.0943157651017156,353.6711525006037,cuda:0,torch
6,asr,10,21,63,192,1.0341666666666667,1.0341666666666667,0.22117704402770327,0.22117704402770327,0.6845411592099817,0.09428179676231502,353.50625427434846,cuda:0,torch
6,asr,10,21,63,192,1.0345833333333334,1.0345833333333334,0.22058113439838709,0.22058113439838709,0.6851713893148523,0.09424747628676058,353.3414306578955,cuda:0,torch
6,asr,10,21,63,192,1.0350000000000001,1.0350000000000001,0.21998663774518246,0.21998663774518246,0.6858005407046588,0.09421282155015875,353.1766805054884,cuda:0,torch
6,asr,10,21,63,192,1.0354166666666667,1.0354166666666667,0.21939355295628835,0.21939355295628835,0.6864286167519464,0.09417783029176521,353.01200208573766,cuda:0,torch
6,asr,10,21,63,192,1.0358333333333334,1.0358333333333334,0.21880187807018864,0.21880187807018864,0.6870556163377054,0.09414250559210596,352.84739373788835,cuda:0,torch
6,asr,10,21,63,192,1.0362500000000001,1.0362500000000001,0.218211611028583,0.218211611028583,0.6876815344227316,0.09410685454868539,352.68285383630916,cuda:0,torch
6,asr,10,21,63,192,1.0366666666666666,1.0366666666666666,0.21762274979822616,0.21762274979822616,0.6883063621951528,0.094070888006621,352.5183802365884,cuda:0,torch
6,asr,10,21,63,192,1.0370833333333334,1.0370833333333334,0.217035294812727,0.217035294812727,0.6889301063355087,0.09403459885176435,352.3539708447723,cuda:0,torch
6,asr,10,21,63,192,1.0375,1.0375,0.21644924301940066,0.21644924301940066,0.6895527533300164,0.09399800365058292,352.28288492382677,cuda:0,torch
6,asr,10,21,63,192,1.0379166666666666,1.0379166666666666,0.2158645943978169,0.2158645943978169,0.6901743085163882,0.09396109708579492,352.2611623197062,cuda:0,torch
6,asr,10,21,63,192,1.0383333333333333,1.0383333333333333,0.21528134836877114,0.21528134836877114,0.6907947595648097,0.09392389206641913,352.24011974358444,cuda:0,torch
6,asr,10,21,63,192,1.03875,1.03875,0.21469950436903054,0.21469950436903054,0.6914141088786321,0.09388638675233738,352.2197676464383,cuda:0,torch
6,asr,10,21,63,192,1.0391666666666668,1.0391666666666668,0.21411906139416778,0.21411906139416778,0.6920323450091806,0.09384859359665157,352.2001166248654,cuda:0,torch
6,asr,10,21,63,192,1.0395833333333333,1.0395833333333333,0.21354002006696068,0.21354002006696068,0.6926494734867469,0.09381050644629244,352.18117796731013,cuda:0,torch
6,asr,10,21,63,192,1.04,1.04,0.21296237998792525,0.21296237998792525,0.6932654816196911,0.0937721383923836,352.1629616493073,cuda:0,torch
6,asr,10,21,63,192,1.0404166666666668,1.0404166666666668,0.21238614124868388,0.21238614124868388,0.6938803691422005,0.0937334896091156,352.1454794157919,cuda:0,torch
6,asr,10,21,63,192,1.0408333333333333,1.0408333333333333,0.21181130313549734,0.21181130313549734,0.6944941295672634,0.09369456729723924,352.12874212970564,cuda:0,torch
6,asr,10,21,63,192,1.04125,1.04125,0.21123786762312638,0.21123786762312638,0.6951067631440099,0.09365536923286374,352.1127606683083,cuda:0,torch
6,asr,10,21,63,192,1.0416666666666667,1.0416666666666667,0.2106658334567086,0.2106658334567086,0.6957182578946933,0.09361590864859806,352.0975462992472,cuda:0,torch
6,asr,10,21,63,192,1.0420833333333333,1.0420833333333333,0.2100952017440528,0.2100952017440528,0.6963286145035307,0.09357618375241653,352.08311043284465,cuda:0,torch
6,asr,10,21,63,192,1.0425,1.0425,0.20952597279089552,0.20952597279089552,0.6969378228905725,0.09353620431853199,352.0694643243497,cuda:0,torch
6,asr,10,21,63,192,1.0429166666666667,1.0429166666666667,0.20895814740426746,0.20895814740426746,0.6975458882677709,0.09349596432796167,352.0566193842104,cuda:0,torch
6,asr,10,21,63,192,1.0433333333333334,1.0433333333333334,0.20839172604873765,0.20839172604873765,0.6981527948516697,0.09345547909959265,352.0445867999198,cuda:0,torch
6,asr,10,21,63,192,1.04375,1.04375,0.20782671013129464,0.20782671013129464,0.698758547646929,0.09341474222177634,352.03337797688096,cuda:0,torch
6,asr,10,21,63,192,1.0441666666666667,1.0441666666666667,0.20726309966336684,0.20726309966336684,0.6993631413375663,0.09337375899906689,352.0230049559851,cuda:0,torch
6,asr,10,21,63,192,1.0445833333333334,1.0445833333333334,0.20670089579012157,0.20670089579012157,0.6999665597018433,0.09333254450803513,352.01347748837304,cuda:0,torch
6,asr,10,21,63,192,1.045,1.045,0.20614009845510678,0.20614009845510678,0.7005688089174351,0.0932910926274581,352.00480838079176,cuda:0,torch
6,asr,10,21,63,192,1.0454166666666667,1.0454166666666667,0.2055807096671616,0.2055807096671616,0.7011698817152168,0.09324940861762163,351.99700833460906,cuda:0,torch
6,asr,10,21,63,192,1.0458333333333334,1.0458333333333334,0.20502272987548179,0.20502272987548179,0.7017697723406094,0.09320749778390877,351.9900878348183,cuda:0,torch
6,asr,10,21,63,192,1.0462500000000001,1.0462500000000001,0.2044661606294715,0.2044661606294715,0.7023684789855967,0.09316536038493176,351.98405841861467,cuda:0,torch
6,asr,10,21,63,192,1.0466666666666666,1.0466666666666666,0.2039110016335849,0.2039110016335849,0.7029659907688638,0.09312300759755132,351.97893051066444,cuda:0,torch
6,asr,10,21,63,192,1.0470833333333334,1.0470833333333334,0.2033572552897404,0.2033572552897404,0.7035623085675573,0.09308043614270228,351.9747145996503,cuda:0,torch
6,asr,10,21,63,192,1.0475,1.0475,0.20280492155076676,0.20280492155076676,0.7041574280919008,0.09303765035733239,351.9714208140067,cuda:0,torch
6,asr,10,21,63,192,1.0479166666666666,1.0479166666666666,0.2022540017853731,0.2022540017853731,0.7047513404410288,0.09299465777359808,351.96905842487683,cuda:0,torch
6,asr,10,21,63,192,1.0483333333333333,1.0483333333333333,0.20170449697571954,0.20170449697571954,0.7053440425136142,0.0929514605106663,351.96763703385074,cuda:0,torch
6,asr,10,21,63,192,1.04875,1.04875,0.20115640912483088,0.20115640912483088,0.7059355357745327,0.0929080551006364,351.9671652146178,cuda:0,torch
6,asr,10,21,63,192,1.0491666666666668,1.0491666666666668,0.20060973745404262,0.20060973745404262,0.7065258063647778,0.09286445618117958,351.96765059242387,cuda:0,torch
6,asr,10,21,63,192,1.0495833333333333,1.0495833333333333,0.2000644843802551,0.2000644843802551,0.7071148574511453,0.09282065816859958,351.9691001861665,cuda:0,torch
6,asr,10,21,63,192,1.05,1.05,0.19952065011468786,0.19952065011468786,0.7077026775647778,0.09277667232053435,351.9715202847904,cuda:0,torch
6,fmm_reference,240,481,481,0,0.95,0.95,0.2044360306200492,0.29416951018329085,0.6380023878299916,0.06782810198671752,6735.786340630656,cuda:0,torch
6,fmm_reference,240,481,481,0,0.952,0.952,0.20511865214173847,0.29332494541252735,0.6385230955216784,0.06815195906579424,6731.148239637217,cuda:0,torch
6,fmm_reference,240,481,481,0,0.954,0.954,0.2058474666502352,0.2924958389877846,0.6390147750776697,0.06848938593454573,6726.417086392525,cuda:0,torch
6,fmm_reference,240,481,481,0,0.956,0.956,0.20662573146516502,0.2916826015403775,0.6394759726350704,0.0688414258245521,6721.588304825311,cuda:0,torch
6,fmm_reference,240,481,481,0,0.958,0.958,0.2074571027365157,0.29088569484475263,0.6399050579502945,0.06920924720495286,6716.657647663359,cuda:0,torch
6,fmm_reference,240,481,481,0,0.96,0.96,0.20834570489001003,0.29010564024297447,0.6403001942356504,0.0695941655213751,6711.6212598494285,cuda:0,torch
6,fmm_reference,240,481,481,0,0.962,0.962,0.20929621616922928,0.28934302888945196,0.6406593012492645,0.06999766986128353,6706.475739496494,cuda:0,torch
6,fmm_reference,240,481,481,0,0.964,0.964,0.21031397512179795,0.288598534430985,0.640980009332581,0.07042145623643398,6701.218194879106,cuda:0,torch
6,fmm_reference,240,481,481,0,0.966,0.966,0.21140511451149732,0.2878729287258841,0.6412596019663106,0.0708674693078053,6695.84629510592,cuda:0,torch
6,fmm_reference,240,481,481,0,0.968,0.968,0.21257673183936976,0.2871671016716825,0.641494942786682,0.07133795554163552,6690.358312968027,cuda:0,torch
6,fmm_reference,240,481,481,0,0.97,0.97,0.2138371093517801,0.286482086448414,0.6416823817976444,0.07183553175394164,6684.753158125681,cuda:0,torch
6,fmm_reference,240,481,481,0,0.972,0.972,0.21519600228981978,0.285819092257934,0.6418176329785781,0.07236327476348792,6679.030399328202,cuda:0,torch
6,fmm_reference,240,481,481,0,0.974,0.974,0.2166650229547132,0.2851795474095182,0.6418956117677777,0.07292484082270417,6673.190274774077,cuda:0,torch
6,fmm_reference,240,481,481,0,0.976,0.976,0.21825816240159507,0.284565157083701,0.6419102151552476,0.0735246277610514,6667.233689796256,cuda:0,torch
6,fmm_reference,240,481,481,0,0.978,0.978,0.2199925149805816,0.28397798249234324,0.6418540176286378,0.07416799987901895,6661.1622020743935,cuda:0,torch
6,fmm_reference,240,481,481,0,0.98,0.98,0.22188931094398193,0.2834205522962905,0.6417178394235946,0.0748616082801149,6654.977994485114,cuda:0,torch
6,fmm_reference,240,481,481,0,0.982,0.982,0.22397543299272635,0.282896023809888,0.6414901152582911,0.07561386093182088,6648.683836604916,cuda:0,torch
6,fmm_reference,240,481,481,0,0.984,0.984,0.2262857255289409,0.28240842497426877,0.6411559372052331,0.07643563782049811,6642.283035972674,cuda:0,torch
6,fmm_reference,240,481,481,0,0.986,0.986,0.22886666805665767,0.28196303336896844,0.6406955391126837,0.07734142751834783,6635.7793807801945,cuda:0,torch
6,fmm_reference,240,481,481,0,0.988,0.988,0.23178254488467356,0.28156700267654317,0.6400817628214953,0.07835123450196152,6629.177075692962,cuda:0,torch
6,fmm_reference,240,481,481,0,0.99,0.99,0.2351265524546006,0.28123047149524555,0.6392755188014776,0.07949400970327686,6622.480672886971,cuda:0,torch
6,fmm_reference,240,481,481,0,0.992,0.992,0.23904272896296322,0.2809687137888186,0.6382168691694807,0.08081441704170067,6615.695000104163,cuda:0,torch
6,fmm_reference,240,481,481,0,0.994,0.994,0.2437752418087293,0.2808068805009265,0.6368050930016165,0.08238802649745702,6608.825087744691,cuda:0,torch
6,fmm_reference,240,481,481,0,0.996,0.996,0.24980352651508214,0.2807927334581632,0.6348443388049667,0.0843629277368701,6601.876096770712,cuda:0,torch
6,fmm_reference,240,481,481,0,0.998,0.998,0.2583742452346193,0.2810455998830103,0.6318310518600894,0.08712334825690032,6594.853248974576,cuda:0,torch
6,fmm_reference,240,481,481,0,1.0,1.000000000001,0.28274584647044426,0.28274584647044426,0.6225130539614045,0.09474109956815119,6587.761760651571,cuda:0,torch
6,fmm_reference,240,481,481,0,1.002,1.002,0.27433654650311906,0.27433654650311906,0.6304442833881886,0.09521917010869235,6580.606781129571,cuda:0,torch
6,fmm_reference,240,481,481,0,1.004,1.004,0.26975384400163377,0.26975384400163377,0.6348737507546136,0.09537240524375262,6573.393336271998,cuda:0,torch
6,fmm_reference,240,481,481,0,1.006,1.006,0.2657546462374212,0.2657546462374212,0.6387877254880372,0.09545762827454163,6566.126277602386,cuda:0,torch
6,fmm_reference,240,481,481,0,1.008,1.008,0.2620425358012458,0.2620425358012458,0.642456270260484,0.09550119393827017,6558.8102370139695,cuda:0,torch
6,fmm_reference,240,481,481,0,1.01,1.01,0.25850655776433706,0.25850655776433706,0.6459795172763695,0.09551392495929345,6551.449586755072,cuda:0,torch
6,fmm_reference,240,481,481,0,1.012,1.012,0.25509205920424255,0.25509205920424255,0.6494062083852628,0.0955017324104947,6544.048404200946,cuda:0,torch
6,fmm_reference,240,481,481,0,1.014,1.014,0.2517680946702818,0.2517680946702818,0.6527635266550306,0.09546837867468766,6536.610440579032,cuda:0,torch
6,fmm_reference,240,481,481,0,1.016,1.016,0.24851561195489383,0.24851561195489383,0.656067881706217,0.09541650633888918,6529.139092586158,cuda:0,torch
6,fmm_reference,240,481,481,0,1.018,1.018,0.24532222722899535,0.24532222722899535,0.6593296678934676,0.09534810487753706,6521.637375886135,cuda:0,torch
6,fmm_reference,240,481,481,0,1.02,1.02,0.24217959434907455,0.24217959434907455,0.662555654537506,0.09526475111341948,6514.107898485125,cuda:0,torch
6,fmm_reference,240,481,481,0,1.022,1.022,0.23908195231629037,0.23908195231629037,0.6657503027894356,0.09516774489427404,6506.552832407907,cuda:0,torch
6,fmm_reference,240,481,481,0,1.024,1.024,0.2360252657406727,0.2360252657406727,0.668916543263864,0.09505819099546334,6498.973881507052,cuda:0,torch
6,fmm_reference,240,481,481,0,1.026,1.026,0.233006687958383,0.233006687958383,0.6720562607850089,0.09493705125660809,6491.372242135031,cuda:0,torch
6,fmm_reference,240,481,481,0,1.028,1.028,0.23002421086616576,0.23002421086616576,0.6751706100479318,0.09480517908590247,6483.74855361438,cuda:0,torch
6,fmm_reference,240,481,481,0,1.03,1.03,0.22707642832840655,0.22707642832840655,0.6782602283753747,0.09466334329621875,6476.102833886269,cuda:0,torch
6,fmm_reference,240,481,481,0,1.032,1.032,0.2241623716862582,0.2241623716862582,0.6813253835045698,0.09451224480917197,6468.434394363669,cuda:0,torch
6,fmm_reference,240,481,481,0,1.034,1.034,0.22128139246285242,0.22128139246285242,0.6843660787390674,0.09435252879808018,6460.741726832785,cuda:0,torch
6,fmm_reference,240,481,481,0,1.036,1.036,0.21843307716876328,0.21843307716876328,0.6873821290983031,0.09418479373293362,6453.022352075707,cuda:0,torch
6,fmm_reference,240,481,481,0,1.038,1.038,0.2156171842258867,0.2156171842258867,0.6903732176730625,0.09400959810105083,6445.272616746617,cuda:0,torch
6,fmm_reference,240,481,481,0,1.04,1.04,0.21283359677934655,0.21283359677934655,0.6933389376187414,0.09382746560191202,6437.487419981852,cuda:0,torch
6,fmm_reference,240,481,481,0,1.042,1.042,0.21008228688621977,0.21008228688621977,0.6962788238917277,0.09363888922205255,6429.659842900401,cuda:0,torch
6,fmm_reference,240,481,481,0,1.044,1.044,0.20736328811653487,0.20736328811653487,0.6991923774407498,0.09344433444271533,6421.780642840708,cuda:0,torch
6,fmm_reference,240,481,481,0,1.046,1.046,0.20467667452345426,0.20467667452345426,0.7020790837217954,0.09324424175475035,6413.8375567550565,cuda:0,torch
6,fmm_reference,240,481,481,0,1.048,1.048,0.20202254437935022,0.20202254437935022,0.7049384268020112,0.09303902881863854,6413.585785502335,cuda:0,torch
6,fmm_reference,240,481,481,0,1.05,1.05,0.19940100759447593,0.19940100759447593,0.7077699002404922,0.09282909216503182,6420.040371446915,cuda:0,torch
