figure,method,modes,harmonics,eigen_dimension,quadrature_actual,wavelength,evaluation_wavelength,T0,T,R,A,max_boundary_condition,device,backend
7,fmm,12,25,25,0,0.95,0.95,0.09986807964212988,0.35506242445348074,0.5507664399363166,0.09417113561020268,3751.130679863207,cuda:0,torch
7,fmm,12,25,25,0,0.9504166666666666,0.9504166666666666,0.09963527621970797,0.35422893710086034,0.5516227569301466,0.09414830596899304,3752.421460449362,cuda:0,torch
7,fmm,12,25,25,0,0.9508333333333333,0.9508333333333333,0.09940222552819764,0.3533902955713074,0.5524830463392336,0.09412665808945897,3753.72706866697,cuda:0,torch
7,fmm,12,25,25,0,0.9512499999999999,0.9512499999999999,0.099168928720231,0.35254642514941437,0.5533473669843536,0.09410620786623203,3755.0470928133554,cuda:0,torch
7,fmm,12,25,25,0,0.9516666666666667,0.9516666666666667,0.09893538706191334,0.35169724956643034,0.5542157787349998,0.09408697169856983,3756.3811094936013,cuda:0,torch
7,fmm,12,25,25,0,0.9520833333333333,0.9520833333333333,0.09870160193878301,0.35084269095755316,0.5550883425331239,0.09406896650932295,3757.728682748019,cuda:0,torch
7,fmm,12,25,25,0,0.9524999999999999,0.9524999999999999,0.09846757486202871,0.34998266981750836,0.5559651204175784,0.09405220976491324,3759.089363219275,cuda:0,torch
7,fmm,12,25,25,0,0.9529166666666666,0.9529166666666666,0.09823330747504477,0.34911710495452275,0.5568461755490671,0.09403671949641013,3760.4626873557613,cuda:0,torch
7,fmm,12,25,25,0,0.9533333333333333,0.9533333333333333,0.09799880156042476,0.34824591344293865,0.5577315722357623,0.09402251432129904,3761.848176656964,cuda:0,torch
7,fmm,12,25,25,0,0.95375,0.95375,0.09776405904724637,0.34736901057377,0.558621375959575,0.09400961346665504,3763.245336962382,cuda:0,torch
7,fmm,12,25,25,0,0.9541666666666666,0.9541666666666666,0.0975290820188231,0.3464863098036882,0.5595156534030543,0.09399803679325747,3764.6536577773886,cuda:0,torch
7,fmm,12,25,25,0,0.9545833333333333,0.9545833333333333,0.09729387272088165,0.34559772270208644,0.5604144724769182,0.09398780482099534,3766.072611650656,cuda:0,torch
7,fmm,12,25,25,0,0.955,0.955,0.09705843357018919,0.34470315889615377,0.5613179023482852,0.09397893875556107,3767.5016535882983,cuda:0,torch
7,fmm,12,25,25,0,0.9554166666666666,0.9554166666666666,0.09682276716370543,0.3438025260140259,0.5622260134695976,0.09397146051637656,3768.9402205166425,cuda:0,torch
7,fmm,12,25,25,0,0.9558333333333333,0.9558333333333333,0.09658687628822638,0.3428957296256644,0.5631388776081478,0.09396539276618776,3770.3877307860807,cuda:0,torch
7,fmm,12,25,25,0,0.9562499999999999,0.9562499999999999,0.09635076393059278,0.3419826731815386,0.5640565678764335,0.09396075894202788,3771.8435837237407,cuda:0,torch
7,fmm,12,25,25,0,0.9566666666666667,0.9566666666666667,0.09611443328856663,0.34106325794921794,0.5649791587630653,0.0939575832877168,3773.3071592267106,cuda:0,torch
7,fmm,12,25,25,0,0.9570833333333333,0.9570833333333333,0.09587788778223513,0.34013738294712104,0.565906726164495,0.09395589088838396,3774.7778174020636,cuda:0,torch
7,fmm,12,25,25,0,0.9575,0.9575,0.09564113106618943,0.33920494487606256,0.5668393474173956,0.09395570770654182,3776.254898251202,cuda:0,torch
7,fmm,12,25,25,0,0.9579166666666666,0.9579166666666666,0.09540416704240577,0.3382658380480121,0.5677771013317432,0.09395706062024473,3777.737721398091,cuda:0,torch
7,fmm,12,25,25,0,0.9583333333333333,0.9583333333333333,0.09516699987389159,0.33731995431202394,0.5687200682246674,0.0939599774633087,3779.225585863525,cuda:0,torch
7,fmm,12,25,25,0,0.95875,0.95875,0.09492963399919904,0.336367182977335,0.5696683299549304,0.09396448706773458,3780.7177698815813,cuda:0,torch
7,fmm,12,25,25,0,0.9591666666666666,0.9591666666666666,0.09469207414781106,0.3354074107333321,0.570621969958175,0.09397061930849288,3782.21353076622,cuda:0,torch
7,fmm,12,25,25,0,0.9595833333333333,0.9595833333333333,0.09445432535649942,0.3344405215663521,0.571581073282816,0.09397840515083183,3783.7121048158647,cuda:0,torch
7,fmm,12,25,25,0,0.96,0.96,0.09421639298671006,0.33346639667310174,0.5725457266266412,0.0939878767002571,3785.212707271853,cuda:0,torch
7,fmm,12,25,25,0,0.9604166666666666,0.9604166666666666,0.09397828274305021,0.33248491437055183,0.5735160183740449,0.0939990672554033,3786.7145323167097,cuda:0,torch
7,fmm,12,25,25,0,0.9608333333333333,0.9608333333333333,0.09374000069296438,0.3314959500021307,0.5744920386339234,0.09401201136394588,3788.2167531253863,cuda:0,torch
7,fmm,12,25,25,0,0.9612499999999999,0.9612499999999999,0.09350155328767495,0.3304993758400082,0.5754738792781623,0.0940267448818295,3789.7185219579264,cuda:0,torch
7,fmm,12,25,25,0,0.9616666666666667,0.9616666666666667,0.09326294738450817,0.32949506098334497,0.5764616339807225,0.09404330503593256,3791.218970309967,cuda:0,torch
7,fmm,12,25,25,0,0.9620833333333333,0.9620833333333333,0.09302419027068479,0.3284828712522406,0.5774553982572256,0.09406173049053379,3792.717209103392,cuda:0,torch
7,fmm,12,25,25,0,0.9624999999999999,0.9624999999999999,0.09278528968868205,0.3274626690770986,0.5784552695050424,0.09408206141785896,3794.2123289389797,cuda:0,torch
7,fmm,12,25,25,0,0.9629166666666666,0.9629166666666666,0.09254625386332466,0.32643431338335815,0.5794613470438424,0.0941043395727994,3795.7034003932395,cuda:0,torch
7,fmm,12,25,25,0,0.9633333333333333,0.9633333333333333,0.09230709153070175,0.3253976594711544,0.5804737321564016,0.09412860837244397,3797.189474376855,cuda:0,torch
7,fmm,12,25,25,0,0.96375,0.96375,0.09206781196909673,0.32435255888984704,0.5814925281297882,0.09415491298036471,3798.6695825437005,cuda:0,torch
7,fmm,12,25,25,0,0.9641666666666666,0.9641666666666666,0.09182842503200864,0.3232988593068227,0.5825178402966779,0.09418330039649947,3800.1427377636046,cuda:0,torch
7,fmm,12,25,25,0,0.9645833333333333,0.9645833333333333,0.09158894118355262,0.3222364043706886,0.583549776076722,0.0942138195525894,3801.607934649278,cuda:0,torch
7,fmm,12,25,25,0,0.965,0.965,0.09134937153633448,0.3211650335682341,0.5845884450178933,0.09424652141387257,3803.064150147258,cuda:0,torch
7,fmm,12,25,25,0,0.9654166666666666,0.9654166666666666,0.09110972789203299,0.3200845820748872,0.5856339588375913,0.0942814590875215,3804.510344195354,cuda:0,torch
7,fmm,12,25,25,0,0.9658333333333333,0.9658333333333333,0.0908700227849481,0.31899488059844416,0.5866864314634002,0.09431868793815568,3805.9454604404855,cuda:0,torch
7,fmm,12,25,25,0,0.9662499999999999,0.9662499999999999,0.09063026952872665,0.3178957552155772,0.5877459790732437,0.09435826571117911,3807.36842702696,cuda:0,torch
7,fmm,12,25,25,0,0.9666666666666667,0.9666666666666667,0.09039048226653099,0.31678702720066926,0.5888127201347627,0.09440025266456803,3808.778157449365,cuda:0,torch
7,fmm,12,25,25,0,0.9670833333333333,0.9670833333333333,0.09015067602500158,0.3156685128467527,0.5898867754436417,0.09444471170960567,3810.1735514823336,cuda:0,torch
7,fmm,12,25,25,0,0.9675,0.9675,0.08991086677227002,0.3145400232778437,0.5909682681605858,0.09449170856157052,3811.553496176485,cuda:0,torch
7,fmm,12,25,25,0,0.9679166666666666,0.9679166666666666,0.089671071480466,0.3134013642524532,0.592057323846593,0.09454131190095377,3812.916866927113,cuda:0,torch
7,fmm,12,25,25,0,0.9683333333333333,0.9683333333333333,0.08943130819302235,0.31225233595746554,0.5931540704962319,0.09459359354630253,3814.2625286219754,cuda:0,torch
7,fmm,12,25,25,0,0.96875,0.96875,0.08919159609731844,0.3110927327921403,0.5942586385683373,0.09464862863952245,3815.589336857353,cuda:0,torch
7,fmm,12,25,25,0,0.9691666666666666,0.9691666666666666,0.08895195560304496,0.3099223431413296,0.5953711610137715,0.09470649584489887,3816.896139233312,cuda:0,torch
7,fmm,12,25,25,0,0.9695833333333334,0.9695833333333334,0.08871240842692901,0.3087409491376132,0.596491773299601,0.0947672775627858,3818.181776723379,cuda:0,torch
7,fmm,12,25,25,0,0.97,0.97,0.0884729776843322,0.3075483264114107,0.5976206134290746,0.0948310601595147,3819.4450851152815,cuda:0,torch
7,fmm,12,25,25,0,0.9704166666666666,0.9704166666666666,0.08823368798841119,0.30634424382843906,0.5987578219566534,0.09489793421490755,3820.6848965327704,cuda:0,torch
7,fmm,12,25,25,0,0.9708333333333333,0.9708333333333333,0.08799456555759204,0.30512846321384096,0.5999035419972534,0.09496799478890566,3821.9000410246435,cuda:0,torch
7,fmm,12,25,25,0,0.97125,0.97125,0.08775563833213702,0.3039007390620211,0.6010579192287555,0.0950413417092234,3823.0893482259007,cuda:0,torch
7,fmm,12,25,25,0,0.9716666666666667,0.9716666666666667,0.08751693610071538,0.30266081823134516,0.6022211018866783,0.09511807988197651,3824.251649089945,cuda:0,torch
7,fmm,12,25,25,0,0.9720833333333333,0.9720833333333333,0.08727849063801899,0.30140843962285596,0.6033932407497897,0.09519831962735431,3825.38577769089,cuda:0,torch
7,fmm,12,25,25,0,0.9724999999999999,0.9724999999999999,0.08704033585448179,0.30014333384178726,0.6045744891152196,0.09528217704299313,3826.4905730779888,cuda:0,torch
7,fmm,12,25,25,0,0.9729166666666667,0.9729166666666667,0.08680250795945885,0.29886522284109285,0.6057650027613933,0.09536977439751382,3827.564881204041,cuda:0,torch
7,fmm,12,25,25,0,0.9733333333333333,0.9733333333333333,0.0865650456391481,0.29757381954543116,0.6069649398971173,0.09546124055745153,3828.6075569010395,cuda:0,torch
7,fmm,12,25,25,0,0.97375,0.97375,0.08632799025096091,0.2962688274547429,0.6081744610944444,0.09555671145081268,3829.6174659089943,cuda:0,torch
7,fmm,12,25,25,0,0.9741666666666666,0.9741666666666666,0.08609138603602944,0.2949499402258337,0.6093937292030559,0.09565633057111039,3830.5934869527314,cuda:0,torch
7,fmm,12,25,25,0,0.9745833333333334,0.9745833333333334,0.08585528035186153,0.2936168412305159,0.6106229092433703,0.09576024952611384,3831.5345138547914,cuda:0,torch
7,fmm,12,25,25,0,0.975,0.975,0.08561972392744575,0.2922692030889774,0.6118621682751104,0.09586862863591217,3832.4394576863565,cuda:0,torch
7,fmm,12,25,25,0,0.9754166666666666,0.9754166666666666,0.08538477114327572,0.2909066871764462,0.6131116752377341,0.09598163758581968,3833.307248944416,cuda:0,torch
7,fmm,12,25,25,0,0.9758333333333333,0.9758333333333333,0.08515048033920807,0.28952894310149246,0.6143716007584494,0.0960994561400581,3834.1368397449305,cuda:0,torch
7,fmm,12,25,25,0,0.97625,0.97625,0.08491691415338931,0.2881356081539862,0.6156421169231342,0.0962222749228796,3834.927206035977,cuda:0,torch
7,fmm,12,25,25,0,0.9766666666666667,0.9766666666666667,0.08468413989601103,0.2867263067208094,0.6169233970042383,0.09635029627495234,3835.67734980688,cuda:0,torch
7,fmm,12,25,25,0,0.9770833333333333,0.9770833333333333,0.08445222996197758,0.2853006496667081,0.6182156151396994,0.09648373519359255,3836.3863012986394,cuda:0,torch
7,fmm,12,25,25,0,0.9775,0.9775,0.08422126228743017,0.283858233678346,0.6195189459549499,0.09662282036670405,3837.053121199941,cuda:0,torch
7,fmm,12,25,25,0,0.9779166666666667,0.9779166666666667,0.08399132085550988,0.2823986405686512,0.6208335641197226,0.09676779531162621,3837.6769028210674,cuda:0,torch
7,fmm,12,25,25,0,0.9783333333333333,0.9783333333333333,0.08376249625767603,0.280921436538804,0.6221596438295193,0.0969189196316767,3838.256774234937,cuda:0,torch
7,fmm,12,25,25,0,0.97875,0.97875,0.0835348863178018,0.27942617139490705,0.6234973582001506,0.09707647040494233,3838.791900382793,cuda:0,torch
7,fmm,12,25,25,0,0.9791666666666666,0.9791666666666666,0.08330859678731577,0.2779123777160871,0.6248468785618125,0.09724074372210034,3839.2814851231415,cuda:0,torch
7,fmm,12,25,25,0,0.9795833333333334,0.9795833333333334,0.08308374212097004,0.276379569970578,0.6262083736370443,0.09741205639237771,3839.7247732257106,cuda:0,torch
7,fmm,12,25,25,0,0.98,0.98,0.08286044634436424,0.27482724357634897,0.6275820085839547,0.09759074783969629,3840.121052296691,cuda:0,torch
7,fmm,12,25,25,0,0.9804166666666666,0.9804166666666666,0.08263884402591547,0.273254873901827,0.6289679438833897,0.09777718221478326,3840.469654618851,cuda:0,torch
7,fmm,12,25,25,0,0.9808333333333333,0.9808333333333333,0.08241908136841529,0.2716619152032604,0.6303663340445348,0.09797175075220482,3840.769958911968,cuda:0,torch
7,fmm,12,25,25,0,0.98125,0.98125,0.08220131743737646,0.2700477994935167,0.6317773260992401,0.0981748744072432,3841.021391990229,cuda:0,torch
7,fmm,12,25,25,0,0.9816666666666667,0.9816666666666667,0.08198572554669967,0.2684119353381718,0.6332010578500045,0.09838700681182372,3841.2234303137366,cuda:0,torch
7,fmm,12,25,25,0,0.9820833333333333,0.9820833333333333,0.08177249482547679,0.2667537065735669,0.634637655829912,0.09860863759652105,3841.375601428008,cuda:0,torch
7,fmm,12,25,25,0,0.9824999999999999,0.9824999999999999,0.08156183199410329,0.26507247094171804,0.6360872329253977,0.09884029613288425,3841.4774852734145,cuda:0,torch
7,fmm,12,25,25,0,0.9829166666666667,0.9829166666666667,0.08135396338294304,0.2633675586365965,0.6375498856030481,0.09908255576035535,3841.5287153709005,cuda:0,torch
7,fmm,12,25,25,0,0.9833333333333333,0.9833333333333333,0.08114913723299512,0.2616382707562681,0.6390256906705689,0.09933603857316298,3841.5289798608505,cuda:0,torch
7,fmm,12,25,25,0,0.98375,0.98375,0.08094762632538141,0.2598838776548875,0.6405147014881296,0.09960142085698287,3841.478022403025,cuda:0,torch
7,fmm,12,25,25,0,0.9841666666666666,0.9841666666666666,0.0807497309958141,0.25810361718922825,0.6420169435293229,0.09987943928144882,3841.3756429169275,cuda:0,torch
7,fmm,12,25,25,0,0.9845833333333334,0.9845833333333334,0.08055578260116014,0.2562966928538899,0.6435324091705077,0.10017089797560241,3841.221698171399,cuda:0,torch
7,fmm,12,25,25,0,0.985,0.985,0.08036614751910233,0.2544622718001069,0.6450610515614946,0.10047667663839849,3841.0161022057423,cuda:0,torch
7,fmm,12,25,25,0,0.9854166666666666,0.9854166666666666,0.08018123177889379,0.25259948273369937,0.6466027773990288,0.10079773986727181,3840.7588265877675,cuda:0,torch
7,fmm,12,25,25,0,0.9858333333333333,0.9858333333333333,0.0800014864423098,0.2507074136887336,0.6481574383851132,0.10113514792615319,3840.449900501256,cuda:0,torch
7,fmm,12,25,25,0,0.98625,0.98625,0.07982741388034113,0.24878510967510203,0.6497248211028341,0.10149006922206383,3840.0894106603937,cuda:0,torch
7,fmm,12,25,25,0,0.9866666666666667,0.9866666666666667,0.07965957512439924,0.2468315702007256,0.6513046349804019,0.10186379481887248,3839.677501053582,cuda:0,torch
7,fmm,12,25,25,0,0.9870833333333333,0.9870833333333333,0.0794985985128189,0.2448457466725892,0.6528964979355378,0.10225775539187296,3839.214372512277,cuda:0,torch
7,fmm,12,25,25,0,0.9875,0.9875,0.07934518990692613,0.24282653968566908,0.6544999191923546,0.1026735411219763,3838.7002821127912,cuda:0,torch
7,fmm,12,25,25,0,0.9879166666666667,0.9879166666666667,0.07920014481957173,0.2407727962160841,0.6561142786347691,0.10311292514914677,3838.1355424018475,cuda:0,torch
7,fmm,12,25,25,0,0.9883333333333333,0.9883333333333333,0.07906436288746065,0.23868330674409027,0.6577388018951079,0.10357789136080181,3837.520520462977,cuda:0,torch
7,fmm,12,25,25,0,0.98875,0.98875,0.07893886523399045,0.23655680234668808,0.6593725301613911,0.10407066749192084,3836.855636817718,cuda:0,torch
7,fmm,12,25,25,0,0.9891666666666666,0.9891666666666666,0.07882481542030269,0.23439195181790343,0.661014283405267,0.10459376477682955,3836.141364174515,cuda:0,torch
7,fmm,12,25,25,0,0.9895833333333334,0.9895833333333334,0.07872354488251347,0.23218735890162717,0.6626626153598946,0.10515002573847826,3835.378226024017,cuda:0,torch
7,fmm,12,25,25,0,0.99,0.99,0.07863658402035859,0.22994155975831856,0.6643157580805962,0.10574268216108526,3834.5667951003866,cuda:0,torch
7,fmm,12,25,25,0,0.9904166666666666,0.9904166666666666,0.07856570046330402,0.22765302083822037,0.665971553252611,0.1063754259091686,3833.7076917042227,cuda:0,torch
7,fmm,12,25,25,0,0.9908333333333333,0.9908333333333333,0.07851294653261108,0.2253201374063884,0.6676273664999324,0.10705249609367923,3832.801581908202,cuda:0,torch
7,fmm,12,25,25,0,0.99125,0.99125,0.07848071859744879,0.2229412330671257,0.6692799796977223,0.10777878723515194,3831.8491756468034,cuda:0,torch
7,fmm,12,25,25,0,0.9916666666666667,0.9916666666666667,0.07847183197343087,0.22051456078191564,0.6709254545459336,0.1085599846721508,3830.851224709034,cuda:0,torch
7,fmm,12,25,25,0,0.9920833333333333,0.9920833333333333,0.07848961635898935,0.2180383060858701,0.6725589581994776,0.10940273571465225,3829.8085206411583,cuda:0,torch
7,fmm,12,25,25,0,0.9924999999999999,0.9924999999999999,0.07853803874316385,0.21551059351443125,0.6741745382222941,0.11031486826327463,3828.721892568882,cuda:0,torch
7,fmm,12,25,25,0,0.9929166666666667,0.9929166666666667,0.07862186355359653,0.21292949770396058,0.675764828998224,0.11130567329781543,3827.592204965307,cuda:0,torch
7,fmm,12,25,25,0,0.9933333333333333,0.9933333333333333,0.07874686403629093,0.21029306130389008,0.6773206641251001,0.11238627457100986,3826.4203553543434,cuda:0,torch
7,fmm,12,25,25,0,0.99375,0.99375,0.07892010527527549,0.20759932285936175,0.6788305578300342,0.11357011931060404,3825.2072719877765,cuda:0,torch
7,fmm,12,25,25,0,0.9941666666666666,0.9941666666666666,0.07915032922899103,0.2048463593965019,0.6802800007111716,0.11487363989232655,3823.9539114885697,cuda:0,torch
7,fmm,12,25,25,0,0.9945833333333334,0.9945833333333334,0.07944848803790466,0.20203235091504268,0.6816504870684572,0.11631716201650011,3822.6612564821,cuda:0,torch
7,fmm,12,25,25,0,0.995,0.995,0.07982849786476111,0.19915567796441097,0.6829181455064846,0.11792617652910448,3821.330313226062,cuda:0,torch
7,fmm,12,25,25,0,0.9954166666666666,0.9954166666666666,0.08030832950693363,0.19621507002444674,0.6840517680634743,0.11973316191207892,3819.962109251412,cuda:0,torch
7,fmm,12,25,25,0,0.9958333333333333,0.9958333333333333,0.08091162915638074,0.1932098335178491,0.6850099002817115,0.12178026620043941,3818.557691023393,cuda:0,torch
7,fmm,12,25,25,0,0.99625,0.99625,0.08167020384639426,0.19014020778388782,0.6857364139255346,0.12412337829057754,3817.11812162989,cuda:0,torch
7,fmm,12,25,25,0,0.9966666666666667,0.9966666666666667,0.0826279776992228,0.18700793299043506,0.6861535259125922,0.1268385410969728,3815.6444785165295,cuda:0,torch
7,fmm,12,25,25,0,0.9970833333333333,0.9970833333333333,0.08384757975565157,0.18381718232453328,0.686150302165317,0.1300325155101497,3814.1378512676565,cuda:0,torch
7,fmm,12,25,25,0,0.9975,0.9975,0.08542194289457776,0.1805761497488269,0.6855626786322765,0.1338611716188966,3812.599339444542,cuda:0,torch
7,fmm,12,25,25,0,0.9979166666666667,0.9979166666666667,0.08749622826141572,0.17729988812555222,0.6841362665558146,0.13856384531863317,3811.030050490065,cuda:0,torch
7,fmm,12,25,25,0,0.9983333333333333,0.9983333333333333,0.09031335245823027,0.17401571933736154,0.681450477107282,0.14453380355535644,3809.4310977010537,cuda:0,torch
7,fmm,12,25,25,0,0.99875,0.99875,0.09432183256911011,0.17077450404338873,0.6767425172910455,0.15248297866556576,3807.8035982772262,cuda:0,torch
7,fmm,12,25,25,0,0.9991666666666666,0.9991666666666666,0.10048830232032539,0.1676773639054629,0.6684100697287425,0.1639125663657946,3806.1486714558287,cuda:0,torch
7,fmm,12,25,25,0,0.9995833333333334,0.9995833333333334,0.11160422227205154,0.16495351216692705,0.6519975910429192,0.18304889679015374,3804.4674367202556,cuda:0,torch
7,fmm,12,25,25,0,1.0,1.000000000001,0.16290117133772256,0.16290117133772256,0.5762835872164925,0.26081524144578494,3802.76101210001,cuda:0,torch
7,fmm,12,25,25,0,1.0004166666666667,1.0004166666666667,0.32029154883625555,0.32029154883625555,0.32084222239939825,0.35886622876434615,3801.0305125760415,cuda:0,torch
7,fmm,12,25,25,0,1.0008333333333332,1.0008333333333332,0.3938703330693813,0.3938703330693813,0.1997153881951462,0.4064142787354725,3799.2770485249025,cuda:0,torch
7,fmm,12,25,25,0,1.00125,1.00125,0.44306333398010517,0.44306333398010517,0.11722807105605093,0.4397085949638439,3797.501724322618,cuda:0,torch
7,fmm,12,25,25,0,1.0016666666666667,1.0016666666666667,0.473524753577513,0.47352475357751306,0.06456280165148187,0.46191244477100507,3795.7056369844754,cuda:0,torch
7,fmm,12,25,25,0,1.0020833333333334,1.0020833333333334,0.48869491224099654,0.4886949122409966,0.03643861481503994,0.47486647294396345,3793.8898749207888,cuda:0,torch
7,fmm,12,25,25,0,1.0025,1.0025,0.49169692756451283,0.49169692756451294,0.028029149787100076,0.48027392264838703,3792.055516768377,cuda:0,torch
7,fmm,12,25,25,0,1.0029166666666667,1.0029166666666667,0.48545801886390716,0.48545801886390727,0.0347594421872723,0.4797825389488204,3790.2036303187056,cuda:0,torch
7,fmm,12,25,25,0,1.0033333333333334,1.0033333333333334,0.47257668681299997,0.4725766868130001,0.052525295234171016,0.4748980179528289,3788.335271518053,cuda:0,torch
7,fmm,12,25,25,0,1.00375,1.00375,0.45522144907512463,0.45522144907512474,0.07786863767627276,0.46690991324860254,3786.4514835655896,cuda:0,torch
7,fmm,12,25,25,0,1.0041666666666667,1.0041666666666667,0.43510641132156935,0.43510641132156946,0.10803061636218433,0.4568629723162462,3784.5532960740466,cuda:0,torch
7,fmm,12,25,25,0,1.0045833333333334,1.0045833333333334,0.41352533874540337,0.4135253387454035,0.14090883866582815,0.44556582258876837,3782.6417243221645,cuda:0,torch
7,fmm,12,25,25,0,1.005,1.005,0.39141569855497377,0.3914156985549739,0.1749635192784075,0.43362078216661865,3780.717768565451,cuda:0,torch
7,fmm,12,25,25,0,1.0054166666666666,1.0054166666666666,0.3694306903589039,0.369430690358904,0.2091079166210659,0.4214613930200301,3778.782413429355,cuda:0,torch
7,fmm,12,25,25,0,1.0058333333333334,1.0058333333333334,0.3480064929429469,0.348006492942947,0.24260413101345468,0.4093893760435983,3776.836627364309,cuda:0,torch
7,fmm,12,25,25,0,1.00625,1.00625,0.32741910780835803,0.32741910780835815,0.27497393916200297,0.3976069530296389,3774.881362159955,cuda:0,torch
7,fmm,12,25,25,0,1.0066666666666666,1.0066666666666666,0.30782954314772537,0.3078295431477255,0.3059272435348637,0.38624321331741085,3772.917552528247,cuda:0,torch
7,fmm,12,25,25,0,1.0070833333333333,1.0070833333333333,0.2893182776810699,0.28931827768107,0.33530704999400157,0.3753746723249284,3770.94611573466,cuda:0,torch
7,fmm,12,25,25,0,1.0075,1.0075,0.2719107872410963,0.2719107872410964,0.3630484021083021,0.36504081065060157,3768.967951286066,cuda:0,torch
7,fmm,12,25,25,0,1.0079166666666666,1.0079166666666666,0.25559603855993157,0.2555960385599317,0.3891484031250756,0.3552555583149927,3926.058283947159,cuda:0,torch
7,fmm,12,25,25,0,1.0083333333333333,1.0083333333333333,0.24033965135502963,0.24033965135502974,0.41364471040773,0.34601563823724024,4225.972744757239,cuda:0,torch
7,fmm,12,25,25,0,1.00875,1.00875,0.22609312001189602,0.22609312001189613,0.4366003360529471,0.33730654393515674,4555.40381810008,cuda:0,torch
7,fmm,12,25,25,0,1.0091666666666668,1.0091666666666668,0.2128001757805811,0.21280017578058122,0.45809305485033874,0.32910676936908,4911.642973089129,cuda:0,torch
7,fmm,12,25,25,0,1.0095833333333333,1.0095833333333333,0.2004011022693493,0.2004011022693494,0.47820813237994864,0.321390765350702,5286.716539452777,cuda:0,torch
7,fmm,12,25,25,0,1.01,1.01,0.18883560218008802,0.18883560218008813,0.4970334199106249,0.314130977909287,5664.655983638682,cuda:0,torch
7,fmm,12,25,25,0,1.0104166666666667,1.0104166666666667,0.17804464853518306,0.17804464853518318,0.514656121035184,0.3072992304296328,6019.280910962209,cuda:0,torch
7,fmm,12,25,25,0,1.0108333333333333,1.0108333333333333,0.1679716308876139,0.16797163088761402,0.5311607288959267,0.3008676402164593,6314.815142306209,cuda:0,torch
7,fmm,12,25,25,0,1.01125,1.01125,0.15856301718942162,0.15856301718942173,0.5466277756456488,0.2948092071649295,6512.205636349091,cuda:0,torch
7,fmm,12,25,25,0,1.0116666666666667,1.0116666666666667,0.14976868710717023,0.14976868710717034,0.561133139546842,0.2890981733459877,6581.402982981903,cuda:0,torch
7,fmm,12,25,25,0,1.0120833333333334,1.0120833333333334,0.14154204611139562,0.14154204611139573,0.5747477298193121,0.28371022406929214,6513.832911460902,cuda:0,torch
7,fmm,12,25,25,0,1.0125,1.0125,0.1338399966068547,0.1338399966068548,0.587537422798348,0.2786225805947972,6326.084822856676,cuda:0,torch
7,fmm,12,25,25,0,1.0129166666666667,1.0129166666666667,0.126622818961616,0.12662281896161612,0.5995631610202189,0.273814020018165,6051.887724473822,cuda:0,torch
7,fmm,12,25,25,0,1.0133333333333334,1.0133333333333334,0.11985399877807985,0.11985399877807994,0.6108811538591326,0.2692648473627875,5728.923248513863,cuda:0,torch
7,fmm,12,25,25,0,1.01375,1.01375,0.11350002514090385,0.11350002514090393,0.6215431374352328,0.2649568374238632,5388.8674597896315,cuda:0,torch
7,fmm,12,25,25,0,1.0141666666666667,1.0141666666666667,0.10753017644491973,0.10753017644491981,0.6315966649849637,0.2608731585701165,5053.648401863726,cuda:0,torch
7,fmm,12,25,25,0,1.0145833333333334,1.0145833333333334,0.10191630473200605,0.10191630473200614,0.6410854083533989,0.256998286914595,4736.143216348333,cuda:0,torch
7,fmm,12,25,25,0,1.0150000000000001,1.0150000000000001,0.09663262552767475,0.09663262552767483,0.650049457896018,0.2533179165763072,4442.580827048655,cuda:0,torch
7,fmm,12,25,25,0,1.0154166666666666,1.0154166666666666,0.09165551745079781,0.09165551745079789,0.6585256127000751,0.24981886984912696,4174.955236463082,cuda:0,torch
7,fmm,12,25,25,0,1.0158333333333334,1.0158333333333334,0.08696333401242835,0.08696333401242844,0.6665476562292688,0.24648900975830274,3932.8436053347705,cuda:0,torch
7,fmm,12,25,25,0,1.01625,1.01625,0.08253622876506334,0.08253622876506342,0.6741466146894342,0.24331715654550243,3727.269487681765,cuda:0,torch
7,fmm,12,25,25,0,1.0166666666666666,1.0166666666666666,0.07835599412996619,0.07835599412996627,0.6813509968968194,0.2402930089732143,3725.333546493359,cuda:0,torch
7,fmm,12,25,25,0,1.0170833333333333,1.0170833333333333,0.07440591369039955,0.07440591369039963,0.6881870154181963,0.23740707089140412,3723.406489426841,cuda:0,torch
7,fmm,12,25,25,0,1.0175,1.0175,0.07067062740261831,0.0706706274026184,0.694678789390613,0.2346505832067686,3721.4887813416117,cuda:0,torch
7,fmm,12,25,25,0,1.0179166666666666,1.0179166666666666,0.06713600897897076,0.06713600897897085,0.7008485298260915,0.23201546119493768,3719.5808704177302,cuda:0,torch
7,fmm,12,25,25,0,1.0183333333333333,1.0183333333333333,0.06378905459641696,0.06378905459641704,0.7067167084373679,0.22949423696621507,3717.683188299852,cuda:0,torch
7,fmm,12,25,25,0,1.01875,1.01875,0.06061778204539937,0.06061778204539945,0.7123022111350299,0.22708000681957066,3715.796150239691,cuda:0,torch
7,fmm,12,25,25,0,1.0191666666666668,1.0191666666666668,0.05761113943716443,0.05761113943716451,0.7176224773895347,0.22476638317330083,3713.920155231503,cuda:0,torch
7,fmm,12,25,25,0,1.0195833333333333,1.0195833333333333,0.054758922618195136,0.05475892261819522,0.7226936266363797,0.2225474507454251,3712.055586134177,cuda:0,torch
7,fmm,12,25,25,0,1.02,1.02,0.05205170048561303,0.05205170048561311,0.7275305728636557,0.22041772665073114,3710.202809793277,cuda:0,torch
7,fmm,12,25,25,0,1.0204166666666667,1.0204166666666667,0.049480747452023896,0.04948074745202398,0.7321471284572159,0.21837212409076018,3708.3621771497565,cuda:0,torch
7,fmm,12,25,25,0,1.0208333333333333,1.0208333333333333,0.04703798236628868,0.04703798236628876,0.7365560983081132,0.21640591932559805,3706.5340233368356,cuda:0,torch
7,fmm,12,25,25,0,1.02125,1.02125,0.04471591325540951,0.04471591325540959,0.7407693651080166,0.2145147216365738,3704.718667769873,cuda:0,torch
7,fmm,12,25,25,0,1.0216666666666667,1.0216666666666667,0.04250758730985841,0.04250758730985849,0.7447979666837768,0.21269444600636467,3702.9164142241175,cuda:0,torch
7,fmm,12,25,25,0,1.0220833333333332,1.0220833333333332,0.04040654558891895,0.040406545588919034,0.7486521661446147,0.21094128826646624,3701.127550900792,cuda:0,torch
7,fmm,12,25,25,0,1.0225,1.0225,0.03840678197351165,0.03840678197351173,0.7523415155461931,0.20925170248029518,3699.3523504812674,cuda:0,torch
7,fmm,12,25,25,0,1.0229166666666667,1.0229166666666667,0.036502705940941585,0.03650270594094167,0.7558749137069287,0.2076223803521296,3697.591070171615,cuda:0,torch
7,fmm,12,25,25,0,1.0233333333333334,1.0233333333333334,0.03468910877890876,0.03468910877890884,0.7592606587512943,0.2060502324697968,3695.8439517311053,cuda:0,torch
7,fmm,12,25,25,0,1.02375,1.02375,0.03296113289540494,0.032961132895405025,0.7625064958974361,0.20453237120715884,3694.1112214957793,cuda:0,torch
7,fmm,12,25,25,0,1.0241666666666667,1.0241666666666667,0.03131424391639874,0.031314243916398816,0.7656196609542947,0.2030660951293065,3692.393090379847,cuda:0,torch
7,fmm,12,25,25,0,1.0245833333333334,1.0245833333333334,0.02974420529523159,0.029744205295231665,0.7686069199470675,0.2016488747577008,3690.689753877702,cuda:0,torch
7,fmm,12,25,25,0,1.025,1.025,0.028247055186314596,0.028247055186314672,0.7714746052469927,0.20027833956669258,3689.001392047091,cuda:0,torch
7,fmm,12,25,25,0,1.0254166666666666,1.0254166666666666,0.026819085361397786,0.026819085361397862,0.774228648542588,0.19895226609601413,3687.3281694825923,cuda:0,torch
7,fmm,12,25,25,0,1.0258333333333334,1.0258333333333334,0.02545682196988201,0.025456821969882085,0.7768746109559999,0.19766856707411806,3685.6702352856046,cuda:0,torch
7,fmm,12,25,25,0,1.02625,1.02625,0.0241570079650407,0.024157007965040778,0.7794177105772059,0.19642528145775334,3684.0277230181673,cuda:0,torch
7,fmm,12,25,25,0,1.0266666666666666,1.0266666666666666,0.0229165870366417,0.022916587036641775,0.7818628476590832,0.195220565304275,3682.40075065398,cuda:0,torch
7,fmm,12,25,25,0,1.0270833333333333,1.0270833333333333,0.021732688906705665,0.021732688906705742,0.784214627695307,0.19405268339798723,3680.78942052703,cuda:0,torch
7,fmm,12,25,25,0,1.0275,1.0275,0.020602615860015713,0.02060261586001579,0.7864773825768503,0.1929200015631339,3679.193819265369,cuda:0,torch
7,fmm,12,25,25,0,1.0279166666666666,1.0279166666666666,0.019523830393896095,0.01952383039389617,0.7886551900055175,0.1918209796005863,3677.614017737034,cuda:0,torch
7,fmm,12,25,25,0,1.0283333333333333,1.0283333333333333,0.01849394388363271,0.018493943883632787,0.7907518913245477,0.1907541647918195,3676.0500709837434,cuda:0,torch
7,fmm,12,25,25,0,1.02875,1.02875,0.017510706170263013,0.01751070617026309,0.7927711079100987,0.18971818591963815,3674.5020181642103,cuda:0,torch
7,fmm,12,25,25,0,1.0291666666666668,1.0291666666666668,0.016571995986810348,0.016571995986810424,0.7947162562528979,0.1887117477602917,3672.9698824993334,cuda:0,torch
7,fmm,12,25,25,0,1.0295833333333333,1.0295833333333333,0.015675812147406088,0.01567581214740616,0.7965905618482343,0.18773362600435956,3671.453671227415,cuda:0,torch
7,fmm,12,25,25,0,1.03,1.03,0.014820265431114504,0.014820265431114582,0.7983970719986246,0.18678266257026077,3669.9533755696716,cuda:0,torch
7,fmm,12,25,25,0,1.0304166666666668,1.0304166666666668,0.014003571099056937,0.014003571099057015,0.8001386676252842,0.1858577612756588,3668.468970712041,cuda:0,torch
7,fmm,12,25,25,0,1.0308333333333333,1.0308333333333333,0.013224041989281196,0.013224041989281274,0.8018180741743003,0.18495788383641842,3667.0004158022234,cuda:0,torch
7,fmm,12,25,25,0,1.03125,1.03125,0.012480082139237037,0.012480082139237115,0.8034378716956082,0.18408204616515467,3665.5476539759725,cuda:0,torch
7,fmm,12,25,25,0,1.0316666666666667,1.0316666666666667,0.011770180890485418,0.011770180890485494,0.8050005041655277,0.1832293149439868,3664.1106124025387,cuda:0,torch
7,fmm,12,25,25,0,1.0320833333333335,1.0320833333333335,0.011092907434574037,0.011092907434574112,0.8065082881160767,0.18239880444934922,3662.689202369358,cuda:0,torch
7,fmm,12,25,25,0,1.0325,1.0325,0.010446905762849585,0.01044690576284966,0.8079634206303301,0.18158967360682024,3661.2833193992765,cuda:0,torch
7,fmm,12,25,25,0,1.0329166666666667,1.0329166666666667,0.009830889986462733,0.009830889986462808,0.8093679867551652,0.180801123258372,3659.892843408153,cuda:0,torch
7,fmm,12,25,25,0,1.0333333333333334,1.0333333333333334,0.009243639995928072,0.009243639995928145,0.8107239663803035,0.18003239362376833,3658.5176389143617,cuda:0,torch
7,fmm,12,25,25,0,1.03375,1.03375,0.008683997432406942,0.008683997432407015,0.8120332406262537,0.17928276194133927,3657.157555294384,cuda:0,torch
7,fmm,12,25,25,0,1.0341666666666667,1.0341666666666667,0.008150861945390116,0.008150861945390189,0.8132975977814676,0.1785515402731422,3655.8124270978506,cuda:0,torch
7,fmm,12,25,25,0,1.0345833333333334,1.0345833333333334,0.0076431877137695965,0.007643187713769671,0.814518738824367,0.17783807346186334,3654.4820744262274,cuda:0,torch
7,fmm,12,25,25,0,1.0350000000000001,1.0350000000000001,0.0071599802092945945,0.007159980209294669,0.8156982825629499,0.17714173722775547,3653.1663033745012,cuda:0,torch
7,fmm,12,25,25,0,1.0354166666666667,1.0354166666666667,0.006700293183304189,0.006700293183304263,0.816837770422434,0.17646193639426175,3651.8649065493446,cuda:0,torch
7,fmm,12,25,25,0,1.0358333333333334,1.0358333333333334,0.006263225859269378,0.0062632258592694515,0.8179386709078359,0.17579810323289466,3650.57766365896,cuda:0,torch
7,fmm,12,25,25,0,1.0362500000000001,1.0362500000000001,0.005847920315221866,0.00584792031522194,0.8190023837667353,0.17514969591804277,3649.304342186584,cuda:0,torch
7,fmm,12,25,25,0,1.0366666666666666,1.0366666666666666,0.005453559041480883,0.005453559041480956,0.8200302438750339,0.17451619708348518,3648.0446981434047,cuda:0,torch
7,fmm,12,25,25,0,1.0370833333333334,1.0370833333333334,0.005079362660383383,0.005079362660383456,0.8210235248664964,0.17389711247312012,3646.7984769118975,cuda:0,torch
7,fmm,12,25,25,0,1.0375,1.0375,0.004724587795794483,0.004724587795794556,0.8219834425256484,0.1732919696785571,3645.5654141740265,cuda:0,torch
7,fmm,12,25,25,0,1.0379166666666666,1.0379166666666666,0.004388525081237274,0.004388525081237347,0.8229111579610755,0.17270031695768714,3644.3452369281817,cuda:0,torch
7,fmm,12,25,25,0,1.0383333333333333,1.0383333333333333,0.004070497296392877,0.00407049729639295,0.8238077805755785,0.1721217221280286,3643.137664595293,cuda:0,torch
7,fmm,12,25,25,0,1.03875,1.03875,0.0037698576225603077,0.0037698576225603797,0.8246743708479038,0.17155577152953577,3641.942410212932,cuda:0,torch
7,fmm,12,25,25,0,1.0391666666666668,1.0391666666666668,0.003485988008451105,0.003485988008451177,0.8255119429396772,0.1710020690518716,3640.759181709668,cuda:0,torch
7,fmm,12,25,25,0,1.0395833333333333,1.0395833333333333,0.003218297638377431,0.003218297638377503,0.8263214671400366,0.17046023522158588,3639.587683265098,cuda:0,torch
7,fmm,12,25,25,0,1.04,1.04,0.0029662214955287884,0.00296622149552886,0.8271038721593522,0.16992990634511893,3638.4276167397597,cuda:0,torch
7,fmm,12,25,25,0,1.0404166666666668,1.0404166666666668,0.0027292190136312885,0.00272921901363136,0.8278600472829083,0.16941073370346035,3637.2786831751637,cuda:0,torch
7,fmm,12,25,25,0,1.0408333333333333,1.0408333333333333,0.0025067728107865637,0.0025067728107866353,0.8285908443938996,0.16890238279531375,3636.140584351502,cuda:0,torch
7,fmm,12,25,25,0,1.04125,1.04125,0.0022983874997950936,0.002298387499795165,0.8292970798751291,0.1684045326250757,3635.013024393224,cuda:0,torch
7,fmm,12,25,25,0,1.0416666666666667,1.0416666666666667,0.0021035885696956665,0.0021035885696957376,0.8299795363976875,0.16791687503261676,3633.8957114141767,cuda:0,torch
7,fmm,12,25,25,0,1.0420833333333333,1.0420833333333333,0.0019219213336677877,0.0019219213336678588,0.8306389646039317,0.16743911406240042,3632.788359184486,cuda:0,torch
7,fmm,12,25,25,0,1.0425,1.0425,0.001752949938803853,0.0017529499388039239,0.8312760846922866,0.16697096536890943,3631.6906888061762,cuda:0,torch
7,fmm,12,25,25,0,1.0429166666666667,1.0429166666666667,0.0015962564336092216,0.0015962564336092922,0.8318915879100607,0.16651215565633,3630.6024303889203,cuda:0,torch
7,fmm,12,25,25,0,1.0433333333333334,1.0433333333333334,0.0014514398893887154,0.001451439889388786,0.8324861379608995,0.16606242214971167,3629.5233246944067,cuda:0,torch
7,fmm,12,25,25,0,1.04375,1.04375,0.0013181155719672781,0.0013181155719673486,0.8330603723316012,0.16562151209643142,3628.45312475371,cuda:0,torch
7,fmm,12,25,25,0,1.0441666666666667,1.0441666666666667,0.0011959141604608843,0.0011959141604609548,0.8336149035445474,0.1651891822949917,3627.3915974176657,cuda:0,torch
7,fmm,12,25,25,0,1.0445833333333334,1.0445833333333334,0.001084481010040477,0.0010844810100405472,0.8341503203395857,0.16476519865037376,3626.338524842594,cuda:0,torch
7,fmm,12,25,25,0,1.045,1.045,0.0009834754558681361,0.0009834754558682064,0.8346671887908071,0.16434933575332464,3625.2937058809644,cuda:0,torch
7,fmm,12,25,25,0,1.0454166666666667,1.0454166666666667,0.0008925701555770252,0.0008925701555770951,0.8351660533613713,0.16394137648305163,3624.256957368937,cuda:0,torch
7,fmm,12,25,25,0,1.0458333333333334,1.0458333333333334,0.0008114504678606958,0.0008114504678607658,0.8356474379013351,0.16354111163080412,3623.228115290142,cuda:0,torch
7,fmm,12,25,25,0,1.0462500000000001,1.0462500000000001,0.0007398138649056256,0.0007398138649056954,0.8361118465909386,0.16314833954415567,3622.2070358052783,cuda:0,torch
7,fmm,12,25,25,0,1.0466666666666666,1.0466666666666666,0.0006773693765635428,0.0006773693765636125,0.8365597648336525,0.1627628657897839,3621.1935961319973,cuda:0,torch
7,fmm,12,25,25,0,1.0470833333333334,1.0470833333333334,0.0006238370643042282,0.0006238370643042978,0.8369916601014967,0.16238450283419897,3620.1876952682887,cuda:0,torch
7,fmm,12,25,25,0,1.0475,1.0475,0.0005789475231267786,0.000578947523126848,0.8374079827358688,0.16201306974100435,3619.1892545455057,cuda:0,torch
7,fmm,12,25,25,0,1.0479166666666666,1.0479166666666666,0.0005424414097307308,0.0005424414097308001,0.8378091667062191,0.1616483918840501,3618.198218012262,cuda:0,torch
7,fmm,12,25,25,0,1.0483333333333333,1.0483333333333333,0.0005140689953655067,0.000514068995365576,0.8381956303295854,0.161290300675049,3617.214552637045,cuda:0,torch
7,fmm,12,25,25,0,1.04875,1.04875,0.0004935897418835824,0.0004935897418836514,0.8385677769528276,0.16093863330528876,3616.2382483374445,cuda:0,torch
7,fmm,12,25,25,0,1.0491666666666668,1.0491666666666668,0.0004807718996199128,0.0004807718996199817,0.8389259955999611,0.16059323250041896,3615.2693178290615,cuda:0,torch
7,fmm,12,25,25,0,1.0495833333333333,1.0495833333333333,0.00047539212581418556,0.0004753921258142544,0.8392706615868859,0.16025394628729983,3614.307796305833,cuda:0,torch
7,fmm,12,25,25,0,1.05,1.05,0.00047723512237557946,0.00047723512237564825,0.8396021371048419,0.15992062777278246,3613.353740951911,cuda:0,torch
7,fmm,24,49,49,0,0.95,0.95,0.10202256658341295,0.361788237169431,0.5557787679693386,0.08243299486123046,8281.384870245567,cuda:0,torch
7,fmm,24,49,49,0,0.9504166666666666,0.9504166666666666,0.1017834269115794,0.36093726725673747,0.5566420216973285,0.08242071104593407,8277.355484448532,cuda:0,torch
7,fmm,24,49,49,0,0.9508333333333333,0.9508333333333333,0.10154403568654365,0.3600810867143348,0.5575093125793034,0.08240960070636183,8273.50370313685,cuda:0,torch
7,fmm,24,49,49,0,0.9512499999999999,0.9512499999999999,0.10130439353635738,0.35921961808388303,0.558380699422261,0.08239968249385599,8269.826055867059,cuda:0,torch
7,fmm,24,49,49,0,0.9516666666666667,0.9516666666666667,0.10106450118804564,0.35835278227551115,0.5592562420706003,0.08239097565388853,8266.319165604835,cuda:0,torch
7,fmm,24,49,49,0,0.9520833333333333,0.9520833333333333,0.10082435947290336,0.3574804985219714,0.5601360014288065,0.08238350004922212,8262.979732659305,cuda:0,torch
7,fmm,24,49,49,0,0.9524999999999999,0.9524999999999999,0.1005839693320938,0.3566026843312412,0.561020039485034,0.08237727618372481,8259.804517235669,cuda:0,torch
7,fmm,24,49,49,0,0.9529166666666666,0.9529166666666666,0.10034333182254579,0.3557192554373129,0.5619084193349243,0.08237232522776278,8256.790320376205,cuda:0,torch
7,fmm,24,49,49,0,0.9533333333333333,0.9533333333333333,0.10010244812319999,0.3548301257493439,0.5628012052061178,0.08236866904453832,8253.933963043793,cuda:0,torch
7,fmm,24,49,49,0,0.95375,0.95375,0.09986131954158024,0.3539352072988008,0.5636984624833957,0.08236633021780349,8251.232263044421,cuda:0,torch
7,fmm,24,49,49,0,0.9541666666666666,0.9541666666666666,0.0996199475207187,0.3530344101846087,0.5646002577342246,0.0823653320811667,8248.682009513961,cuda:0,torch
7,fmm,24,49,49,0,0.9545833333333333,0.9545833333333333,0.09937833364652576,0.35212764251645884,0.5655066587350234,0.08236569874851779,8246.279934598588,cuda:0,torch
7,fmm,24,49,49,0,0.955,0.955,0.09913647965550151,0.35121481035567437,0.5664177344979996,0.08236745514632604,8244.022682011357,cuda:0,torch
7,fmm,24,49,49,0,0.9554166666666666,0.9554166666666666,0.09889438744301539,0.3502958176543063,0.5673335552983758,0.0823706270473179,8241.906772084349,cuda:0,torch
7,fmm,24,49,49,0,0.9558333333333333,0.9558333333333333,0.09865205907189938,0.34937056619129536,0.5682541927026532,0.08237524110605143,8239.928562963629,cuda:0,torch
7,fmm,24,49,49,0,0.9562499999999999,0.9562499999999999,0.09840949678168054,0.3484389555066733,0.5691797195968641,0.0823813248964626,8238.084207592274,cuda:0,torch
7,fmm,24,49,49,0,0.9566666666666667,0.9566666666666667,0.09816670299830592,0.3475008828330254,0.5701102102159221,0.0823889069510525,8236.369606177639,cuda:0,torch
7,fmm,24,49,49,0,0.9570833333333333,0.9570833333333333,0.09792368034444152,0.3465562430242623,0.5710457401733249,0.08239801680241282,8234.780353877362,cuda:0,torch
7,fmm,24,49,49,0,0.9575,0.9575,0.09768043165034516,0.34560492848142377,0.5719863864915519,0.08240868502702436,8233.311683576943,cuda:0,torch
7,fmm,24,49,49,0,0.9579166666666666,0.9579166666666666,0.09743695996554666,0.3446468290760853,0.5729322276327735,0.08242094329114119,8231.958403723243,cuda:0,torch
7,fmm,24,49,49,0,0.9583333333333333,0.9583333333333333,0.09719326857102321,0.3436818320698959,0.573883343530545,0.08243482439955907,8230.714831436242,cuda:0,torch
7,fmm,24,49,49,0,0.95875,0.95875,0.09694936099227862,0.3427098220314564,0.5748398156217749,0.08245036234676872,8229.574721348597,cuda:0,torch
7,fmm,24,49,49,0,0.9591666666666666,0.9591666666666666,0.09670524101321654,0.3417306807497138,0.5758017268791527,0.08246759237113355,8228.53119100765,cuda:0,torch
7,fmm,24,49,49,0,0.9595833333333333,0.9595833333333333,0.0964609126908039,0.3407442871435328,0.5767691618444278,0.08248655101203939,8227.57664410469,cuda:0,torch
7,fmm,24,49,49,0,0.96,0.96,0.09621638037072602,0.3397505171677713,0.5777422066618702,0.08250727617035852,8226.70269334834,cuda:0,torch
7,fmm,24,49,49,0,0.9604166666666666,0.9604166666666666,0.09597164870401281,0.3387492437153031,0.5787209491122762,0.08252980717242064,8225.900085474737,cuda:0,torch
7,fmm,24,49,49,0,0.9608333333333333,0.9608333333333333,0.09572672266472633,0.3377403365149042,0.5797054786475094,0.08255418483758636,8225.158631614715,cuda:0,torch
7,fmm,24,49,49,0,0.9612499999999999,0.9612499999999999,0.09548160756882985,0.336723662024905,0.5806958864252046,0.08258045154989035,8224.46714709666,cuda:0,torch
7,fmm,24,49,49,0,0.9616666666666667,0.9616666666666667,0.09523630909422727,0.33569908332203435,0.5816922653439747,0.08260865133399098,8223.813405634268,cuda:0,torch
7,fmm,24,49,49,0,0.9620833333333333,0.9620833333333333,0.09499083330221189,0.3346664599857625,0.5826947100789094,0.08263882993532812,8223.184113705018,cuda:0,torch
7,fmm,24,49,49,0,0.9624999999999999,0.9624999999999999,0.09474518666023912,0.3336256479771914,0.58370331711699,0.08267103490581862,8222.564911672598,cuda:0,torch
7,fmm,24,49,49,0,0.9629166666666666,0.9629166666666666,0.09449937606634581,0.3325764995129808,0.5847181847930173,0.08270531569400191,8221.940408718805,cuda:0,torch
7,fmm,24,49,49,0,0.9633333333333333,0.9633333333333333,0.09425340887515407,0.33151886293339816,0.5857394133251426,0.08274172374145927,8221.294258762118,cuda:0,torch
7,fmm,24,49,49,0,0.96375,0.96375,0.09400729292565424,0.3304525825643976,0.5867671048506614,0.08278031258494101,8220.609284121956,cuda:0,torch
7,fmm,24,49,49,0,0.9641666666666666,0.9641666666666666,0.09376103657100084,0.3293774985737048,0.5878013634614442,0.08282113796485102,8219.867652512388,cuda:0,torch
7,fmm,24,49,49,0,0.9645833333333333,0.9645833333333333,0.09351464871029053,0.3282934468199442,0.588842295238909,0.08286425794114682,8219.051110918668,cuda:0,torch
7,fmm,24,49,49,0,0.965,0.965,0.09326813882268598,0.32720025869506625,0.5898900082887283,0.08290973301620547,8218.141276911754,cuda:0,torch
7,fmm,24,49,49,0,0.9654166666666666,0.9654166666666666,0.09302151700392063,0.32609776095922094,0.5909446127745526,0.08295762626622649,8217.119984038418,cuda:0,torch
7,fmm,24,49,49,0,0.9658333333333333,0.9658333333333333,0.09277479400546604,0.3249857755678308,0.5920062209511292,0.08300800348103998,8215.969673275877,cuda:0,torch
7,fmm,24,49,49,0,0.9662499999999999,0.9662499999999999,0.09252798127657298,0.3238641194904864,0.5930749471959357,0.08306093331357794,8214.673817462655,cuda:0,torch
7,fmm,24,49,49,0,0.9666666666666667,0.9666666666666667,0.09228109100945779,0.32273260452117564,0.5941509080397095,0.08311648743911487,8213.217360707184,cuda:0,torch
7,fmm,24,49,49,0,0.9670833333333333,0.9670833333333333,0.09203413618779147,0.3215910370789943,0.5952342221950631,0.08317474072594266,8211.587150656374,cuda:0,torch
7,fmm,24,49,49,0,0.9675,0.9675,0.091787130638909,0.3204392179992309,0.5963250105830661,0.083235771417703,8209.772338850584,cuda:0,torch
7,fmm,24,49,49,0,0.9679166666666666,0.9679166666666666,0.0915400890900559,0.319276942314137,0.5974233963572988,0.0832996613285642,8207.764723863758,cuda:0,torch
7,fmm,24,49,49,0,0.9683333333333333,0.9683333333333333,0.09129302722892317,0.31810399902247477,0.5985295049252194,0.08336649605230584,8205.559013883776,cuda:0,torch
7,fmm,24,49,49,0,0.96875,0.96875,0.09104596176898669,0.3169201708474973,0.5996434639657235,0.08343636518677916,8203.152989896322,cuda:0,torch
7,fmm,24,49,49,0,0.9691666666666666,0.9691666666666666,0.09079891051997532,0.315725233982298,0.6007654034429941,0.08350936257470787,8200.54755732446,cuda:0,torch
7,fmm,24,49,49,0,0.9695833333333334,0.9695833333333334,0.09055189246413735,0.3145189578224049,0.6018954556155279,0.08358558656206716,8197.746682190585,cuda:0,torch
7,fmm,24,49,49,0,0.97,0.97,0.09030492783851413,0.31330110468361305,0.6030337550398319,0.08366514027655503,8194.757216492664,cuda:0,torch
7,fmm,24,49,49,0,0.9704166666666666,0.9704166666666666,0.09005803822418401,0.3120714295054795,0.6041804385677336,0.08374813192678687,8191.588625600661,cuda:0,torch
7,fmm,24,49,49,0,0.9708333333333333,0.9708333333333333,0.08981124664282804,0.3108296795384461,0.6053356453366846,0.0838346751248693,8188.2526369718935,cuda:0,torch
7,fmm,24,49,49,0,0.97125,0.97125,0.08956457766162225,0.30957559401448304,0.6064995167515123,0.08392488923400471,8184.762833758488,cuda:0,torch
7,fmm,24,49,49,0,0.9716666666666667,0.9716666666666667,0.08931805750691332,0.3083089037989268,0.6076721964567484,0.0840188997443248,8181.13421859997,cuda:0,torch
7,fmm,24,49,49,0,0.9720833333333333,0.9720833333333333,0.08907171418795447,0.30702933102354923,0.6088538302980533,0.08411683867839748,8177.382772132372,cuda:0,torch
7,fmm,24,49,49,0,0.9724999999999999,0.9724999999999999,0.08882557763145554,0.3057365886987082,0.6100445662708844,0.08421884503040739,8173.525027978838,cuda:0,torch
7,fmm,24,49,49,0,0.9729166666666667,0.9729166666666667,0.08857967982821649,0.30443038030360137,0.6112445544550403,0.0843250652413583,8169.57768175549,cuda:0,torch
7,fmm,24,49,49,0,0.9733333333333333,0.9733333333333333,0.08833405499297158,0.3031103993526518,0.6124539469325019,0.08443565371484629,8165.557246721326,cuda:0,torch
7,fmm,24,49,49,0,0.97375,0.97375,0.08808873973897596,0.30177632893675665,0.6136728976866848,0.08455077337655859,8161.4797636753,cuda:0,torch
7,fmm,24,49,49,0,0.9741666666666666,0.9741666666666666,0.08784377326889807,0.3004278412375084,0.6149015624798531,0.08467059628263857,8157.3605681392155,cuda:0,torch
7,fmm,24,49,49,0,0.9745833333333334,0.9745833333333334,0.0875991975837604,0.2990645970122678,0.6161400987063053,0.08479530428142695,8153.214114032466,cuda:0,torch
7,fmm,24,49,49,0,0.975,0.975,0.08735505771194485,0.2976862450479765,0.6173886652170912,0.08492508973493224,8149.0538501672945,cuda:0,torch
7,fmm,24,49,49,0,0.9754166666666666,0.9754166666666666,0.08711140196060148,0.29629242158164804,0.6186474221126593,0.08506015630569264,8144.892143926273,cuda:0,torch
7,fmm,24,49,49,0,0.9758333333333333,0.9758333333333333,0.08686828219192501,0.2948827496846067,0.619916530498638,0.08520071981675525,8140.7402454073435,cuda:0,torch
7,fmm,24,49,49,0,0.97625,0.97625,0.08662575412734798,0.2934568386082504,0.6211961521995474,0.08534700919220223,8136.608284914976,cuda:0,torch
7,fmm,24,49,49,0,0.9766666666666667,0.9766666666666667,0.08638387768278656,0.29201428308775024,0.6224864494240685,0.08549926748818126,8132.505296825684,cuda:0,torch
7,fmm,24,49,49,0,0.9770833333333333,0.9770833333333333,0.0861427173388505,0.29055466260092755,0.6237875843751958,0.08565775302387668,8128.43926339174,cuda:0,torch
7,fmm,24,49,49,0,0.9775,0.9775,0.08590234255021732,0.2890775405784579,0.6250997187967143,0.08582274062482775,8124.417172767386,cuda:0,torch
7,fmm,24,49,49,0,0.9779166666666667,0.9779166666666667,0.08566282819905206,0.28758246356145734,0.6264230134469753,0.0859945229915674,8120.445086389671,cuda:0,torch
7,fmm,24,49,49,0,0.9783333333333333,0.9783333333333333,0.08542425509816849,0.2860689603024463,0.6277576274889228,0.0861734122086309,8116.528211717195,cuda:0,torch
7,fmm,24,49,49,0,0.97875,0.97875,0.08518671055025424,0.28453654080466284,0.629103717783752,0.0863597414115852,8112.670977134061,cuda:0,torch
7,fmm,24,49,49,0,0.9791666666666666,0.9791666666666666,0.08495028897068593,0.2829846952949732,0.6304614380737256,0.08655386663130121,8108.877106572549,cuda:0,torch
7,fmm,24,49,49,0,0.9795833333333334,0.9795833333333334,0.08471509258225696,0.2814128931239983,0.631830938036922,0.08675616883907966,8105.149692037106,cuda:0,torch
7,fmm,24,49,49,0,0.98,0.98,0.0844812321919912,0.27982058158828027,0.6332123621942023,0.08696705621751744,8101.491262764756,cuda:0,torch
7,fmm,24,49,49,0,0.9804166666666666,0.9804166666666666,0.08424882806114861,0.2782071846664655,0.6346058486451673,0.08718696668836717,8097.9038501682535,cuda:0,torch
7,fmm,24,49,49,0,0.9808333333333333,0.9808333333333333,0.08401801088195855,0.2765721016627463,0.6360115276056899,0.08741637073156378,8094.389048077784,cuda:0,torch
7,fmm,24,49,49,0,0.98125,0.98125,0.08378892287651424,0.27491470574894433,0.6374295197154742,0.08765577453558143,8090.94806805081,cuda:0,torch
7,fmm,24,49,49,0,0.9816666666666667,0.9816666666666667,0.08356171903582175,0.27323434239550076,0.6388599340777176,0.08790572352678167,8087.58178970998,cuda:0,torch
7,fmm,24,49,49,0,0.9820833333333333,0.9820833333333333,0.08333656852052133,0.2715303276819478,0.6403028659864483,0.08816680633160395,8084.290806235038,cuda:0,torch
7,fmm,24,49,49,0,0.9824999999999999,0.9824999999999999,0.08311365624807926,0.26980194647473177,0.6417583942889763,0.08843965923629193,8081.075465200753,cuda:0,torch
7,fmm,24,49,49,0,0.9829166666666667,0.9829166666666667,0.08289318469601123,0.268048450459712,0.643226578321333,0.088724971218955,8077.9359050516,cuda:0,torch
7,fmm,24,49,49,0,0.9833333333333333,0.9833333333333333,0.0826753759563545,0.2662690560159466,0.6447074543416262,0.08902348964242718,8074.87208750905,cuda:0,torch
7,fmm,24,49,49,0,0.98375,0.98375,0.08246047408274419,0.26446294191405456,0.6462010313728548,0.08933602671309065,8071.88382625246,cuda:0,torch
7,fmm,24,49,49,0,0.9841666666666666,0.9841666666666666,0.08224874778007352,0.2626292468224478,0.6477072863483564,0.08966346682919579,8068.970812184116,cuda:0,torch
7,fmm,24,49,49,0,0.9845833333333334,0.9845833333333334,0.08204049349609376,0.26076706660099624,0.6492261584312272,0.09000677496777654,8066.132635624132,cuda:0,torch
7,fmm,24,49,49,0,0.985,0.985,0.0818360389869894,0.2588754513609899,0.6507575423528672,0.09036700628614291,8063.368805718672,cuda:0,torch
7,fmm,24,49,49,0,0.9854166666666666,0.9854166666666666,0.08163574744361439,0.256953402266388,0.6523012805817333,0.09074531715187867,8060.678767367422,cuda:0,torch
7,fmm,24,49,49,0,0.9858333333333333,0.9858333333333333,0.08144002228373481,0.2549998680484134,0.6538571540933932,0.09114297785819342,8058.0619159294,cuda:0,torch
7,fmm,24,49,49,0,0.98625,0.98625,0.081249312739342,0.2530137412032178,0.6554248714601931,0.09156138733658908,8055.517609952757,cuda:0,torch
7,fmm,24,49,49,0,0.9866666666666667,0.9866666666666667,0.08106412039702292,0.25099385383737954,0.6570040559151922,0.09200209024742828,8053.045182154818,cuda:0,torch
7,fmm,24,49,49,0,0.9870833333333333,0.9870833333333333,0.08088500688635265,0.24893897312144297,0.6585942299630108,0.09246679691554627,8050.643948848898,cuda:0,torch
7,fmm,24,49,49,0,0.9875,0.9875,0.0807126029589832,0.24684779630840664,0.6601947970058907,0.09295740668570268,8048.3132180066805,cuda:0,torch
7,fmm,24,49,49,0,0.9879166666666667,0.9879166666666667,0.08054761926071122,0.24471894526615157,0.6618050193210536,0.09347603541279481,8046.052296106779,cuda:0,torch
7,fmm,24,49,49,0,0.9883333333333333,0.9883333333333333,0.08039085917725687,0.2425509604680829,0.6634239915533593,0.09402504797855782,8043.860493926981,cuda:0,torch
7,fmm,24,49,49,0,0.98875,0.98875,0.08024323423560024,0.24034229437853794,0.6650506086653742,0.09460709695608782,8041.73713139718,cuda:0,torch
7,fmm,24,49,49,0,0.9891666666666666,0.9891666666666666,0.08010578267538107,0.23809130416097196,0.6666835269954722,0.09522516884355586,8039.6815416396175,cuda:0,torch
7,fmm,24,49,49,0,0.9895833333333334,0.9895833333333334,0.0799796919807312,0.23579624362866386,0.668321116691112,0.09588263968022409,8037.693074285714,cuda:0,torch
7,fmm,24,49,49,0,0.99,0.99,0.07986632639729846,0.23345525434745695,0.6699614032722485,0.09658334238029453,8035.771098165969,cuda:0,torch
7,fmm,24,49,49,0,0.9904166666666666,0.9904166666666666,0.07976726077515585,0.23106635578846924,0.6716019953937699,0.09733164881776091,8033.915003453636,cuda:0,torch
7,fmm,24,49,49,0,0.9908333333333333,0.9908333333333333,0.07968432250980337,0.22862743441853506,0.6732399949408094,0.0981325706406555,8032.124203328057,cuda:0,torch
7,fmm,24,49,49,0,0.99125,0.99125,0.07961964394736981,0.2261362316024458,0.6748718843094674,0.09899188408808676,8030.398135224839,cuda:0,torch
7,fmm,24,49,49,0,0.9916666666666667,0.9916666666666667,0.07957572845084035,0.22359033018050417,0.6764933839407858,0.09991628587870999,8028.736261725517,cuda:0,torch
7,fmm,24,49,49,0,0.9920833333333333,0.9920833333333333,0.0795555344995649,0.22098713957326632,0.6780992706621455,0.1009135897645882,8027.138071133912,cuda:0,torch
7,fmm,24,49,49,0,0.9924999999999999,0.9924999999999999,0.07956258388448603,0.21832387925822977,0.6796831437964387,0.10199297694533155,8025.603077788373,cuda:0,torch
7,fmm,24,49,49,0,0.9929166666666667,0.9929166666666667,0.0796011025305234,0.21559756046004236,0.6812371207767176,0.10316531876324003,8024.130822142097,cuda:0,torch
7,fmm,24,49,49,0,0.9933333333333333,0.9933333333333333,0.07967620615109926,0.21280496590301762,0.6827514362837366,0.1044435978132458,8022.72087065553,cuda:0,torch
7,fmm,24,49,49,0,0.99375,0.99375,0.07979414851459676,0.20994262749618034,0.6842139072852895,0.10584346521853014,8021.372815512506,cuda:0,torch
7,fmm,24,49,49,0,0.9941666666666666,0.9941666666666666,0.07996265875237528,0.20700680186426923,0.6856092084296194,0.1073839897061114,8020.086274212474,cuda:0,torch
7,fmm,24,49,49,0,0.9945833333333334,0.9945833333333334,0.08019140789581237,0.2039934437103676,0.6869178739532085,0.10908868233642394,8018.860889040553,cuda:0,torch
7,fmm,24,49,49,0,0.995,0.995,0.08049266733372082,0.20089817710259278,0.6881148963795529,0.1109869265178543,8017.696326450119,cuda:0,torch
7,fmm,24,49,49,0,0.9954166666666666,0.9954166666666666,0.08088225987528264,0.19771626489010108,0.6891677155167171,0.11311601959318185,8016.592276368216,cuda:0,torch
7,fmm,24,49,49,0,0.9958333333333333,0.9958333333333333,0.08138097064187708,0.19444257649126384,0.6900332581355935,0.1155241653731427,8015.548451451133,cuda:0,torch
7,fmm,24,49,49,0,0.99625,0.99625,0.08201670656992606,0.1910715539137985,0.6906534480577788,0.11827499802842267,8014.56458629143,cuda:0,torch
7,fmm,24,49,49,0,0.9966666666666667,0.9966666666666667,0.08282792675437294,0.18759717404594317,0.6909481494583822,0.1214546764956746,8013.640436600703,cuda:0,torch
7,fmm,24,49,49,0,0.9970833333333333,0.9970833333333333,0.0838693417538535,0.18401289874678936,0.6908035861292419,0.12518351512396877,8012.7757783721045,cuda:0,torch
7,fmm,24,49,49,0,0.9975,0.9975,0.08522192352691116,0.18031158257501492,0.6900522886089464,0.12963612881603867,8011.970407036022,cuda:0,torch
7,fmm,24,49,49,0,0.9979166666666667,0.9979166666666667,0.08701177535354122,0.17648523461966445,0.688435905807972,0.13507885957236357,8011.224136619228,cuda:0,torch
7,fmm,24,49,49,0,0.9983333333333333,0.9983333333333333,0.08944919926408801,0.17252426433616852,0.6855296544577626,0.14194608120606889,8010.536798911153,cuda:0,torch
7,fmm,24,49,49,0,0.99875,0.99875,0.09292093029465859,0.16841473617631453,0.6805678412830003,0.15101742254068518,8009.908242640395,cuda:0,torch
7,fmm,24,49,49,0,0.9991666666666666,0.9991666666666666,0.09825639988056055,0.16412642219459458,0.6719532113739486,0.16392036643145683,8009.338332679274,cuda:0,torch
7,fmm,24,49,49,0,0.9995833333333334,0.9995833333333334,0.10783601903489794,0.15953888904627148,0.6552808296337747,0.18518028131995387,8008.8269492699055,cuda:0,torch
7,fmm,24,49,49,0,1.0,1.000000000001,0.1513334971100586,0.1513334971100586,0.5806205355204495,0.26804596736949193,8008.373987274761,cuda:0,torch
7,fmm,24,49,49,0,1.0004166666666667,1.0004166666666667,0.29543953742285706,0.29543953742285706,0.3367123093311479,0.367848153245995,8007.979355468003,cuda:0,torch
7,fmm,24,49,49,0,1.0008333333333332,1.0008333333333332,0.36542584294811503,0.36542584294811503,0.2183538072750383,0.4162203497768467,8007.642975845375,cuda:0,torch
7,fmm,24,49,49,0,1.00125,1.00125,0.41507064860285353,0.41507064860285353,0.13410953736320816,0.4508198140339383,8007.364782989962,cuda:0,torch
7,fmm,24,49,49,0,1.0016666666666667,1.0016666666666667,0.44888830115674394,0.448888301156744,0.07636606509087662,0.4747456337523794,8007.144723454877,cuda:0,torch
7,fmm,24,49,49,0,1.0020833333333334,1.0020833333333334,0.4692360183472725,0.4692360183472726,0.04119921791751395,0.4895647637352135,8006.982755198262,cuda:0,torch
7,fmm,24,49,49,0,1.0025,1.0025,0.47824562715343105,0.47824562715343116,0.025076246656580814,0.496678126189988,8006.878847046764,cuda:0,torch
7,fmm,24,49,49,0,1.0029166666666667,1.0029166666666667,0.47806072563539004,0.47806072563539015,0.024440564008188604,0.49749871035642124,8006.832978202349,cuda:0,torch
7,fmm,24,49,49,0,1.0033333333333334,1.0033333333333334,0.4707517331167208,0.4707517331167209,0.035848070404617245,0.49340019647866185,8006.8451377841675,cuda:0,torch
7,fmm,24,49,49,0,1.00375,1.00375,0.45819565546063157,0.4581956554606317,0.05616778771847141,0.4856365568208969,8006.915324408392,cuda:0,torch
7,fmm,24,49,49,0,1.0041666666666667,1.0041666666666667,0.44199744147851083,0.44199744147851094,0.08271519424571055,0.47528736427577856,8007.043545806014,cuda:0,torch
7,fmm,24,49,49,0,1.0045833333333334,1.0045833333333334,0.4234628594625615,0.4234628594625616,0.11330006796099515,0.46323707257644325,8007.229818472189,cuda:0,torch
7,fmm,24,49,49,0,1.005,1.005,0.40361032107713957,0.4036103210771397,0.1462090532145578,0.45018062570830253,8007.4741673544,cuda:0,torch
7,fmm,24,49,49,0,1.0054166666666666,1.0054166666666666,0.3832050421966167,0.38320504219661683,0.1801503965011176,0.43664456130226553,8007.776625570909,cuda:0,torch
7,fmm,24,49,49,0,1.0058333333333334,1.0058333333333334,0.3628020565518258,0.3628020565518259,0.21418334008771098,0.4230146033604631,8008.137234161313,cuda:0,torch
7,fmm,24,49,49,0,1.00625,1.00625,0.34278936506562674,0.34278936506562685,0.24764681863251772,0.40956381630185545,8308.904022752182,cuda:0,torch
7,fmm,24,49,49,0,1.0066666666666666,1.0066666666666666,0.3234265965114109,0.32342659651141104,0.2800953015455138,0.3964781019430751,8878.384477749456,cuda:0,torch
7,fmm,24,49,49,0,1.0070833333333333,1.0070833333333333,0.30487736127165654,0.30487736127165666,0.3112449291156239,0.3838777096127195,9523.992570875986,cuda:0,torch
7,fmm,24,49,49,0,1.0075,1.0075,0.2872351238188046,0.2872351238188047,0.34093032195523904,0.3718345542259562,10261.184028583904,cuda:0,torch
7,fmm,24,49,49,0,1.0079166666666666,1.0079166666666666,0.27054323621783155,0.27054323621783166,0.3690710547121002,0.3603857090700681,11109.049156301651,cuda:0,torch
7,fmm,24,49,49,0,1.0083333333333333,1.0083333333333333,0.25481008211074113,0.25481008211074124,0.39564625116045066,0.34954366672880816,12091.011962616223,cuda:0,torch
7,fmm,24,49,49,0,1.00875,1.00875,0.2400203103957809,0.240020310395781,0.420675692422283,0.33930399718193605,13235.24671170975,cuda:0,torch
7,fmm,24,49,49,0,1.0091666666666668,1.0091666666666668,0.22614303753581494,0.22614303753581505,0.4442059865750096,0.3296509758891753,14574.083061959473,cuda:0,torch
7,fmm,24,49,49,0,1.0095833333333333,1.0095833333333333,0.21313775126868556,0.21313775126868567,0.4663005847344375,0.32056166399687686,16140.687323024766,cuda:0,torch
7,fmm,24,49,49,0,1.01,1.01,0.20095849971836735,0.20095849971836746,0.4870326725776367,0.31200882770399585,17959.305683055587,cuda:0,torch
7,fmm,24,49,49,0,1.0104166666666667,1.0104166666666667,0.1895568177302078,0.1895568177302079,0.5064801842246623,0.3039629980451297,20022.07033404608,cuda:0,torch
7,fmm,24,49,49,0,1.0108333333333333,1.0108333333333333,0.1788837328870515,0.17888373288705162,0.5247223664726511,0.29639390064029725,22243.09891483839,cuda:0,torch
7,fmm,24,49,49,0,1.01125,1.01125,0.16889110699981072,0.16889110699981083,0.5418374652624488,0.2892714277377404,24391.49001891062,cuda:0,torch
7,fmm,24,49,49,0,1.0116666666666667,1.0116666666666667,0.159532502048815,0.1595325020488151,0.557901217483877,0.2825662804673079,26055.229032819043,cuda:0,torch
7,fmm,24,49,49,0,1.0120833333333334,1.0120833333333334,0.15076370903427322,0.15076370903427333,0.5729859154702964,0.27625037549543024,26760.90116160686,cuda:0,torch
7,fmm,24,49,49,0,1.0125,1.0125,0.14254304048378827,0.14254304048378838,0.5871598745631516,0.27029708495306004,26279.89511992513,cuda:0,torch
7,fmm,24,49,49,0,1.0129166666666667,1.0129166666666667,0.134831459494843,0.1348314594948431,0.6004871807732544,0.26468135973190254,24819.844017752253,cuda:0,torch
7,fmm,24,49,49,0,1.0133333333333334,1.0133333333333334,0.12759259773004986,0.12759259773004997,0.6130276298856193,0.25937977238433074,22841.259026240794,cuda:0,torch
7,fmm,24,49,49,0,1.01375,1.01375,0.12079269984865053,0.12079269984865063,0.6248367944393799,0.2543705057119695,20753.677718272982,cuda:0,torch
7,fmm,24,49,49,0,1.0141666666666667,1.0141666666666667,0.11440052099829985,0.11440052099829995,0.6359661732975264,0.2496333057041737,18792.559531611583,cuda:0,torch
7,fmm,24,49,49,0,1.0145833333333334,1.0145833333333334,0.10838719612857142,0.10838719612857152,0.6464633917740064,0.24514941209742214,17050.746000300358,cuda:0,torch
7,fmm,24,49,49,0,1.0150000000000001,1.0150000000000001,0.1027260942095169,0.10272609420951699,0.6563724298865604,0.24090147590392258,15542.65945367943,cuda:0,torch
7,fmm,24,49,49,0,1.0154166666666666,1.0154166666666666,0.0973926663574152,0.0973926663574153,0.665733863213983,0.23687347042860174,14249.248914279431,cuda:0,torch
7,fmm,24,49,49,0,1.0158333333333334,1.0158333333333334,0.09236429394445689,0.09236429394445698,0.6745851058028695,0.23305060025267355,13141.160053408898,cuda:0,torch
7,fmm,24,49,49,0,1.01625,1.01625,0.08762014068446462,0.0876201406844647,0.6829606481217937,0.2294192111937416,12188.766847454957,cuda:0,torch
7,fmm,24,49,49,0,1.0166666666666666,1.0166666666666666,0.08314101121012338,0.08314101121012346,0.6908922855827181,0.22596670320715845,11365.796624365566,cuda:0,torch
7,fmm,24,49,49,0,1.0170833333333333,1.0170833333333333,0.07890921761842003,0.07890921761842011,0.6984093349315847,0.22268144744999513,10650.179476284884,cuda:0,torch
7,fmm,24,49,49,0,1.0175,1.0175,0.07490845473934192,0.074908454739342,0.7055388370562917,0.2195527082043663,10023.820163016062,cuda:0,torch
7,fmm,24,49,49,0,1.0179166666666666,1.0179166666666666,0.0711236843887222,0.07112368438872228,0.7123057456174651,0.21657056999381263,9472.028041283951,cuda:0,torch
7,fmm,24,49,49,0,1.0183333333333333,1.0183333333333333,0.06754102853363211,0.0675410285336322,0.7187331014876432,0.21372586997872456,8982.90356734773,cuda:0,torch
7,fmm,24,49,49,0,1.01875,1.01875,0.06414767108288147,0.06414767108288155,0.7248421933719079,0.21101013554521053,8546.789449534617,cuda:0,torch
7,fmm,24,49,49,0,1.0191666666666668,1.0191666666666668,0.060931767881469985,0.060931767881470075,0.7306527052187636,0.20841552689976633,8155.814048035191,cuda:0,torch
7,fmm,24,49,49,0,1.0195833333333333,1.0195833333333333,0.05788236441105713,0.05788236441105722,0.7361828511790514,0.20593478440989144,8053.353899006018,cuda:0,torch
7,fmm,24,49,49,0,1.02,1.02,0.05498932066213963,0.05498932066213972,0.741449498939182,0.2035611803986783,8055.767897170533,cuda:0,torch
7,fmm,24,49,49,0,1.0204166666666667,1.0204166666666667,0.05224324263477252,0.05224324263477261,0.7464682822845076,0.20128847508071981,8058.246163523513,cuda:0,torch
7,fmm,24,49,49,0,1.0208333333333333,1.0208333333333333,0.049635419932595105,0.04963541993259519,0.7512537037397541,0.19911087632765073,8060.789028876485,cuda:0,torch
7,fmm,24,49,49,0,1.02125,1.02125,0.04715776893687282,0.0471577689368729,0.7558192281079393,0.19702300295518776,8063.3968352047295,cuda:0,torch
7,fmm,24,49,49,0,1.0216666666666667,1.0216666666666667,0.04480278107353167,0.04480278107353175,0.760177367687978,0.1950198512384903,8066.069935937651,cuda:0,torch
7,fmm,24,49,49,0,1.0220833333333332,1.0220833333333332,0.04256347571889162,0.042563475718891707,0.7643397599037298,0.19309676437737847,8068.808696259308,cuda:0,torch
7,fmm,24,49,49,0,1.0225,1.0225,0.04043335732244448,0.04043335732244456,0.7683172380259612,0.19124940465159423,8071.613493416675,cuda:0,torch
7,fmm,24,49,49,0,1.0229166666666667,1.0229166666666667,0.03840637635841502,0.0384063763584151,0.7721198956159707,0.18947372802561419,8074.4847170348285,cuda:0,torch
7,fmm,24,49,49,0,1.0233333333333334,1.0233333333333334,0.03647689375094029,0.036476893750940376,0.7757571452680213,0.18776596098103832,8077.42276944115,cuda:0,torch
7,fmm,24,49,49,0,1.02375,1.02375,0.03463964844817872,0.0346396484481788,0.7792377721793688,0.18612257937245236,8080.428065995279,cuda:0,torch
7,fmm,24,49,49,0,1.0241666666666667,1.0241666666666667,0.03288972785067307,0.03288972785067315,0.7825699830281063,0.18454028912122053,8083.501035420874,cuda:0,torch
7,fmm,24,49,49,0,1.0245833333333334,1.0245833333333334,0.031222540825835483,0.031222540825835567,0.7857614505953445,0.18301600857881992,8086.642120146264,cuda:0,torch
7,fmm,24,49,49,0,1.025,1.025,0.029633793066416624,0.029633793066416707,0.7888193545294692,0.18154685240411414,8089.85177664123,cuda:0,torch
7,fmm,24,49,49,0,1.0254166666666666,1.0254166666666666,0.028119464573215423,0.028119464573215507,0.7917504186106032,0.18013011681618124,8093.130475755526,cuda:0,torch
7,fmm,24,49,49,0,1.0258333333333334,1.0258333333333334,0.026675789063794024,0.026675789063794107,0.7945609448407898,0.17876326609541612,8096.478703054464,cuda:0,torch
7,fmm,24,49,49,0,1.02625,1.02625,0.02529923512822365,0.02529923512822373,0.7972568446528527,0.17744392021892352,8099.8969591403,cuda:0,torch
7,fmm,24,49,49,0,1.0266666666666666,1.0266666666666666,0.02398648896984508,0.02398648896984516,0.7998436675041443,0.1761698435260106,8103.385759972287,cuda:0,torch
7,fmm,24,49,49,0,1.0270833333333333,1.0270833333333333,0.022734438585342378,0.022734438585342458,0.8023266270940481,0.17493893432060942,8106.945637157584,cuda:0,torch
7,fmm,24,49,49,0,1.0275,1.0275,0.021540159252130153,0.021540159252130233,0.8047106254232368,0.17374921532463297,8110.577138228565,cuda:0,torch
7,fmm,24,49,49,0,1.0279166666666666,1.0279166666666666,0.020400900204204472,0.020400900204204552,0.8070002748882255,0.17259882490757,8114.280826886156,cuda:0,torch
7,fmm,24,49,49,0,1.0283333333333333,1.0283333333333333,0.019314072389111342,0.019314072389111422,0.809199918590385,0.1714860090205036,8118.057283201427,cuda:0,torch
7,fmm,24,49,49,0,1.02875,1.02875,0.018277237208864792,0.01827723720886487,0.8113136490168739,0.17040911377426127,8121.907103771845,cuda:0,torch
7,fmm,24,49,49,0,1.0291666666666668,1.0291666666666668,0.017288096157307236,0.017288096157307316,0.8133453252393761,0.1693665786033166,8125.830901819026,cuda:0,torch
7,fmm,24,49,49,0,1.0295833333333333,1.0295833333333333,0.016344481274620133,0.016344481274620213,0.8152985887611874,0.16835692996419235,8129.829307210267,cuda:0,torch
7,fmm,24,49,49,0,1.03,1.03,0.01544434634732205,0.015444346347322132,0.8171768781290184,0.16737877552365946,8133.902966396006,cuda:0,torch
7,fmm,24,49,49,0,1.0304166666666668,1.0304166666666668,0.014585758788923977,0.014585758788924059,0.8189834424200515,0.16643079879102443,8138.0525422474675,cuda:0,torch
7,fmm,24,49,49,0,1.0308333333333333,1.0308333333333333,0.013766892142499706,0.013766892142499787,0.8207213536968629,0.16551175416063726,8142.278713765178,cuda:0,torch
7,fmm,24,49,49,0,1.03125,1.03125,0.012986019151986116,0.012986019151986198,0.822393518521433,0.16462046232658076,8146.582175659261,cuda:0,torch
7,fmm,24,49,49,0,1.0316666666666667,1.0316666666666667,0.012241505353932291,0.012241505353932373,0.8240026886066362,0.16375580603943146,8150.963637766154,cuda:0,torch
7,fmm,24,49,49,0,1.0320833333333335,1.0320833333333335,0.011531803145980827,0.011531803145980908,0.8255514706770102,0.16291672617700892,8155.423824280966,cuda:0,torch
7,fmm,24,49,49,0,1.0325,1.0325,0.010855446292281327,0.010855446292281409,0.8270423356058424,0.1621022181018762,8159.96347279581,cuda:0,torch
7,fmm,24,49,49,0,1.0329166666666667,1.0329166666666667,0.010211044829731907,0.010211044829731989,0.8284776268870508,0.16131132828321718,8164.5833331059375,cuda:0,torch
7,fmm,24,49,49,0,1.0333333333333334,1.0333333333333334,0.009597280342255673,0.009597280342255753,0.8298595684965282,0.16054315116121604,8169.2841657800855,cuda:0,torch
7,fmm,24,49,49,0,1.03375,1.03375,0.009012901573162861,0.009012901573162941,0.8311902721932116,0.15979682623362543,8174.066740461112,cuda:0,torch
7,fmm,24,49,49,0,1.0341666666666667,1.0341666666666667,0.008456720348410489,0.008456720348410567,0.832471744303467,0.15907153534812238,8178.931833891876,cuda:0,torch
7,fmm,24,49,49,0,1.0345833333333334,1.0345833333333334,0.007927607786006634,0.00792760778600671,0.8337058920311354,0.15836650018285786,8183.88022765355,cuda:0,torch
7,fmm,24,49,49,0,1.0350000000000001,1.0350000000000001,0.007424490768818839,0.007424490768818918,0.8348945293297874,0.1576809799013937,8188.912705606139,cuda:0,torch
7,fmm,24,49,49,0,1.0354166666666667,1.0354166666666667,0.006946348660260779,0.006946348660260858,0.8360393823722344,0.15701426896750473,8194.030051041858,cuda:0,torch
7,fmm,24,49,49,0,1.0358333333333334,1.0358333333333334,0.0064922102439400105,0.006492210243940089,0.8371420946471313,0.15636569510892862,8199.23304354291,cuda:0,torch
7,fmm,24,49,49,0,1.0362500000000001,1.0362500000000001,0.006061150870000554,0.006061150870000632,0.8382042317137471,0.15573461741625222,8204.522455588105,cuda:0,torch
7,fmm,24,49,49,0,1.0366666666666666,1.0366666666666666,0.005652289792437488,0.005652289792437565,0.8392272856377272,0.15512042456983524,8209.899048905949,cuda:0,torch
7,fmm,24,49,49,0,1.0370833333333334,1.0370833333333334,0.005264787682909015,0.005264787682909092,0.8402126791349057,0.1545225331821852,8215.363570623616,cuda:0,torch
7,fmm,24,49,49,0,1.0375,1.0375,0.004897844307826948,0.004897844307827025,0.8411617694428439,0.15394038624932904,8220.916749245087,cuda:0,torch
7,fmm,24,49,49,0,1.0379166666666666,1.0379166666666666,0.004550696356575593,0.00455069635657567,0.8420758519417274,0.15337345170169692,8226.559290492165,cuda:0,torch
7,fmm,24,49,49,0,1.0383333333333333,1.0383333333333333,0.004222615409750307,0.0042226154097503845,0.8429561635421993,0.15282122104805035,8232.29187306794,cuda:0,torch
7,fmm,24,49,49,0,1.03875,1.03875,0.003912906037184119,0.0039129060371841965,0.8438038858572096,0.15228320810560625,8238.115144351368,cuda:0,torch
7,fmm,24,49,49,0,1.0391666666666668,1.0391666666666668,0.003620904016352094,0.00362090401635217,0.844620148174099,0.1517589478095488,8244.029716069712,cuda:0,torch
7,fmm,24,49,49,0,1.0395833333333333,1.0395833333333333,0.0033459746625347565,0.003345974662534832,0.8454060302400858,0.1512479950973794,8250.036159956442,cuda:0,torch
7,fmm,24,49,49,0,1.04,1.04,0.0030875112627953513,0.0030875112627954263,0.8461625648759861,0.1507499238612185,8256.1350033776,cuda:0,torch
7,fmm,24,49,49,0,1.0404166666666668,1.0404166666666668,0.002844933606420492,0.002844933606420567,0.8468907404283192,0.15026432596526018,8262.326724920458,cuda:0,torch
7,fmm,24,49,49,0,1.0408333333333333,1.0408333333333333,0.002617686605114633,0.002617686605114708,0.8475915030730319,0.1497908103218534,8268.611749866954,cuda:0,torch
7,fmm,24,49,49,0,1.04125,1.04125,0.002405238996698477,0.002405238996698552,0.8482657589793705,0.14932900202393093,8274.990445504996,cuda:0,torch
7,fmm,24,49,49,0,1.0416666666666667,1.0416666666666667,0.0022070821265899807,0.0022070821265900552,0.8489143763450563,0.14887854152835367,8281.463116155257,cuda:0,torch
7,fmm,24,49,49,0,1.0420833333333333,1.0420833333333333,0.002022728801752208,0.0020227288017522823,0.849538187310082,0.1484390838881657,8288.029997809463,cuda:0,torch
7,fmm,24,49,49,0,1.0425,1.0425,0.0018517122122239911,0.0018517122122240655,0.8501379897584573,0.1480102980293186,8294.691252233586,cuda:0,torch
7,fmm,24,49,49,0,1.0429166666666667,1.0429166666666667,0.0016935849156873612,0.0016935849156874355,0.850714549014822,0.14759186606949054,8301.446960379406,cuda:0,torch
7,fmm,24,49,49,0,1.0433333333333334,1.0433333333333334,0.0015479178809002226,0.001547917880900297,0.8512685994426386,0.14718348267646114,8308.29711495027,cuda:0,torch
7,fmm,24,49,49,0,1.04375,1.04375,0.0014142995860956212,0.0014142995860956951,0.8518008459516777,0.14678485446222658,8315.241611935571,cuda:0,torch
7,fmm,24,49,49,0,1.0441666666666667,1.0441666666666667,0.0012923351687688593,0.0012923351687689332,0.8523119654188486,0.1463956994123825,8322.280240944203,cuda:0,torch
7,fmm,24,49,49,0,1.0445833333333334,1.0445833333333334,0.0011816456235073988,0.0011816456235074727,0.8528026080296615,0.14601574634683107,8329.41267414475,cuda:0,torch
7,fmm,24,49,49,0,1.045,1.045,0.0010818670447871603,0.0010818670447872338,0.8532733985445806,0.14564473441063214,8336.63845364199,cuda:0,torch
7,fmm,24,49,49,0,1.0454166666666667,1.0454166666666667,0.0009926499118485105,0.000992649911848584,0.8537249374949478,0.1452824125932036,8343.956977092248,cuda:0,torch
7,fmm,24,49,49,0,1.0458333333333334,1.0458333333333334,0.0009136584130072709,0.0009136584130073443,0.8541578023135772,0.14492853927341548,8351.367481366175,cuda:0,torch
7,fmm,24,49,49,0,1.0462500000000001,1.0462500000000001,0.0008445698069105824,0.0008445698069106557,0.8545725484034398,0.14458288178964956,8358.869024063371,cuda:0,torch
7,fmm,24,49,49,0,1.0466666666666666,1.0466666666666666,0.0007850738184422668,0.0007850738184423399,0.8549697101489206,0.144245216032637,8366.460462689412,cuda:0,torch
7,fmm,24,49,49,0,1.0470833333333334,1.0470833333333334,0.0007348720671363148,0.0007348720671363878,0.8553498018721878,0.14391532606067584,8374.140431247108,cuda:0,torch
7,fmm,24,49,49,0,1.0475,1.0475,0.0006936775261038549,0.0006936775261039277,0.8557133187393567,0.14359300373453934,8381.907314045677,cuda:0,torch
7,fmm,24,49,49,0,1.0479166666666666,1.0479166666666666,0.0006612140096148853,0.0006612140096149581,0.8560607376186392,0.14327804837174582,8389.759216468556,cuda:0,torch
7,fmm,24,49,49,0,1.0483333333333333,1.0483333333333333,0.0006372156876111502,0.0006372156876112228,0.8563925178931266,0.14297026641926214,8397.693932443297,cuda:0,torch
7,fmm,24,49,49,0,1.04875,1.04875,0.0006214266255279088,0.0006214266255279813,0.8567091022321242,0.14266947114234788,8405.70890832425,cuda:0,torch
7,fmm,24,49,49,0,1.0491666666666668,1.0491666666666668,0.0006136003479295391,0.0006136003479296115,0.8570109173220135,0.14237548233005687,8413.801202906972,cuda:0,torch
7,fmm,24,49,49,0,1.0495833333333333,1.0495833333333333,0.0006134994245448639,0.0006134994245449361,0.8572983745600194,0.1420881260154356,8421.967443234598,cuda:0,torch
7,fmm,24,49,49,0,1.05,1.05,0.0006208950773960246,0.0006208950773960966,0.8575718707129407,0.14180723420966318,8430.203775870104,cuda:0,torch
7,asr,12,25,75,200,0.95,0.95,0.10295285665293903,0.3670776109284398,0.5601819984602588,0.07274039061130133,1374.2857182156722,cuda:0,torch
7,asr,12,25,75,200,0.9504166666666666,0.9504166666666666,0.10270380185549942,0.36617900578657603,0.5610849179826002,0.07273607623082379,1374.9655536533098,cuda:0,torch
7,asr,12,25,75,200,0.9508333333333333,0.9508333333333333,0.10245445967212786,0.3652749389312249,0.5619923116905404,0.07273274937823465,1375.6405224978166,cuda:0,torch
7,asr,12,25,75,200,0.9512499999999999,0.9512499999999999,0.10220483110848877,0.36436533356787876,0.5629042451213185,0.0727304213108027,1376.310785768064,cuda:0,torch
7,asr,12,25,75,200,0.9516666666666667,0.9516666666666667,0.1019549156821623,0.36345010573332037,0.5638207876962347,0.07272910657044496,1376.9765199052238,cuda:0,torch
7,asr,12,25,75,200,0.9520833333333333,0.9520833333333333,0.10170471166434013,0.36252916498020893,0.5647420097273225,0.0727288252924686,1377.6379129645557,cuda:0,torch
7,asr,12,25,75,200,0.9524999999999999,0.9524999999999999,0.10145421884872446,0.3616024240824066,0.5656679852989764,0.07272959061861695,1378.2951638798195,cuda:0,torch
7,asr,12,25,75,200,0.9529166666666666,0.9529166666666666,0.10120343708149684,0.3606697939858736,0.5665987827514032,0.0727314232627232,1378.948481665816,cuda:0,torch
7,asr,12,25,75,200,0.9533333333333333,0.9533333333333333,0.10095236624694157,0.359731183499865,0.5675344768375987,0.07273433966253628,1379.5980839554024,cuda:0,torch
7,asr,12,25,75,200,0.95375,0.95375,0.10070100620103352,0.3587864989366788,0.5684751440989066,0.07273835696441455,1380.2441961008624,cuda:0,torch
7,asr,12,25,75,200,0.9541666666666666,0.9541666666666666,0.10044935653031142,0.3578356432716513,0.569420862089169,0.07274349463917973,1380.8870529190522,cuda:0,torch
7,asr,12,25,75,200,0.9545833333333333,0.9545833333333333,0.10019741777699522,0.3568785206071904,0.5703717081585469,0.07274977123426274,1381.5268911956293,cuda:0,torch
7,asr,12,25,75,200,0.955,0.955,0.09994518900738357,0.3559150269153239,0.5713277634627739,0.07275720962190219,1382.1639549591519,cuda:0,torch
7,asr,12,25,75,200,0.9554166666666666,0.9554166666666666,0.09969267107058274,0.3549450622142889,0.5722891093707612,0.07276582841494994,1382.7984901017383,cuda:0,torch
7,asr,12,25,75,200,0.9558333333333333,0.9558333333333333,0.09943986417681845,0.35396852126206557,0.5732558286779577,0.07277565005997677,1383.430747099241,cuda:0,torch
7,asr,12,25,75,200,0.9562499999999999,0.9562499999999999,0.09918676836912106,0.3529852955403344,0.5742280046731606,0.07278669978650498,1384.0609766174557,cuda:0,torch
7,asr,12,25,75,200,0.9566666666666667,0.9566666666666667,0.0989333844809198,0.35199527630397554,0.5752057289128157,0.07279899478320873,1384.689430256274,cuda:0,torch
7,asr,12,25,75,200,0.9570833333333333,0.9570833333333333,0.09867971318448027,0.35099835136565827,0.5761890848076181,0.07281256382672363,1385.3163583708094,cuda:0,torch
7,asr,12,25,75,200,0.9575,0.9575,0.09842575478064904,0.34999440384235425,0.5771781682310584,0.07282742792658736,1385.9420101309927,cuda:0,torch
7,asr,12,25,75,200,0.9579166666666666,0.9579166666666666,0.0981715113274712,0.34898332015077616,0.578173063897756,0.07284361595146782,1386.5666327683452,cuda:0,torch
7,asr,12,25,75,200,0.9583333333333333,0.9583333333333333,0.0979169825240208,0.34796497465495285,0.5791738730472462,0.07286115229780094,1387.1904695843627,cuda:0,torch
7,asr,12,25,75,200,0.95875,0.95875,0.09766216946839879,0.3469392433151842,0.5801806898286666,0.07288006685614923,1387.813759401672,cuda:0,torch
7,asr,12,25,75,200,0.9591666666666666,0.9591666666666666,0.09740707504166951,0.3459060048919904,0.5811936103902651,0.07290038471774452,1388.4367372745464,cuda:0,torch
7,asr,12,25,75,200,0.9595833333333333,0.9595833333333333,0.0971516999328158,0.3448651264897492,0.582212734723879,0.07292213878637177,1389.059631729168,cuda:0,torch
7,asr,12,25,75,200,0.96,0.96,0.09689604557141737,0.3438164739104339,0.5832381692201305,0.0729453568694356,1389.6826647979997,cuda:0,torch
7,asr,12,25,75,200,0.9604166666666666,0.9604166666666666,0.0966401148809134,0.34275991422801705,0.5842700116035345,0.07297007416844842,1390.3060501771843,cuda:0,torch
7,asr,12,25,75,200,0.9608333333333333,0.9608333333333333,0.09638390885207093,0.34169530346543897,0.585308376658911,0.07299631987565003,1390.9299969939948,cuda:0,torch
7,asr,12,25,75,200,0.9612499999999999,0.9612499999999999,0.09612743104603277,0.340622502387022,0.5863533661350331,0.0730241314779449,1391.5547021876346,cuda:0,torch
7,asr,12,25,75,200,0.9616666666666667,0.9616666666666667,0.09587068335564157,0.3395413612613142,0.5874050971849223,0.07305354155376353,1392.1803564426857,cuda:0,torch
7,asr,12,25,75,200,0.9620833333333333,0.9620833333333333,0.09561367002640112,0.338451733960346,0.5884636790095227,0.07308458703013132,1392.807139965207,cuda:0,torch
7,asr,12,25,75,200,0.9624999999999999,0.9624999999999999,0.09535639197815299,0.3373534575791529,0.5895292309149651,0.07311731150588197,1393.4352229805775,cuda:0,torch
7,asr,12,25,75,200,0.9629166666666666,0.9629166666666666,0.09509885473306703,0.3362463804707162,0.5906018702056426,0.07315174932364121,1394.0647665013548,cuda:0,torch
7,asr,12,25,75,200,0.9633333333333333,0.9633333333333333,0.09484106101349021,0.33513033568897377,0.5916817193014099,0.07318794500961634,1394.6959188606716,cuda:0,torch
7,asr,12,25,75,200,0.96375,0.96375,0.09458301585678837,0.3340051589349529,0.5927689021732467,0.07322593889180035,1395.3288193811527,cuda:0,torch
7,asr,12,25,75,200,0.9641666666666666,0.9641666666666666,0.09432472426582736,0.33287067987430874,0.5938635430506423,0.073265777075049,1395.9635953747445,cuda:0,torch
7,asr,12,25,75,200,0.9645833333333333,0.9645833333333333,0.09406618913687156,0.33172671472060644,0.594965778283436,0.07330750699595756,1396.6003627209338,cuda:0,torch
7,asr,12,25,75,200,0.965,0.965,0.09380741763949708,0.33057308849867306,0.5960757336934452,0.0733511778078817,1397.239224536818,cuda:0,torch
7,asr,12,25,75,200,0.9654166666666666,0.9654166666666666,0.093548414502151,0.32940961103637184,0.5971935494191207,0.07339683954450743,1397.8802736156435,cuda:0,torch
7,asr,12,25,75,200,0.9658333333333333,0.9658333333333333,0.09328918699904074,0.3282360940495658,0.5983193620354369,0.07344454391499733,1398.5235903079763,cuda:0,torch
7,asr,12,25,75,200,0.9662499999999999,0.9662499999999999,0.0930297396841343,0.327052332655426,0.599453315451967,0.073494351892607,1399.1692412624236,cuda:0,torch
7,asr,12,25,75,200,0.9666666666666667,0.9666666666666667,0.09277008302004595,0.3258581351918994,0.6005955529700683,0.07354631183803234,1399.817281200318,cuda:0,torch
7,asr,12,25,75,200,0.9670833333333333,0.9670833333333333,0.09251022233937642,0.3246532839986747,0.6017462232290359,0.07360049277228936,1400.4677549190574,cuda:0,torch
7,asr,12,25,75,200,0.9675,0.9675,0.09225016693253506,0.3234375670650857,0.6029054802942903,0.07365695264062405,1401.120690854194,cuda:0,torch
7,asr,12,25,75,200,0.9679166666666666,0.9679166666666666,0.09198992667602314,0.3222107658670307,0.6040734773403905,0.0737157567925788,1401.7761063733371,cuda:0,torch
7,asr,12,25,75,200,0.9683333333333333,0.9683333333333333,0.09172951044338477,0.3209726492712703,0.6052503735270696,0.07377697720166015,1402.434008089056,cuda:0,torch
7,asr,12,25,75,200,0.96875,0.96875,0.09146892898258203,0.3197229830824635,0.606436334197923,0.07384068271961353,1403.094388298582,cuda:0,torch
7,asr,12,25,75,200,0.9691666666666666,0.9691666666666666,0.0912081938797403,0.31846152627964386,0.6076315216834295,0.07390695203692665,1403.7572248715587,cuda:0,torch
7,asr,12,25,75,200,0.9695833333333334,0.9695833333333334,0.09094731660819524,0.3171880267270045,0.6088361089301337,0.07397586434286174,1404.4224873258745,cuda:0,torch
7,asr,12,25,75,200,0.97,0.97,0.09068631061226684,0.31590222834962556,0.6100502730806374,0.07404749856973702,1405.0901292380127,cuda:0,torch
7,asr,12,25,75,200,0.9704166666666666,0.9704166666666666,0.09042519088135591,0.3146038687687398,0.6112741879308975,0.0741219433003627,1405.7600923695381,cuda:0,torch
7,asr,12,25,75,200,0.9708333333333333,0.9708333333333333,0.09016397090182626,0.3132926682465988,0.6125080375488405,0.07419929420456067,1406.4323075779698,cuda:0,torch
7,asr,12,25,75,200,0.97125,0.97125,0.08990266850058037,0.3119683492239159,0.6137520089540314,0.07427964182205271,1407.1066928791581,cuda:0,torch
7,asr,12,25,75,200,0.9716666666666667,0.9716666666666667,0.08964130107986865,0.3106306193053489,0.6150062943964134,0.07436308629823768,1407.7831519844162,cuda:0,torch
7,asr,12,25,75,200,0.9720833333333333,0.9720833333333333,0.08937988702555916,0.3092791749635001,0.6162710860368878,0.07444973899961205,1408.4615796855007,cuda:0,torch
7,asr,12,25,75,200,0.9724999999999999,0.9724999999999999,0.08911844718488436,0.3079137064719201,0.6175465872100809,0.07453970631799894,1409.141855258329,cuda:0,torch
7,asr,12,25,75,200,0.9729166666666667,0.9729166666666667,0.08885700190382766,0.30653388620103383,0.6188330015713164,0.07463311222764979,1409.82384957929,cuda:0,torch
7,asr,12,25,75,200,0.9733333333333333,0.9733333333333333,0.08859557740476573,0.30513939016577407,0.6201305373254611,0.07473007250876484,1410.5074198509765,cuda:0,torch
7,asr,12,25,75,200,0.97375,0.97375,0.08833419754459435,0.30372986828857296,0.6214394103900747,0.07483072132135238,1411.1924120839315,cuda:0,torch
7,asr,12,25,75,200,0.9741666666666666,0.9741666666666666,0.08807288852977596,0.30230495986844924,0.6227598410223545,0.07493519910919627,1411.8786589288038,cuda:0,torch
7,asr,12,25,75,200,0.9745833333333334,0.9745833333333334,0.08781168222166588,0.3008643034675895,0.6240920469668763,0.07504364956553422,1412.5659868396692,cuda:0,torch
7,asr,12,25,75,200,0.975,0.975,0.08755060860757703,0.29940751011733935,0.6254362604017161,0.07515622948094458,1413.2542048980952,cuda:0,torch
7,asr,12,25,75,200,0.9754166666666666,0.9754166666666666,0.08728970227195362,0.29793418406728056,0.6267927160410685,0.07527309989165099,1413.9431164132207,cuda:0,torch
7,asr,12,25,75,200,0.9758333333333333,0.9758333333333333,0.08702900099499888,0.296443916426666,0.6281616505302186,0.07539443304311544,1414.6325095037625,cuda:0,torch
7,asr,12,25,75,200,0.97625,0.97625,0.08676854383707329,0.2949362772196352,0.6295433072631923,0.07552041551717248,1415.3221652451289,cuda:0,torch
7,asr,12,25,75,200,0.9766666666666667,0.9766666666666667,0.086508374461903,0.2934108248631768,0.6309379353464818,0.07565123979034138,1416.0118525053313,cuda:0,torch
7,asr,12,25,75,200,0.9770833333333333,0.9770833333333333,0.08624853852756388,0.29186709559983565,0.6323457873656015,0.07578711703456281,1416.7013301954505,cuda:0,torch
7,asr,12,25,75,200,0.9775,0.9775,0.08598908870858368,0.29030461828620474,0.6337671191597882,0.07592826255400703,1417.3903475997593,cuda:0,torch
7,asr,12,25,75,200,0.9779166666666667,0.9779166666666667,0.08573007862417338,0.2887228919426555,0.6352021949648077,0.07607491309253683,1418.078643711341,cuda:0,torch
7,asr,12,25,75,200,0.9783333333333333,0.9783333333333333,0.08547156755931899,0.2871213990917621,0.6366512809103494,0.07622731999788851,1418.765948583708,cuda:0,torch
7,asr,12,25,75,200,0.97875,0.97875,0.08521361931199378,0.28549959932582625,0.6381146486574398,0.07638575201673392,1419.4519825970197,cuda:0,torch
7,asr,12,25,75,200,0.9791666666666666,0.9791666666666666,0.08495630531466111,0.2838569368572318,0.6395925693657205,0.0765504937770477,1420.136455969812,cuda:0,torch
7,asr,12,25,75,200,0.9795833333333334,0.9795833333333334,0.08469970114855753,0.28219282572002924,0.6410853239044743,0.0767218503754965,1420.8190727995566,cuda:0,torch
7,asr,12,25,75,200,0.98,0.98,0.08444388962322175,0.28050665671265457,0.6425931951930159,0.07690014809432949,1421.4995267584245,cuda:0,torch
7,asr,12,25,75,200,0.9804166666666666,0.9804166666666666,0.0841889617640986,0.2787977966160552,0.6441164642288479,0.07708573915509687,1422.1775019577938,cuda:0,torch
7,asr,12,25,75,200,0.9808333333333333,0.9808333333333333,0.08393501573800184,0.27706558062909836,0.6456554149741371,0.0772790043967645,1422.8526773420933,cuda:0,torch
7,asr,12,25,75,200,0.98125,0.98125,0.08368215927240379,0.27530931562059247,0.6472103364020492,0.07748034797735837,1423.5247211889216,cuda:0,torch
7,asr,12,25,75,200,0.9816666666666667,0.9816666666666667,0.08343051065455459,0.2735282782141839,0.6487815142183255,0.07769020756749057,1424.1932949762756,cuda:0,torch
7,asr,12,25,75,200,0.9820833333333333,0.9820833333333333,0.08318019975289534,0.2717217124632041,0.6503692310852924,0.07790905645150348,1424.8580564462964,cuda:0,torch
7,asr,12,25,75,200,0.9824999999999999,0.9824999999999999,0.08293136872395936,0.26988882556345833,0.6519737699023134,0.0781374045342283,1425.518650514513,cuda:0,torch
7,asr,12,25,75,200,0.9829166666666667,0.9829166666666667,0.08268417289305303,0.2680287838538907,0.6535954091189997,0.07837580702710961,1426.174719134665,cuda:0,torch
7,asr,12,25,75,200,0.9833333333333333,0.9833333333333333,0.08243878484609883,0.26614071786695365,0.6552344175087514,0.07862486462429491,1426.825895798623,cuda:0,torch
7,asr,12,25,75,200,0.98375,0.98375,0.08219539425874915,0.264223712696637,0.6568910568286072,0.07888523047475582,1427.4718105207578,cuda:0,torch
7,asr,12,25,75,200,0.9841666666666666,0.9841666666666666,0.08195421112528853,0.26227680845276835,0.6585655779483108,0.07915761359892082,1428.112084530991,cuda:0,torch
7,asr,12,25,75,200,0.9845833333333334,0.9845833333333334,0.0817154668973206,0.260298992231354,0.6602582151843781,0.0794427925842679,1428.7463357938605,cuda:0,torch
7,asr,12,25,75,200,0.985,0.985,0.08147942158128527,0.2582892078513195,0.6619691780713362,0.07974161407734437,1429.3741754959601,cuda:0,torch
7,asr,12,25,75,200,0.9854166666666666,0.9854166666666666,0.08124635960642308,0.256246327731359,0.6636986606600782,0.08005501160856276,1429.9952095483748,cuda:0,torch
7,asr,12,25,75,200,0.9858333333333333,0.9858333333333333,0.08101660394095798,0.2541691808765244,0.6654468123577957,0.08038400676567992,1430.6090405010339,cuda:0,torch
7,asr,12,25,75,200,0.98625,0.98625,0.08079051167773024,0.25205651901500253,0.6672137595315297,0.08072972145346774,1431.2152672770628,cuda:0,torch
7,asr,12,25,75,200,0.9866666666666667,0.9866666666666667,0.08056848323456588,0.2499070236494267,0.6689995720530659,0.08109340429750736,1431.8134819177021,cuda:0,torch
7,asr,12,25,75,200,0.9870833333333333,0.9870833333333333,0.08035097000449802,0.24771930372939527,0.6708042601368349,0.08147643613376981,1432.403275519604,cuda:0,torch
7,asr,12,25,75,200,0.9875,0.9875,0.0801384811214373,0.24549188644097358,0.6726277724609808,0.0818803410980456,1432.984234440451,cuda:0,torch
7,asr,12,25,75,200,0.9879166666666667,0.9879166666666667,0.07993159291515842,0.24322321170504396,0.674469959360007,0.08230682893494906,1433.5559415611006,cuda:0,torch
7,asr,12,25,75,200,0.9883333333333333,0.9883333333333333,0.07973095685228275,0.2409116147556452,0.676330574298108,0.08275781094624685,1434.117980149169,cuda:0,torch
7,asr,12,25,75,200,0.98875,0.98875,0.07953731714269581,0.23855533181583233,0.6782092412071588,0.08323542697700892,1434.6699244950707,cuda:0,torch
7,asr,12,25,75,200,0.9891666666666666,0.9891666666666666,0.07935152536785696,0.23615248668962657,0.6801054262451024,0.08374208706527103,1435.2113539904794,cuda:0,torch
7,asr,12,25,75,200,0.9895833333333334,0.9895833333333334,0.07917456143996668,0.23370108483101665,0.6820184010370907,0.08428051413189269,1435.741842021847,cuda:0,torch
7,asr,12,25,75,200,0.99,0.99,0.07900754839533157,0.2311989751833564,0.6839472085384447,0.0848538162781989,1436.2609631712091,cuda:0,torch
7,asr,12,25,75,200,0.9904166666666666,0.9904166666666666,0.07885179639726882,0.22864388111044393,0.6858905936234663,0.0854655252660898,1436.7682878188673,cuda:0,torch
7,asr,12,25,75,200,0.9908333333333333,0.9908333333333333,0.07870882649978324,0.2260333481966761,0.6878469565693982,0.08611969523392571,1437.2633882745242,cuda:0,torch
7,asr,12,25,75,200,0.99125,0.99125,0.07858042482637574,0.22336475308186296,0.6898142426978042,0.08682100422033281,1437.7458364858671,cuda:0,torch
7,asr,12,25,75,200,0.9916666666666667,0.9916666666666667,0.07846869418368775,0.2206352673312631,0.6917898561440632,0.08757487652467372,1438.2152017339079,cuda:0,torch
7,asr,12,25,75,200,0.9920833333333333,0.9920833333333333,0.07837613176780378,0.2178418481722506,0.6937705020708642,0.08838764975688518,1438.6710577955325,cuda:0,torch
7,asr,12,25,75,200,0.9924999999999999,0.9924999999999999,0.0783057227776697,0.21498121078623417,0.6957520235431885,0.08926676567057729,1439.1129759101561,cuda:0,torch
7,asr,12,25,75,200,0.9929166666666667,0.9929166666666667,0.07826106468464837,0.2120498018066943,0.6977291476150599,0.09022105057824581,1439.5405344849148,cuda:0,torch
7,asr,12,25,75,200,0.9933333333333333,0.9933333333333333,0.07824653196943157,0.20904377057992707,0.6996951879701296,0.09126104144994329,1439.953303459408,cuda:0,torch
7,asr,12,25,75,200,0.99375,0.99375,0.07826749380758669,0.2059589274451721,0.7016416097984255,0.0923994627564024,1440.3508670368976,cuda:0,torch
7,asr,12,25,75,200,0.9941666666666666,0.9941666666666666,0.07833061771461673,0.20279071360826129,0.7035574761082178,0.09365181028352088,1440.7328055540636,cuda:0,torch
7,asr,12,25,75,200,0.9945833333333334,0.9945833333333334,0.07844428010420769,0.19953414034148856,0.7054286457250838,0.09503721393342765,1441.0987024589178,cuda:0,torch
7,asr,12,25,75,200,0.995,0.995,0.07861916229805714,0.19618375334554247,0.7072366653800024,0.09657958127445512,1441.448150813034,cuda:0,torch
7,asr,12,25,75,200,0.9954166666666666,0.9954166666666666,0.0788690931086346,0.19273354314411945,0.7089571783023203,0.09830927855356025,1441.7807438189384,cuda:0,torch
7,asr,12,25,75,200,0.9958333333333333,0.9958333333333333,0.07921232041988295,0.18917687700413083,0.7105575428836333,0.10026558011223591,1442.096083566824,cuda:0,torch
7,asr,12,25,75,200,0.99625,0.99625,0.07967345366643129,0.1855063951090664,0.7119932688992556,0.10250033599167796,1442.3937759803166,cuda:0,torch
7,asr,12,25,75,200,0.9966666666666667,0.9966666666666667,0.08028656061673208,0.1817138806229806,0.7132023621696747,0.1050837572073447,1442.673438804412,cuda:0,torch
7,asr,12,25,75,200,0.9970833333333333,0.9970833333333333,0.08110031090168801,0.17779004270773546,0.7140960422896415,0.10811391500262302,1442.934693138916,cuda:0,torch
7,asr,12,25,75,200,0.9975,0.9975,0.0821870444032265,0.17372419331381023,0.7145427048907655,0.11173310179542423,1443.1771734299302,cuda:0,torch
7,asr,12,25,75,200,0.9979166666666667,0.9979166666666667,0.08365988302245543,0.16950358333822702,0.7143381612627662,0.11615825539900682,1443.4005221304965,cuda:0,torch
7,asr,12,25,75,200,0.9983333333333333,0.9983333333333333,0.0857082031988679,0.1651118292345689,0.7131453210290398,0.12174284973639127,1443.6043950443802,cuda:0,torch
7,asr,12,25,75,200,0.99875,0.99875,0.08868145313684134,0.1605243538997574,0.7103553357072657,0.1291203103929769,1443.7884592224984,cuda:0,torch
7,asr,12,25,75,200,0.9991666666666666,0.9991666666666666,0.09333115881553625,0.15569145861555161,0.7046990909543148,0.13960945043013356,1443.9523984835425,cuda:0,torch
7,asr,12,25,75,200,0.9995833333333334,0.9995833333333334,0.10181733248385075,0.15044441801963787,0.6926946201319399,0.1568609618484222,1444.0959093510633,cuda:0,torch
7,asr,12,25,75,200,1.0,1.000000000001,0.14095725447132118,0.14095725447132118,0.6357926935539243,0.2232500519747545,1444.2187044492052,cuda:0,torch
7,asr,12,25,75,200,1.0004166666666667,1.0004166666666667,0.29670113525099295,0.29670113525099295,0.39492218916966526,0.3083766755793418,1444.3205189249463,cuda:0,torch
7,asr,12,25,75,200,1.0008333333333332,1.0008333333333332,0.38074448507497854,0.38074448507497854,0.2657962037040655,0.3534593112209559,1444.4011013031663,cuda:0,torch
7,asr,12,25,75,200,1.00125,1.00125,0.4453527950078156,0.4453527950078156,0.16673094205700983,0.3879162629351746,1444.4602218858192,cuda:0,torch
7,asr,12,25,75,200,1.0016666666666667,1.0016666666666667,0.49326399414250865,0.4932639941425087,0.09337644047068851,0.4133595653868028,1444.4976777294305,cuda:0,torch
7,asr,12,25,75,200,1.0020833333333334,1.0020833333333334,0.5254664574596635,0.5254664574596635,0.04415814694857308,0.4303753955917634,1444.513283844019,cuda:0,torch
7,asr,12,25,75,200,1.0025,1.0025,0.543304434738777,0.543304434738777,0.016987010571165112,0.4397085546900579,1444.5068829039599,cuda:0,torch
7,asr,12,25,75,200,1.0029166666666667,1.0029166666666667,0.5487147183175153,0.5487147183175153,0.008880174827247862,0.4424051068552368,1444.4783411788053,cuda:0,torch
7,asr,12,25,75,200,1.0033333333333334,1.0033333333333334,0.5440078743284807,0.5440078743284807,0.016289483034829366,0.4397026426366899,1444.4275549238273,cuda:0,torch
7,asr,12,25,75,200,1.00375,1.00375,0.5315633858070324,0.5315633858070326,0.035565274111328926,0.4328713400816385,1444.3544452728943,cuda:0,torch
7,asr,12,25,75,200,1.0041666666666667,1.0041666666666667,0.5135840016143731,0.5135840016143732,0.06333081726475925,0.42308518112086746,1444.2589648532114,cuda:0,torch
7,asr,12,25,75,200,1.0045833333333334,1.0045833333333334,0.4919523124632793,0.4919523124632794,0.09670092311583663,0.4113467644208839,1444.1410958933238,cuda:0,torch
7,asr,12,25,75,200,1.005,1.005,0.4681798079574312,0.4681798079574313,0.13335946751996458,0.39846072452260417,1444.0008509183108,cuda:0,torch
7,asr,12,25,75,200,1.0054166666666666,1.0054166666666666,0.44341895068626785,0.44341895068626797,0.17154044055468098,0.38504060875905105,1443.8382763345962,cuda:0,torch
7,asr,12,25,75,200,1.0058333333333334,1.0058333333333334,0.41850921782024847,0.4185092178202486,0.20995737905595974,0.37153340312379174,1488.4738886606115,cuda:0,torch
7,asr,12,25,75,200,1.00625,1.00625,0.39403519341697074,0.39403519341697085,0.247714284573134,0.3582505220098952,1587.109256245544,cuda:0,torch
7,asr,12,25,75,200,1.0066666666666666,1.0066666666666666,0.3703838421267447,0.3703838421267448,0.28421781261384993,0.34539834525940527,1698.4488418067676,cuda:0,torch
7,asr,12,25,75,200,1.0070833333333333,1.0070833333333333,0.3477946182307699,0.34779461823077,0.31910059882513153,0.33310478294409845,1825.07125199453,cuda:0,torch
7,asr,12,25,75,200,1.0075,1.0075,0.3264002321430595,0.32640023214305963,0.3521587792340812,0.32144098862285914,1970.1772478788334,cuda:0,torch
7,asr,12,25,75,200,1.0079166666666666,1.0079166666666666,0.3062583628336635,0.3062583628336636,0.38330342774594783,0.3104382094203886,2137.757018734271,cuda:0,torch
7,asr,12,25,75,200,1.0083333333333333,1.0083333333333333,0.2873754508100535,0.2873754508100536,0.4125241317402013,0.3001004174497451,2332.772040380082,cuda:0,torch
7,asr,12,25,75,200,1.00875,1.00875,0.26972415585026555,0.26972415585026566,0.43986226318809024,0.29041358096164416,2561.285562498265,cuda:0,torch
7,asr,12,25,75,200,1.0091666666666668,1.0091666666666668,0.25325584493707465,0.25325584493707476,0.465391822221314,0.2813523328416112,2830.3923297816923,cuda:0,torch
7,asr,12,25,75,200,1.0095833333333333,1.0095833333333333,0.2379094235445229,0.23790942354452302,0.48920593766850634,0.27288463878697067,3147.567382737301,cuda:0,torch
7,asr,12,25,75,200,1.01,1.01,0.223617409573382,0.2236174095733821,0.5114075634943788,0.2649750269322391,3518.5608328732883,cuda:0,torch
7,asr,12,25,75,200,1.0104166666666667,1.0104166666666667,0.2103100623075495,0.21031006230754962,0.5321031477201035,0.2575867899723469,3942.106972510105,cuda:0,torch
7,asr,12,25,75,200,1.0108333333333333,1.0108333333333333,0.19791810927152628,0.1979181092715264,0.5513984539235489,0.25068343680492466,4399.026995478901,cuda:0,torch
7,asr,12,25,75,200,1.01125,1.01125,0.18637447018148126,0.18637447018148137,0.5693959133902295,0.24422961642828908,4836.055446372444,cuda:0,torch
7,asr,12,25,75,200,1.0116666666666667,1.0116666666666667,0.17561531459057286,0.17561531459057297,0.5861930141973235,0.23819167121210352,5158.344979937167,cuda:0,torch
7,asr,12,25,75,200,1.0120833333333334,1.0120833333333334,0.16558063668799777,0.16558063668799788,0.6018813985851492,0.2325379647268529,5263.090219473522,cuda:0,torch
7,asr,12,25,75,200,1.0125,1.0125,0.1562145112643209,0.156214511264321,0.6165465037847243,0.22723898495095468,5114.794760593631,cuda:0,torch
7,asr,12,25,75,200,1.0129166666666667,1.0129166666666667,0.1474651408720888,0.14746514087208892,0.6302674624662896,0.22226739666162146,4777.186553862102,cuda:0,torch
7,asr,12,25,75,200,1.0133333333333334,1.0133333333333334,0.139284757958443,0.1392847579584431,0.6431172401487567,0.21759800189280018,4355.505286788521,cuda:0,torch
7,asr,12,25,75,200,1.01375,1.01375,0.13162945787251465,0.13162945787251476,0.6551629131976311,0.21320762892985415,3930.6494779106515,cuda:0,torch
7,asr,12,25,75,200,1.0141666666666667,1.0141666666666667,0.12445897306458728,0.12445897306458739,0.6664660231645535,0.2090750037708591,3543.0218876069202,cuda:0,torch
7,asr,12,25,75,200,1.0145833333333334,1.0145833333333334,0.1177364176514636,0.1177364176514637,0.6770828900116688,0.20518069233686753,3205.200841258749,cuda:0,torch
7,asr,12,25,75,200,1.0150000000000001,1.0150000000000001,0.11142804999704699,0.11142804999704709,0.6870651046187392,0.20150684538421376,2916.318769241244,cuda:0,torch
7,asr,12,25,75,200,1.0154166666666666,1.0154166666666666,0.10550299590091952,0.10550299590091962,0.6964598155611869,0.19803718853789354,2670.5858196124477,cuda:0,torch
7,asr,12,25,75,200,1.0158333333333334,1.0158333333333334,0.09993302891911142,0.09993302891911152,0.7053101759245403,0.19475679515634822,2461.211683024071,cuda:0,torch
7,asr,12,25,75,200,1.01625,1.01625,0.09469232385619836,0.09469232385619845,0.7136556375295582,0.19165203861424335,2281.913507743889,cuda:0,torch
7,asr,12,25,75,200,1.0166666666666666,1.0166666666666666,0.08975724824786291,0.089757248247863,0.7215323013448542,0.18871045040728274,2127.3565094902624,cuda:0,torch
7,asr,12,25,75,200,1.0170833333333333,1.0170833333333333,0.08510616855569089,0.08510616855569099,0.7289732518927869,0.18592057955152208,1993.1741261345765,cuda:0,torch
7,asr,12,25,75,200,1.0175,1.0175,0.08071926026195772,0.08071926026195782,0.736008768434263,0.1832719713037792,1875.8464465657567,cuda:0,torch
7,asr,12,25,75,200,1.0179166666666666,1.0179166666666666,0.07657834610500376,0.07657834610500386,0.7426666263145115,0.18075502758048462,1772.548835062039,cuda:0,torch
7,asr,12,25,75,200,1.0183333333333333,1.0183333333333333,0.0726667461214285,0.07266674612142858,0.7489723385252328,0.1783609153533386,1681.0118916599097,cuda:0,torch
7,asr,12,25,75,200,1.01875,1.01875,0.06896913603790018,0.06896913603790027,0.7549493019984215,0.17608156196367825,1599.4044697821537,cuda:0,torch
7,asr,12,25,75,200,1.0191666666666668,1.0191666666666668,0.06547142814345429,0.06547142814345437,0.7606190704553116,0.173909501401234,1526.240348960784,cuda:0,torch
7,asr,12,25,75,200,1.0195833333333333,1.0195833333333333,0.062160653420321364,0.062160653420321454,0.7660014567914327,0.17183788978824582,1460.305170331383,cuda:0,torch
7,asr,12,25,75,200,1.02,1.02,0.05902486496170781,0.0590248649617079,0.7711147261521516,0.1698604088861405,1426.56606445044,cuda:0,torch
7,asr,12,25,75,200,1.0204166666666667,1.0204166666666667,0.05605304382735471,0.0560530438273548,0.7759757226623977,0.16797123351024754,1425.8546987292286,cuda:0,torch
7,asr,12,25,75,200,1.0208333333333333,1.0208333333333333,0.05323501663958043,0.053235016639580524,0.7805999947597424,0.16616498860067708,1425.1384182767113,cuda:0,torch
7,asr,12,25,75,200,1.02125,1.02125,0.05056138155599892,0.05056138155599901,0.78500192364043,0.164436694803571,1424.4177690342433,cuda:0,torch
7,asr,12,25,75,200,1.0216666666666667,1.0216666666666667,0.04802343880839575,0.04802343880839584,0.7891948072622375,0.16278175392936672,1423.6932845940046,cuda:0,torch
7,asr,12,25,75,200,1.0220833333333332,1.0220833333333332,0.04561313240659771,0.0456131324065978,0.7931909673641232,0.161195900229279,1422.9654846734807,cuda:0,torch
7,asr,12,25,75,200,1.0225,1.0225,0.043322992553144105,0.043322992553144195,0.797001825151266,0.15967518229558975,1422.2348774443765,cuda:0,torch
7,asr,12,25,75,200,1.0229166666666667,1.0229166666666667,0.04114608728587704,0.041146087285877125,0.8006379821962841,0.15821593051783875,1421.501955955511,cuda:0,torch
7,asr,12,25,75,200,1.0233333333333334,1.0233333333333334,0.03907597691243052,0.0390759769124306,0.80410928890411,0.15681473418345937,1420.7672010947645,cuda:0,torch
7,asr,12,25,75,200,1.02375,1.02375,0.0371066727662172,0.037106672766217284,0.8074249111375735,0.15546841609620918,1420.0310761721848,cuda:0,torch
7,asr,12,25,75,200,1.0241666666666667,1.0241666666666667,0.035232600485467114,0.0352326004854672,0.8105933718096031,0.1541740277049297,1419.2940331085874,cuda:0,torch
7,asr,12,25,75,200,1.0245833333333334,1.0245833333333334,0.03344856633106182,0.033448566331061906,0.8136226123093793,0.15292882135955882,1418.55650924765,cuda:0,torch
7,asr,12,25,75,200,1.025,1.025,0.031749726066918726,0.03174972606691881,0.8165200513617634,0.15173022257131777,1417.8189244435068,cuda:0,torch
7,asr,12,25,75,200,1.0254166666666666,1.0254166666666666,0.030131558825420342,0.030131558825420426,0.8192926094778332,0.15057583169674635,1417.081690345892,cuda:0,torch
7,asr,12,25,75,200,1.0258333333333334,1.0258333333333334,0.028589838973925204,0.028589838973925287,0.821946746320687,0.14946341470538774,1416.3451951666536,cuda:0,torch
7,asr,12,25,75,200,1.02625,1.02625,0.027120616158604175,0.027120616158604262,0.824488519722453,0.14839086411894278,1415.6098205522899,cuda:0,torch
7,asr,12,25,75,200,1.0266666666666666,1.0266666666666666,0.025720192179341753,0.02572019217934184,0.826923586253587,0.14735622156707118,1414.8759305665785,cuda:0,torch
7,asr,12,25,75,200,1.0270833333333333,1.0270833333333333,0.02438510312285141,0.024385103122851498,0.8292572502741081,0.14635764660304038,1414.1438750364664,cuda:0,torch
7,asr,12,25,75,200,1.0275,1.0275,0.023112100302030675,0.02311210030203076,0.8314944850241668,0.14539341467380246,1413.413990553947,cuda:0,torch
7,asr,12,25,75,200,1.0279166666666666,1.0279166666666666,0.021898136318924812,0.0218981363189249,0.8336399567843615,0.14446190689671357,1412.6866010523108,cuda:0,torch
7,asr,12,25,75,200,1.0283333333333333,1.0283333333333333,0.020740348765903235,0.020740348765903322,0.8356980602682876,0.14356159096580903,1411.9620137375673,cuda:0,torch
7,asr,12,25,75,200,1.02875,1.02875,0.019636047299301546,0.019636047299301632,0.8376729123716229,0.14269104032907548,1411.2405261491845,cuda:0,torch
7,asr,12,25,75,200,1.0291666666666668,1.0291666666666668,0.018582701577504877,0.01858270157750496,0.8395683880959689,0.14184891032652613,1410.5224209748808,cuda:0,torch
7,asr,12,25,75,200,1.0295833333333333,1.0295833333333333,0.01757792969880999,0.017577929698810075,0.8413881340863667,0.1410339362148232,1409.8079696797595,cuda:0,torch
7,asr,12,25,75,200,1.03,1.03,0.016619488178209758,0.01661948817820984,0.8431356016646185,0.1402449101571716,1409.0974287171173,cuda:0,torch
7,asr,12,25,75,200,1.0304166666666668,1.0304166666666668,0.015705261770435637,0.01570526177043572,0.8448140285840887,0.13948070964547557,1408.3910451161246,cuda:0,torch
7,asr,12,25,75,200,1.0308333333333333,1.0308333333333333,0.014833255252665042,0.014833255252665127,0.8464264757951862,0.13874026895214872,1407.6890512217471,cuda:0,torch
7,asr,12,25,75,200,1.03125,1.03125,0.014001585088629082,0.014001585088629165,0.8479758252948156,0.1380225896165552,1406.9916721235288,cuda:0,torch
7,asr,12,25,75,200,1.0316666666666667,1.0316666666666667,0.013208472336243308,0.01320847233624339,0.849464826986232,0.13732670067752456,1406.2991184803711,cuda:0,torch
7,asr,12,25,75,200,1.0320833333333335,1.0320833333333335,0.01245223450141073,0.01245223450141081,0.8508960426569364,0.13665172284165278,1405.6115889371547,cuda:0,torch
7,asr,12,25,75,200,1.0325,1.0325,0.011731281265987315,0.011731281265987395,0.8522719251820434,0.1359967935519692,1404.9292754383223,cuda:0,torch
7,asr,12,25,75,200,1.0329166666666667,1.0329166666666667,0.011044106679645537,0.011044106679645617,0.8535947800763602,0.13536111324399414,1404.2523563226516,cuda:0,torch
7,asr,12,25,75,200,1.0333333333333334,1.0333333333333334,0.010389284852736309,0.010389284852736389,0.8548668105125851,0.13474390463467856,1403.5810021168045,cuda:0,torch
7,asr,12,25,75,200,1.03375,1.03375,0.009765464266891745,0.009765464266891824,0.8560900732590362,0.134144462474072,1402.9153725419299,cuda:0,torch
7,asr,12,25,75,200,1.0341666666666667,1.0341666666666667,0.009171363595894244,0.009171363595894324,0.857266550161854,0.13356208624225163,1402.2556176079822,cuda:0,torch
7,asr,12,25,75,200,1.0345833333333334,1.0345833333333334,0.008605767327875732,0.008605767327875812,0.8583981094683872,0.13299612320373694,1401.6018794242502,cuda:0,torch
7,asr,12,25,75,200,1.0350000000000001,1.0350000000000001,0.008067521177178655,0.008067521177178735,0.8594865245710647,0.1324459542517566,1400.9542896234384,cuda:0,torch
7,asr,12,25,75,200,1.0354166666666667,1.0354166666666667,0.007555529101704091,0.007555529101704171,0.8605334784224153,0.13191099247588048,1400.3129735657965,cuda:0,torch
7,asr,12,25,75,200,1.0358333333333334,1.0358333333333334,0.00706874930641758,0.0070687493064176595,0.8615405786152927,0.1313906720782897,1399.6780458586575,cuda:0,torch
7,asr,12,25,75,200,1.0362500000000001,1.0362500000000001,0.0066061913039387665,0.006606191303938845,0.8625093477633494,0.13088446093271172,1399.049616204842,cuda:0,torch
7,asr,12,25,75,200,1.0366666666666666,1.0366666666666666,0.006166912678913701,0.00616691267891378,0.8634412356985104,0.13039185162257583,1398.4277849813695,cuda:0,torch
7,asr,12,25,75,200,1.0370833333333334,1.0370833333333334,0.005750016585225778,0.005750016585225857,0.8643376278255893,0.12991235558918482,1397.8126402704793,cuda:0,torch
7,asr,12,25,75,200,1.0375,1.0375,0.0053546487315144385,0.0053546487315145165,0.8651998382372302,0.12944551303125526,1397.2042737292888,cuda:0,torch
7,asr,12,25,75,200,1.0379166666666666,1.0379166666666666,0.004979995366428395,0.004979995366428473,0.8660291223932175,0.12899088224035402,1396.6027603259324,cuda:0,torch
7,asr,12,25,75,200,1.0383333333333333,1.0383333333333333,0.004625280634533845,0.004625280634533923,0.866826673559782,0.12854804580568402,1396.0081724247675,cuda:0,torch
7,asr,12,25,75,200,1.03875,1.03875,0.004289764671118295,0.004289764671118373,0.8675936308757544,0.12811660445312725,1395.4205778618064,cuda:0,torch
7,asr,12,25,75,200,1.0391666666666668,1.0391666666666668,0.003972741574671577,0.003972741574671655,0.8683310924862538,0.1276961659390745,1394.840033158645,cuda:0,torch
7,asr,12,25,75,200,1.0395833333333333,1.0395833333333333,0.0036735375084399665,0.0036735375084400437,0.8690400905329355,0.12728637195862444,1394.2665932194398,cuda:0,torch
7,asr,12,25,75,200,1.04,1.04,0.0033915089971680045,0.0033915089971680813,0.8697216250482385,0.12688686595459345,1393.7003039491751,cuda:0,torch
7,asr,12,25,75,200,1.0404166666666668,1.0404166666666668,0.0031260411905558384,0.003126041190555915,0.8703766415203271,0.12649731728911695,1393.1412093238202,cuda:0,torch
7,asr,12,25,75,200,1.0408333333333333,1.0408333333333333,0.0028765465133816573,0.0028765465133817336,0.871006051150508,0.12611740233611027,1392.5893438140272,cuda:0,torch
7,asr,12,25,75,200,1.04125,1.04125,0.0026424630235660725,0.002642463023566149,0.871610715094646,0.1257468218817878,1392.0447410686677,cuda:0,torch
7,asr,12,25,75,200,1.0416666666666667,1.0416666666666667,0.002423253311887212,0.002423253311887288,0.8721914773611003,0.12538526932701247,1391.5074250081873,cuda:0,torch
7,asr,12,25,75,200,1.0420833333333333,1.0420833333333333,0.0022184029375481302,0.002218402937548206,0.8727491231025339,0.12503247395991784,1390.9774193674452,cuda:0,torch
7,asr,12,25,75,200,1.0425,1.0425,0.002027419551116558,0.002027419551116634,0.8732844256924644,0.12468815475641892,1390.4547413427524,cuda:0,torch
7,asr,12,25,75,200,1.0429166666666667,1.0429166666666667,0.001849831523391653,0.001849831523391729,0.8737981039948483,0.12435206448176002,1389.9394028352929,cuda:0,torch
7,asr,12,25,75,200,1.0433333333333334,1.0433333333333334,0.0016851870316121297,0.0016851870316122054,0.8742908667510432,0.12402394621734462,1389.4314113598416,cuda:0,torch
7,asr,12,25,75,200,1.04375,1.04375,0.0015330530495889093,0.0015330530495889848,0.8747633745340792,0.12370357241633187,1388.9307727917933,cuda:0,torch
7,asr,12,25,75,200,1.0441666666666667,1.0441666666666667,0.0013930143821502454,0.0013930143821503206,0.8752162933254034,0.12339069229244627,1388.437488527815,cuda:0,torch
7,asr,12,25,75,200,1.0445833333333334,1.0445833333333334,0.0012646728045095105,0.0012646728045095858,0.8756502190225844,0.12308510817290597,1387.9515540482334,cuda:0,torch
7,asr,12,25,75,200,1.045,1.045,0.0011476462566905657,0.0011476462566906407,0.8760657516819947,0.12278660206131461,1387.4729635278493,cuda:0,torch
7,asr,12,25,75,200,1.0454166666666667,1.0454166666666667,0.001041568057984891,0.0010415680579849659,0.8764634699128495,0.12249496202916552,1387.0017057954399,cuda:0,torch
7,asr,12,25,75,200,1.0458333333333334,1.0458333333333334,0.0009460861142611482,0.0009460861142612229,0.8768439083848532,0.12221000550088562,1386.537768802801,cuda:0,torch
7,asr,12,25,75,200,1.0462500000000001,1.0462500000000001,0.0008608623108527921,0.0008608623108528666,0.8772076024101576,0.12193153527898953,1386.0811360008313,cuda:0,torch
7,asr,12,25,75,200,1.0466666666666666,1.0466666666666666,0.0007855717886934882,0.0007855717886935626,0.8775550580747785,0.12165937013652792,1385.6317874803299,cuda:0,torch
7,asr,12,25,75,200,1.0470833333333334,1.0470833333333334,0.0007199023369244208,0.0007199023369244949,0.8778867526242559,0.12139334503881964,1385.1897012874151,cuda:0,torch
7,asr,12,25,75,200,1.0475,1.0475,0.0006635538474142746,0.0006635538474143486,0.8782031589657763,0.12113328718680938,1384.7548530132267,cuda:0,torch
7,asr,12,25,75,200,1.0479166666666666,1.0479166666666666,0.0006162377039207562,0.0006162377039208301,0.8785047299013041,0.12087903239477504,1384.3272141740429,cuda:0,torch
7,asr,12,25,75,200,1.0483333333333333,1.0483333333333333,0.0005776762912153747,0.0005776762912154484,0.8787918961058984,0.12063042760288618,1386.5016936485154,cuda:0,torch
7,asr,12,25,75,200,1.04875,1.04875,0.0005476024826572083,0.0005476024826572819,0.8790650734425274,0.12038732407481534,1389.622614782567,cuda:0,torch
7,asr,12,25,75,200,1.0491666666666668,1.0491666666666668,0.0005257591793574717,0.0005257591793575452,0.8793246666869662,0.12014957413367627,1392.7721812558689,cuda:0,torch
7,asr,12,25,75,200,1.0495833333333333,1.0495833333333333,0.000511898853281683,0.0005118988532817564,0.8795710582317671,0.11991704291495117,1395.9493857933137,cuda:0,torch
7,asr,12,25,75,200,1.05,1.05,0.0005057831319974875,0.0005057831319975608,0.8798046255700191,0.11968959129798329,1399.1530395060274,cuda:0,torch
7,asr,24,49,147,392,0.95,0.95,0.10339252788607213,0.3686837477041941,0.5585805186001611,0.07273573369564479,6618.385086570333,cuda:0,torch
7,asr,24,49,147,392,0.9504166666666666,0.9504166666666666,0.10314546380995192,0.3677983394714076,0.5594689267527682,0.07273273377582423,6607.467755965353,cuda:0,torch
7,asr,24,49,147,392,0.9508333333333333,0.9508333333333333,0.10289812447475043,0.36690750380951,0.560361583609153,0.07273091258133701,6596.73424656995,cuda:0,torch
7,asr,24,49,147,392,0.9512499999999999,0.9512499999999999,0.10265061998693639,0.3660115525718568,0.5612585040923325,0.07272994333581073,6586.182635941462,cuda:0,torch
7,asr,24,49,147,392,0.9516666666666667,0.9516666666666667,0.10240283832080342,0.3651100023649142,0.5621598352612156,0.0727301623738702,6575.808362858789,cuda:0,torch
7,asr,24,49,147,392,0.9520833333333333,0.9520833333333333,0.10215485644190295,0.3642030426258721,0.5630655798024723,0.0727313775716556,6565.6085236921435,cuda:0,torch
7,asr,24,49,147,392,0.9524999999999999,0.9524999999999999,0.10190663854746713,0.3632904590955091,0.5639757962146588,0.07273374468983212,6555.581153853428,cuda:0,torch
7,asr,24,49,147,392,0.9529166666666666,0.9529166666666666,0.10165819144219794,0.3623721848039755,0.5648906334462036,0.07273718174982091,6545.722246468777,cuda:0,torch
7,asr,24,49,147,392,0.9533333333333333,0.9533333333333333,0.1014095265946685,0.3614481703381127,0.5658100331719185,0.07274179648996881,6536.029801069877,cuda:0,torch
7,asr,24,49,147,392,0.95375,0.95375,0.10116065527511427,0.3605183598005847,0.5667341967738734,0.0727474434255419,6526.5002019691965,cuda:0,torch
7,asr,24,49,147,392,0.9541666666666666,0.9541666666666666,0.10091155355644944,0.3595825721135013,0.5676630722534828,0.07275435563301591,6517.131790476178,cuda:0,torch
7,asr,24,49,147,392,0.9545833333333333,0.9545833333333333,0.10066222186219798,0.35864070923233105,0.568596866945074,0.0727624238225949,6507.92045594452,cuda:0,torch
7,asr,24,49,147,392,0.955,0.955,0.10041268018046777,0.3576927404792268,0.5695355231022704,0.07277173641850282,6498.864191180979,cuda:0,torch
7,asr,24,49,147,392,0.9554166666666666,0.9554166666666666,0.10016293480103171,0.3567385839931102,0.5704792217860074,0.07278219422088239,6489.961686236874,cuda:0,torch
7,asr,24,49,147,392,0.9558333333333333,0.9558333333333333,0.09991297424092722,0.3557780905338932,0.5714280002999337,0.07279390916617312,6481.208678650889,cuda:0,torch
7,asr,24,49,147,392,0.9562499999999999,0.9562499999999999,0.09966278972668842,0.3548111187070636,0.5723819184638865,0.07280696282904986,6472.6039905865855,cuda:0,torch
7,asr,24,49,147,392,0.9566666666666667,0.9566666666666667,0.09941239682742364,0.3538376106929144,0.5733410522837823,0.07282133702330329,6464.144839050519,cuda:0,torch
7,asr,24,49,147,392,0.9570833333333333,0.9570833333333333,0.09916181946585169,0.3528575351742026,0.5743055154724692,0.07283694935332818,6455.829397600981,cuda:0,torch
7,asr,24,49,147,392,0.9575,0.9575,0.0989110079314157,0.3518705948942811,0.575275449938984,0.07285395516673487,6447.653568137573,cuda:0,torch
7,asr,24,49,147,392,0.9579166666666666,0.9579166666666666,0.09866001859248823,0.3508768684552965,0.5762507826916056,0.07287234885309796,6439.616623950964,cuda:0,torch
7,asr,24,49,147,392,0.9583333333333333,0.9583333333333333,0.09840883278613205,0.3498761617354164,0.5772317359907726,0.07289210227381099,6431.716979338423,cuda:0,torch
7,asr,24,49,147,392,0.95875,0.95875,0.09815746922439082,0.34886841130448043,0.5782183152432852,0.07291327345223442,6423.95044405249,cuda:0,torch
7,asr,24,49,147,392,0.9591666666666666,0.9591666666666666,0.0979058913935818,0.34785335390475813,0.5792107015567637,0.07293594453847818,6416.316070589185,cuda:0,torch
7,asr,24,49,147,392,0.9595833333333333,0.9595833333333333,0.09765414599198949,0.34683101638369473,0.5802089307560754,0.07296005286022988,6408.811664588586,cuda:0,torch
7,asr,24,49,147,392,0.96,0.96,0.09740221423241088,0.34580119129245607,0.5812130807820953,0.0729857279254486,6401.434720580372,cuda:0,torch
7,asr,24,49,147,392,0.9604166666666666,0.9604166666666666,0.09715010684187465,0.3447637704482027,0.582223295358577,0.0730129341932203,6394.183397835676,cuda:0,torch
7,asr,24,49,147,392,0.9608333333333333,0.9608333333333333,0.0968978278621964,0.3437186171035672,0.583239602069642,0.0730417808267908,6387.056064302162,cuda:0,torch
7,asr,24,49,147,392,0.9612499999999999,0.9612499999999999,0.09664538095673492,0.3426655900643023,0.5842621952116567,0.07307221472404102,6380.049287920499,cuda:0,torch
7,asr,24,49,147,392,0.9616666666666667,0.9616666666666667,0.09639278952205822,0.34160461200113046,0.5852910993756429,0.0731042886232266,6373.163274391638,cuda:0,torch
7,asr,24,49,147,392,0.9620833333333333,0.9620833333333333,0.09614004007805924,0.34053547014751867,0.5863264522975189,0.07313807755496243,6366.393476212433,cuda:0,torch
7,asr,24,49,147,392,0.9624999999999999,0.9624999999999999,0.09588713856316929,0.33945801672643816,0.5873683423429061,0.0731736409306557,6359.739057806729,cuda:0,torch
7,asr,24,49,147,392,0.9629166666666666,0.9629166666666666,0.09563410249888817,0.33837213764998725,0.5884169409396878,0.07321092141032498,6353.198399165902,cuda:0,torch
7,asr,24,49,147,392,0.9633333333333333,0.9633333333333333,0.0953809385093855,0.337277676112984,0.5894722655001413,0.0732500583868747,6346.768973112761,cuda:0,torch
7,asr,24,49,147,392,0.96375,0.96375,0.09512765477980716,0.33617447498216213,0.5905345027508236,0.07329102226701423,6340.448673112825,cuda:0,torch
7,asr,24,49,147,392,0.9641666666666666,0.9641666666666666,0.09487425048327554,0.3350623385047327,0.5916037174734049,0.07333394402186239,6334.235310149596,cuda:0,torch
7,asr,24,49,147,392,0.9645833333333333,0.9645833333333333,0.09462074277756133,0.333941128333879,0.5926800263450109,0.07337884532111005,6328.127326660967,cuda:0,torch
7,asr,24,49,147,392,0.965,0.965,0.09436713785156284,0.3328106607224155,0.5937635911493948,0.0734257481281897,6322.122826569085,cuda:0,torch
7,asr,24,49,147,392,0.9654166666666666,0.9654166666666666,0.09411344558769592,0.33167075915747973,0.5948545504745715,0.07347469036794879,6316.217502238242,cuda:0,torch
7,asr,24,49,147,392,0.9658333333333333,0.9658333333333333,0.09385967419360708,0.33052123253170834,0.5959530010124288,0.0735257664558629,6310.411866424647,cuda:0,torch
7,asr,24,49,147,392,0.9662499999999999,0.9662499999999999,0.09360586055892486,0.3293619834973778,0.5970591004698664,0.07357891603275579,6304.702059519132,cuda:0,torch
7,asr,24,49,147,392,0.9666666666666667,0.9666666666666667,0.0933519692850467,0.3281926533194772,0.5981728911151225,0.07363445556540027,6299.0864831525205,cuda:0,torch
7,asr,24,49,147,392,0.9670833333333333,0.9670833333333333,0.09309804939352621,0.32701317123035445,0.599294595452859,0.07369223331678654,6293.562740289358,cuda:0,torch
7,asr,24,49,147,392,0.9675,0.9675,0.09284411895702023,0.3258233486710237,0.6004242783423973,0.073752372986579,6288.127429590676,cuda:0,torch
7,asr,24,49,147,392,0.9679166666666666,0.9679166666666666,0.09259017983947047,0.324622931629498,0.6015620954411368,0.07381497292936517,6282.779488063183,cuda:0,torch
7,asr,24,49,147,392,0.9683333333333333,0.9683333333333333,0.09233625249385705,0.32341172153832964,0.6027083662472426,0.0738799122144278,6277.515031217609,cuda:0,torch
7,asr,24,49,147,392,0.96875,0.96875,0.09208233181229311,0.3221894209037754,0.6038629416683499,0.07394763742787475,6272.331092827699,cuda:0,torch
7,asr,24,49,147,392,0.9691666666666666,0.9691666666666666,0.09182847429391704,0.3209559356530767,0.605026170626012,0.07401789372091128,6267.224936204124,cuda:0,torch
7,asr,24,49,147,392,0.9695833333333334,0.9695833333333334,0.09157467484265627,0.31971094802754163,0.6061981224243733,0.07409092954808505,6262.194018725196,cuda:0,torch
7,asr,24,49,147,392,0.97,0.97,0.09132096553188802,0.31845425584016684,0.6073790113683487,0.07416673279148445,6257.234063180286,cuda:0,torch
7,asr,24,49,147,392,0.9704166666666666,0.9704166666666666,0.0910673500821843,0.31718554686510925,0.608568979200149,0.07424547393474179,6252.34204936476,cuda:0,torch
7,asr,24,49,147,392,0.9708333333333333,0.9708333333333333,0.09081386989763808,0.3159046279159121,0.6097681087548997,0.07432726332918815,6247.514913950857,cuda:0,torch
7,asr,24,49,147,392,0.97125,0.97125,0.09056052726857235,0.3146111554321679,0.610976676864293,0.07441216770353909,6242.746166352313,cuda:0,torch
7,asr,24,49,147,392,0.9716666666666667,0.9716666666666667,0.09030740990330156,0.31330506813791154,0.6121948074286221,0.07450012443346637,6238.033734804524,cuda:0,torch
7,asr,24,49,147,392,0.9720833333333333,0.9720833333333333,0.09005446390029619,0.3119857983561091,0.6134226372013469,0.07459156444254395,6233.371917735628,cuda:0,torch
7,asr,24,49,147,392,0.9724999999999999,0.9724999999999999,0.0898017721224043,0.3106532369932434,0.6146603757941069,0.0746863872126497,6228.756615833218,cuda:0,torch
7,asr,24,49,147,392,0.9729166666666667,0.9729166666666667,0.08954935516660623,0.3093070422177615,0.6159082574171114,0.07478470036512708,6224.181628224339,cuda:0,torch
7,asr,24,49,147,392,0.9733333333333333,0.9733333333333333,0.08929727476763064,0.3079469957674912,0.6171663070605248,0.07488669717198404,6219.642532720782,cuda:0,torch
7,asr,24,49,147,392,0.97375,0.97375,0.08904549962049309,0.3065725405922008,0.6184349068041217,0.07499255260367749,6215.131674130867,cuda:0,torch
7,asr,24,49,147,392,0.9741666666666666,0.9741666666666666,0.08879412221416186,0.30518352561826145,0.6197141002031554,0.07510237417858312,6210.644373525234,cuda:0,torch
7,asr,24,49,147,392,0.9745833333333334,0.9745833333333334,0.08854319034200668,0.3037796245143394,0.6210041488153888,0.07521622667027184,6206.174319295525,cuda:0,torch
7,asr,24,49,147,392,0.975,0.975,0.0882927373660229,0.30236043833621,0.6223051665062403,0.07533439515754964,6201.713784848407,cuda:0,torch
7,asr,24,49,147,392,0.9754166666666666,0.9754166666666666,0.08804279759837486,0.3009255479691259,0.6236175086887171,0.07545694334215697,6197.256459181339,cuda:0,torch
7,asr,24,49,147,392,0.9758333333333333,0.9758333333333333,0.08779343252336723,0.29947460255149333,0.6249412103105791,0.07558418713792753,6192.794885043261,cuda:0,torch
7,asr,24,49,147,392,0.97625,0.97625,0.08754473988296776,0.2980073447722832,0.6262765529464025,0.07571610228131431,6188.321749174886,cuda:0,torch
7,asr,24,49,147,392,0.9766666666666667,0.9766666666666667,0.08729672185474095,0.29652316508427007,0.6276237674850278,0.07585306743070214,6183.831121845655,cuda:0,torch
7,asr,24,49,147,392,0.9770833333333333,0.9770833333333333,0.08704947413010193,0.29502174073289245,0.6289829369899305,0.07599532227717709,6179.3142368950685,cuda:0,torch
7,asr,24,49,147,392,0.9775,0.9775,0.08680305356822145,0.29350258133048746,0.6303544595069762,0.07614295916253633,6174.763805720512,cuda:0,torch
7,asr,24,49,147,392,0.9779166666666667,0.9779166666666667,0.08655755757694035,0.291965300951188,0.63173849562394,0.07629620342487198,6170.17444166606,cuda:0,torch
7,asr,24,49,147,392,0.9783333333333333,0.9783333333333333,0.08631306647022254,0.2904094167322343,0.6331351612184717,0.07645542204929401,6165.539235802934,cuda:0,torch
7,asr,24,49,147,392,0.97875,0.97875,0.0860696546024708,0.2888343832866657,0.6345447640719654,0.07662085264136892,6160.852512235647,cuda:0,torch
7,asr,24,49,147,392,0.9791666666666666,0.9791666666666666,0.0858274501768312,0.2872397930742674,0.6359674388847814,0.07679276804095125,6156.109429519828,cuda:0,torch
7,asr,24,49,147,392,0.9795833333333334,0.9795833333333334,0.08558650208628704,0.28562492461955175,0.637403538386415,0.07697153699403331,6151.305258066994,cuda:0,torch
7,asr,24,49,147,392,0.98,0.98,0.08534697005012934,0.2839893768166255,0.6388531528760821,0.07715747030729236,6146.436759713505,cuda:0,torch
7,asr,24,49,147,392,0.9804166666666666,0.9804166666666666,0.08510898549076673,0.28233259740769895,0.6403165580891336,0.07735084450316748,6141.501983746615,cuda:0,torch
7,asr,24,49,147,392,0.9808333333333333,0.9808333333333333,0.08487264449894168,0.28065385526496117,0.6417939730545619,0.07755217168047696,6136.498432196382,cuda:0,torch
7,asr,24,49,147,392,0.98125,0.98125,0.08463812493560703,0.27895262811892835,0.6432855898968756,0.07776178198419609,6131.427562646117,cuda:0,torch
7,asr,24,49,147,392,0.9816666666666667,0.9816666666666667,0.08440559014973405,0.27722827177189807,0.6447915783568529,0.07798014987124907,6126.287994552424,cuda:0,torch
7,asr,24,49,147,392,0.9820833333333333,0.9820833333333333,0.08417519080645304,0.2754800244229899,0.6463122489059446,0.07820772667106546,6121.082727056191,cuda:0,torch
7,asr,24,49,147,392,0.9824999999999999,0.9824999999999999,0.08394715076003148,0.27370728137537254,0.6478476514803003,0.07844506714432714,6115.814534371185,cuda:0,torch
7,asr,24,49,147,392,0.9829166666666667,0.9829166666666667,0.08372163804395942,0.27190916119381525,0.6493980373990657,0.0786928014071191,6110.486256781097,cuda:0,torch
7,asr,24,49,147,392,0.9833333333333333,0.9833333333333333,0.08349893030209725,0.27008504071227635,0.6509635191495347,0.078951440138189,6105.103328716087,cuda:0,torch
7,asr,24,49,147,392,0.98375,0.98375,0.08327922991996149,0.26823394114908694,0.6525443038514437,0.07922175499946937,6099.670193471226,cuda:0,torch
7,asr,24,49,147,392,0.9841666666666666,0.9841666666666666,0.08306284310594059,0.2663550982746445,0.6541405399190772,0.07950436180627835,6094.192843528969,cuda:0,torch
7,asr,24,49,147,392,0.9845833333333334,0.9845833333333334,0.08285009707705515,0.26444768043646794,0.6557522390893314,0.07980008047420062,6088.677967730006,cuda:0,torch
7,asr,24,49,147,392,0.985,0.985,0.08264129263219983,0.2625106238344006,0.6573795169799589,0.08010985918564051,6083.131188698818,cuda:0,torch
7,asr,24,49,147,392,0.9854166666666666,0.9854166666666666,0.08243683105887147,0.26054301919679573,0.6590224090620491,0.08043457174115515,6077.560504073815,cuda:0,torch
7,asr,24,49,147,392,0.9858333333333333,0.9858333333333333,0.08223713320700542,0.2585438378620786,0.6606808457726815,0.08077531636523994,6071.972093053091,cuda:0,torch
7,asr,24,49,147,392,0.98625,0.98625,0.08204265945506935,0.25651196996996806,0.6623548617957195,0.08113316823431249,6066.3721365619585,cuda:0,torch
7,asr,24,49,147,392,0.9866666666666667,0.9866666666666667,0.08185395804864994,0.2544463528099268,0.6640442194034761,0.08150942778659709,6060.768600285515,cuda:0,torch
7,asr,24,49,147,392,0.9870833333333333,0.9870833333333333,0.08167154564125047,0.2523455698623084,0.6657488426165968,0.08190558752109478,6055.167741749772,cuda:0,torch
7,asr,24,49,147,392,0.9875,0.9875,0.08149614608334757,0.25020855806307196,0.6674682830180118,0.08232315891891628,6049.574539795866,cuda:0,torch
7,asr,24,49,147,392,0.9879166666666667,0.9879166666666667,0.08132848443809183,0.2480339277684434,0.6692022679710774,0.08276380426047919,6043.99701056322,cuda:0,torch
7,asr,24,49,147,392,0.9883333333333333,0.9883333333333333,0.08116937986676627,0.24582020672320337,0.6709502344126437,0.08322955886415295,6038.4387410770905,cuda:0,torch
7,asr,24,49,147,392,0.98875,0.98875,0.0810198321286389,0.24356604582964198,0.6727114307680752,0.08372252340228287,6032.906455004209,cuda:0,torch
7,asr,24,49,147,392,0.9891666666666666,0.9891666666666666,0.08088087142180571,0.24126970036708728,0.6744849622108813,0.08424533742203144,6027.40353648681,cuda:0,torch
7,asr,24,49,147,392,0.9895833333333334,0.9895833333333334,0.08075378519131532,0.23892963525689334,0.6762697408645024,0.08480062387860424,6021.935782307491,cuda:0,torch
7,asr,24,49,147,392,0.99,0.99,0.0806399715411097,0.23654399147550376,0.6780643851421542,0.08539162338234207,6016.507190064455,cuda:0,torch
7,asr,24,49,147,392,0.9904166666666666,0.9904166666666666,0.08054108604234843,0.2341109107242612,0.6798671828695771,0.08602190640616164,6011.120696302179,cuda:0,torch
7,asr,24,49,147,392,0.9908333333333333,0.9908333333333333,0.08045907702129937,0.23162849893091061,0.6816758918698617,0.08669560919922772,6005.7798824466245,cuda:0,torch
7,asr,24,49,147,392,0.99125,0.99125,0.08039612947175744,0.2290944932456478,0.6834878494203263,0.08741765733402596,6000.487753340291,cuda:0,torch
7,asr,24,49,147,392,0.9916666666666667,0.9916666666666667,0.08035492700785583,0.22650681068674422,0.685299841545301,0.08819334776795479,5995.246648566175,cuda:0,torch
7,asr,24,49,147,392,0.9920833333333333,0.9920833333333333,0.0803385576414602,0.2238630111014827,0.6871076689615945,0.08902931993692281,5990.058983634617,cuda:0,torch
7,asr,24,49,147,392,0.9924999999999999,0.9924999999999999,0.08035072110841558,0.22116055627644415,0.6889063094263436,0.08993313429721228,5984.927246265282,cuda:0,torch
7,asr,24,49,147,392,0.9929166666666667,0.9929166666666667,0.08039585814016566,0.21839674430235567,0.6906894352295047,0.09091382046813967,5979.852886843609,cuda:0,torch
7,asr,24,49,147,392,0.9933333333333333,0.9933333333333333,0.08047939951234745,0.21556884403102294,0.6924490235110107,0.09198213245796638,5974.836683593028,cuda:0,torch
7,asr,24,49,147,392,0.99375,0.99375,0.08060791333499182,0.21267377550648786,0.6941751728865793,0.09315105160693288,5969.880345157346,cuda:0,torch
7,asr,24,49,147,392,0.9941666666666666,0.9941666666666666,0.08078959882181871,0.20970847214127192,0.6958551277712766,0.09443640008745152,5964.986330494706,cuda:0,torch
7,asr,24,49,147,392,0.9945833333333334,0.9945833333333334,0.08103459474444799,0.2066693974958194,0.6974726982401118,0.09585790426406879,5960.15336486726,cuda:0,torch
7,asr,24,49,147,392,0.995,0.995,0.08135593376079778,0.20355322173002824,0.6990069532635947,0.09743982500637702,5955.382971480385,cuda:0,torch
7,asr,24,49,147,392,0.9954166666666666,0.9954166666666666,0.08177037544036929,0.20035638653070603,0.7004301876977022,0.09921342577159181,5950.67576737296,cuda:0,torch
7,asr,24,49,147,392,0.9958333333333333,0.9958333333333333,0.08229992334263535,0.19707520953907745,0.7017061286647743,0.10121866179614822,5946.0326725866735,cuda:0,torch
7,asr,24,49,147,392,0.99625,0.99625,0.08297410938335016,0.19370595830946968,0.7027851021498199,0.10350893954071039,5941.452603818892,cuda:0,torch
7,asr,24,49,147,392,0.9966666666666667,0.9966666666666667,0.08383376678587559,0.1902453011340012,0.7035986095645823,0.10615608930141648,5936.937376760978,cuda:0,torch
7,asr,24,49,147,392,0.9970833333333333,0.9970833333333333,0.08493691448970783,0.18669014443178844,0.7040489935747153,0.10926086199349627,5932.4860112414235,cuda:0,torch
7,asr,24,49,147,392,0.9975,0.9975,0.08636953737992263,0.18303836186662542,0.7039922758517085,0.11296936228166604,5928.099100927379,cuda:0,torch
7,asr,24,49,147,392,0.9979166666666667,0.9979166666666667,0.08826544422713131,0.17928899981851149,0.7032062165346573,0.1175047836468312,5923.775543904253,cuda:0,torch
7,asr,24,49,147,392,0.9983333333333333,0.9983333333333333,0.09084796502168328,0.17544360853425914,0.7013250954432664,0.12323129602247448,5919.515962828888,cuda:0,torch
7,asr,24,49,147,392,0.99875,0.99875,0.09452739966037171,0.1715061020547823,0.6976911310130004,0.1308027669322173,5915.3205918118065,cuda:0,torch
7,asr,24,49,147,392,0.9991666666666666,0.9991666666666666,0.10018298313384592,0.16747916313922445,0.6909369952480169,0.14158384161275867,5911.189020265901,cuda:0,torch
7,asr,24,49,147,392,0.9995833333333334,0.9995833333333334,0.1103320016775618,0.1633150448866318,0.6773193488711846,0.1593656062421836,5907.120015822411,cuda:0,torch
7,asr,24,49,147,392,1.0,1.000000000001,0.15608831670919765,0.15608831670919765,0.6154061508459195,0.2285055324448828,5903.114347109716,cuda:0,torch
7,asr,24,49,147,392,1.0004166666666667,1.0004166666666667,0.317415278075019,0.317415278075019,0.3673321541077398,0.3152525678172412,5899.171001312894,cuda:0,torch
7,asr,24,49,147,392,1.0008333333333332,1.0008333333333332,0.40097965171292604,0.40097965171292604,0.23920266352969363,0.3598176847573803,5895.29014425645,cuda:0,torch
7,asr,24,49,147,392,1.00125,1.00125,0.4630053516018295,0.46300535160182954,0.14403640207222593,0.39295824632594456,5891.470510171181,cuda:0,torch
7,asr,24,49,147,392,1.0016666666666667,1.0016666666666667,0.5071379795817806,0.5071379795817806,0.0761975367175274,0.416664483700692,5887.712061919964,cuda:0,torch
7,asr,24,49,147,392,1.0020833333333334,1.0020833333333334,0.5351005430643246,0.5351005430643246,0.033054512776437756,0.4318449441592376,5884.014903728824,cuda:0,torch
7,asr,24,49,147,392,1.0025,1.0025,0.5488165863949263,0.5488165863949263,0.011687567908720439,0.43949584569635336,5880.378044262763,cuda:0,torch
7,asr,24,49,147,392,1.0029166666666667,1.0029166666666667,0.5506073003602717,0.5506073003602717,0.008572267750674037,0.4408204318890543,5876.801080118702,cuda:0,torch
7,asr,24,49,147,392,1.0033333333333334,1.0033333333333334,0.5429740419630125,0.5429740419630126,0.019904833705769263,0.4371211243312182,5873.283721779107,cuda:0,torch
7,asr,24,49,147,392,1.00375,1.00375,0.5283336619867857,0.5283336619867858,0.04200439610015706,0.4296619419130572,5869.8252918208655,cuda:0,torch
7,asr,24,49,147,392,1.0041666666666667,1.0041666666666667,0.5088277444098258,0.5088277444098259,0.07160452880794972,0.4195677267822243,5866.425212496285,cuda:0,torch
7,asr,24,49,147,392,1.0045833333333334,1.0045833333333334,0.48622948896224216,0.4862294889622423,0.10599680782881714,0.4077737032089406,5863.083217833615,cuda:0,torch
7,asr,24,49,147,392,1.005,1.005,0.46192789193131334,0.46192789193131345,0.14305622364485795,0.3950158844238286,5859.7987559977155,cuda:0,torch
7,asr,24,49,147,392,1.0054166666666666,1.0054166666666666,0.4369619677719482,0.4369619677719483,0.181191261509327,0.38184677071872475,5856.570885063162,cuda:0,torch
7,asr,24,49,147,392,1.0058333333333334,1.0058333333333334,0.4120743906747182,0.4120743906747183,0.21926026352396147,0.36866534580132027,5853.400480588081,cuda:0,torch
7,asr,24,49,147,392,1.00625,1.00625,0.3877741497445924,0.3877741497445925,0.25647983923121126,0.3557460110241962,5850.285249107145,cuda:0,torch
7,asr,24,49,147,392,1.0066666666666666,1.0066666666666666,0.3643914961936078,0.3643914961936079,0.2923399352167726,0.3432685685896195,5847.225812258068,cuda:0,torch
7,asr,24,49,147,392,1.0070833333333333,1.0070833333333333,0.34212405048074906,0.3421240504807492,0.3265322544154173,0.3313436951038336,5844.221815021808,cuda:0,torch
7,asr,24,49,147,392,1.0075,1.0075,0.32107582470811885,0.32107582470811896,0.3588927374083789,0.32003143788350213,5841.271469493656,cuda:0,torch
7,asr,24,49,147,392,1.0079166666666666,1.0079166666666666,0.3012850168083842,0.3012850168083843,0.38935887048129714,0.30935611271031854,5993.037263564553,cuda:0,torch
7,asr,24,49,147,392,1.0083333333333333,1.0083333333333333,0.28274535265473155,0.28274535265473166,0.41793587989276587,0.2993187674525024,6501.857706850308,cuda:0,torch
7,asr,24,49,147,392,1.00875,1.00875,0.26542174929328166,0.2654217492932818,0.44467405681334665,0.2899041938933715,7094.001327407265,cuda:0,torch
7,asr,24,49,147,392,1.0091666666666668,1.0091666666666668,0.2492611296594767,0.2492611296594768,0.46965158458463996,0.28108728575588326,7787.244297684192,cuda:0,torch
7,asr,24,49,147,392,1.0095833333333333,1.0095833333333333,0.23420029910859808,0.2342002991085982,0.4929622446059553,0.27283745628544653,8601.680024758527,cuda:0,torch
7,asr,24,49,147,392,1.01,1.01,0.2201712538188874,0.22017125381888752,0.5147079701386349,0.2651207760424776,9556.884863122204,cuda:0,torch
7,asr,24,49,147,392,1.0104166666666667,1.0104166666666667,0.20710461827911106,0.20710461827911117,0.5349927523900241,0.2579026293308647,10663.943548780191,cuda:0,torch
7,asr,24,49,147,392,1.0108333333333333,1.0108333333333333,0.19493213526442263,0.19493213526442274,0.5539192568085954,0.2511486079269818,11907.15101547771,cuda:0,torch
7,asr,24,49,147,392,1.01125,1.01125,0.18358805263162084,0.18358805263162095,0.5715866312510727,0.24482531611730637,13209.83744070852,cuda:0,torch
7,asr,24,49,147,392,1.0116666666666667,1.0116666666666667,0.17301008714900387,0.17301008714900398,0.5880889974018737,0.23890091544912231,14392.288004006099,cuda:0,torch
7,asr,24,49,147,392,1.0120833333333334,1.0120833333333334,0.16313977580096842,0.16313977580096853,0.6035142952065647,0.23334592899246673,15173.692363439433,cuda:0,torch
7,asr,24,49,147,392,1.0125,1.0125,0.1539226825821646,0.1539226825821647,0.6179449479883862,0.22813236942944912,15299.313340050396,cuda:0,torch
7,asr,24,49,147,392,1.0129166666666667,1.0129166666666667,0.14530854139085644,0.14530854139085655,0.63145738556258,0.22323407304656342,14737.385531295435,cuda:0,torch
7,asr,24,49,147,392,1.0133333333333334,1.0133333333333334,0.13725093408753256,0.13725093408753267,0.6441216664924047,0.21862739942006268,13705.088400436805,cuda:0,torch
7,asr,24,49,147,392,1.01375,1.01375,0.1297072008982326,0.1297072008982327,0.6560023764614971,0.21429042264027023,12487.719132975733,cuda:0,torch
7,asr,24,49,147,392,1.0141666666666667,1.0141666666666667,0.12263821729754251,0.12263821729754262,0.667158715658218,0.21020306704423933,11286.991154088444,cuda:0,torch
7,asr,24,49,147,392,1.0145833333333334,1.0145833333333334,0.11600820095890274,0.11600820095890285,0.6776452947723235,0.20634650426877366,10198.83679364196,cuda:0,torch
7,asr,24,49,147,392,1.0150000000000001,1.0150000000000001,0.10978428743848015,0.10978428743848025,0.6875114976759173,0.20270421488560242,9250.852616764469,cuda:0,torch
7,asr,24,49,147,392,1.0154166666666666,1.0154166666666666,0.1039364952575185,0.1039364952575186,0.696803307643457,0.19926019709902443,8438.297340805633,cuda:0,torch
7,asr,24,49,147,392,1.0158333333333334,1.0158333333333334,0.09843734679420005,0.09843734679420015,0.7055619897431533,0.19600066346264655,7744.792807227616,cuda:0,torch
7,asr,24,49,147,392,1.01625,1.01625,0.09326170092468242,0.09326170092468251,0.7138261026005954,0.19291219647472208,7151.794668730068,cuda:0,torch
7,asr,24,49,147,392,1.0166666666666666,1.0166666666666666,0.08838653792651271,0.08838653792651281,0.7216303907060753,0.18998307136741194,6642.244205339256,cuda:0,torch
7,asr,24,49,147,392,1.0170833333333333,1.0170833333333333,0.08379072974537992,0.08379072974538002,0.7290071278907071,0.1872021423639129,6201.6304881254,cuda:0,torch
7,asr,24,49,147,392,1.0175,1.0175,0.07945495679477281,0.07945495679477291,0.7359855679723756,0.18455947523285152,5818.02709451523,cuda:0,torch
7,asr,24,49,147,392,1.0179166666666666,1.0179166666666666,0.0753614744064892,0.0753614744064893,0.7425926112868214,0.1820459143066893,5783.968703811335,cuda:0,torch
7,asr,24,49,147,392,1.0183333333333333,1.0183333333333333,0.07149398022267911,0.07149398022267921,0.7488533335447565,0.1796526862325643,5782.288796257006,cuda:0,torch
7,asr,24,49,147,392,1.01875,1.01875,0.06783747964004216,0.06783747964004226,0.754790349007332,0.17737217135262573,5780.653123047105,cuda:0,torch
7,asr,24,49,147,392,1.0191666666666668,1.0191666666666668,0.06437820316592612,0.0643782031659262,0.7604246947723454,0.1751971020617284,5779.061432057605,cuda:0,torch
7,asr,24,49,147,392,1.0195833333333333,1.0195833333333333,0.06110343578928362,0.06110343578928371,0.7657756901592542,0.17312087405146212,5777.513135869827,cuda:0,torch
7,asr,24,49,147,392,1.02,1.02,0.05800148380014024,0.05800148380014033,0.7708610688559562,0.1711374473439035,5776.007752540351,cuda:0,torch
7,asr,24,49,147,392,1.0204166666666667,1.0204166666666667,0.05506152997308499,0.05506152997308508,0.775697437313589,0.16924103271332594,5774.546037254396,cuda:0,torch
7,asr,24,49,147,392,1.0208333333333333,1.0208333333333333,0.052273598227665495,0.052273598227665585,0.7802997073511168,0.16742669442121766,5773.127005261,cuda:0,torch
7,asr,24,49,147,392,1.02125,1.02125,0.0496284413093035,0.04962844130930359,0.7846822634116828,0.1656892952790136,5771.750280052341,cuda:0,torch
7,asr,24,49,147,392,1.0216666666666667,1.0216666666666667,0.04711754909078045,0.04711754909078054,0.7888582717742602,0.1640241791349593,5770.4164257849825,cuda:0,torch
7,asr,24,49,147,392,1.0220833333333332,1.0220833333333332,0.044732978741692,0.04473297874169209,0.7928392976663161,0.1624277235919918,5769.124237112747,cuda:0,torch
7,asr,24,49,147,392,1.0225,1.0225,0.04246737633284757,0.04246737633284766,0.7966368224729017,0.16089580119425065,5767.87427495739,cuda:0,torch
7,asr,24,49,147,392,1.0229166666666667,1.0229166666666667,0.04031393740647311,0.0403139374064732,0.8002613248120817,0.1594247377814451,5766.665969100904,cuda:0,torch
7,asr,24,49,147,392,1.0233333333333334,1.0233333333333334,0.03826629903442568,0.03826629903442577,0.8037223914985624,0.15801130946701183,5765.49891002981,cuda:0,torch
7,asr,24,49,147,392,1.02375,1.02375,0.036318575833008904,0.03631857583300899,0.8070289039594922,0.15665252020749879,5764.373737280165,cuda:0,torch
7,asr,24,49,147,392,1.0241666666666667,1.0241666666666667,0.03446527343968598,0.03446527343968606,0.810189592246204,0.15534513431410993,5763.289555739924,cuda:0,torch
7,asr,24,49,147,392,1.0245833333333334,1.0245833333333334,0.03270126083234484,0.032701260832344925,0.8132119881643532,0.15408675100330183,5762.246270917145,cuda:0,torch
7,asr,24,49,147,392,1.025,1.025,0.031021763311850876,0.031021763311850963,0.8161031343946701,0.15287510229347895,5761.244069986154,cuda:0,torch
7,asr,24,49,147,392,1.0254166666666666,1.0254166666666666,0.029422314724502206,0.029422314724502293,0.8188704926790072,0.15170719259649046,5760.282767306349,cuda:0,torch
7,asr,24,49,147,392,1.0258333333333334,1.0258333333333334,0.027898744686622755,0.02789874468662284,0.821519983859427,0.15058127145395012,5759.361580008548,cuda:0,torch
7,asr,24,49,147,392,1.02625,1.02625,0.02644715058476878,0.026447150584768868,0.8240580614973745,0.14949478791785664,5758.480890901766,cuda:0,torch
7,asr,24,49,147,392,1.0266666666666666,1.0266666666666666,0.02506385937066912,0.025063859370669204,0.8264895453993109,0.14844659523001993,5757.640752240674,cuda:0,torch
7,asr,24,49,147,392,1.0270833333333333,1.0270833333333333,0.02374547115905765,0.023745471159057733,0.828820255749432,0.1474342730915103,5756.840488184403,cuda:0,torch
7,asr,24,49,147,392,1.0275,1.0275,0.022488760516240013,0.022488760516240096,0.8310549774328457,0.14645626205091417,5756.080397217345,cuda:0,torch
7,asr,24,49,147,392,1.0279166666666666,1.0279166666666666,0.021290708357029838,0.02129070835702992,0.8331983046503338,0.14551098699263623,5755.3603888302205,cuda:0,torch
7,asr,24,49,147,392,1.0283333333333333,1.0283333333333333,0.020148476953683568,0.02014847695368365,0.8352543964867079,0.1445971265596085,5754.6799095706365,cuda:0,torch
7,asr,24,49,147,392,1.02875,1.02875,0.01905941307860271,0.01905941307860279,0.8372277100153275,0.14371287690606974,5754.03975145133,cuda:0,torch
7,asr,24,49,147,392,1.0291666666666668,1.0291666666666668,0.01802099927891161,0.01802099927891169,0.8391217556450798,0.14285724507600847,5753.438686509338,cuda:0,torch
7,asr,24,49,147,392,1.0295833333333333,1.0295833333333333,0.017030880461058332,0.017030880461058415,0.8409403960932681,0.1420287234456735,5752.8776715127615,cuda:0,torch
7,asr,24,49,147,392,1.03,1.03,0.016086831997988337,0.016086831997988417,0.8426869888233361,0.14122617917867544,5752.355938277253,cuda:0,torch
7,asr,24,49,147,392,1.0304166666666668,1.0304166666666668,0.01518675263213755,0.015186752632137633,0.8443644848579281,0.1404487625099342,5751.873921774424,cuda:0,torch
7,asr,24,49,147,392,1.0308333333333333,1.0308333333333333,0.014328663728796655,0.014328663728796738,0.8459761102415921,0.13969522602961112,5751.430540051923,cuda:0,torch
7,asr,24,49,147,392,1.03125,1.03125,0.01351069965054618,0.013510699650546264,0.8475248837863557,0.13896441656309802,5751.027047132218,cuda:0,torch
7,asr,24,49,147,392,1.0316666666666667,1.0316666666666667,0.012731090007917233,0.012731090007917317,0.8490133926017517,0.138255517390331,5750.66307419834,cuda:0,torch
7,asr,24,49,147,392,1.0320833333333335,1.0320833333333335,0.011988166269381177,0.01198816626938126,0.8504440494871693,0.1375677842434494,5750.3378325722415,cuda:0,torch
7,asr,24,49,147,392,1.0325,1.0325,0.011280344858750667,0.011280344858750747,0.8518193220665027,0.13690033307474658,5750.051656262465,cuda:0,torch
7,asr,24,49,147,392,1.0329166666666667,1.0329166666666667,0.010606138850899154,0.010606138850899234,0.8531417970269803,0.13625206412212043,5749.804714379139,cuda:0,torch
7,asr,24,49,147,392,1.0333333333333334,1.0333333333333334,0.009964123021432271,0.009964123021432349,0.85441338608703,0.13562249089153766,5749.596971594683,cuda:0,torch
7,asr,24,49,147,392,1.03375,1.03375,0.009352955625071765,0.009352955625071843,0.8556362305849079,0.13501081379002025,5749.428283892374,cuda:0,torch
7,asr,24,49,147,392,1.0341666666666667,1.0341666666666667,0.008771364362783945,0.008771364362784024,0.8568123115612194,0.13441632407599657,5749.299040556743,cuda:0,torch
7,asr,24,49,147,392,1.0345833333333334,1.0345833333333334,0.008218140236276861,0.00821814023627694,0.8579433920158593,0.13383846774786373,5749.207724203701,cuda:0,torch
7,asr,24,49,147,392,1.0350000000000001,1.0350000000000001,0.007692135258778223,0.007692135258778304,0.8590313198743678,0.13327654486685395,5749.155775790132,cuda:0,torch
7,asr,24,49,147,392,1.0354166666666667,1.0354166666666667,0.007192258346786863,0.007192258346786944,0.8600778273422277,0.13272991431098535,5749.14286292666,cuda:0,torch
7,asr,24,49,147,392,1.0358333333333334,1.0358333333333334,0.006717473409258058,0.0067174734092581385,0.8610843473507613,0.13219817923998053,5749.169379221388,cuda:0,torch
7,asr,24,49,147,392,1.0362500000000001,1.0362500000000001,0.006266793589601275,0.006266793589601355,0.8620524569038469,0.13168074950655173,5749.234236645101,cuda:0,torch
7,asr,24,49,147,392,1.0366666666666666,1.0366666666666666,0.005839282806948938,0.0058392828069490175,0.8629838089223739,0.13117690827067707,5749.337412221141,cuda:0,torch
7,asr,24,49,147,392,1.0370833333333334,1.0370833333333334,0.005434048499925244,0.005434048499925324,0.863879615309032,0.13068633619104267,5749.480127694413,cuda:0,torch
7,asr,24,49,147,392,1.0375,1.0375,0.00505023778538536,0.005050237785385439,0.864741012955316,0.13020874925929854,5749.661154089936,cuda:0,torch
7,asr,24,49,147,392,1.0379166666666666,1.0379166666666666,0.0046870428264852325,0.004687042826485311,0.8655695390554338,0.12974341811808093,5749.881017051962,cuda:0,torch
7,asr,24,49,147,392,1.0383333333333333,1.0383333333333333,0.004343688325472455,0.0043436883254725335,0.8663661277333048,0.12929018394122269,5750.139071683631,cuda:0,torch
7,asr,24,49,147,392,1.03875,1.03875,0.004019439661217412,0.004019439661217491,0.8671322847581605,0.128848275580622,5750.436524028933,cuda:0,torch
7,asr,24,49,147,392,1.0391666666666668,1.0391666666666668,0.0037135918353293053,0.0037135918353293834,0.867868820830809,0.12841758733386166,5750.771830316548,cuda:0,torch
7,asr,24,49,147,392,1.0395833333333333,1.0395833333333333,0.003425474128168505,0.003425474128168583,0.8685767145623001,0.1279978113095313,5751.145708875204,cuda:0,torch
7,asr,24,49,147,392,1.04,1.04,0.0031544456291065686,0.003154445629106646,0.8692570836314291,0.1275884707394643,5751.558154549836,cuda:0,torch
7,asr,24,49,147,392,1.0404166666666668,1.0404166666666668,0.0028998939555317906,0.0028998939555318678,0.8699110040533591,0.12718910199110905,5752.008631985992,cuda:0,torch
7,asr,24,49,147,392,1.0408333333333333,1.0408333333333333,0.002661232684219252,0.002661232684219329,0.8705391049955931,0.1267996623201876,5752.496946240572,cuda:0,torch
7,asr,24,49,147,392,1.04125,1.04125,0.002437901927835411,0.0024379019278354883,0.8711425239477136,0.12641957412445087,5753.023823286718,cuda:0,torch
7,asr,24,49,147,392,1.0416666666666667,1.0416666666666667,0.0022293658882632183,0.0022293658882632955,0.8717218543527149,0.12604877975902182,5753.588024129233,cuda:0,torch
7,asr,24,49,147,392,1.0420833333333333,1.0420833333333333,0.002035111551382458,0.0020351115513825347,0.8722780988292116,0.12568678961940588,5754.189641315557,cuda:0,torch
7,asr,24,49,147,392,1.0425,1.0425,0.0018546485552403229,0.0018546485552403994,0.8728118929089164,0.12533345853584324,5754.8287108067,cuda:0,torch
7,asr,24,49,147,392,1.0429166666666667,1.0429166666666667,0.0016875058988839386,0.0016875058988840147,0.8733238482956004,0.1249886458055156,5755.505310951475,cuda:0,torch
7,asr,24,49,147,392,1.0433333333333334,1.0433333333333334,0.0015332337980186724,0.0015332337980187485,0.873815037440928,0.12465172876105322,5756.218654062975,cuda:0,torch
7,asr,24,49,147,392,1.04375,1.04375,0.0013914001648529736,0.0013914001648530493,0.8742859609928867,0.12432263884226026,5756.968388985781,cuda:0,torch
7,asr,24,49,147,392,1.0441666666666667,1.0441666666666667,0.0012615902977192897,0.0012615902977193654,0.8747370394413938,0.12400137026088683,5757.754303268388,cuda:0,torch
7,asr,24,49,147,392,1.0445833333333334,1.0445833333333334,0.0011434076709057244,0.0011434076709058,0.8751691018840224,0.12368749044507178,5758.5757995872655,cuda:0,torch
7,asr,24,49,147,392,1.045,1.045,0.0010364709343007631,0.0010364709343008384,0.8755827610789434,0.12338076798675576,5759.432978957363,cuda:0,torch
7,asr,24,49,147,392,1.0454166666666667,1.0454166666666667,0.0009404142807840057,0.0009404142807840809,0.8759784737289198,0.12308111199029613,5760.324972234974,cuda:0,torch
7,asr,24,49,147,392,1.0458333333333334,1.0458333333333334,0.0008548866458350761,0.000854886645835151,0.8763568800533139,0.12278823330085094,5761.251175512173,cuda:0,torch
7,asr,24,49,147,392,1.0462500000000001,1.0462500000000001,0.0007795506046140071,0.000779550604614082,0.8767185601169718,0.12250188927841411,5762.210546540174,cuda:0,torch
7,asr,24,49,147,392,1.0466666666666666,1.0466666666666666,0.0007140820019397408,0.0007140820019398155,0.8770637822189028,0.12222213577915739,5763.203362315272,cuda:0,torch
7,asr,24,49,147,392,1.0470833333333334,1.0470833333333334,0.0006581694054547615,0.0006581694054548359,0.877393261655654,0.12194856893889115,5764.227823020609,cuda:0,torch
7,asr,24,49,147,392,1.0475,1.0475,0.0006115134836205098,0.0006115134836205842,0.8777074259543675,0.12168106056201196,5765.284059425805,cuda:0,torch
7,asr,24,49,147,392,1.0479166666666666,1.0479166666666666,0.0005738261305457455,0.0005738261305458198,0.8780066948944418,0.12141947897501235,5766.370181998593,cuda:0,torch
7,asr,24,49,147,392,1.0483333333333333,1.0483333333333333,0.0005448304198466078,0.000544830419846682,0.8782914565050401,0.12116371307511317,5767.485567129761,cuda:0,torch
7,asr,24,49,147,392,1.04875,1.04875,0.0005242598178206505,0.0005242598178207243,0.8785621651141954,0.12091357506798389,5768.628996599163,cuda:0,torch
7,asr,24,49,147,392,1.0491666666666668,1.0491666666666668,0.0005118576742237968,0.0005118576742238705,0.8788192088920861,0.12066893343369003,5769.798945250691,cuda:0,torch
7,asr,24,49,147,392,1.0495833333333333,1.0495833333333333,0.0005073771132325516,0.0005073771132326254,0.8790630800175542,0.1204295428692132,5770.994204207594,cuda:0,torch
7,asr,24,49,147,392,1.05,1.05,0.0005105803008186877,0.0005105803008187613,0.8792939570142685,0.12019546268491275,5772.213184171042,cuda:0,torch
7,fmm_reference,240,481,481,0,0.95,0.95,0.10346109500112799,0.3688106108777374,0.5587446697941705,0.0724447193280921,1098769.908677092,cuda:0,torch
7,fmm_reference,240,481,481,0,0.952,0.952,0.10227020877302434,0.36450192312859836,0.5630443087172909,0.0724537681541107,1098470.454875425,cuda:0,torch
7,fmm_reference,240,481,481,0,0.954,0.954,0.10107382603460034,0.36006378269147243,0.567447996330169,0.07248822097835861,1098212.0894796224,cuda:0,torch
7,fmm_reference,240,481,481,0,0.956,0.956,0.09987206525783607,0.35548624434007714,0.5719635680408081,0.0725501876191148,1097987.5863826545,cuda:0,torch
7,fmm_reference,240,481,481,0,0.958,0.958,0.09866512103037697,0.35075825649180103,0.5765996081152569,0.07264213539294206,1097792.1583337563,cuda:0,torch
7,fmm_reference,240,481,481,0,0.96,0.96,0.09745328660211773,0.3458674910286014,0.5813655418455994,0.07276696712579916,1097622.9009398029,cuda:0,torch
7,fmm_reference,240,481,481,0,0.962,0.962,0.09623698374997659,0.34080013856106484,0.5862717401044791,0.07292812133445603,1097478.0845234008,cuda:0,torch
7,fmm_reference,240,481,481,0,0.964,0.964,0.09501680279418855,0.3355406602797797,0.5913296372812027,0.07312970243901762,1097356.5572455935,cuda:0,torch
7,fmm_reference,240,481,481,0,0.966,0.966,0.09379355690365833,0.3300714847541907,0.5965518629848524,0.07337665226095691,1097257.3027982775,cuda:0,torch
7,fmm_reference,240,481,481,0,0.968,0.968,0.09256835687807043,0.3243726342943716,0.6019523866088498,0.07367497909677867,1097179.1377564487,cuda:0,torch
7,fmm_reference,240,481,481,0,0.97,0.97,0.09134271575038486,0.31842125998751414,0.6075466711615753,0.07403206885091052,1097120.5228536297,cuda:0,torch
7,fmm_reference,240,481,481,0,0.972,0.972,0.09011869779226218,0.3121910571231289,0.6133518277961145,0.07445711508075659,1097079.4650585908,cuda:0,torch
7,fmm_reference,240,481,481,0,0.974,0.974,0.08889913510632473,0.30565152169952814,0.6193867526991165,0.07496172560135539,1097053.4930436607,cuda:0,torch
7,fmm_reference,240,481,481,0,0.976,0.976,0.0876879498431645,0.29876699281817054,0.6256722093629217,0.07556079781890779,1097039.6937520234,cuda:0,torch
7,fmm_reference,240,481,481,0,0.978,0.978,0.08649064637713158,0.2914954017841346,0.6322307830449018,0.07627381517096365,1097034.8008753029,cuda:0,torch
7,fmm_reference,240,481,481,0,0.98,0.98,0.08531508657341907,0.2837866127788331,0.6390865617567522,0.07712682546441474,1097035.326738098,cuda:0,torch
7,fmm_reference,240,481,481,0,0.982,0.982,0.08417275540595671,0.2755801831273218,0.6462642494603084,0.07815556741236984,1097037.7277487214,cuda:0,torch
7,fmm_reference,240,481,481,0,0.984,0.984,0.08308091686370996,0.26680228225029057,0.6537870977847412,0.07941061996496823,1097038.590958339,cuda:0,torch
7,fmm_reference,240,481,481,0,0.986,0.986,0.08206647924614174,0.2573613633955607,0.6616723205164179,0.0809663160880214,1097034.8265581043,cuda:0,torch
7,fmm_reference,240,481,481,0,0.988,0.988,0.08117337629909432,0.24714194638716952,0.6699209064700036,0.0829371471428269,1097023.8492955484,cuda:0,torch
7,fmm_reference,240,481,481,0,0.99,0.99,0.08047783314153713,0.23599548826816422,0.6784941258681582,0.08551038586367762,1097003.7313060607,cuda:0,torch
7,fmm_reference,240,481,481,0,0.992,0.992,0.08012343329957457,0.22372676108233314,0.687255313903551,0.08901792501411587,1096973.3103326121,cuda:0,torch
7,fmm_reference,240,481,481,0,0.994,0.994,0.08041431082703271,0.21007372089785495,0.6958077311107543,0.09411854799139072,1096932.2407833606,cuda:0,torch
7,fmm_reference,240,481,481,0,0.996,0.996,0.08212411468488652,0.19468135261573127,0.7029473330439842,0.10237131434028457,1096880.9812277807,cuda:0,torch
7,fmm_reference,240,481,481,0,0.998,0.998,0.08802281277452136,0.1770966035993397,0.7040099421121552,0.11889345428850512,1096820.7201518116,cuda:0,torch
7,fmm_reference,240,481,481,0,1.0,1.000000000001,0.1533759697295059,0.1533759697295059,0.6180831750943167,0.22854085517617745,1096753.2508273227,cuda:0,torch
7,fmm_reference,240,481,481,0,1.002,1.002,0.5287616124825256,0.5287616124825256,0.04160335638310231,0.42963503113437207,1096680.8135117055,cuda:0,torch
7,fmm_reference,240,481,481,0,1.004,1.004,0.5180043030034825,0.5180043030034827,0.056647408643032124,0.42534828835348526,1096605.9264331623,cuda:0,torch
7,fmm_reference,240,481,481,0,1.006,1.006,0.4035646911875821,0.4035646911875822,0.23131586536321144,0.3651194434492063,1096531.2254846813,cuda:0,torch
7,fmm_reference,240,481,481,0,1.008,1.008,0.298434439355205,0.2984344393552051,0.3927517493895514,0.30881381125524354,1096459.3270907209,cuda:0,torch
7,fmm_reference,240,481,481,0,1.01,1.01,0.22079236474079802,0.22079236474079814,0.5127038611074497,0.2665037741517522,1096392.721767187,cuda:0,torch
7,fmm_reference,240,481,481,0,1.012,1.012,0.16545637599622184,0.16545637599622195,0.5988110744586652,0.23573254954511283,1110507.4628557656,cuda:0,torch
7,fmm_reference,240,481,481,0,1.014,1.014,0.12566801565554536,0.12566801565554547,0.6612617193056629,0.21307026503879162,1096284.3034419462,cuda:0,torch
7,fmm_reference,240,481,481,0,1.016,1.016,0.09650020922256129,0.09650020922256139,0.7075159916805716,0.19598379909686706,1096246.3067102649,cuda:0,torch
7,fmm_reference,240,481,481,0,1.018,1.018,0.07468707583429803,0.07468707583429812,0.7425294630413893,0.18278346112431254,1096221.2052343106,cuda:0,torch
7,fmm_reference,240,481,481,0,1.02,1.02,0.05808374230129146,0.05808374230129155,0.7695614545797872,0.17235480311892126,1096210.221632208,cuda:0,torch
7,fmm_reference,240,481,481,0,1.022,1.022,0.045259940471773376,0.045259940471773466,0.7907879783534801,0.1639520811747464,1096214.314876325,cuda:0,torch
7,fmm_reference,240,481,481,0,1.024,1.024,0.0352403662716589,0.03524036627165898,0.8076945078439653,0.15706512588437566,1096234.1922775717,cuda:0,torch
7,fmm_reference,240,481,481,0,1.026,1.026,0.02734413125890267,0.027344131258902758,0.8213192507997443,0.15133661794135292,1096270.3212755544,cuda:0,torch
7,fmm_reference,240,481,481,0,1.028,1.028,0.021085063343297673,0.021085063343297756,0.8324043857710561,0.1465105508856461,1096322.9394825778,cuda:0,torch
7,fmm_reference,240,481,481,0,1.03,1.03,0.016108737004595794,0.016108737004595874,0.8414916595123557,0.14239960348304842,1096392.0623347093,cuda:0,torch
7,fmm_reference,240,481,481,0,1.032,1.032,0.012151852657548326,0.012151852657548408,0.8489840948227874,0.13886405251966424,1096477.488381739,cuda:0,torch
7,fmm_reference,240,481,481,0,1.034,1.034,0.009015452129983574,0.009015452129983653,0.8551867015667238,0.13579784630329253,1096578.8029499955,cuda:0,torch
7,fmm_reference,240,481,481,0,1.036,1.036,0.006546877037293103,0.006546877037293182,0.8603339121715551,0.13311921079115174,1096695.3814210866,cuda:0,torch
7,fmm_reference,240,481,481,0,1.038,1.038,0.004627369384926261,0.004627369384926338,0.8646084457839588,0.13076418483111488,1096826.3938700773,cuda:0,torch
7,fmm_reference,240,481,481,0,1.04,1.04,0.0031633889350808175,0.003163388935080895,0.868154523389701,0.1286820876752181,1096970.8130942844,cuda:0,torch
7,fmm_reference,240,481,481,0,1.042,1.042,0.0020804271849753963,0.0020804271849754735,0.8710872873821793,0.1268322854328452,1097127.4282137072,cuda:0,torch
7,fmm_reference,240,481,481,0,1.044,1.044,0.0013185293086605764,0.0013185293086606523,0.8734996233015856,0.12518184738975374,1097294.8657968675,cuda:0,torch
7,fmm_reference,240,481,481,0,1.046,1.046,0.000829004605235318,0.000829004605235393,0.8754671734040231,0.12370382199074147,1097471.6199664231,cuda:0,torch
7,fmm_reference,240,481,481,0,1.048,1.048,0.0005719771661298109,0.0005719771661298852,0.87705207154351,0.12237595129036016,1097656.0920124545,cuda:0,torch
7,fmm_reference,240,481,481,0,1.05,1.05,0.0005145393071213397,0.0005145393071214133,0.8783057604529025,0.12117970023997604,1097846.6390242865,cuda:0,torch
