figure,method,modes,harmonics,eigen_dimension,quadrature_actual,wavelength,evaluation_wavelength,T0,T,R,A,max_boundary_condition
9,fmm,19,39,39,0,1.16,1.16,0.9934359874120626,0.9934359874120626,0.006564012587937091,3.3306690738754696e-16,691.4188165055253
9,fmm,19,39,39,0,1.1600000483638508,1.1600000483638508,0.9934417621492029,0.9934417621492029,0.0065582378507991895,-2.1094237467877974e-15,691.4186615356006
9,fmm,19,39,39,0,1.16005,1.16005,0.9988130057166302,0.9988130057166302,0.0011869942833661563,3.6637359812630166e-15,691.2590059841082
9,fmm,19,39,39,0,1.1601,1.1601,0.9967195607794137,0.9967195607794137,0.0032804392205844106,1.887379141862766e-15,691.0999946309923
9,fmm,19,39,39,0,1.16015,1.16015,0.8672756944834389,0.8672756944834389,0.13272430551656486,-3.774758283725532e-15,690.9417740519203
9,fmm,19,39,39,0,1.1602,1.1602,0.20267885110337305,0.20267885110337305,0.7973211488966475,-2.0566881531181025e-14,690.7843359930818
9,fmm,19,39,39,0,1.16025,1.16025,0.740849997683097,0.740849997683097,0.2591500023169039,-8.881784197001252e-16,690.627672337802
9,fmm,19,39,39,0,1.1602999999999999,1.1602999999999999,0.8223676834800991,0.8223676834800991,0.17763231651989608,4.773959005888173e-15,690.4717751035562
9,fmm,19,39,39,0,1.16035,1.16035,0.8323190932127457,0.8323190932127457,0.16768090678725375,5.551115123125783e-16,690.3166364387297
9,fmm,19,39,39,0,1.1603999999999999,1.1603999999999999,0.81276895581373,0.81276895581373,0.18723104418626565,4.3298697960381105e-15,690.1622486197416
9,fmm,19,39,39,0,1.1604069334416682,1.1604069334416682,0.8081332728209919,0.8081332728209919,0.1918667271790079,2.220446049250313e-16,690.1408986903394
9,fmm,19,39,39,0,1.1604069818055192,1.1604069818055192,0.8080992838992758,0.8080992838992758,0.19190071610071863,5.551115123125783e-15,690.1407498152017
9,fmm,19,39,39,0,1.16045,1.16045,0.7683508168867144,0.7683508168867144,0.2316491831132838,1.7763568394002505e-15,690.008604048174
9,fmm,19,39,39,0,1.1604999999999999,1.1604999999999999,0.6952000724516566,0.6952000724516566,0.30479992754834623,-2.7755575615628914e-15,689.8556952479106
9,fmm,19,39,39,0,1.16055,1.16055,0.5880289335861236,0.5880289335861236,0.4119710664138747,1.6653345369377348e-15,689.7035148624158
9,fmm,19,39,39,0,1.1605999999999999,1.1605999999999999,0.4474188602534128,0.4474188602534128,0.5525811397465962,-8.992806499463768e-15,689.5520556521641
9,fmm,19,39,39,0,1.16065,1.16065,0.2889360680415776,0.2889360680415776,0.7110639319584259,-3.497202527569243e-15,689.4013104919642
9,fmm,19,39,39,0,1.1606999999999998,1.1606999999999998,0.1445731286979138,0.1445731286979138,0.8554268713020883,-2.0816681711721685e-15,689.2512723685172
9,fmm,19,39,39,0,1.16075,1.16075,0.04601152672507261,0.04601152672507261,0.9539884732749243,3.0808688933348094e-15,689.1019343780226
9,fmm,19,39,39,0,1.1607999999999998,1.1607999999999998,0.0035335380982328976,0.0035335380982328976,0.9964664619017567,1.0407473494122854e-14,688.9532897237805
9,fmm,19,39,39,0,1.1608138668833365,1.1608138668833365,0.0004061469480349098,0.0004061469480349098,0.9995938530519588,6.287396818460689e-15,688.912186868405
9,fmm,19,39,39,0,1.1608139152471875,1.1608139152471875,0.00040077360443700825,0.00040077360443700825,0.9995992263955635,-5.419926660255037e-16,688.9120436052675
9,fmm,19,39,39,0,1.16085,1.16085,0.005349195633304286,0.005349195633304286,0.9946508043666901,5.6473922760424955e-15,688.8053317138098
9,fmm,19,39,39,0,1.1608999999999998,1.1608999999999998,0.03250745411455597,0.03250745411455597,0.9674925458854438,2.7755575615628914e-16,688.658053758781
9,fmm,19,39,39,0,1.16095,1.16095,0.06996256560345576,0.06996256560345576,0.9300374343965467,-2.4980018054066022e-15,688.5114493697488
9,fmm,19,39,39,0,1.161,1.161,0.10895187863389123,0.10895187863389123,0.8910481213661141,-5.342948306008566e-15,688.3655121559972
9,fmm,19,39,39,0,1.16105,1.16105,0.14537617569338657,0.14537617569338657,0.8546238243066137,-2.220446049250313e-16,688.2202358230817
9,fmm,19,39,39,0,1.1611,1.1611,0.17779356378468122,0.17779356378468122,0.8222064362153201,-1.304512053934559e-15,688.0756141707556
9,fmm,19,39,39,0,1.16115,1.16115,0.2060676979398403,0.2060676979398403,0.7939323020601593,3.885780586188048e-16,687.931641091049
9,fmm,19,39,39,0,1.1612,1.1612,0.23062745740995638,0.23062745740995638,0.769372542590042,1.6653345369377348e-15,687.7883105663549
9,fmm,19,39,39,0,1.161220848688856,1.161220848688856,0.2399188009674507,0.2399188009674507,0.7600811990325468,2.525757381022231e-15,687.7287339058099
9,fmm,19,39,39,0,1.161220897052707,1.161220897052707,0.23993976912052617,0.23993976912052617,0.7600602308794729,8.881784197001252e-16,687.7285958309109
9,fmm,19,39,39,0,1.16125,1.16125,0.2521042651408222,0.2521042651408222,0.7478957348591782,-3.3306690738754696e-16,687.645616667629
9,fmm,19,39,39,0,1.1613,1.1613,0.27117048224180723,0.27117048224180723,0.7288295177581942,-1.3877787807814457e-15,687.5035535524866
9,fmm,19,39,39,0,1.1613499999999999,1.1613499999999999,0.2884776571664583,0.2884776571664583,0.7115223428335397,2.0539125955565396e-15,687.3621154635821
9,fmm,19,39,39,0,1.1614,1.1614,0.30464274134039626,0.30464274134039626,0.6953572586596036,1.1102230246251565e-16,687.2212967267953
9,fmm,19,39,39,0,1.1614499999999999,1.1614499999999999,0.3202574608616511,0.3202574608616511,0.679742539138351,-2.1094237467877974e-15,687.0810917496331
9,fmm,19,39,39,0,1.1615,1.1615,0.3359100426800685,0.3359100426800685,0.6640899573199324,-8.881784197001252e-16,686.9414950195685
9,fmm,19,39,39,0,1.1615499999999999,1.1615499999999999,0.35221582309143945,0.35221582309143945,0.6477841769085615,-9.43689570931383e-16,686.8025011024381
9,fmm,19,39,39,0,1.1616,1.1616,0.36985755189560326,0.36985755189560326,0.6301424481043992,-2.4980018054066022e-15,686.6641046410398
9,fmm,19,39,39,0,1.1616315061470455,1.1616315061470455,0.38201511506290836,0.38201511506290836,0.6179848849370885,3.164135620181696e-15,686.577202321054
9,fmm,19,39,39,0,1.1616315545108964,1.1616315545108964,0.3820345452448051,0.3820345452448051,0.6179654547551962,-1.27675647831893e-15,686.5770691007674
9,fmm,19,39,39,0,1.1616499999999998,1.1616499999999998,0.389639456254669,0.389639456254669,0.6103605437453339,-2.886579864025407e-15,686.5263003534229
9,fmm,19,39,39,0,1.1617,1.1617,0.4125625288219346,0.4125625288219346,0.5874374711780669,-1.4988010832439613e-15,686.389083031598
9,fmm,19,39,39,0,1.1617499999999998,1.1617499999999998,0.43993270841711124,0.43993270841711124,0.5600672915828889,-1.6653345369377348e-16,686.2524475400015
9,fmm,19,39,39,0,1.1618,1.1618,0.47351815931502245,0.47351815931502245,0.5264818406849794,-1.8318679906315083e-15,686.1163888141588
9,fmm,19,39,39,0,1.1618499999999998,1.1618499999999998,0.5157717858231776,0.5157717858231776,0.48422821417682205,3.3306690738754696e-16,685.9809018593132
9,fmm,19,39,39,0,1.1619,1.1619,0.5701073115127063,0.5701073115127063,0.4298926884872931,5.551115123125783e-16,685.8459817490926
9,fmm,19,39,39,0,1.1619499999999998,1.1619499999999998,0.6410668334250841,0.6410668334250841,0.3589331665749153,5.551115123125783e-16,685.7116236242484
9,fmm,19,39,39,0,1.162,1.162,0.7335790815440624,0.7335790815440624,0.2664209184559452,-7.549516567451064e-15,685.577822691311
9,fmm,19,39,39,0,1.1620384395887138,1.1620384395887138,0.8201957311941119,0.8201957311941119,0.1798042688058879,2.220446049250313e-16,685.4753335087951
9,fmm,19,39,39,0,1.1620384879525647,1.1620384879525647,0.8203114673152141,0.8203114673152141,0.17968853268478097,4.884981308350689e-15,685.475204763914
9,fmm,19,39,39,0,1.16205,1.16205,0.8481429940404146,0.8481429940404146,0.15185700595958096,4.440892098500626e-15,685.4445742214434
9,fmm,19,39,39,0,1.1621,1.1621,0.9624090624674925,0.9624090624674925,0.03759093753251745,-9.880984919163893e-15,685.3118735492383
9,fmm,19,39,39,0,1.16215,1.16215,0.9915703395911791,0.9915703395911791,0.00842966040881047,1.0436096431476471e-14,685.1797160714406
9,fmm,19,39,39,0,1.1622,1.1622,0.8155362191967742,0.8155362191967742,0.18446378080321768,8.104628079763643e-15,685.0480972459676
9,fmm,19,39,39,0,1.16225,1.16225,0.49888002947350363,0.49888002947350363,0.5011199705264865,9.880984919163893e-15,684.9170125906326
9,fmm,19,39,39,0,1.1622999999999999,1.1622999999999999,0.24315340711119868,0.24315340711119868,0.7568465928887936,7.688294445529209e-15,684.786457682136
9,fmm,19,39,39,0,1.16235,1.16235,0.10282911734994021,0.10282911734994021,0.8971708826500612,-1.3877787807814457e-15,684.6564281550027
9,fmm,19,39,39,0,1.1623999999999999,1.1623999999999999,0.037738017882373624,0.037738017882373624,0.9622619821176289,-2.546574062733953e-15,684.526919700464
9,fmm,19,39,39,0,1.162445373030382,1.162445373030382,0.012134799630579755,0.012134799630579755,0.9878652003694222,-1.9133999940024182e-15,684.4098432853466
9,fmm,19,39,39,0,1.162445421394233,1.162445421394233,0.012117760853526149,0.012117760853526149,0.9878822391464729,9.662409761190816e-16,684.4097187176496
9,fmm,19,39,39,0,1.16245,1.16245,0.010580316005979218,0.010580316005979218,0.9894196839940209,-1.3357370765021415e-16,684.3979280655554
9,fmm,19,39,39,0,1.1624999999999999,1.1624999999999999,0.001277883532930918,0.001277883532930918,0.9987221164670677,1.4265932185564267e-15,684.26944905202
9,fmm,19,39,39,0,1.16255,1.16255,0.00021503543235261284,0.00021503543235261284,0.99978496456765,-2.5936284370198237e-15,684.1414785153643
9,fmm,19,39,39,0,1.1625999999999999,1.1625999999999999,0.002851278763194479,0.002851278763194479,0.997148721236803,2.5392014879610514e-15,684.0140123639474
9,fmm,19,39,39,0,1.16265,1.16265,0.007017070843946392,0.007017070843946392,0.9929829291560528,8.118505867571457e-16,683.8870465580006
9,fmm,19,39,39,0,1.1626999999999998,1.1626999999999998,0.01166456886365958,0.01166456886365958,0.9883354311363401,2.723515857283587e-16,683.7605771087706
9,fmm,19,39,39,0,1.16275,1.16275,0.016290007712747984,0.016290007712747984,0.9837099922872511,9.26342336171615e-16,683.6346000775491
9,fmm,19,39,39,0,1.1627999999999998,1.1627999999999998,0.02065983543835958,0.02065983543835958,0.9793401645616415,-1.1032841307212493e-15,683.5091115749062
9,fmm,19,39,39,0,1.16285,1.16285,0.024676873898662816,0.024676873898662816,0.9753231261013369,3.157196726277789e-16,683.3841077597457
9,fmm,19,39,39,0,1.1628560788524225,1.1628560788524225,0.025139386857185236,0.025139386857185236,0.974860613142815,-2.6020852139652106e-16,683.3689430269812
9,fmm,19,39,39,0,1.1628561272162734,1.1628561272162734,0.025143043898355602,0.025143043898355602,0.9748569561016449,-5.134781488891349e-16,683.3688224035926
9,fmm,19,39,39,0,1.1628999999999998,1.1628999999999998,0.028313031052990153,0.028313031052990153,0.9716869689470091,7.251144129583054e-16,683.2595848385723
9,fmm,19,39,39,0,1.16295,1.16295,0.03157467754101237,0.03157467754101237,0.9684253224589877,-8.326672684688674e-17,683.135539064588
9,fmm,19,39,39,0,1.1629999999999998,1.1629999999999998,0.03448454040764425,0.03448454040764425,0.9655154595923554,3.400058012914542e-16,683.0119667369642
9,fmm,19,39,39,0,1.16305,1.16305,0.037072167110203585,0.037072167110203585,0.9629278328897959,5.273559366969494e-16,682.8888642000294
9,fmm,19,39,39,0,1.1631,1.1631,0.039368930129950866,0.039368930129950866,0.9606310698700485,5.967448757360216e-16,682.7662278424964
9,fmm,19,39,39,0,1.16315,1.16315,0.04140547401523474,0.04140547401523474,0.9585945259847651,1.249000902703301e-16,682.6440540967628
9,fmm,19,39,39,0,1.1632,1.1632,0.043210487380054445,0.043210487380054445,0.9567895126199454,1.734723475976807e-16,682.5223394381611
9,fmm,19,39,39,0,1.16325,1.16325,0.04481019356620423,0.04481019356620423,0.9551898064337963,-4.787836793695988e-16,682.4010803842475
9,fmm,19,39,39,0,1.1632630122940908,1.1632630122940908,0.04519582137251364,0.04519582137251364,0.9548041786274861,2.3592239273284576e-16,682.3695975019564
9,fmm,19,39,39,0,1.1632630606579417,1.1632630606579417,0.04519723222730503,0.04519723222730503,0.9548027677726952,-2.706168622523819e-16,682.3694805440413
9,fmm,19,39,39,0,1.1633,1.1633,0.04622822639194253,0.04622822639194253,0.9537717736080574,4.163336342344337e-17,682.2802734940924
9,fmm,19,39,39,0,1.1633499999999999,1.1633499999999999,0.04748570579902128,0.04748570579902128,0.9525142942009787,5.551115123125783e-17,682.1599153675883
9,fmm,19,39,39,0,1.1634,1.1634,0.04860141031241882,0.04860141031241882,0.9513985896875813,-1.0408340855860843e-16,682.0400026448397
9,fmm,19,39,39,0,1.1634499999999999,1.1634499999999999,0.049591989239665436,0.049591989239665436,0.9504080107603338,7.979727989493313e-16,681.9205320054602
9,fmm,19,39,39,0,1.1635,1.1635,0.050472183543523355,0.050472183543523355,0.9495278164564762,4.3021142204224816e-16,681.8015001678972
9,fmm,19,39,39,0,1.1635499999999999,1.1635499999999999,0.05125503911073832,0.05125503911073832,0.9487449608892615,1.5959455978986625e-16,681.6829038889043
9,fmm,19,39,39,0,1.1636,1.1636,0.05195210451298971,0.05195210451298971,0.9480478954870101,2.1510571102112408e-16,681.5647399628302
9,fmm,19,39,39,0,1.1636499999999999,1.1636499999999999,0.052573610069642,0.052573610069642,0.9474263899303579,1.1796119636642288e-16,681.4470052210813
9,fmm,19,39,39,0,1.163669945735759,1.163669945735759,0.052802514388763426,0.052802514388763426,0.9471974856112367,-1.5959455978986625e-16,681.4001581527187
9,fmm,19,39,39,0,1.16366999409961,1.16366999409961,0.052803057018657874,0.052803057018657874,0.9471969429813424,-2.5673907444456745e-16,681.4000446415293
9,fmm,19,39,39,0,1.1637,1.1637,0.053128627607933944,0.053128627607933944,0.9468713723920663,-2.5673907444456745e-16,681.329696531518
9,fmm,19,39,39,0,1.1637499999999998,1.1637499999999998,0.05362521168837381,0.05362521168837381,0.9463747883116265,-2.7755575615628914e-16,681.2128107978048
9,fmm,19,39,39,0,1.1638,1.1638,0.05407052371669661,0.05407052371669661,0.9459294762833038,-4.2327252813834093e-16,681.0963449589785
9,fmm,19,39,39,0,1.1638499999999998,1.1638499999999998,0.05447094063187648,0.05447094063187648,0.9455290593681229,5.967448757360216e-16,680.9802959887741
9,fmm,19,39,39,0,1.1639,1.1639,0.05483214989729138,0.05483214989729138,0.945167850102709,-3.608224830031759e-16,680.8646608951341
9,fmm,19,39,39,0,1.1639499999999998,1.1639499999999998,0.05515923244765025,0.05515923244765025,0.9448407675523501,-3.885780586188048e-16,680.7494367196907
9,fmm,19,39,39,0,1.164,1.164,0.055456735105152824,0.055456735105152824,0.9445432648948471,9.71445146547012e-17,680.634620537213
9,fmm,19,39,39,0,1.16405,1.16405,0.05572873383192494,0.05572873383192494,0.9442712661680753,-2.706168622523819e-16,680.5202094550834
9,fmm,19,39,39,0,1.1640806515577995,1.1640806515577995,0.05588446003311976,0.05588446003311976,0.9441155399668804,-1.1796119636642288e-16,680.4502709533717
9,fmm,19,39,39,0,1.1640806999216504,1.1640806999216504,0.055884699680610404,0.055884699680610404,0.9441153003193898,-2.42861286636753e-16,680.4501607193288
9,fmm,19,39,39,0,1.1641,1.1641,0.055978889020210046,0.055978889020210046,0.944021110979789,9.298117831235686e-16,680.4062006128507
9,fmm,19,39,39,0,1.16415,1.16415,0.05621049387807889,0.05621049387807889,0.9437895061219218,-6.938893903907228e-16,680.2925911816642
9,fmm,19,39,39,0,1.1642,1.1642,0.056426516826750664,0.056426516826750664,0.9435734831732497,-4.0245584642661925e-16,680.1793783638714
9,fmm,19,39,39,0,1.16425,1.16425,0.056629638705274224,0.056629638705274224,0.9433703612947258,-6.938893903907228e-17,680.0665593924905
9,fmm,19,39,39,0,1.1643,1.1643,0.05682228547053731,0.05682228547053731,0.9431777145294623,3.8163916471489756e-16,679.9541315307749
9,fmm,19,39,39,0,1.16435,1.16435,0.057006656985716886,0.057006656985716886,0.9429933430142833,-1.6653345369377348e-16,679.8420920716961
9,fmm,19,39,39,0,1.1643999999999999,1.1643999999999999,0.05718475240747511,0.05718475240747511,0.9428152475925247,2.2898349882893854e-16,679.7304383375982
9,fmm,19,39,39,0,1.16445,1.16445,0.057358392614590574,0.057358392614590574,0.9426416073854099,-4.926614671774132e-16,679.6191676797082
9,fmm,19,39,39,0,1.164487584999468,1.164487584999468,0.057486994108272564,0.057486994108272564,0.9425130058917277,-2.706168622523819e-16,679.5357761522419
9,fmm,19,39,39,0,1.164487633363319,1.164487633363319,0.057487158861259734,0.057487158861259734,0.9425128411387406,-2.983724378680108e-16,679.5356689832195
9,fmm,19,39,39,0,1.1644999999999999,1.1644999999999999,0.05752924005713024,0.05752924005713024,0.9424707599428692,5.412337245047638e-16,679.5082774776636
9,fmm,19,39,39,0,1.16455,1.16455,0.057698816356630774,0.057698816356630774,0.9423011836433691,1.0408340855860843e-16,679.3977651391884
9,fmm,19,39,39,0,1.1645999999999999,1.1645999999999999,0.05786851793936062,0.05786851793936062,0.9421314820606389,4.787836793695988e-16,679.287628099619
9,fmm,19,39,39,0,1.16465,1.16465,0.058039629949857084,0.058039629949857084,0.9419603700501428,1.457167719820518e-16,679.1778638214474
9,fmm,19,39,39,0,1.1646999999999998,1.1646999999999998,0.05821333865756374,0.05821333865756374,0.941786661342436,2.0816681711721685e-16,679.0684697940609
9,fmm,19,39,39,0,1.16475,1.16475,0.05839074254183613,0.05839074254183613,0.9416092574581643,-3.885780586188048e-16,678.9594435332257
9,fmm,19,39,39,0,1.1647999999999998,1.1647999999999998,0.058572862214843056,0.058572862214843056,0.9414271377851574,-4.649058915617843e-16,678.850782580764
9,fmm,19,39,39,0,1.16485,1.16485,0.05876064932499897,0.05876064932499897,0.9412393506750009,1.6653345369377348e-16,678.7424845041958
9,fmm,19,39,39,0,1.1648945184411363,1.1648945184411363,0.05893334202217428,0.05893334202217428,0.9410666579778256,9.020562075079397e-17,678.6463627037373
9,fmm,19,39,39,0,1.1648945668049873,1.1648945668049873,0.05893353267702201,0.05893353267702201,0.9410664673229777,2.706168622523819e-16,678.6462584339231
9,fmm,19,39,39,0,1.1648999999999998,1.1648999999999998,0.05895499455992606,0.05895499455992606,0.9410450054400743,-3.608224830031759e-16,678.6345468963033
9,fmm,19,39,39,0,1.16495,1.16495,0.05915673485874373,0.05915673485874373,0.9408432651412559,3.3306690738754696e-16,678.5269673748107
9,fmm,19,39,39,0,1.165,1.165,0.05936665992537952,0.05936665992537952,0.9406333400746205,-3.469446951953614e-17,678.4197435820298
9,fmm,19,39,39,0,1.16505,1.16505,0.0595855181250541,0.0595855181250541,0.940414481874945,8.673617379884035e-16,678.3128731845215
9,fmm,19,39,39,0,1.1651,1.1651,0.05981402183763165,0.05981402183763165,0.940185978162368,3.122502256758253e-16,678.2063538726997
9,fmm,19,39,39,0,1.16515,1.16515,0.06005285232889795,0.06005285232889795,0.9399471476711019,1.734723475976807e-16,678.1001833605626
9,fmm,19,39,39,0,1.1652,1.1652,0.0603026641977458,0.0603026641977458,0.9396973358022542,-2.7755575615628914e-17,677.9943593853155
9,fmm,19,39,39,0,1.16525,1.16525,0.06056408944827906,0.06056408944827906,0.9394359105517209,6.938893903907228e-18,677.8888797070985
9,fmm,19,39,39,0,1.1653,1.1653,0.060837741230224306,0.060837741230224306,0.9391622587697754,2.5673907444456745e-16,677.7837421085451
9,fmm,19,39,39,0,1.1653051758993258,1.1653051758993258,0.060866791513347555,0.060866791513347555,0.9391332084866519,5.065392549852277e-16,677.7728779264792
9,fmm,19,39,39,0,1.1653052242631767,1.1653052242631767,0.06086706361074274,0.06086706361074274,0.9391329363892573,-6.245004513516506e-17,677.7727764282212
9,fmm,19,39,39,0,1.1653499999999999,1.1653499999999999,0.06112421728740054,0.06112421728740054,0.9388757827125997,-2.914335439641036e-16,677.6789443946274
9,fmm,19,39,39,0,1.1654,1.1654,0.061424103148157015,0.061424103148157015,0.9385758968518428,1.457167719820518e-16,677.5744843922603
9,fmm,19,39,39,0,1.1654499999999999,1.1654499999999999,0.0617379750896507,0.0617379750896507,0.9382620249103496,-2.983724378680108e-16,677.4703599500046
9,fmm,19,39,39,0,1.1655,1.1655,0.06206640290322666,0.06206640290322666,0.9379335970967732,1.8735013540549517e-16,677.3665689377902
9,fmm,19,39,39,0,1.1655499999999999,1.1655499999999999,0.06240995248559677,0.06240995248559677,0.9375900475144032,6.938893903907228e-18,677.2631092465992
9,fmm,19,39,39,0,1.1656,1.1656,0.0627691882784472,0.0627691882784472,0.9372308117215525,2.636779683484747e-16,677.1599787882047
9,fmm,19,39,39,0,1.1656499999999999,1.1656499999999999,0.06314467557671742,0.06314467557671742,0.9368553244232822,3.469446951953614e-16,677.0571754948772
9,fmm,19,39,39,0,1.1657,1.1657,0.06353698272398751,0.06353698272398751,0.9364630172760124,4.163336342344337e-17,676.9546973191015
9,fmm,19,39,39,0,1.165712157704845,1.165712157704845,0.06363498062084604,0.06363498062084604,0.9363650193791544,-4.3021142204224816e-16,676.9298282392082
9,fmm,19,39,39,0,1.165712206068696,1.165712206068696,0.06363537252504503,0.06363537252504503,0.9363646274749547,2.220446049250313e-16,676.9297293470896
9,fmm,19,39,39,0,1.1657499999999998,1.1657499999999998,0.0639466832110077,0.0639466832110077,0.9360533167889924,-9.71445146547012e-17,676.8525422333244
9,fmm,19,39,39,0,1.1658,1.1658,0.0643743576936098,0.0643743576936098,0.93562564230639,1.942890293094024e-16,676.7507082296702
9,fmm,19,39,39,0,1.1658499999999998,1.1658499999999998,0.06482059594241803,0.06482059594241803,0.9351794040575819,4.163336342344337e-17,676.6491933196612
9,fmm,19,39,39,0,1.1659,1.1659,0.06528599873927325,0.06528599873927325,0.9347140012607263,4.0245584642661925e-16,676.547995534028
9,fmm,19,39,39,0,1.1659499999999998,1.1659499999999998,0.06577117973003416,0.06577117973003416,0.9342288202699658,5.551115123125783e-17,676.4471129223562
9,fmm,19,39,39,0,1.166,1.166,0.06627676724662485,0.06627676724662485,0.9337232327533751,5.551115123125783e-17,676.346543552933
9,fmm,19,39,39,0,1.16605,1.16605,0.0668034061070576,0.0668034061070576,0.9331965938929425,-1.1102230246251565e-16,676.2462855124281
9,fmm,19,39,39,0,1.1661,1.1661,0.06735175940561462,0.06735175940561462,0.932648240594386,-6.245004513516506e-16,676.1463369056867
9,fmm,19,39,39,0,1.1661190911465134,1.1661190911465134,0.06756700406037973,0.06756700406037973,0.9324329959396207,-4.3021142204224816e-16,676.108255472455
9,fmm,19,39,39,0,1.1661191395103643,1.1661191395103643,0.06756755352142947,0.06756755352142947,0.9324324464785699,5.967448757360216e-16,676.108159057133
9,fmm,19,39,39,0,1.16615,1.16615,0.0679225102983464,0.0679225102983464,0.9320774897016532,4.440892098500626e-16,676.0466958555025
9,fmm,19,39,39,0,1.1662,1.1662,0.06851636379737179,0.06851636379737179,0.9314836362026284,-2.0816681711721685e-16,675.9473605023386
9,fmm,19,39,39,0,1.16625,1.16625,0.06913404857939946,0.06913404857939946,0.9308659514206002,2.914335439641036e-16,675.8483290041867
9,fmm,19,39,39,0,1.1663,1.1663,0.06977631881662132,0.06977631881662132,0.930223681183379,-2.636779683484747e-16,675.7495995362037
9,fmm,19,39,39,0,1.16635,1.16635,0.070443956039636,0.070443956039636,0.9295560439603641,-6.938893903907228e-17,675.6511702906394
9,fmm,19,39,39,0,1.1663999999999999,1.1663999999999999,0.07113777103802812,0.07113777103802812,0.9288622289619719,-2.7755575615628914e-17,675.5530394765245
9,fmm,19,39,39,0,1.16645,1.16645,0.0718586058082775,0.0718586058082775,0.9281413941917227,-2.0816681711721685e-16,675.4552053194379
9,fmm,19,39,39,0,1.1664999999999999,1.1664999999999999,0.07260733555418275,0.07260733555418275,0.9273926644458174,-1.1102230246251565e-16,675.3576660614112
9,fmm,19,39,39,0,1.1665297486047028,1.1665297486047028,0.07306641667124253,0.07306641667124253,0.9269335833287576,-1.6653345369377348e-16,675.29977213353
9,fmm,19,39,39,0,1.1665297969685537,1.1665297969685537,0.07306717143188686,0.07306717143188686,0.9269328285681133,-1.8041124150158794e-16,675.2996780966579
9,fmm,19,39,39,0,1.16655,1.16655,0.07338487074939849,0.07338487074939849,0.9266151292506019,-3.469446951953614e-16,675.2604199605953
9,fmm,19,39,39,0,1.1665999999999999,1.1665999999999999,0.07419215926745566,0.07419215926745566,0.9258078407325441,2.636779683484747e-16,675.1634652911338
9,fmm,19,39,39,0,1.16665,1.16665,0.07503018858856465,0.07503018858856465,0.9249698114114349,4.85722573273506e-16,675.0668003428848
9,fmm,19,39,39,0,1.1666999999999998,1.1666999999999998,0.07589998808941537,0.07589998808941537,0.9241000119105844,1.942890293094024e-16,674.9704234213697
9,fmm,19,39,39,0,1.16675,1.16675,0.07680263142378838,0.07680263142378838,0.9231973685762114,2.498001805406602e-16,674.8743328473685
9,fmm,19,39,39,0,1.1667999999999998,1.1667999999999998,0.07773923900143323,0.07773923900143323,0.9222607609985668,-2.7755575615628914e-17,674.7785269569516
9,fmm,19,39,39,0,1.16685,1.16685,0.07871098057409559,0.07871098057409559,0.921289019425904,3.885780586188048e-16,674.6830041010909
9,fmm,19,39,39,0,1.1668999999999998,1.1668999999999998,0.0797190779344023,0.0797190779344023,0.9202809220655974,2.7755575615628914e-16,674.5877626456106
9,fmm,19,39,39,0,1.1669366820463711,1.1669366820463711,0.08048251691858961,0.08048251691858961,0.9195174830814113,-9.575673587391975e-16,674.5180676291807
9,fmm,19,39,39,0,1.166936730410222,1.166936730410222,0.08048353708141343,0.08048353708141343,0.9195164629185865,1.1102230246251565e-16,674.5179758381357
9,fmm,19,39,39,0,1.16695,1.16695,0.08076480773695174,0.08076480773695174,0.9192351922630477,5.273559366969494e-16,674.4928009709622
9,fmm,19,39,39,0,1.1669999999999998,1.1669999999999998,0.0818495044497116,0.0818495044497116,0.9181504955502885,-9.71445146547012e-17,674.3981174719961
9,fmm,19,39,39,0,1.16705,1.16705,0.08297456344365692,0.08297456344365692,0.9170254365563433,-1.942890293094024e-16,674.3037105579041
9,fmm,19,39,39,0,1.1671,1.1671,0.08414144422711592,0.08414144422711592,0.9158585557728841,-2.7755575615628914e-17,674.2095786519152
9,fmm,19,39,39,0,1.16715,1.16715,0.08535167383642234,0.08535167383642234,0.9146483261635775,1.6653345369377348e-16,674.1157201911782
9,fmm,19,39,39,0,1.1672,1.1672,0.08660685038805994,0.08660685038805994,0.9133931496119402,-1.249000902703301e-16,674.022133626639
9,fmm,19,39,39,0,1.16725,1.16725,0.08790864680131424,0.08790864680131424,0.9120913531986857,2.7755575615628914e-17,673.9288174227768
9,fmm,19,39,39,0,1.1673,1.1673,0.08925881470053212,0.08925881470053212,0.9107411852994679,-2.7755575615628914e-17,673.8357700575143
9,fmm,19,39,39,0,1.1673436638518904,1.1673436638518904,0.09047888546984108,0.09047888546984108,0.9095211145301593,-3.469446951953614e-16,673.7547326428702
9,fmm,19,39,39,0,1.1673437122157413,1.1673437122157413,0.09048025856396512,0.09048025856396512,0.9095197414360343,5.689893001203927e-16,673.7546429951917
9,fmm,19,39,39,0,1.1673499999999999,1.1673499999999999,0.09065918850258595,0.09065918850258595,0.9093408114974139,1.942890293094024e-16,673.742990022065
9,fmm,19,39,39,0,1.1674,1.1674,0.09211168969778709,0.09211168969778709,0.9078883103022124,5.134781488891349e-16,673.6504758206966
9,fmm,19,39,39,0,1.1674499999999999,1.1674499999999999,0.09361833133210086,0.09361833133210086,0.9063816686678995,-3.469446951953614e-16,673.5582259706442
9,fmm,19,39,39,0,1.1675,1.1675,0.09518122269301096,0.09518122269301096,0.904818777306989,2.7755575615628914e-17,673.4662390019366
9,fmm,19,39,39,0,1.1675499999999999,1.1675499999999999,0.09680257420741951,0.09680257420741951,0.9031974257925808,-2.914335439641036e-16,673.3745134572648
9,fmm,19,39,39,0,1.1676,1.1676,0.09848470255184404,0.09848470255184404,0.9015152974481572,-1.2073675392798577e-15,673.2830478917532
9,fmm,19,39,39,0,1.1676499999999999,1.1676499999999999,0.10023003597772931,0.10023003597772931,0.8997699640222708,-1.3877787807814457e-16,673.1918408729324
9,fmm,19,39,39,0,1.1677,1.1677,0.102041119849538,0.102041119849538,0.8979588801504615,4.579669976578771e-16,673.1008909804852
9,fmm,19,39,39,0,1.1677499999999998,1.1677499999999998,0.10392062239136073,0.10392062239136073,0.8960793776086399,-5.967448757360216e-16,673.0101968062035
9,fmm,19,39,39,0,1.1677543213100798,1.1677543213100798,0.10408636310349068,0.10408636310349068,0.8959136368965089,3.885780586188048e-16,673.002370412959
9,fmm,19,39,39,0,1.1677543696739308,1.1677543696739308,0.10408822108058212,0.10408822108058212,0.8959117789194178,1.249000902703301e-16,673.0022828311486
9,fmm,19,39,39,0,1.1678,1.1678,0.10587134063370139,0.10587134063370139,0.8941286593662989,-3.191891195797325e-16,672.9197569537371
9,fmm,19,39,39,0,1.1678499999999998,1.1678499999999998,0.10789620654626172,0.10789620654626172,0.8921037934537377,5.828670879282072e-16,672.8295700385431
9,fmm,19,39,39,0,1.1679,1.1679,0.1099982933359762,0.1099982933359762,0.8900017066640238,1.3877787807814457e-17,672.7396346877383
9,fmm,19,39,39,0,1.1679499999999998,1.1679499999999998,0.11218082188440358,0.11218082188440358,0.8878191781155965,-9.71445146547012e-17,672.649949539904
9,fmm,19,39,39,0,1.168,1.168,0.11444716728261223,0.11444716728261223,0.885552832717388,-2.7755575615628914e-16,672.5605132450186
9,fmm,19,39,39,0,1.16805,1.16805,0.11680086541475475,0.11680086541475475,0.8831991345852451,1.249000902703301e-16,672.4713244643252
9,fmm,19,39,39,0,1.1681,1.1681,0.11924561952316186,0.11924561952316186,0.880754380476838,1.8041124150158794e-16,672.3823818701359
9,fmm,19,39,39,0,1.16815,1.16815,0.12178530666614908,0.12178530666614908,0.8782146933338506,3.191891195797325e-16,672.2936841457981
9,fmm,19,39,39,0,1.1681612547517484,1.1681612547517484,0.12237047839516285,0.12237047839516285,0.8776295216048376,-4.996003610813204e-16,672.2737523576852
9,fmm,19,39,39,0,1.1681613031155993,1.1681613031155993,0.12237300388116304,0.12237300388116304,0.8776269961188381,-1.1379786002407855e-15,672.273666733522
9,fmm,19,39,39,0,1.1682,1.1682,0.12442398395877778,0.12442398395877778,0.8755760160412221,6.938893903907228e-17,672.2052299854854
9,fmm,19,39,39,0,1.16825,1.16825,0.1271658944507575,0.1271658944507575,0.8728341055492431,-6.106226635438361e-16,672.1170180941406
9,fmm,19,39,39,0,1.1683,1.1683,0.13001547245987813,0.13001547245987813,0.8699845275401217,1.942890293094024e-16,672.0290471873186
9,fmm,19,39,39,0,1.16835,1.16835,0.13297734812417153,0.13297734812417153,0.8670226518758286,-1.3877787807814457e-16,671.9413159910513
9,fmm,19,39,39,0,1.1683999999999999,1.1683999999999999,0.13605635088101767,0.13605635088101767,0.8639436491189818,5.273559366969494e-16,671.8538232418007
9,fmm,19,39,39,0,1.16845,1.16845,0.13925751148823132,0.13925751148823132,0.860742488511769,-3.608224830031759e-16,671.7665676862365
9,fmm,19,39,39,0,1.1684999999999999,1.1684999999999999,0.1425860621115931,0.1425860621115931,0.8574139378884066,3.0531133177191805e-16,671.6795480812447
9,fmm,19,39,39,0,1.16855,1.16855,0.14604743385890515,0.14604743385890515,0.8539525661410945,3.608224830031759e-16,671.5927631936707
9,fmm,19,39,39,0,1.1685681881934167,1.1685681881934167,0.147340594698252,0.147340594698252,0.8526594053017471,8.881784197001252e-16,671.5612519681557
9,fmm,19,39,39,0,1.1685682365572676,1.1685682365572676,0.14734405798018388,0.14734405798018388,0.8526559420198165,-4.163336342344337e-16,671.5611682184348
9,fmm,19,39,39,0,1.1685999999999999,1.1685999999999999,0.14964725098335452,0.14964725098335452,0.8503527490166459,-4.440892098500626e-16,671.5062118003652
9,fmm,19,39,39,0,1.16865,1.16865,0.1533913207407022,0.1533913207407022,0.8466086792592978,-2.7755575615628914e-17,671.4198926879617
9,fmm,19,39,39,0,1.1686999999999999,1.1686999999999999,0.1572856176133574,0.1572856176133574,0.842714382386643,-3.885780586188048e-16,671.3338046527917
9,fmm,19,39,39,0,1.16875,1.16875,0.1613362602310468,0.1613362602310468,0.8386637397689536,-3.885780586188048e-16,671.24794650081
9,fmm,19,39,39,0,1.1687999999999998,1.1687999999999998,0.16554947880550333,0.16554947880550333,0.8344505211944964,3.0531133177191805e-16,671.1623170474744
9,fmm,19,39,39,0,1.16885,1.16885,0.16993157026543967,0.16993157026543967,0.8300684297345603,2.7755575615628914e-17,671.0769151175836
9,fmm,19,39,39,0,1.1688999999999998,1.1688999999999998,0.17448883735483176,0.17448883735483176,0.8255111626451687,-4.163336342344337e-16,670.9917395453332
9,fmm,19,39,39,0,1.16895,1.16895,0.17922750678672758,0.17922750678672758,0.8207724932132728,-4.163336342344337e-16,670.9067891740019
9,fmm,19,39,39,0,1.168978894015457,1.168978894015457,0.18205097266605383,0.18205097266605383,0.8179490273339454,8.049116928532385e-16,670.8578002492258
9,fmm,19,39,39,0,1.168978942379308,1.168978942379308,0.18205575179949718,0.18205575179949718,0.817944248200503,-2.220446049250313e-16,670.8577183123798
9,fmm,19,39,39,0,1.169,1.169,0.18415361989588427,0.18415361989588427,0.8158463801041161,-4.163336342344337e-16,670.8220628560184
9,fmm,19,39,39,0,1.16905,1.16905,0.18927288699610975,0.18927288699610975,0.8107271130038904,-1.942890293094024e-16,670.7375594527861
9,fmm,19,39,39,0,1.1691,1.1691,0.19459049352161437,0.19459049352161437,0.8054095064783862,-5.273559366969494e-16,670.653277834618
9,fmm,19,39,39,0,1.16915,1.16915,0.20011084164408766,0.20011084164408766,0.7998891583559126,-2.220446049250313e-16,670.5692168806364
9,fmm,19,39,39,0,1.1692,1.1692,0.2058372048313143,0.2058372048313143,0.7941627951686848,8.881784197001252e-16,670.4853754786103
9,fmm,19,39,39,0,1.16925,1.16925,0.21177126382047123,0.21177126382047123,0.7882287361795279,8.326672684688674e-16,670.4017525250241
9,fmm,19,39,39,0,1.1693,1.1693,0.21791247940843744,0.21791247940843744,0.7820875205915626,-5.551115123125783e-17,670.3183469247977
9,fmm,19,39,39,0,1.16935,1.16935,0.22425723803551367,0.22425723803551367,0.7757427619644875,-1.2212453270876722e-15,670.2351575913245
9,fmm,19,39,39,0,1.1693858274571254,1.1693858274571254,0.22892458081214176,0.22892458081214176,0.771075419187858,1.942890293094024e-16,670.1756807481379
9,fmm,19,39,39,0,1.1693858758209763,1.1693858758209763,0.2289309473906993,0.2289309473906993,0.7710690526093005,2.220446049250313e-16,670.1756005342222
9,fmm,19,39,39,0,1.1694,1.1694,0.23079767699368028,0.23079767699368028,0.7692023230063191,6.38378239159465e-16,670.1521834463363
9,fmm,19,39,39,0,1.1694499999999999,1.1694499999999999,0.23752005141833213,0.23752005141833213,0.762479948581666,1.8596235662471372e-15,670.069423419823
9,fmm,19,39,39,0,1.1695,1.1695,0.24440243560415517,0.24440243560415517,0.7555975643958445,3.608224830031759e-16,669.9868764499296
9,fmm,19,39,39,0,1.1695499999999999,1.1695499999999999,0.2514114403321467,0.2514114403321467,0.7485885596678519,1.4432899320127035e-15,669.9045414829121
9,fmm,19,39,39,0,1.1696,1.1696,0.25849744747111814,0.25849744747111814,0.7415025525288815,3.3306690738754696e-16,669.8224174729862
9,fmm,19,39,39,0,1.1696499999999999,1.1696499999999999,0.2655875619781227,0.2655875619781227,0.7344124380218767,5.551115123125783e-16,669.7405033823134
9,fmm,19,39,39,0,1.1697,1.1697,0.2725749649629946,0.2725749649629946,0.7274250350370055,-1.1102230246251565e-16,669.6587981808872
9,fmm,19,39,39,0,1.1697499999999998,1.1697499999999998,0.2793024383450539,0.2793024383450539,0.7206975616549461,-5.551115123125783e-17,669.5773008464494
9,fmm,19,39,39,0,1.1697927608987937,1.1697927608987937,0.28467605254988837,0.28467605254988837,0.7153239474501122,-5.551115123125783e-16,669.5077669973083
9,fmm,19,39,39,0,1.1697928092626446,1.1697928092626446,0.2846818539292374,0.2846818539292374,0.715318146070762,5.551115123125783e-16,669.5076884378823
9,fmm,19,39,39,0,1.1698,1.1698,0.28553616173401863,0.28553616173401863,0.7144638382659817,-3.3306690738754696e-16,669.4960103643915
9,fmm,19,39,39,0,1.1698499999999998,1.1698499999999998,0.29092271214112314,0.29092271214112314,0.709077287858876,8.326672684688674e-16,669.414925727759
9,fmm,19,39,39,0,1.1699,1.1699,0.29491592608664985,0.29491592608664985,0.7050840739133503,-1.1102230246251565e-16,669.3340459370304
9,fmm,19,39,39,0,1.1699499999999998,1.1699499999999998,0.29664731688076096,0.29664731688076096,0.7033526831192395,-4.440892098500626e-16,669.253370000203
9,fmm,19,39,39,0,1.17,1.17,0.29468570331890886,0.29468570331890886,0.7053142966810955,-4.3298697960381105e-15,669.1728969325741
9,fmm,19,39,39,0,1.17005,1.17005,0.28656888675292824,0.28656888675292824,0.7134311132470714,3.3306690738754696e-16,669.0926257567712
9,fmm,19,39,39,0,1.1701,1.1701,0.2678505939812831,0.2678505939812831,0.7321494060187218,-4.884981308350689e-15,669.0125555026107
9,fmm,19,39,39,0,1.17015,1.17015,0.23016296735622094,0.23016296735622094,0.7698370326437813,-2.275957200481571e-15,668.9326852070633
9,fmm,19,39,39,0,1.1702,1.1702,0.15831942474574076,0.15831942474574076,0.8416805752542577,1.582067810090848e-15,668.8530139141656
9,fmm,19,39,39,0,1.170203466720834,1.170203466720834,0.15157186707757883,0.15157186707757883,0.8484281329224169,4.246603069191224e-15,668.8474973044302
9,fmm,19,39,39,0,1.170203515084685,1.170203515084685,0.15147593422384625,0.15147593422384625,0.8485240657761527,1.0547118733938987e-15,668.8474203495256
9,fmm,19,39,39,0,1.17025,1.17025,0.04171447069944095,0.04171447069944095,0.9582855293005651,-6.050715484207103e-15,668.773540674945
9,fmm,19,39,39,0,1.1703,1.1703,0.06595235612359043,0.06595235612359043,0.9340476438763982,1.1407541578023483e-14,668.6942645473533
9,fmm,19,39,39,0,1.17035,1.17035,0.6417654542404834,0.6417654542404834,0.35823454575950453,1.2101430968414206e-14,668.6151845962324
9,fmm,19,39,39,0,1.1703999999999999,1.1703999999999999,0.9308233605801652,0.9308233605801652,0.06917663941984223,-7.438494264988549e-15,668.5362998931612
9,fmm,19,39,39,0,1.17045,1.17045,0.973040611061429,0.973040611061429,0.026959388938573362,-2.4424906541753444e-15,668.4576095164808
9,fmm,19,39,39,0,1.1704999999999999,1.1704999999999999,0.9513959042855548,0.9513959042855548,0.04860409571445512,-9.880984919163893e-15,668.3791125511964
9,fmm,19,39,39,0,1.17055,1.17055,0.8319108493731179,0.8319108493731179,0.1680891506268763,5.88418203051333e-15,668.3008080888535
9,fmm,19,39,39,0,1.1705999999999999,1.1705999999999999,0.4983526224210413,0.4983526224210413,0.5016473775789873,-2.853273173286652e-14,668.2226952275765
9,fmm,19,39,39,0,1.1706104001625024,1.1706104001625024,0.40518596972249016,0.40518596972249016,0.5948140302775051,4.718447854656915e-15,668.2064714873022
9,fmm,19,39,39,0,1.1706104485263533,1.1706104485263533,0.40474916129782285,0.40474916129782285,0.5952508387021759,1.27675647831893e-15,668.2063960613409
9,fmm,19,39,39,0,1.17065,1.17065,0.09954724575019835,0.09954724575019835,0.9004527542498008,8.881784197001252e-16,668.1447730718879
9,fmm,19,39,39,0,1.1706999999999999,1.1706999999999999,0.004046710953641924,0.004046710953641924,0.9959532890463537,4.3576253716537394e-15,668.0670407327733
9,fmm,19,39,39,0,1.17075,1.17075,0.09610564105866233,0.09610564105866233,0.9038943589413376,4.163336342344337e-17,667.9894973275237
9,fmm,19,39,39,0,1.1707999999999998,1.1707999999999998,0.2106064133750644,0.2106064133750644,0.7893935866249406,-5.023759186428833e-15,667.9121419796758
9,fmm,19,39,39,0,1.17085,1.17085,0.3073754250802272,0.3073754250802272,0.6926245749197715,1.3322676295501878e-15,667.834973819016
9,fmm,19,39,39,0,1.1708999999999998,1.1708999999999998,0.3854354534692268,0.3854354534692268,0.6145645465307743,-1.1102230246251565e-15,667.757991981462
9,fmm,19,39,39,0,1.17095,1.17095,0.4495904862663969,0.4495904862663969,0.5504095137336076,-4.496403249731884e-15,667.6811956090288
9,fmm,19,39,39,0,1.1709999999999998,1.1709999999999998,0.503998723785821,0.503998723785821,0.49600127621417767,1.3322676295501878e-15,667.6045838497708
9,fmm,19,39,39,0,1.171017333604171,1.171017333604171,0.521145363329013,0.521145363329013,0.4788546366709887,-1.6653345369377348e-15,667.5780676305893
9,fmm,19,39,39,0,1.1710173819680219,1.1710173819680219,0.5211921511008514,0.5211921511008514,0.4788078488991473,1.3322676295501878e-15,667.5779936764703
9,fmm,19,39,39,0,1.17105,1.17105,0.5515484376502529,0.5515484376502529,0.4484515623497468,3.3306690738754696e-16,667.5281558576983
9,fmm,19,39,39,0,1.1711,1.1711,0.5941525282574115,0.5941525282574115,0.40584747174258873,-2.220446049250313e-16,667.4519107927471
9,fmm,19,39,39,0,1.17115,1.17115,0.6330663694949364,0.6330663694949364,0.3669336305050634,1.1102230246251565e-16,667.3758478207266
9,fmm,19,39,39,0,1.1712,1.1712,0.6691117187131821,0.6691117187131821,0.33088828128681613,1.7763568394002505e-15,667.2999661132093
9,fmm,19,39,39,0,1.17125,1.17125,0.7028219098066352,0.7028219098066352,0.2971780901933661,-1.2212453270876722e-15,667.2242648475618
9,fmm,19,39,39,0,1.1713,1.1713,0.7345350197279107,0.7345350197279107,0.265464980272088,1.3322676295501878e-15,667.1487432068441
9,fmm,19,39,39,0,1.17135,1.17135,0.7644545529150552,0.7644545529150552,0.2355454470849469,-2.1094237467877974e-15,667.0734003797072
9,fmm,19,39,39,0,1.1714,1.1714,0.7926900461795681,0.7926900461795681,0.2073099538204296,2.3314683517128287e-15,666.998235560427
9,fmm,19,39,39,0,1.1714279910623602,1.1714279910623602,0.8077799466431939,0.8077799466431939,0.19222005335680642,-2.220446049250313e-16,666.9562341193239
9,fmm,19,39,39,0,1.171428039426211,1.171428039426211,0.807805576349219,0.807805576349219,0.19219442365078113,-1.1102230246251565e-16,666.9561615958698
9,fmm,19,39,39,0,1.1714499999999999,1.1714499999999999,0.8192851762401923,0.8192851762401923,0.1807148237598063,1.4432899320127035e-15,666.9232479488074
9,fmm,19,39,39,0,1.1715,1.1715,0.8442379758672974,0.8442379758672974,0.15576202413270698,-4.440892098500626e-15,666.8484367501414
9,fmm,19,39,39,0,1.1715499999999999,1.1715499999999999,0.8675159631717255,0.8675159631717255,0.13248403682827617,-1.6653345369377348e-15,666.7738011751301
9,fmm,19,39,39,0,1.1716,1.1716,0.8890678937340131,0.8890678937340131,0.1109321062659889,-1.9984014443252818e-15,666.6993404398703
9,fmm,19,39,39,0,1.1716499999999999,1.1716499999999999,0.9088331716385675,0.9088331716385675,0.09116682836143397,-1.4432899320127035e-15,666.6250537657857
9,fmm,19,39,39,0,1.1717,1.1717,0.9267495362999607,0.9267495362999607,0.07325046370003999,-6.661338147750939e-16,666.550940379575
9,fmm,19,39,39,0,1.1717499999999998,1.1717499999999998,0.9427593806468616,0.9427593806468616,0.057240619353135146,3.219646771412954e-15,666.4769995131686
9,fmm,19,39,39,0,1.1718,1.1718,0.9568148962781359,0.9568148962781359,0.04318510372186717,-2.9976021664879227e-15,666.403230403689
9,fmm,19,39,39,0,1.1718349728678796,1.1718349728678796,0.965465773552168,0.965465773552168,0.034534226447833785,-1.7763568394002505e-15,666.351733735368
9,fmm,19,39,39,0,1.1718350212317306,1.1718350212317306,0.965477059409242,0.965477059409242,0.03452294059075946,-1.4432899320127035e-15,666.3516625786204
9,fmm,19,39,39,0,1.1718499999999998,1.1718499999999998,0.9688821486862053,0.9688821486862053,0.031117851313796113,-1.3322676295501878e-15,666.3296322933497
9,fmm,19,39,39,0,1.1719,1.1719,0.9789441392212102,0.9789441392212102,0.021055860778788335,1.5543122344752192e-15,666.2562044295179
9,fmm,19,39,39,0,1.1719499999999998,1.1719499999999998,0.9870028956566723,0.9870028956566723,0.012997104343328429,-7.771561172376096e-16,666.18294606455
9,fmm,19,39,39,0,1.172,1.172,0.993080639453576,0.993080639453576,0.006919360546425297,-1.3322676295501878e-15,666.1098564558166
9,fmm,19,39,39,0,1.17205,1.17205,0.9972200967207884,0.9972200967207884,0.0027799032792101283,1.4432899320127035e-15,666.0369348656269
9,fmm,19,39,39,0,1.1721,1.1721,0.9994840447464199,0.9994840447464199,0.000515955253580272,-2.220446049250313e-16,665.964180561209
9,fmm,19,39,39,0,1.17215,1.17215,0.9999542115214936,0.9999542115214936,4.5788478505877767e-05,5.551115123125783e-16,665.8915928146188
9,fmm,19,39,39,0,1.1722,1.1722,0.9987296680361801,0.9987296680361801,0.0012703319638222425,-2.3314683517128287e-15,665.8191709027673
9,fmm,19,39,39,0,1.172241906309548,1.172241906309548,0.9964809278278469,0.9964809278278469,0.0035190721721538496,-7.771561172376096e-16,665.7585994189724
9,fmm,19,39,39,0,1.1722419546733989,1.1722419546733989,0.9964777193294047,0.9964777193294047,0.0035222806705934094,1.887379141862766e-15,665.7585295805914
9,fmm,19,39,39,0,1.17225,1.17225,0.9959248700743185,0.9959248700743185,0.004075129925681578,-1.1102230246251565e-16,665.7469141072761
9,fmm,19,39,39,0,1.1723,1.1723,0.9916675170974429,0.9916675170974429,0.008332482902556837,2.220446049250313e-16,665.674821714557
9,fmm,19,39,39,0,1.17235,1.17235,0.9860964016442298,0.9860964016442298,0.013903598355767014,3.1086244689504383e-15,665.6028930156604
9,fmm,19,39,39,0,1.1723999999999999,1.1723999999999999,0.9793594261666122,0.9793594261666122,0.020640573833387698,1.1102230246251565e-16,665.5311273063146
9,fmm,19,39,39,0,1.17245,1.17245,0.9716119699182673,0.9716119699182673,0.028388030081732935,-2.220446049250313e-16,665.4595238868174
9,fmm,19,39,39,0,1.1724999999999999,1.1724999999999999,0.9630158032056994,0.9630158032056994,0.03698419679429971,8.881784197001252e-16,665.3880820620408
9,fmm,19,39,39,0,1.17255,1.17255,0.9537387803741171,0.9537387803741171,0.046261219625880035,2.886579864025407e-15,665.3168011413668
9,fmm,19,39,39,0,1.1725999999999999,1.1725999999999999,0.9439556127481213,0.9439556127481213,0.056044387251878276,3.3306690738754696e-16,665.2456804386952
9,fmm,19,39,39,0,1.17265,1.17265,0.9338501564317191,0.9338501564317191,0.0661498435682816,-6.661338147750939e-16,665.1747192722828
9,fmm,19,39,39,0,1.1726525637677374,1.1726525637677374,0.9333268718422906,0.9333268718422906,0.06667312815771158,-2.1094237467877974e-15,665.1710850006666
9,fmm,19,39,39,0,1.1726526121315883,1.1726526121315883,0.9333169973932997,0.9333169973932997,0.06668300260670063,-3.3306690738754696e-16,665.1710164464515
9,fmm,19,39,39,0,1.1726999999999999,1.1726999999999999,0.9236198983898743,0.9236198983898743,0.07638010161012626,-5.551115123125783e-16,665.1039169648573
9,fmm,19,39,39,0,1.17275,1.17275,0.9134837859134276,0.9134837859134276,0.08651621408657117,1.2212453270876722e-15,665.0332728434839
9,fmm,19,39,39,0,1.1727999999999998,1.1727999999999998,0.9036954193528345,0.9036954193528345,0.09630458064716386,1.6653345369377348e-15,664.9627862395456
9,fmm,19,39,39,0,1.17285,1.17285,0.8945653445233542,0.8945653445233542,0.10543465547664346,2.3314683517128287e-15,664.8924564887066
9,fmm,19,39,39,0,1.1728999999999998,1.1728999999999998,0.8864997127741935,0.8864997127741935,0.11350028722581103,-4.551914400963142e-15,664.8222829308884
9,fmm,19,39,39,0,1.17295,1.17295,0.8800702781632784,0.8800702781632784,0.11992972183671813,3.4416913763379853e-15,664.7522649102109
9,fmm,19,39,39,0,1.173,1.173,0.8761486877423214,0.8761486877423214,0.12385131225767912,-4.440892098500626e-16,664.682401774964
9,fmm,19,39,39,0,1.17305,1.17305,0.8761833925917581,0.8761833925917581,0.12381660740824448,-2.6645352591003757e-15,664.6126928776008
9,fmm,19,39,39,0,1.1730594972094057,1.1730594972094057,0.8768239858380047,0.8768239858380047,0.12317601416200061,-5.329070518200751e-15,664.5994694551763
9,fmm,19,39,39,0,1.1730595455732566,1.1730595455732566,0.8768278814647734,0.8768278814647734,0.12317211853522625,3.3306690738754696e-16,664.5994021300244
9,fmm,19,39,39,0,1.1731,1.1731,0.8828208427695817,0.8828208427695817,0.11717915723042446,-6.217248937900877e-15,664.5431375746284
9,fmm,19,39,39,0,1.17315,1.17315,0.9014098450125186,0.9014098450125186,0.0985901549874862,-4.884981308350689e-15,664.4737352266502
9,fmm,19,39,39,0,1.1732,1.1732,0.9432006881417849,0.9432006881417849,0.05679931185821332,1.7763568394002505e-15,664.4044851982918
9,fmm,19,39,39,0,1.17325,1.17325,0.9995288335522825,0.9995288335522825,0.0004711664476891115,2.842170943040401e-14,664.3353868581739
9,fmm,19,39,39,0,1.1733,1.1733,0.0778817874302252,0.0778817874302252,0.9221182125697761,-1.304512053934559e-15,664.2664395788664
9,fmm,19,39,39,0,1.17335,1.17335,0.2903313972144632,0.2903313972144632,0.7096686027855462,-9.43689570931383e-15,664.1976427368735
9,fmm,19,39,39,0,1.1734,1.1734,0.46100799623561284,0.46100799623561284,0.5389920037643864,7.771561172376096e-16,664.128995712593
9,fmm,19,39,39,0,1.1734499999999999,1.1734499999999999,0.5227443444389408,0.5227443444389408,0.47725565556105665,2.55351295663786e-15,664.0604978902735
9,fmm,19,39,39,0,1.173466479014925,1.173466479014925,0.5339526278290013,0.5339526278290013,0.4660473721709984,3.3306690738754696e-16,1710.6855088889595
9,fmm,19,39,39,0,1.1734665273787759,1.1734665273787759,0.5339813324351855,0.5339813324351855,0.46601866756481697,-2.55351295663786e-15,1759.8948325804865
9,fmm,19,39,39,0,1.1735,1.1735,0.5493794921602492,0.5493794921602492,0.45062050783975033,5.551115123125783e-16,663.9921486579971
9,fmm,19,39,39,0,1.1735499999999999,1.1735499999999999,0.5612130387269073,0.5612130387269073,0.43878696127309363,-9.992007221626409e-16,663.9239474076397
9,fmm,19,39,39,0,1.1736,1.1736,0.5656325471379894,0.5656325471379894,0.43436745286201184,-1.2212453270876722e-15,663.8558935348369
9,fmm,19,39,39,0,1.1736499999999999,1.1736499999999999,0.5659190342459034,0.5659190342459034,0.4340809657540982,-1.6653345369377348e-15,663.7879864389265
9,fmm,19,39,39,0,1.1737,1.1737,0.5637408454746141,0.5637408454746141,0.43625915452538366,2.220446049250313e-15,663.7202255229993
9,fmm,19,39,39,0,1.1737499999999998,1.1737499999999998,0.5600321025981843,0.5600321025981843,0.43996789740181624,-4.440892098500626e-16,663.6526101937628
9,fmm,19,39,39,0,1.1738,1.1738,0.5553544945744121,0.5553544945744121,0.4446455054255884,-5.551115123125783e-16,663.5851398615861
9,fmm,19,39,39,0,1.1738499999999998,1.1738499999999998,0.5500645986408055,0.5500645986408055,0.44993540135919424,2.220446049250313e-16,663.5178139404153
9,fmm,19,39,39,0,1.1738771364731144,1.1738771364731144,0.5470244559089539,0.5470244559089539,0.4529755440910463,-2.220446049250313e-16,663.4813344291764
9,fmm,19,39,39,0,1.1738771848369653,1.1738771848369653,0.5470189571164021,0.5470189571164021,0.4529810428835978,0.0,663.4812694515163
9,fmm,19,39,39,0,1.1739,1.1739,0.5443984878170409,0.5443984878170409,0.45560151218295986,-7.771561172376096e-16,663.4506318478215
9,fmm,19,39,39,0,1.1739499999999998,1.1739499999999998,0.5385176566585168,0.5385176566585168,0.4614823433414824,7.771561172376096e-16,663.3835930048415
9,fmm,19,39,39,0,1.174,1.174,0.5325354320513351,0.5325354320513351,0.4674645679486637,1.1102230246251565e-15,663.3166968361354
9,fmm,19,39,39,0,1.17405,1.17405,0.5265329081784778,0.5265329081784778,0.47346709182152225,0.0,663.2499427697509
9,fmm,19,39,39,0,1.1741,1.1741,0.520568958877861,0.520568958877861,0.47943104112213997,-9.992007221626409e-16,663.1833302372148
9,fmm,19,39,39,0,1.17415,1.17415,0.5146867509903457,0.5146867509903457,0.48531324900965506,-6.661338147750939e-16,663.1168586735366
9,fmm,19,39,39,0,1.1742,1.1742,0.5089181107967263,0.5089181107967263,0.4910818892032738,-1.1102230246251565e-16,663.0505275170674
9,fmm,19,39,39,0,1.17425,1.17425,0.5032865289768421,0.5032865289768421,0.49671347102315727,5.551115123125783e-16,662.984336209537
9,fmm,19,39,39,0,1.1742840699147827,1.1742840699147827,0.49953674083997496,0.49953674083997496,0.5004632591600258,-7.216449660063518e-16,662.9393133937533
9,fmm,19,39,39,0,1.1742841182786337,1.1742841182786337,0.4995314709194985,0.4995314709194985,0.5004685290805029,-1.3877787807814457e-15,662.9392495276248
9,fmm,19,39,39,0,1.1743,1.1743,0.4978092767917457,0.4978092767917457,0.502190723208253,1.3322676295501878e-15,662.9182841960471
9,fmm,19,39,39,0,1.17435,1.17435,0.4924989269107156,0.4924989269107156,0.5075010730892835,8.881784197001252e-16,662.8523709249844
9,fmm,19,39,39,0,1.1743999999999999,1.1743999999999999,0.4873644661791347,0.4873644661791347,0.5126355338208648,4.996003610813204e-16,662.7865958480659
9,fmm,19,39,39,0,1.17445,1.17445,0.4824121228591405,0.4824121228591405,0.5175878771408603,-7.771561172376096e-16,662.720958420215
9,fmm,19,39,39,0,1.1744999999999999,1.1744999999999999,0.47764599030792915,0.47764599030792915,0.5223540096920705,3.885780586188048e-16,662.6554580996441
9,fmm,19,39,39,0,1.17455,1.17455,0.47306850306609094,0.47306850306609094,0.5269314969339095,-4.440892098500626e-16,662.5900943477402
9,fmm,19,39,39,0,1.1745999999999999,1.1745999999999999,0.4686808042897576,0.4686808042897576,0.5313191957102421,2.7755575615628914e-16,662.5248666290823
9,fmm,19,39,39,0,1.17465,1.17465,0.46448303204964114,0.46448303204964114,0.5355169679503596,-7.771561172376096e-16,662.4597744114146
9,fmm,19,39,39,0,1.1746910033564513,1.1746910033564513,0.46118188675877547,0.46118188675877547,0.5388181132412243,2.220446049250313e-16,662.4064951749109
9,fmm,19,39,39,0,1.1746910517203022,1.1746910517203022,0.4611780679567684,0.4611780679567684,0.5388219320432318,-2.220446049250313e-16,662.4064323850165
9,fmm,19,39,39,0,1.1746999999999999,1.1746999999999999,0.46047454429907464,0.46047454429907464,0.5395254557009234,1.9984014443252818e-15,662.3948171656197
9,fmm,19,39,39,0,1.17475,1.17475,0.45665409691793135,0.45665409691793135,0.5433459030820688,-1.1102230246251565e-16,662.329994365654
9,fmm,19,39,39,0,1.1747999999999998,1.1747999999999998,0.45301998549849953,0.45301998549849953,0.5469800145015006,-1.1102230246251565e-16,662.2653054885924
9,fmm,19,39,39,0,1.17485,1.17485,0.4495701588343027,0.4495701588343027,0.5504298411656983,-9.43689570931383e-16,662.2007500145447
9,fmm,19,39,39,0,1.1748999999999998,1.1748999999999998,0.4463023101332271,0.4463023101332271,0.5536976898667727,2.220446049250313e-16,662.136327426675
9,fmm,19,39,39,0,1.17495,1.17495,0.4432139505697237,0.4432139505697237,0.5567860494302763,0.0,662.0720372111249
9,fmm,19,39,39,0,1.1749999999999998,1.1749999999999998,0.4403024687256373,0.4403024687256373,0.5596975312743628,-1.1102230246251565e-16,662.0078788570291
9,fmm,19,39,39,0,1.17505,1.17505,0.4375651786739461,0.4375651786739461,0.5624348213260526,1.27675647831893e-15,661.9438518565058
9,fmm,19,39,39,0,1.1751,1.1751,0.4349993589092605,0.4349993589092605,0.5650006410907396,-5.551115123125783e-17,661.879955704578
9,fmm,19,39,39,0,1.1751017091784917,1.1751017091784917,0.4349146482425571,0.4349146482425571,0.5650853517574432,-3.3306690738754696e-16,661.8777738128775
9,fmm,19,39,39,0,1.1751017575423426,1.1751017575423426,0.434912254090507,0.434912254090507,0.5650877459094925,4.996003610813204e-16,661.8777120750883
9,fmm,19,39,39,0,1.17515,1.17515,0.4326022838048249,0.4326022838048249,0.5673977161951745,5.551115123125783e-16,661.8161898992206
9,fmm,19,39,39,0,1.1752,1.1752,0.4303712489980189,0.4303712489980189,0.5696287510019812,-5.551115123125783e-17,661.7525539412532
9,fmm,19,39,39,0,1.17525,1.17525,0.42830359178701133,0.42830359178701133,0.5716964082129884,2.7755575615628914e-16,661.6890473343967
9,fmm,19,39,39,0,1.1753,1.1753,0.4263967074163618,0.4263967074163618,0.5736032925836381,1.1102230246251565e-16,661.6256695852175
9,fmm,19,39,39,0,1.17535,1.17535,0.42464806198769445,0.42464806198769445,0.5753519380123059,-3.3306690738754696e-16,661.5624202030606
9,fmm,19,39,39,0,1.1754,1.1754,0.4230552025603602,0.4230552025603602,0.5769447974396398,0.0,661.4992987001376
9,fmm,19,39,39,0,1.1754499999999999,1.1754499999999999,0.4216157649328664,0.4216157649328664,0.5783842350671342,-6.106226635438361e-16,661.4363045913808
9,fmm,19,39,39,0,1.1755,1.1755,0.42032747948632176,0.42032747948632176,0.579672520513679,-7.771561172376096e-16,661.3734373945192
9,fmm,19,39,39,0,1.17550864262016,1.17550864262016,0.4201199569130318,0.4201199569130318,0.5798800430869684,-1.6653345369377348e-16,661.3625834776514
9,fmm,19,39,39,0,1.175508690984011,1.175508690984011,0.42011880812575236,0.42011880812575236,0.5798811918742465,1.1657341758564144e-15,661.362522750063
9,fmm,19,39,39,0,1.1755499999999999,1.1755499999999999,0.4191881754154256,0.4191881754154256,0.5808118245845736,8.326672684688674e-16,661.310696629992
9,fmm,19,39,39,0,1.1756,1.1756,0.4181957836138027,0.4181957836138027,0.5818042163861972,1.1102230246251565e-16,661.2480818209617
9,fmm,19,39,39,0,1.1756499999999999,1.1756499999999999,0.41734833843127456,0.41734833843127456,0.5826516615687242,1.27675647831893e-15,661.185592493283
9,fmm,19,39,39,0,1.1757,1.1757,0.41664397848451573,0.41664397848451573,0.5833560215154846,-3.3306690738754696e-16,661.1232281754967
9,fmm,19,39,39,0,1.1757499999999999,1.1757499999999999,0.4160809466584756,0.4160809466584756,0.5839190533415237,6.661338147750939e-16,661.0609883987589
9,fmm,19,39,39,0,1.1758,1.1758,0.4156575894483328,0.4156575894483328,0.5843424105516666,6.106226635438361e-16,660.998872696901
9,fmm,19,39,39,0,1.1758499999999998,1.1758499999999998,0.4153723557166473,0.4153723557166473,0.584627644283352,6.661338147750939e-16,660.9368806063292
9,fmm,19,39,39,0,1.1759,1.1759,0.4152237949595945,0.4152237949595945,0.5847762050404051,4.440892098500626e-16,660.8750116660688
9,fmm,19,39,39,0,1.1759155760618283,1.1759155760618283,0.415205219707718,0.415205219707718,0.5847947802922823,-2.7755575615628914e-16,660.8557632626232
9,fmm,19,39,39,0,1.1759156244256792,1.1759156244256792,0.4152051824409335,0.4152051824409335,0.5847948175590671,-6.661338147750939e-16,660.8557035146423
9,fmm,19,39,39,0,1.1759499999999998,1.1759499999999998,0.41521055515340094,0.41521055515340094,0.5847894448465992,-1.6653345369377348e-16,660.8132654176839
9,fmm,19,39,39,0,1.176,1.176,0.41533138023051935,0.41533138023051935,0.5846686197694799,7.216449660063518e-16,660.7516414053151
9,fmm,19,39,39,0,1.17605,1.17605,0.41558510723006475,0.41558510723006475,0.5844148927699353,-5.551115123125783e-17,660.6901391756256
9,fmm,19,39,39,0,1.1761,1.1761,0.415970663155063,0.415970663155063,0.5840293368449361,9.43689570931383e-16,660.6287582777908
9,fmm,19,39,39,0,1.17615,1.17615,0.4164870615718705,0.4164870615718705,0.5835129384281302,-7.216449660063518e-16,660.5674982634805
9,fmm,19,39,39,0,1.1762,1.1762,0.41713339895695495,0.41713339895695495,0.5828666010430444,6.106226635438361e-16,660.5063586868418
9,fmm,19,39,39,0,1.17625,1.17625,0.417908850814975,0.417908850814975,0.5820911491850249,1.1102230246251565e-16,660.4453391044709
9,fmm,19,39,39,0,1.1763,1.1763,0.4188126675694624,0.4188126675694624,0.5811873324305363,1.27675647831893e-15,660.3844390754003
9,fmm,19,39,39,0,1.1763262818838687,1.1763262818838687,0.4193389858110245,0.4193389858110245,0.5806610141889756,-1.6653345369377348e-16,660.3524755142807
9,fmm,19,39,39,0,1.1763263302477196,1.1763263302477196,0.4193399868019091,0.4193399868019091,0.5806600131980897,1.2212453270876722e-15,660.3524167253214
9,fmm,19,39,39,0,1.17635,1.17635,0.4198441702409854,0.4198441702409854,0.5801558297590141,4.440892098500626e-16,660.3236581610819
9,fmm,19,39,39,0,1.1764,1.1764,0.42100274589085307,0.42100274589085307,0.5789972541091478,-8.881784197001252e-16,660.2629959253753
9,fmm,19,39,39,0,1.17645,1.17645,0.42228784285174703,0.42228784285174703,0.577712157148253,0.0,660.202451934516
9,fmm,19,39,39,0,1.1764999999999999,1.1764999999999999,0.4236989657118186,0.4236989657118186,0.5763010342881809,4.996003610813204e-16,660.1420257571021
9,fmm,19,39,39,0,1.17655,1.17655,0.42523567006692975,0.42523567006692975,0.5747643299330701,1.1102230246251565e-16,660.0817169640782
9,fmm,19,39,39,0,1.1765999999999999,1.1765999999999999,0.42689755700903315,0.42689755700903315,0.5731024429909656,1.27675647831893e-15,660.021525128727
9,fmm,19,39,39,0,1.17665,1.17665,0.42868426733592674,0.42868426733592674,0.571315732664073,2.7755575615628914e-16,659.9614498266387
9,fmm,19,39,39,0,1.1766999999999999,1.1766999999999999,0.4305954754843737,0.4305954754843737,0.5694045245156261,2.220446049250313e-16,659.9014906356816
9,fmm,19,39,39,0,1.176733215325537,1.176733215325537,0.43193377911610203,0.43193377911610203,0.5680662208838982,-2.7755575615628914e-16,659.8617233353435
9,fmm,19,39,39,0,1.176733263689388,1.176733263689388,0.4319357677011901,0.4319357677011901,0.5680642322988108,-8.326672684688674e-16,659.8616654685211
9,fmm,19,39,39,0,1.17675,1.17675,0.4326308831356724,0.4326308831356724,0.5673691168643271,4.996003610813204e-16,659.8416471360395
9,fmm,19,39,39,0,1.1767999999999998,1.1767999999999998,0.43479021249624894,0.43479021249624894,0.5652097875037513,-2.220446049250313e-16,659.7819189101092
9,fmm,19,39,39,0,1.17685,1.17685,0.43707319922357024,0.43707319922357024,0.5629268007764299,-1.1102230246251565e-16,659.7223055425688
9,fmm,19,39,39,0,1.1768999999999998,1.1768999999999998,0.43947958495711065,0.43947958495711065,0.5605204150428899,-4.996003610813204e-16,659.6628066202985
9,fmm,19,39,39,0,1.17695,1.17695,0.4420091094503656,0.4420091094503656,0.557990890549636,-1.609823385706477e-15,659.6034217324155
9,fmm,19,39,39,0,1.177,1.177,0.4446615022496833,0.4446615022496833,0.555338497750316,7.216449660063518e-16,659.5441504701998
9,fmm,19,39,39,0,1.17705,1.17705,0.44743647392090824,0.44743647392090824,0.5525635260790912,5.551115123125783e-16,659.4849924271384
9,fmm,19,39,39,0,1.1771,1.1771,0.4503337067509734,0.4503337067509734,0.5496662932490253,1.3322676295501878e-15,659.4259471988729
9,fmm,19,39,39,0,1.1771401487672053,1.1771401487672053,0.4527483756354242,0.4527483756354242,0.547251624364576,-1.6653345369377348e-16,659.3786167277943
9,fmm,19,39,39,0,1.1771401971310562,1.1771401971310562,0.45275133170404464,0.45275133170404464,0.5472486682959564,-1.0547118733938987e-15,659.3785597563741
9,fmm,19,39,39,0,1.17715,1.17715,0.45335284492560424,0.45335284492560424,0.5466471550743962,-4.440892098500626e-16,659.3670143831774
9,fmm,19,39,39,0,1.1772,1.1772,0.45649348413240937,0.45649348413240937,0.5435065158675907,-5.551115123125783e-17,659.3081935799669
9,fmm,19,39,39,0,1.17725,1.17725,0.4597551605529724,0.4597551605529724,0.5402448394470281,-4.440892098500626e-16,659.2494843913003
9,fmm,19,39,39,0,1.1773,1.1773,0.46313733920873273,0.46313733920873273,0.536862660791268,-7.216449660063518e-16,659.1908864212672
9,fmm,19,39,39,0,1.17735,1.17735,0.46663940161743134,0.46663940161743134,0.5333605983825689,-2.220446049250313e-16,659.1323992761129
9,fmm,19,39,39,0,1.1774,1.1774,0.47026063272918933,0.47026063272918933,0.529739367270811,-2.7755575615628914e-16,659.0740225641119
9,fmm,19,39,39,0,1.1774499999999999,1.1774499999999999,0.47400020708393364,0.47400020708393364,0.5259997929160671,-7.771561172376096e-16,659.0157558956095
9,fmm,19,39,39,0,1.1775,1.1775,0.47785717415408957,0.47785717415408957,0.5221428258459103,1.1102230246251565e-16,658.957598882989
9,fmm,19,39,39,0,1.1775499999999999,1.1775499999999999,0.48183044284430965,0.48183044284430965,0.5181695571556919,-1.5543122344752192e-15,658.899551140663
9,fmm,19,39,39,0,1.1775508062253948,1.1775508062253948,0.4818954559750524,0.4818954559750524,0.5181045440249468,8.326672684688674e-16,658.8986160424354
9,fmm,19,39,39,0,1.1775508545892457,1.1775508545892457,0.4818993569326221,0.4818993569326221,0.5181006430673771,7.771561172376096e-16,658.8985599486621
9,fmm,19,39,39,0,1.1776,1.1776,0.48591876504662396,0.48591876504662396,0.514081234953375,1.0547118733938987e-15,658.8416122850218
9,fmm,19,39,39,0,1.1776499999999999,1.1776499999999999,0.490120718278916,0.490120718278916,0.5098792817210831,8.881784197001252e-16,658.783781934522
9,fmm,19,39,39,0,1.1777,1.1777,0.4944346872820041,0.4944346872820041,0.5055653127179954,4.440892098500626e-16,658.7260597095224
9,fmm,19,39,39,0,1.1777499999999999,1.1777499999999999,0.4988588445593748,0.4988588445593748,0.5011411554406245,6.661338147750939e-16,658.6684452323886
9,fmm,19,39,39,0,1.1778,1.1778,0.5033911297810106,0.5033911297810106,0.49660887021898975,-3.3306690738754696e-16,658.6109381274756
9,fmm,19,39,39,0,1.1778499999999998,1.1778499999999998,0.5080292280133711,0.5080292280133711,0.49197077198662803,8.881784197001252e-16,658.5535380210033
9,fmm,19,39,39,0,1.1779,1.1779,0.5127705466434184,0.5127705466434184,0.4872294533565821,-4.440892098500626e-16,658.4962445411771
9,fmm,19,39,39,0,1.1779499999999998,1.1779499999999998,0.5176121910037771,0.5176121910037771,0.48238780899622347,-5.551115123125783e-16,658.4390573180798
9,fmm,19,39,39,0,1.177957788030914,1.177957788030914,0.5183751552107525,0.5183751552107525,0.4816248447892475,0.0,658.4301593413061
9,fmm,19,39,39,0,1.177957836394765,1.177957836394765,0.5183799005735006,0.5183799005735006,0.48162009942649864,7.771561172376096e-16,658.4301040926904
9,fmm,19,39,39,0,1.178,1.178,0.5225509385202538,0.5225509385202538,0.47744906147974725,-1.1102230246251565e-15,658.3819759837235
9,fmm,19,39,39,0,1.17805,1.17805,0.5275832113464912,0.5275832113464912,0.4724167886535076,1.2212453270876722e-15,658.3250001719827
9,fmm,19,39,39,0,1.1781,1.1781,0.5327050473346407,0.5327050473346407,0.467294952665359,3.3306690738754696e-16,658.2681295185989
9,fmm,19,39,39,0,1.17815,1.17815,0.5379120691977021,0.5379120691977021,0.4620879308022996,-1.6653345369377348e-15,658.2113636611831
9,fmm,19,39,39,0,1.1782,1.1782,0.5431994517512887,0.5431994517512887,0.4568005482487108,5.551115123125783e-16,658.1547022392252
9,fmm,19,39,39,0,1.17825,1.17825,0.548561886947446,0.548561886947446,0.4514381130525536,4.440892098500626e-16,658.0981448940012
9,fmm,19,39,39,0,1.1783,1.1783,0.553993546579738,0.553993546579738,0.4460064534202613,7.771561172376096e-16,658.0416912686197
9,fmm,19,39,39,0,1.17835,1.17835,0.5594880422842208,0.5594880422842208,0.44051195771578,-7.771561172376096e-16,657.9853410079995
9,fmm,19,39,39,0,1.1783647214725825,1.1783647214725825,0.5611167549477916,0.5611167549477916,0.438883245052209,-5.551115123125783e-16,657.968769477223
9,fmm,19,39,39,0,1.1783647698364335,1.1783647698364335,0.5611221134688306,0.5611221134688306,0.43887788653116994,-5.551115123125783e-16,657.9687150501652
9,fmm,19,39,39,0,1.1784,1.1784,0.5650383825493519,0.5650383825493519,0.4349616174506495,-1.3322676295501878e-15,657.9290937588676
9,fmm,19,39,39,0,1.17845,1.17845,0.5706369262805914,0.5706369262805914,0.42936307371941,-1.4432899320127035e-15,657.8729491697127
9,fmm,19,39,39,0,1.1784999999999999,1.1784999999999999,0.5762753324572434,0.5762753324572434,0.4237246675427564,2.220446049250313e-16,657.816906890803
9,fmm,19,39,39,0,1.17855,1.17855,0.5819445051845413,0.5819445051845413,0.41805549481545934,-6.661338147750939e-16,657.7609665741663
9,fmm,19,39,39,0,1.1785999999999999,1.1785999999999999,0.5876345334316878,0.5876345334316878,0.4123654665683122,0.0,657.7051278735755
9,fmm,19,39,39,0,1.17865,1.17865,0.5933346244645241,0.5933346244645241,0.40666537553547505,8.881784197001252e-16,657.6493904445454
9,fmm,19,39,39,0,1.1786999999999999,1.1786999999999999,0.5990330298122427,0.5990330298122427,0.4009669701877564,8.881784197001252e-16,657.5937539442949
9,fmm,19,39,39,0,1.17875,1.17875,0.6047169623080546,0.6047169623080546,0.39528303769194406,1.3322676295501878e-15,657.5382180317425
9,fmm,19,39,39,0,1.178775378930772,1.178775378930772,0.6075920633496302,0.6075920633496302,0.39240793665036944,3.3306690738754696e-16,657.5100675671574
9,fmm,19,39,39,0,1.178775427294623,1.178775427294623,0.6075975341535299,0.6075975341535299,0.3924024658464704,-3.3306690738754696e-16,657.5100139463084
9,fmm,19,39,39,0,1.1787999999999998,1.1787999999999998,0.6103725024113997,0.6103725024113997,0.3896274975885996,6.661338147750939e-16,657.4827823675695
9,fmm,19,39,39,0,1.17885,1.17885,0.6159844915843029,0.6159844915843029,0.38401550841569965,-2.55351295663786e-15,657.4274466140563
9,fmm,19,39,39,0,1.1788999999999998,1.1788999999999998,0.621536409951316,0.621536409951316,0.37846359004868546,-1.4432899320127035e-15,657.3722104352269
9,fmm,19,39,39,0,1.17895,1.17895,0.6270102348201821,0.6270102348201821,0.37298976517981747,3.3306690738754696e-16,657.3170734967208
9,fmm,19,39,39,0,1.1789999999999998,1.1789999999999998,0.6323862757747302,0.6323862757747302,0.36761372422526717,2.6645352591003757e-15,657.2620354658625
9,fmm,19,39,39,0,1.17905,1.17905,0.6376429810362607,0.6376429810362607,0.36235701896374,-6.661338147750939e-16,657.2070960115913
9,fmm,19,39,39,0,1.1791,1.1791,0.6427567083913652,0.6427567083913652,0.35724329160863527,-4.440892098500626e-16,657.152254804528
9,fmm,19,39,39,0,1.17915,1.17915,0.6477014523440418,0.6477014523440418,0.35229854765595925,-9.992007221626409e-16,657.0975115168404
9,fmm,19,39,39,0,1.1791823123724403,1.1791823123724403,0.6507937496773667,0.6507937496773667,0.34920625032263286,4.440892098500626e-16,657.0621857411061
9,fmm,19,39,39,0,1.1791823607362912,1.1791823607362912,0.6507983121356208,0.6507983121356208,0.34920168786437944,-2.220446049250313e-16,657.06213289742
9,fmm,19,39,39,0,1.1792,1.1792,0.6524485170052094,0.6524485170052094,0.34755148299479066,-1.1102230246251565e-16,657.0428658223416
9,fmm,19,39,39,0,1.17925,1.17925,0.6569661214495612,0.6569661214495612,0.3430338785504396,-8.881784197001252e-16,656.9883173964627
9,fmm,19,39,39,0,1.1793,1.1793,0.6612189207628243,0.6612189207628243,0.33878107923717604,-3.3306690738754696e-16,656.9338659161682
9,fmm,19,39,39,0,1.17935,1.17935,0.6651674215108153,0.6651674215108153,0.33483257848918435,3.3306690738754696e-16,656.8795110600463
9,fmm,19,39,39,0,1.1794,1.1794,0.6687672644764048,0.6687672644764048,0.33123273552359406,1.2212453270876722e-15,656.8252525082191
9,fmm,19,39,39,0,1.1794499999999999,1.1794499999999999,0.6719683399289815,0.6719683399289815,0.32803166007101814,3.3306690738754696e-16,656.7710899423854
9,fmm,19,39,39,0,1.1795,1.1795,0.6747136908001093,0.6747136908001093,0.3252863091998893,1.3322676295501878e-15,656.7170230457616
9,fmm,19,39,39,0,1.1795499999999999,1.1795499999999999,0.6769381463487557,0.6769381463487557,0.3230618536512434,8.881784197001252e-16,656.663051503136
9,fmm,19,39,39,0,1.1795892458141086,1.1795892458141086,0.6782708363993933,0.6782708363993933,0.321729163600605,1.6653345369377348e-15,656.62075495243
9,fmm,19,39,39,0,1.1795892941779595,1.1795892941779595,0.6782722358109613,0.6782722358109613,0.32172776418904037,-1.6653345369377348e-15,656.6207028651252
9,fmm,19,39,39,0,1.1796,1.1796,0.6785666119490544,0.6785666119490544,0.32143338805094634,-7.771561172376096e-16,656.609175000773
9,fmm,19,39,39,0,1.1796499999999999,1.1796499999999999,0.6795119188500948,0.6795119188500948,0.3204880811499047,5.551115123125783e-16,656.5553932264911
9,fmm,19,39,39,0,1.1797,1.1797,0.6796721091325832,0.6796721091325832,0.32032789086741853,-1.7763568394002505e-15,656.501705869607
9,fmm,19,39,39,0,1.1797499999999999,1.1797499999999999,0.6789269944446751,0.6789269944446751,0.32107300555532603,-1.1102230246251565e-15,656.4481126208972
9,fmm,19,39,39,0,1.1798,1.1798,0.6771337804596105,0.6771337804596105,0.3228662195403895,0.0,656.394613172648
9,fmm,19,39,39,0,1.1798499999999998,1.1798499999999998,0.6741214916529186,0.6741214916529186,0.3258785083470799,1.5543122344752192e-15,656.3412072186419
9,fmm,19,39,39,0,1.1799,1.1799,0.6696838644375387,0.6696838644375387,0.33031613556246187,-5.551115123125783e-16,656.287894454056
9,fmm,19,39,39,0,1.1799499999999998,1.1799499999999998,0.6635703086611656,0.6635703086611656,0.3364296913388378,-3.4416913763379853e-15,656.2346745755974
9,fmm,19,39,39,0,1.179999951636149,1.179999951636149,0.655483394108713,0.655483394108713,0.3445166058912848,2.220446049250313e-15,656.1815986255529
9,fmm,19,39,39,0,1.18,1.18,0.6554744907094223,0.6554744907094223,0.34452550929057446,3.219646771412954e-15,656.1815472813716
9,fmm,38,77,77,0,1.16,1.16,0.9974259848398668,0.9974259848398668,0.002574015160130562,2.6645352591003757e-15,2007.0183433192437
9,fmm,38,77,77,0,1.1600000483638508,1.1600000483638508,0.9974284826960191,0.9974284826960191,0.002571517303980479,3.3306690738754696e-16,2007.0181688989057
9,fmm,38,77,77,0,1.16005,1.16005,0.9993687743761341,0.9993687743761341,0.0006312256238620649,3.774758283725532e-15,2006.8385389383159
9,fmm,38,77,77,0,1.1601,1.1601,0.9999987318462874,0.9999987318462874,1.268153712637352e-06,0.0,2006.6597613930246
9,fmm,38,77,77,0,1.16015,1.16015,0.9991675565025071,0.9991675565025071,0.0008324434974934121,-5.551115123125783e-16,2006.4819994862166
9,fmm,38,77,77,0,1.1602,1.1602,0.9964356669914824,0.9964356669914824,0.0035643330085194914,-1.887379141862766e-15,2006.3052422124292
9,fmm,38,77,77,0,1.16025,1.16025,0.9905721012324178,0.9905721012324178,0.009427898767582259,0.0,2006.1294787542208
9,fmm,38,77,77,0,1.1602999999999999,1.1602999999999999,0.9778411110993519,0.9778411110993519,0.022158888900647968,1.1102230246251565e-16,2005.954698477343
9,fmm,38,77,77,0,1.16035,1.16035,0.9443454013550195,0.9443454013550195,0.05565459864498273,-2.3314683517128287e-15,2005.7808909260812
9,fmm,38,77,77,0,1.1603999999999999,1.1603999999999999,0.8157739770067267,0.8157739770067267,0.18422602299326765,5.662137425588298e-15,2005.6080458202925
9,fmm,38,77,77,0,1.1604069334416682,1.1604069334416682,0.7742826806903967,0.7742826806903967,0.22571731930960456,-1.3322676295501878e-15,2005.5841530040877
9,fmm,38,77,77,0,1.1604069818055192,1.1604069818055192,0.7739543003707714,0.7739543003707714,0.22604569962920582,2.275957200481571e-14,2005.5839864052975
9,fmm,38,77,77,0,1.16045,1.16045,0.14898430491026385,0.14898430491026385,0.8510156950897625,-2.634004125923184e-14,2005.4361530499984
9,fmm,38,77,77,0,1.1604999999999999,1.1604999999999999,0.46222581815377045,0.46222581815377045,0.5377741818462155,1.404432126150823e-14,2005.2652026722749
9,fmm,38,77,77,0,1.16055,1.16055,0.7727269633672273,0.7727269633672273,0.2272730366327701,2.55351295663786e-15,2005.0951849076305
9,fmm,38,77,77,0,1.1605999999999999,1.1605999999999999,0.8392249468178035,0.8392249468178035,0.1607750531821928,3.774758283725532e-15,2004.9260901356588
9,fmm,38,77,77,0,1.16065,1.16065,0.8424743085264981,0.8424743085264981,0.15752569147350798,-5.995204332975845e-15,2004.757908891913
9,fmm,38,77,77,0,1.1606999999999998,1.1606999999999998,0.8108932423007049,0.8108932423007049,0.18910675769930135,-6.217248937900877e-15,2004.5906318642592
9,fmm,38,77,77,0,1.16075,1.16075,0.7440070268748796,0.7440070268748796,0.2559929731251264,-6.106226635438361e-15,2004.4242498895503
9,fmm,38,77,77,0,1.1607999999999998,1.1607999999999998,0.6338754764192923,0.6338754764192923,0.3661245235807115,-3.885780586188048e-15,2004.2587539506103
9,fmm,38,77,77,0,1.1608138668833365,1.1608138668833365,0.5949146044448977,0.5949146044448977,0.4050853955551009,1.3322676295501878e-15,2004.2130114371218
9,fmm,38,77,77,0,1.1608139152471875,1.1608139152471875,0.5947724331337775,0.5947724331337775,0.40522756686621597,6.5503158452884236e-15,2004.2128520176846
9,fmm,38,77,77,0,1.16085,1.16085,0.47778341273312197,0.47778341273312197,0.5222165872668797,-1.6653345369377348e-15,2004.0941351725137
9,fmm,38,77,77,0,1.1608999999999998,1.1608999999999998,0.29501482611668645,0.29501482611668645,0.7049851738833082,5.384581669432009e-15,2003.9303848199745
9,fmm,38,77,77,0,1.16095,1.16095,0.13167577636311492,0.13167577636311492,0.8683242236368912,-6.13398221105399e-15,2003.7674942938881
9,fmm,38,77,77,0,1.161,1.161,0.031055739150238452,0.031055739150238452,0.9689442608497577,3.837208328860697e-15,2003.6054551289767
9,fmm,38,77,77,0,1.16105,1.16105,6.966452396091769e-05,6.966452396091769e-05,0.999930335476034,5.033327270601018e-15,2003.4442589901748
9,fmm,38,77,77,0,1.1611,1.1611,0.016623447433300565,0.016623447433300565,0.9833765525666985,8.98586760555986e-16,2003.2838976705177
9,fmm,38,77,77,0,1.16115,1.16115,0.055572799795600585,0.055572799795600585,0.9444272002043996,-2.1510571102112408e-16,2003.124363088465
9,fmm,38,77,77,0,1.1612,1.1612,0.10077063317429678,0.10077063317429678,0.8992293668257032,1.3877787807814457e-17,2002.9656472845138
9,fmm,38,77,77,0,1.161220848688856,1.161220848688856,0.11942025350118886,0.11942025350118886,0.8805797464988154,-4.288236432614667e-15,2002.8997069700504
9,fmm,38,77,77,0,1.161220897052707,1.161220897052707,0.1194629284411467,0.1194629284411467,0.8805370715588504,2.886579864025407e-15,2002.8995541681559
9,fmm,38,77,77,0,1.16125,1.16125,0.1445000518023929,0.1445000518023929,0.8554999481976061,9.992007221626409e-16,2002.8077424194914
9,fmm,38,77,77,0,1.1613,1.1613,0.18396992012009486,0.18396992012009486,0.8160300798799023,2.858824288409778e-15,2002.6506407714044
9,fmm,38,77,77,0,1.1613499999999999,1.1613499999999999,0.21873009043696412,0.21873009043696412,0.7812699095630347,1.2212453270876722e-15,2002.4943347337614
9,fmm,38,77,77,0,1.1614,1.1614,0.24929434105228884,0.24929434105228884,0.7507056589477153,-4.191091917959966e-15,2002.3388168124743
9,fmm,38,77,77,0,1.1614499999999999,1.1614499999999999,0.27650677380629063,0.27650677380629063,0.7234932261937086,7.771561172376096e-16,2002.1840796239676
9,fmm,38,77,77,0,1.1615,1.1615,0.30128159327440135,0.30128159327440135,0.698718406725595,3.608224830031759e-15,2002.030115892816
9,fmm,38,77,77,0,1.1615499999999999,1.1615499999999999,0.32451534801344856,0.32451534801344856,0.6754846519865505,9.43689570931383e-16,2001.8769184496741
9,fmm,38,77,77,0,1.1616,1.1616,0.34707634888701,0.34707634888701,0.6529236511129891,8.881784197001252e-16,2001.7244802288958
9,fmm,38,77,77,0,1.1616315061470455,1.1616315061470455,0.36133542360512033,0.36133542360512033,0.638664576394879,7.216449660063518e-16,2001.6288121974499
9,fmm,38,77,77,0,1.1616315545108964,1.1616315545108964,0.3613574832445189,0.3613574832445189,0.6386425167554813,-2.220446049250313e-16,2001.6286655699348
9,fmm,38,77,77,0,1.1616499999999998,1.1616499999999998,0.3698296079602206,0.3698296079602206,0.6301703920397808,-1.3322676295501878e-15,2001.5727942667902
9,fmm,38,77,77,0,1.1617,1.1617,0.3936811886932909,0.3936811886932909,0.606318811306711,-1.8318679906315083e-15,2001.4218536993164
9,fmm,38,77,77,0,1.1617499999999998,1.1617499999999998,0.41963809327096174,0.41963809327096174,0.5803619067290379,3.885780586188048e-16,2001.271651760486
9,fmm,38,77,77,0,1.1618,1.1618,0.4488859304627872,0.4488859304627872,0.5511140695372133,-4.996003610813204e-16,2001.1221817799337
9,fmm,38,77,77,0,1.1618499999999998,1.1618499999999998,0.4828890675941203,0.4828890675941203,0.51711093240588,-3.3306690738754696e-16,2000.9734371816487
9,fmm,38,77,77,0,1.1619,1.1619,0.5235147148108036,0.5235147148108036,0.47648528518919914,-2.7755575615628914e-15,2000.8254114814022
9,fmm,38,77,77,0,1.1619499999999998,1.1619499999999998,0.5731619647265478,0.5731619647265478,0.4268380352734547,-2.4424906541753444e-15,2000.6780982857128
9,fmm,38,77,77,0,1.162,1.162,0.6348003597803005,0.6348003597803005,0.3651996402197007,-1.1102230246251565e-15,2000.531491289601
9,fmm,38,77,77,0,1.1620384395887138,1.1620384395887138,0.6923404370365258,0.6923404370365258,0.30765956296347474,-5.551115123125783e-16,2000.419257288779
9,fmm,38,77,77,0,1.1620384879525647,1.1620384879525647,0.6924189854178842,0.6924189854178842,0.30758101458212056,-4.6629367034256575e-15,2000.4191163377507
9,fmm,38,77,77,0,1.16205,1.16205,0.711569055253795,0.711569055253795,0.28843094474620135,3.6637359812630166e-15,2000.3855842754276
9,fmm,38,77,77,0,1.1621,1.1621,0.8048202763513662,0.8048202763513662,0.1951797236486284,5.440092820663267e-15,2000.2403711103398
9,fmm,38,77,77,0,1.16215,1.16215,0.9075901380034698,0.9075901380034698,0.09240986199652801,2.220446049250313e-15,2000.095845745816
9,fmm,38,77,77,0,1.1622,1.1622,0.9886382669010058,0.9886382669010058,0.011361733098995413,-1.2212453270876722e-15,1999.9520022150193
9,fmm,38,77,77,0,1.16225,1.16225,0.976038914743427,0.976038914743427,0.02396108525658172,-8.659739592076221e-15,1999.8088346321604
9,fmm,38,77,77,0,1.1622999999999999,1.1622999999999999,0.8046176946484105,0.8046176946484105,0.19538230535160236,-1.2878587085651816e-14,1999.66633719023
9,fmm,38,77,77,0,1.16235,1.16235,0.5346459357891012,0.5346459357891012,0.4653540642109012,-2.4424906541753444e-15,1999.5245041601192
9,fmm,38,77,77,0,1.1623999999999999,1.1623999999999999,0.29912604583886304,0.29912604583886304,0.700873954161129,7.993605777301127e-15,1999.383329888718
9,fmm,38,77,77,0,1.162445373030382,1.162445373030382,0.16019173012133336,0.16019173012133336,0.8398082698786623,4.3298697960381105e-15,1999.2557852561451
9,fmm,38,77,77,0,1.162445421394233,1.162445421394233,0.16007883371484743,0.16007883371484743,0.8399211662851562,-3.6637359812630166e-15,1999.255649589854
9,fmm,38,77,77,0,1.16245,1.16245,0.1496890814918397,0.1496890814918397,0.8503109185081634,-3.1363800445660672e-15,1999.2428087980718
9,fmm,38,77,77,0,1.1624999999999999,1.1624999999999999,0.06846025712919541,0.06846025712919541,0.9315397428708094,-4.8433479449272454e-15,1999.1029353834901
9,fmm,38,77,77,0,1.16255,1.16255,0.027740991399762913,0.027740991399762913,0.972259008600232,5.131312041939395e-15,1998.9637042123886
9,fmm,38,77,77,0,1.1625999999999999,1.1625999999999999,0.00888421957294891,0.00888421957294891,0.9911157804270512,-8.326672684688674e-17,1998.825109923214
9,fmm,38,77,77,0,1.16265,1.16265,0.0014866331027083828,0.0014866331027083828,0.9985133668972892,2.4164698020356923e-15,1998.6871472240027
9,fmm,38,77,77,0,1.1626999999999998,1.1626999999999998,2.563509280120258e-05,2.563509280120258e-05,0.9999743649071985,3.099700129818167e-16,1998.5498108907132
9,fmm,38,77,77,0,1.16275,1.16275,0.0015827631825061095,0.0015827631825061095,0.9984172368174962,-2.2770414026540564e-15,1998.4130957672096
9,fmm,38,77,77,0,1.1627999999999998,1.1627999999999998,0.004601875779768229,0.004601875779768229,0.9953981242202327,-8.89913143176102e-16,1998.2769967624454
9,fmm,38,77,77,0,1.16285,1.16285,0.008245731556823536,0.008245731556823536,0.9917542684431753,1.19522447494802e-15,1998.141508850646
9,fmm,38,77,77,0,1.1628560788524225,1.1628560788524225,0.008706861420542287,0.008706861420542287,0.9912931385794599,-2.1736085153989393e-15,1998.1250780541004
9,fmm,38,77,77,0,1.1628561272162734,1.1628561272162734,0.008710538025821469,0.008710538025821469,0.9912894619741812,-2.687086664288074e-15,1998.1249473651656
9,fmm,38,77,77,0,1.1628999999999998,1.1628999999999998,0.01206315616141464,0.01206315616141464,0.9879368438385825,2.869232629265639e-15,1998.0066270695936
9,fmm,38,77,77,0,1.16295,1.16295,0.015814109870796587,0.015814109870796587,0.984185890129201,2.4216739724636227e-15,1997.872346519543
9,fmm,38,77,77,0,1.1629999999999998,1.1629999999999998,0.019375758021643662,0.019375758021643662,0.9806242419783568,-5.100087019371813e-16,1997.7386623622283
9,fmm,38,77,77,0,1.16305,1.16305,0.022690928690842917,0.022690928690842917,0.9773090713091573,-2.5673907444456745e-16,1997.6055698198588
9,fmm,38,77,77,0,1.1631,1.1631,0.0257392693116064,0.0257392693116064,0.9742607306883934,2.393918396847994e-16,1997.4730641737474
9,fmm,38,77,77,0,1.16315,1.16315,0.028520841941622747,0.028520841941622747,0.9714791580583774,-1.1449174941446927e-16,1997.3411407638341
9,fmm,38,77,77,0,1.1632,1.1632,0.03104668173666144,0.03104668173666144,0.9689533182633392,-6.314393452555578e-16,1997.2097949873562
9,fmm,38,77,77,0,1.16325,1.16325,0.03333332774710476,0.03333332774710476,0.9666666722528959,-6.938893903907228e-16,1997.0790222976982
9,fmm,38,77,77,0,1.1632630122940908,1.1632630122940908,0.03389150325358393,0.03389150325358393,0.9661084967464156,4.371503159461554e-16,1997.0450826663855
9,fmm,38,77,77,0,1.1632630606579417,1.1632630606579417,0.033893550460982705,0.033893550460982705,0.9661064495390179,-6.245004513516506e-16,1997.0449565919932
9,fmm,38,77,77,0,1.1633,1.1633,0.03539965623968655,0.03539965623968655,0.9646003437603132,2.220446049250313e-16,1996.948818203985
9,fmm,38,77,77,0,1.1633499999999999,1.1633499999999999,0.03726506558017807,0.03726506558017807,0.9627349344198199,1.9845236565174673e-15,1996.8191782696565
9,fmm,38,77,77,0,1.1634,1.1634,0.03894846155681359,0.03894846155681359,0.9610515384431866,-1.734723475976807e-16,1996.6900981117708
9,fmm,38,77,77,0,1.1634499999999999,1.1634499999999999,0.04046771878908393,0.04046771878908393,0.9595322812109164,-3.122502256758253e-16,1996.5615734000692
9,fmm,38,77,77,0,1.1635,1.1635,0.04183942499005098,0.04183942499005098,0.958160575009949,2.0816681711721685e-17,1996.433599856284
9,fmm,38,77,77,0,1.1635499999999999,1.1635499999999999,0.04307879177495286,0.04307879177495286,0.956921208225047,1.3877787807814457e-16,1996.3061732527296
9,fmm,38,77,77,0,1.1636,1.1636,0.04419966157864207,0.04419966157864207,0.9558003384213579,6.938893903907228e-18,1996.1792894123023
9,fmm,38,77,77,0,1.1636499999999999,1.1636499999999999,0.04521456787685349,0.04521456787685349,0.9547854321231471,-6.38378239159465e-16,1996.052944207123
9,fmm,38,77,77,0,1.163669945735759,1.163669945735759,0.04559242524139618,0.04559242524139618,0.9544075747586038,-6.938893903907228e-18,1996.0026926257603
9,fmm,38,77,77,0,1.16366999409961,1.16366999409961,0.045593323715684565,0.045593323715684565,0.9544066762843157,-3.122502256758253e-16,1996.0025708803764
9,fmm,38,77,77,0,1.1637,1.1637,0.04613482276206065,0.04613482276206065,0.9538651772379391,2.8449465006019636e-16,1995.9271335575606
9,fmm,38,77,77,0,1.1637499999999998,1.1637499999999998,0.04697061622779204,0.04697061622779204,0.9530293837722078,1.5265566588595902e-16,1995.801853432059
9,fmm,38,77,77,0,1.1638,1.1638,0.04773111792672595,0.04773111792672595,0.952268882073274,6.938893903907228e-17,1995.6770998458217
9,fmm,38,77,77,0,1.1638499999999998,1.1638499999999998,0.04842457607377816,0.04842457607377816,0.9515754239262215,3.191891195797325e-16,1995.5528688603783
9,fmm,38,77,77,0,1.1639,1.1639,0.04905841063099506,0.04905841063099506,0.9509415893690044,5.273559366969494e-16,1995.42915658272
9,fmm,38,77,77,0,1.1639499999999998,1.1639499999999998,0.049639299377473106,0.049639299377473106,0.9503607006225276,-7.494005416219807e-16,1995.3059591645067
9,fmm,38,77,77,0,1.164,1.164,0.05017325637892574,0.05017325637892574,0.9498267436210742,4.163336342344337e-17,1995.1832728016182
9,fmm,38,77,77,0,1.16405,1.16405,0.05066570290336606,0.05066570290336606,0.949334297096634,-3.469446951953614e-17,1995.061093733244
9,fmm,38,77,77,0,1.1640806515577995,1.1640806515577995,0.05094919146356938,0.05094919146356938,0.9490508085364308,-1.3877787807814457e-16,1994.9864433707196
9,fmm,38,77,77,0,1.1640806999216504,1.1640806999216504,0.05094962845763092,0.05094962845763092,0.9490503715423689,1.457167719820518e-16,1994.9863257319687
9,fmm,38,77,77,0,1.1641,1.1641,0.05112153113749741,0.05112153113749741,0.9488784688625025,1.0408340855860843e-16,1994.9394182409649
9,fmm,38,77,77,0,1.16415,1.16415,0.051545161195433016,0.051545161195433016,0.9484548388045668,1.5959455978986625e-16,1994.8182426487358
9,fmm,38,77,77,0,1.1642,1.1642,0.0519405919960605,0.0519405919960605,0.9480594080039391,4.371503159461554e-16,1994.6975633219463
9,fmm,38,77,77,0,1.16425,1.16425,0.05231144660164903,0.05231144660164903,0.9476885533983503,6.314393452555578e-16,1994.5773766662776
9,fmm,38,77,77,0,1.1643,1.1643,0.05266101257268145,0.05266101257268145,0.947338987427319,-4.85722573273506e-16,1994.457679127917
9,fmm,38,77,77,0,1.16435,1.16435,0.052992277881153314,0.052992277881153314,0.9470077221188469,-1.8735013540549517e-16,1994.338467192303
9,fmm,38,77,77,0,1.1643999999999999,1.1643999999999999,0.05330796287751262,0.05330796287751262,0.9466920371224877,-3.469446951953614e-16,1994.2197373838785
9,fmm,38,77,77,0,1.16445,1.16445,0.05361054874805904,0.05361054874805904,0.9463894512519407,2.220446049250313e-16,1994.1014862653003
9,fmm,38,77,77,0,1.164487584999468,1.164487584999468,0.05383075498814929,0.05383075498814929,0.9461692450118508,-1.3877787807814457e-16,1994.0129100043694
9,fmm,38,77,77,0,1.164487633363319,1.164487633363319,0.05383103479517182,0.05383103479517182,0.9461689652048278,3.3306690738754696e-16,1994.0127961981104
9,fmm,38,77,77,0,1.1644999999999999,1.1644999999999999,0.05390230287184031,0.05390230287184031,0.9460976971281603,-5.828670879282072e-16,1993.9837104368798
9,fmm,38,77,77,0,1.16455,1.16455,0.05418530143026843,0.05418530143026843,0.9458146985697315,2.0816681711721685e-17,1993.8664065360624
9,fmm,38,77,77,0,1.1645999999999999,1.1645999999999999,0.054461449589846264,0.054461449589846264,0.9455385504101539,-1.5265566588595902e-16,1993.7495712371538
9,fmm,38,77,77,0,1.16465,1.16465,0.054732499541882876,0.054732499541882876,0.9452675004581172,-1.249000902703301e-16,1993.633201250268
9,fmm,38,77,77,0,1.1646999999999998,1.1646999999999998,0.055000066640528165,0.055000066640528165,0.944999933359472,-1.3183898417423734e-16,1993.517293320924
9,fmm,38,77,77,0,1.16475,1.16475,0.05526564386813656,0.05526564386813656,0.9447343561318637,-2.983724378680108e-16,1993.401844229806
9,fmm,38,77,77,0,1.1647999999999998,1.1647999999999998,0.05553061481409426,0.05553061481409426,0.9444693851859056,1.1796119636642288e-16,1993.2868507919334
9,fmm,38,77,77,0,1.16485,1.16485,0.05579626534286057,0.05579626534286057,0.9442037346571396,-1.5265566588595902e-16,1993.1723098564098
9,fmm,38,77,77,0,1.1648945184411363,1.1648945184411363,0.056034337845300014,0.056034337845300014,0.9439656621546999,8.326672684688674e-17,1993.070704459001
9,fmm,38,77,77,0,1.1648945668049873,1.1648945668049873,0.056034597584200214,0.056034597584200214,0.9439654024157996,1.5959455978986625e-16,1993.0705942701452
9,fmm,38,77,77,0,1.1648999999999998,1.1648999999999998,0.05606379409787599,0.05606379409787599,0.9439362059021247,-6.730727086790012e-16,1993.0582183055799
9,fmm,38,77,77,0,1.16495,1.16495,0.05633432197503269,0.05633432197503269,0.9436656780249678,-5.065392549852277e-16,1992.9445730549762
9,fmm,38,77,77,0,1.165,1.165,0.05660890068606987,0.05660890068606987,0.9433910993139305,-3.7470027081099033e-16,1992.8313710525395
9,fmm,38,77,77,0,1.16505,1.16505,0.056888520508594866,0.056888520508594866,0.9431114794914054,-2.5673907444456745e-16,1992.7186092782135
9,fmm,38,77,77,0,1.1651,1.1651,0.05717411732034177,0.05717411732034177,0.9428258826796581,1.734723475976807e-16,1992.6062847435192
9,fmm,38,77,77,0,1.16515,1.16515,0.05746657899527099,0.05746657899527099,0.9425334210047291,-1.3183898417423734e-16,1992.4943944909219
9,fmm,38,77,77,0,1.1652,1.1652,0.05776675123421092,0.05776675123421092,0.9422332487657888,2.3592239273284576e-16,1992.3829355938537
9,fmm,38,77,77,0,1.16525,1.16525,0.05807544289139291,0.05807544289139291,0.9419245571086068,3.0531133177191805e-16,1992.2719051557258
9,fmm,38,77,77,0,1.1653,1.1653,0.05839343085865767,0.05839343085865767,0.9416065691413426,-2.220446049250313e-16,1992.1613003098248
9,fmm,38,77,77,0,1.1653051758993258,1.1653051758993258,0.05842690954608508,0.05842690954608508,0.9415730904539141,7.91033905045424e-16,1992.149874913518
9,fmm,38,77,77,0,1.1653052242631767,1.1653052242631767,0.058427222882901725,0.058427222882901725,0.9415727771170981,1.942890293094024e-16,1992.1497681754308
9,fmm,38,77,77,0,1.1653499999999999,1.1653499999999999,0.05872146455052529,0.05872146455052529,0.9412785354494747,0.0,1992.0511182187724
9,fmm,38,77,77,0,1.1654,1.1654,0.05906027004070018,0.05906027004070018,0.9409397299593001,-2.636779683484747e-16,1991.941356074316
9,fmm,38,77,77,0,1.1654499999999999,1.1654499999999999,0.05941055388887195,0.05941055388887195,0.9405894461111276,4.440892098500626e-16,1991.8320110965105
9,fmm,38,77,77,0,1.1655,1.1655,0.05977300668963702,0.05977300668963702,0.940226993310363,1.3877787807814457e-17,1991.7230805337854
9,fmm,38,77,77,0,1.1655499999999999,1.1655499999999999,0.06014830638365889,0.06014830638365889,0.9398516936163408,3.122502256758253e-16,1991.614561661994
9,fmm,38,77,77,0,1.1656,1.1656,0.06053712135114497,0.06053712135114497,0.9394628786488554,-3.2612801348363973e-16,1991.5064517849833
9,fmm,38,77,77,0,1.1656499999999999,1.1656499999999999,0.060940113320583064,0.060940113320583064,0.9390598866794171,-1.5265566588595902e-16,1991.3987482329485
9,fmm,38,77,77,0,1.1657,1.1657,0.06135794011290214,0.06135794011290214,0.9386420598870978,4.85722573273506e-17,1991.2914483631228
9,fmm,38,77,77,0,1.165712157704845,1.165712157704845,0.061461852715653985,0.061461852715653985,0.9385381472843463,-2.42861286636753e-16,1991.2654186760021
9,fmm,38,77,77,0,1.165712206068696,1.165712206068696,0.06146226792567575,0.06146226792567575,0.938537732074324,2.42861286636753e-16,1991.2653151761378
9,fmm,38,77,77,0,1.1657499999999998,1.1657499999999998,0.0617912582456757,0.0617912582456757,0.9382087417543242,7.632783294297951e-17,1991.184549558807
9,fmm,38,77,77,0,1.1658,1.1658,0.062240725410763725,0.062240725410763725,0.9377592745892352,1.0269562977782698e-15,1991.0780492294257
9,fmm,38,77,77,0,1.1658499999999998,1.1658499999999998,0.06270700285251433,0.06270700285251433,0.9372929971474854,2.914335439641036e-16,1990.9719448097756
9,fmm,38,77,77,0,1.1659,1.1659,0.06319075765383751,0.06319075765383751,0.936809242346162,4.579669976578771e-16,1990.8662337597466
9,fmm,38,77,77,0,1.1659499999999998,1.1659499999999998,0.06369266495073123,0.06369266495073123,0.9363073350492691,-3.3306690738754696e-16,1990.7609135645796
9,fmm,38,77,77,0,1.166,1.166,0.0642134100896411,0.0642134100896411,0.9357865899103595,-5.551115123125783e-16,1990.655981733581
9,fmm,38,77,77,0,1.16605,1.16605,0.06475369073611635,0.06475369073611635,0.9352463092638841,-4.3021142204224816e-16,1990.5514358003857
9,fmm,38,77,77,0,1.1661,1.1661,0.0653142189517109,0.0653142189517109,0.9346857810482897,-5.967448757360216e-16,1990.4472733226473
9,fmm,38,77,77,0,1.1661190911465134,1.1661190911465134,0.0655337349114414,0.0655337349114414,0.934466265088559,-4.163336342344337e-16,1990.4076023506336
9,fmm,38,77,77,0,1.1661191395103643,1.1661191395103643,0.06553429493205921,0.06553429493205921,0.9344657050679409,-1.249000902703301e-16,1990.4075019220447
9,fmm,38,77,77,0,1.16615,1.16615,0.06589572324882137,0.06589572324882137,0.9341042767511781,4.996003610813204e-16,1990.3434918814817
9,fmm,38,77,77,0,1.1662,1.1662,0.06649895063480427,0.06649895063480427,0.9335010493651954,3.3306690738754696e-16,1990.240089081366
9,fmm,38,77,77,0,1.16625,1.16625,0.06712466865383268,0.06712466865383268,0.9328753313461675,-1.942890293094024e-16,1990.137062549515
9,fmm,38,77,77,0,1.1663,1.1663,0.06777366744117541,0.06777366744117541,0.9322263325588246,0.0,1990.03440993606
9,fmm,38,77,77,0,1.16635,1.16635,0.06844676179358056,0.06844676179358056,0.9315532382064191,3.3306690738754696e-16,1989.93212891323
9,fmm,38,77,77,0,1.1663999999999999,1.1663999999999999,0.06914479327083835,0.06914479327083835,0.9308552067291612,4.3021142204224816e-16,1989.830217175537
9,fmm,38,77,77,0,1.16645,1.16645,0.06986863233424365,0.06986863233424365,0.930131367665756,3.608224830031759e-16,1989.728672439239
9,fmm,38,77,77,0,1.1664999999999999,1.1664999999999999,0.07061918053120599,0.07061918053120599,0.9293808194687936,4.3021142204224816e-16,1989.627492441858
9,fmm,38,77,77,0,1.1665297486047028,1.1665297486047028,0.07107879100639616,0.07107879100639616,0.9289212089936035,3.0531133177191805e-16,1989.5674653083443
9,fmm,38,77,77,0,1.1665297969685537,1.1665297969685537,0.0710795462956618,0.0710795462956618,0.9289204537043381,1.3877787807814457e-16,1989.5673678233818
9,fmm,38,77,77,0,1.16655,1.16655,0.07139737273900368,0.07139737273900368,0.9286026272609965,-1.942890293094024e-16,1989.526674942479
9,fmm,38,77,77,0,1.1665999999999999,1.1665999999999999,0.07220417946977006,0.07220417946977006,0.92779582053023,-8.326672684688674e-17,1989.426217720816
9,fmm,38,77,77,0,1.16665,1.16665,0.073040609253445,0.073040609253445,0.9269593907465556,-6.38378239159465e-16,1989.3261185775598
9,fmm,38,77,77,0,1.1666999999999998,1.1666999999999998,0.07390771110293147,0.07390771110293147,0.9260922888970688,-3.191891195797325e-16,1989.226375333468
9,fmm,38,77,77,0,1.16675,1.16675,0.07480657707215431,0.07480657707215431,0.9251934229278455,2.3592239273284576e-16,1989.1269858298008
9,fmm,38,77,77,0,1.1667999999999998,1.1667999999999998,0.07573834491651539,0.07573834491651539,0.9242616550834848,-1.8041124150158794e-16,1989.0279479274698
9,fmm,38,77,77,0,1.16685,1.16685,0.07670420086708804,0.07670420086708804,0.9232957991329115,4.718447854656915e-16,1988.929259507166
9,fmm,38,77,77,0,1.1668999999999998,1.1668999999999998,0.07770538252654997,0.07770538252654997,0.9222946174734504,-4.0245584642661925e-16,1988.8309184689356
9,fmm,38,77,77,0,1.1669366820463711,1.1669366820463711,0.07846310171190463,0.07846310171190463,0.9215368982880952,2.220446049250313e-16,1988.7589911643254
9,fmm,38,77,77,0,1.166936730410222,1.166936730410222,0.07846411397539979,0.07846411397539979,0.9215358860245999,3.0531133177191805e-16,1988.7588964532583
9,fmm,38,77,77,0,1.16695,1.16695,0.07874318189807605,0.07874318189807605,0.9212568181019242,-2.220446049250313e-16,1988.7329227319428
9,fmm,38,77,77,0,1.1669999999999998,1.1669999999999998,0.07981894855804442,0.07981894855804442,0.9201810514419552,4.163336342344337e-16,1988.6352702343436
9,fmm,38,77,77,0,1.16705,1.16705,0.08093409298489851,0.08093409298489851,0.9190659070151018,-3.3306690738754696e-16,1988.537958932997
9,fmm,38,77,77,0,1.1671,1.1671,0.08209009005298971,0.08209009005298971,0.9179099099470099,3.469446951953614e-16,1988.4409868029913
9,fmm,38,77,77,0,1.16715,1.16715,0.08328848270746306,0.08328848270746306,0.9167115172925364,5.273559366969494e-16,1988.34435183798
9,fmm,38,77,77,0,1.1672,1.1672,0.08453088582776691,0.08453088582776691,0.9154691141722332,-1.1102230246251565e-16,1988.2480520494082
9,fmm,38,77,77,0,1.16725,1.16725,0.0858189902996899,0.0858189902996899,0.9141810097003096,5.273559366969494e-16,1988.1520854665837
9,fmm,38,77,77,0,1.1673,1.1673,0.08715456730081404,0.08715456730081404,0.912845432699186,-9.71445146547012e-17,1988.0564501361603
9,fmm,38,77,77,0,1.1673436638518904,1.1673436638518904,0.08836117772098755,0.08836117772098755,0.911638822279013,-5.967448757360216e-16,1987.9732034274932
9,fmm,38,77,77,0,1.1673437122157413,1.1673437122157413,0.08836253554051661,0.08836253554051661,0.911637464459484,-6.245004513516506e-16,1987.9731113588375
9,fmm,38,77,77,0,1.1673499999999999,1.1673499999999999,0.08853947282493037,0.08853947282493037,0.9114605271750695,9.71445146547012e-17,1987.9611441223972
9,fmm,38,77,77,0,1.1674,1.1674,0.0899756524492238,0.0899756524492238,0.9100243475507764,-2.3592239273284576e-16,1987.8661655066624
9,fmm,38,77,77,0,1.1674499999999999,1.1674499999999999,0.09146514636469806,0.09146514636469806,0.9085348536353022,-2.3592239273284576e-16,1987.7715123870926
9,fmm,38,77,77,0,1.1675,1.1675,0.09301009468954025,0.09301009468954025,0.9069899053104601,-3.3306690738754696e-16,1987.6771828787364
9,fmm,38,77,77,0,1.1675499999999999,1.1675499999999999,0.09461274307582719,0.09461274307582719,0.9053872569241727,1.5265566588595902e-16,1987.5831751129895
9,fmm,38,77,77,0,1.1676,1.1676,0.09627544862773825,0.09627544862773825,0.9037245513722617,4.163336342344337e-17,1987.4894872377135
9,fmm,38,77,77,0,1.1676499999999999,1.1676499999999999,0.09800068615428296,0.09800068615428296,0.9019993138457172,-1.5265566588595902e-16,1987.396117416821
9,fmm,38,77,77,0,1.1677,1.1677,0.09979105476589424,0.09979105476589424,0.9002089452341057,9.71445146547012e-17,1987.3030638301732
9,fmm,38,77,77,0,1.1677499999999998,1.1677499999999998,0.10164928484192065,0.10164928484192065,0.8983507151580802,-8.326672684688674e-16,1987.2103246734562
9,fmm,38,77,77,0,1.1677543213100798,1.1677543213100798,0.10181316316576668,0.10181316316576668,0.8981868368342333,4.163336342344337e-17,1987.2023242836897
9,fmm,38,77,77,0,1.1677543696739308,1.1677543696739308,0.10181500027884802,0.10181500027884802,0.8981849997211518,1.3877787807814457e-16,1987.20223475701
9,fmm,38,77,77,0,1.1678,1.1678,0.10357824538059998,0.10357824538059998,0.8964217546194005,-5.273559366969494e-16,1987.1178981577684
9,fmm,38,77,77,0,1.1678499999999998,1.1678499999999998,0.10558095175192665,0.10558095175192665,0.8944190482480738,-4.85722573273506e-16,1987.0257825098208
9,fmm,38,77,77,0,1.1679,1.1679,0.10766057387460781,0.10766057387460781,0.8923394261253917,4.440892098500626e-16,1986.9339759712375
9,fmm,38,77,77,0,1.1679499999999998,1.1679499999999998,0.1098204448251539,0.1098204448251539,0.8901795551748461,-5.551115123125783e-17,1986.8424767988627
9,fmm,38,77,77,0,1.168,1.168,0.11206406990658382,0.11206406990658382,0.8879359300934159,3.0531133177191805e-16,1986.7512832644215
9,fmm,38,77,77,0,1.16805,1.16805,0.11439513617838168,0.11439513617838168,0.8856048638216185,-1.942890293094024e-16,1986.6603936540982
9,fmm,38,77,77,0,1.1681,1.1681,0.11681752247022192,0.11681752247022192,0.8831824775297787,-6.661338147750939e-16,1986.5698062687586
9,fmm,38,77,77,0,1.16815,1.16815,0.11933530987818172,0.11933530987818172,0.8806646901218182,2.7755575615628914e-17,1986.479519423539
9,fmm,38,77,77,0,1.1681612547517484,1.1681612547517484,0.1199156401598629,0.1199156401598629,0.8800843598401373,-2.3592239273284576e-16,1986.4592375707734
9,fmm,38,77,77,0,1.1681613031155993,1.1681613031155993,0.1199181449228298,0.1199181449228298,0.8800818550771702,1.3877787807814457e-17,1986.4591504483808
9,fmm,38,77,77,0,1.1682,1.1682,0.12195279274776462,0.12195279274776462,0.8780472072522357,-3.469446951953614e-16,1986.3895314478398
9,fmm,38,77,77,0,1.16825,1.16825,0.12467449015076112,0.12467449015076112,0.8753255098492382,6.938893903907228e-16,1986.2998406849529
9,fmm,38,77,77,0,1.1683,1.1683,0.12750515782612926,0.12750515782612926,0.8724948421738706,1.1102230246251565e-16,1986.2104454920373
9,fmm,38,77,77,0,1.16835,1.16835,0.13044980057965724,0.13044980057965724,0.8695501994203427,2.7755575615628914e-17,1986.1213442400153
9,fmm,38,77,77,0,1.1683999999999999,1.1683999999999999,0.1335136850931875,0.1335136850931875,0.8664863149068129,-4.440892098500626e-16,1986.0325353132491
9,fmm,38,77,77,0,1.16845,1.16845,0.13670235310135506,0.13670235310135506,0.8632976468986449,8.326672684688674e-17,1985.9440171095116
9,fmm,38,77,77,0,1.1684999999999999,1.1684999999999999,0.1400216348509909,0.1400216348509909,0.8599783651490094,-2.7755575615628914e-16,1985.8557880398394
9,fmm,38,77,77,0,1.16855,1.16855,0.14347766274594673,0.14347766274594673,0.856522337254054,-7.494005416219807e-16,1985.76784652838
9,fmm,38,77,77,0,1.1685681881934167,1.1685681881934167,0.14477001001973236,0.14477001001973236,0.855229989980268,-3.608224830031759e-16,1985.7359276052264
9,fmm,38,77,77,0,1.1685682365572676,1.1685682365572676,0.14477347201303412,0.14477347201303412,0.8552265279869661,-1.942890293094024e-16,1985.735842780671
9,fmm,38,77,77,0,1.1685999999999999,1.1685999999999999,0.14707688502604802,0.14707688502604802,0.8529231149739526,-5.828670879282072e-16,1985.6801910121062
9,fmm,38,77,77,0,1.16865,1.16865,0.15082607930592673,0.15082607930592673,0.8491739206940735,-2.220446049250313e-16,1985.5928199410487
9,fmm,38,77,77,0,1.1686999999999999,1.1686999999999999,0.15473236570213966,0.15473236570213966,0.8452676342978602,1.1102230246251565e-16,1985.5057317773724
9,fmm,38,77,77,0,1.16875,1.16875,0.1588032192608093,0.1588032192608093,0.8411967807391895,1.2490009027033011e-15,1985.41892499625
9,fmm,38,77,77,0,1.1687999999999998,1.1687999999999998,0.1630464812093487,0.1630464812093487,0.8369535187906502,1.1379786002407855e-15,1985.3323980849455
9,fmm,38,77,77,0,1.16885,1.16885,0.16747036852454336,0.16747036852454336,0.8325296314754571,-4.718447854656915e-16,1985.2461495432249
9,fmm,38,77,77,0,1.1688999999999998,1.1688999999999998,0.17208348106971794,0.17208348106971794,0.827916518930282,1.1102230246251565e-16,1985.1601778825395
9,fmm,38,77,77,0,1.16895,1.16895,0.17689480535483904,0.17689480535483904,0.8231051946451612,-2.220446049250313e-16,1985.0744816267331
9,fmm,38,77,77,0,1.168978894015457,1.168978894015457,0.17976919816838,0.17976919816838,0.8202308018316198,2.220446049250313e-16,1985.0250844342615
9,fmm,38,77,77,0,1.168978942379308,1.168978942379308,0.17977406857828152,0.17977406857828152,0.8202259314217176,8.604228440844963e-16,1985.0250018279983
9,fmm,38,77,77,0,1.169,1.169,0.18191371372704537,0.18191371372704537,0.8180862862729552,-5.828670879282072e-16,1984.989059311108
9,fmm,38,77,77,0,1.16905,1.16905,0.18714995734681036,0.18714995734681036,0.8128500426531894,2.498001805406602e-16,1984.9039094829006
9,fmm,38,77,77,0,1.1691,1.1691,0.1926136508756803,0.1926136508756803,0.8073863491243196,8.326672684688674e-17,1984.8190307010036
9,fmm,38,77,77,0,1.16915,1.16915,0.19831524609271173,0.19831524609271173,0.8016847539072879,3.885780586188048e-16,1984.7344215354472
9,fmm,38,77,77,0,1.1692,1.1692,0.2042654907492828,0.2042654907492828,0.7957345092507179,-6.661338147750939e-16,1984.6500805678597
9,fmm,38,77,77,0,1.16925,1.16925,0.2104753677870456,0.2104753677870456,0.7895246322129552,-8.049116928532385e-16,1984.5660063910266
9,fmm,38,77,77,0,1.1693,1.1693,0.21695600829993292,0.21695600829993292,0.783043991700068,-9.159339953157541e-16,1984.4821976086964
9,fmm,38,77,77,0,1.16935,1.16935,0.22371856932813386,0.22371856932813386,0.7762814306718647,1.4155343563970746e-15,1984.3986528357188
9,fmm,38,77,77,0,1.1693858274571254,1.1693858274571254,0.22874380188939486,0.22874380188939486,0.7712561981106049,2.7755575615628914e-16,1984.3389504991574
9,fmm,38,77,77,0,1.1693858758209763,1.1693858758209763,0.22875068895283787,0.22875068895283787,0.7712493110471613,8.049116928532385e-16,1984.3388699973425
9,fmm,38,77,77,0,1.1694,1.1694,0.2307740643096169,0.2307740643096169,0.769225935690382,1.1102230246251565e-15,1984.3153706976775
9,fmm,38,77,77,0,1.1694499999999999,1.1694499999999999,0.238133129350179,0.238133129350179,0.761866870649822,-9.43689570931383e-16,1984.2323498311357
9,fmm,38,77,77,0,1.1695,1.1695,0.24580570186183842,0.24580570186183842,0.7541942981381632,-1.609823385706477e-15,1984.149588882871
9,fmm,38,77,77,0,1.1695499999999999,1.1695499999999999,0.25380057849346993,0.25380057849346993,0.7461994215065307,-6.661338147750939e-16,1984.0670865105785
9,fmm,38,77,77,0,1.1696,1.1696,0.2621248050455676,0.2621248050455676,0.7378751949544332,-8.326672684688674e-16,1983.984841381968
9,fmm,38,77,77,0,1.1696499999999999,1.1696499999999999,0.2707828298590562,0.2707828298590562,0.7292171701409433,4.440892098500626e-16,1983.9028521753921
9,fmm,38,77,77,0,1.1697,1.1697,0.2797753197498607,0.2797753197498607,0.7202246802501401,-7.771561172376096e-16,1983.821117579211
9,fmm,38,77,77,0,1.1697499999999998,1.1697499999999998,0.28909748764262017,0.28909748764262017,0.7109025123573798,5.551115123125783e-17,1983.7396362918043
9,fmm,38,77,77,0,1.1697927608987937,1.1697927608987937,0.2973222538338015,0.2973222538338015,0.7026777461661987,-2.220446049250313e-16,1983.670152006556
9,fmm,38,77,77,0,1.1697928092626446,1.1697928092626446,0.2973316829675712,0.2973316829675712,0.7026683170324282,6.661338147750939e-16,1983.6700735217996
9,fmm,38,77,77,0,1.1698,1.1698,0.2987367017713406,0.2987367017713406,0.70126329822866,-5.551115123125783e-16,1983.658407021704
9,fmm,38,77,77,0,1.1698499999999998,1.1698499999999998,0.30866901859602736,0.30866901859602736,0.6913309814039742,-1.5543122344752192e-15,1983.57742848692
9,fmm,38,77,77,0,1.1699,1.1699,0.31885407032776436,0.31885407032776436,0.6811459296722335,2.1094237467877974e-15,1983.496699415821
9,fmm,38,77,77,0,1.1699499999999998,1.1699499999999998,0.32922737873588004,0.32922737873588004,0.6707726212641192,7.771561172376096e-16,1983.41621854599
9,fmm,38,77,77,0,1.17,1.17,0.3396885387212038,0.3396885387212038,0.6603114612787966,-3.885780586188048e-16,1983.3359846245705
9,fmm,38,77,77,0,1.17005,1.17005,0.35008257814053,0.35008257814053,0.6499174218594702,-2.220446049250313e-16,1983.2559964085149
9,fmm,38,77,77,0,1.1701,1.1701,0.36016966438936265,0.36016966438936265,0.6398303356106385,-1.1657341758564144e-15,1983.1762526637185
9,fmm,38,77,77,0,1.17015,1.17015,0.36957414002971495,0.36957414002971495,0.6304258599702854,-3.885780586188048e-16,1983.0967521655864
9,fmm,38,77,77,0,1.1702,1.1702,0.3776952529821899,0.3776952529821899,0.6223047470178079,2.1649348980190553e-15,1983.0174936988128
9,fmm,38,77,77,0,1.170203466720834,1.170203466720834,0.37818865043424604,0.37818865043424604,0.6218113495657507,3.2751579226442118e-15,1983.01200730055
9,fmm,38,77,77,0,1.170203515084685,1.170203515084685,0.3781954563857755,0.3781954563857755,0.6218045436142245,-5.551115123125783e-17,1983.011930768623
9,fmm,38,77,77,0,1.17025,1.17025,0.3835432241816929,0.3835432241816929,0.6164567758183084,-1.27675647831893e-15,1982.9384760567564
9,fmm,38,77,77,0,1.1703,1.1703,0.38542110433752863,0.38542110433752863,0.6145788956624708,5.551115123125783e-16,1982.8596980422506
9,fmm,38,77,77,0,1.17035,1.17035,0.3802669279195547,0.3802669279195547,0.6197330720804484,-3.0531133177191805e-15,1982.7811584667415
9,fmm,38,77,77,0,1.1703999999999999,1.1703999999999999,0.3621989125443231,0.3621989125443231,0.6378010874556713,5.551115123125783e-15,1982.7028561505506
9,fmm,38,77,77,0,1.17045,1.17045,0.319149710357135,0.319149710357135,0.6808502896428672,-2.220446049250313e-15,1982.6247899227742
9,fmm,38,77,77,0,1.1704999999999999,1.1704999999999999,0.22613364585610335,0.22613364585610335,0.7738663541439038,-7.16093850883226e-15,1982.5469586210336
9,fmm,38,77,77,0,1.17055,1.17055,0.057968265676275686,0.057968265676275686,0.9420317343237254,-1.1310397063368782e-15,1982.4693610915415
9,fmm,38,77,77,0,1.1705999999999999,1.1705999999999999,0.0991695399529091,0.0991695399529091,0.9008304600470941,-3.2057689836051395e-15,1982.3919961890524
9,fmm,38,77,77,0,1.1706104001625024,1.1706104001625024,0.20366605233741056,0.20366605233741056,0.7963339476625813,8.18789480661053e-15,1982.3759331585575
9,fmm,38,77,77,0,1.1706104485263533,1.1706104485263533,0.20421658049686284,0.20421658049686284,0.7957834195031372,-8.326672684688674e-17,1982.3758584840302
9,fmm,38,77,77,0,1.17065,1.17065,0.6473424643807586,0.6473424643807586,0.3526575356192188,2.2648549702353193e-14,1982.3148627766311
9,fmm,38,77,77,0,1.1706999999999999,1.1706999999999999,0.8626384021328958,0.8626384021328958,0.1373615978671056,-1.4432899320127035e-15,1982.2379597256047
9,fmm,38,77,77,0,1.17075,1.17075,0.8791778568456128,0.8791778568456128,0.1208221431544053,-1.8096635301390052e-14,1982.1612859156455
9,fmm,38,77,77,0,1.1707999999999998,1.1707999999999998,0.793055760884389,0.793055760884389,0.2069442391156223,-1.1324274851176597e-14,1982.0848402343345
9,fmm,38,77,77,0,1.17085,1.17085,0.5697462370522611,0.5697462370522611,0.4302537629477421,-3.219646771412954e-15,1982.0086215775823
9,fmm,38,77,77,0,1.1708999999999998,1.1708999999999998,0.23574535789377205,0.23574535789377205,0.7642546421062254,2.55351295663786e-15,1981.932628849001
9,fmm,38,77,77,0,1.17095,1.17095,0.019036360694872065,0.019036360694872065,0.9809636393051404,-1.2476131239225197e-14,1981.8568609604276
9,fmm,38,77,77,0,1.1709999999999998,1.1709999999999998,0.025423512371709686,0.025423512371709686,0.9745764876282815,8.784639682346551e-15,1981.781316831215
9,fmm,38,77,77,0,1.171017333604171,1.171017333604171,0.05777138429694996,0.05777138429694996,0.9422286157030476,2.42861286636753e-15,1981.7551798257932
9,fmm,38,77,77,0,1.1710173819680219,1.1710173819680219,0.05787247146206272,0.05787247146206272,0.9421275285379468,-9.51322354225681e-15,1981.7551069363267
9,fmm,38,77,77,0,1.17105,1.17105,0.13298092505457687,0.13298092505457687,0.8670190749454292,-6.050715484207103e-15,1981.7059953885189
9,fmm,38,77,77,0,1.1711,1.1711,0.25072049043010075,0.25072049043010075,0.7492795095698981,1.1657341758564144e-15,1981.630895567223
9,fmm,38,77,77,0,1.17115,1.17115,0.35314419079510584,0.35314419079510584,0.6468558092048995,-5.329070518200751e-15,1981.5560163098883
9,fmm,38,77,77,0,1.1712,1.1712,0.4385110944079063,0.4385110944079063,0.5614889055920951,-1.3877787807814457e-15,1981.4813565664483
9,fmm,38,77,77,0,1.17125,1.17125,0.5101005662595743,0.5101005662595743,0.4898994337404244,1.3322676295501878e-15,660323.3828962841
9,fmm,38,77,77,0,1.1713,1.1713,0.5712756913764547,0.5712756913764547,0.42872430862354394,1.3322676295501878e-15,1981.3326914584054
9,fmm,38,77,77,0,1.17135,1.17135,0.6245912631968853,0.6245912631968853,0.375408736803116,-1.3322676295501878e-15,1981.2586840307702
9,fmm,38,77,77,0,1.1714,1.1714,0.671839167730773,0.671839167730773,0.3281608322692245,2.55351295663786e-15,1981.1848919907868
9,fmm,38,77,77,0,1.1714279910623602,1.1714279910623602,0.6961139239384506,0.6961139239384506,0.3038860760615474,1.9984014443252818e-15,1981.143675301637
9,fmm,38,77,77,0,1.171428039426211,1.171428039426211,0.6961546536032115,0.6961546536032115,0.30384534639678673,1.7763568394002505e-15,1981.1436041441923
9,fmm,38,77,77,0,1.1714499999999999,1.1714499999999999,0.7142422322193415,0.7142422322193415,0.2857577677806584,1.1102230246251565e-16,1981.1113143250561
9,fmm,38,77,77,0,1.1715,1.1715,0.7526246553945002,0.7526246553945002,0.24737534460550048,-6.661338147750939e-16,1981.0379500271122
9,fmm,38,77,77,0,1.1715499999999999,1.1715499999999999,0.7875363260798042,0.7875363260798042,0.21246367392019672,-8.881784197001252e-16,1980.964798097708
9,fmm,38,77,77,0,1.1716,1.1716,0.8193393226486524,0.8193393226486524,0.18066067735134872,-1.1102230246251565e-15,1980.8918575443654
9,fmm,38,77,77,0,1.1716499999999999,1.1716499999999999,0.8482678366478987,0.8482678366478987,0.1517321633521013,0.0,1980.8191273818093
9,fmm,38,77,77,0,1.1717,1.1717,0.8744702065808428,0.8744702065808428,0.1255297934191565,6.661338147750939e-16,1980.7466066313027
9,fmm,38,77,77,0,1.1717499999999998,1.1717499999999998,0.8980389529945131,0.8980389529945131,0.1019610470054906,-3.6637359812630166e-15,1980.674294320929
9,fmm,38,77,77,0,1.1718,1.1718,0.9190326335249107,0.9190326335249107,0.08096736647509023,-9.992007221626409e-16,1980.602189485725
9,fmm,38,77,77,0,1.1718349728678796,1.1718349728678796,0.9322084405336656,0.9322084405336656,0.06779155946633497,-5.551115123125783e-16,1980.5518780278624
9,fmm,38,77,77,0,1.1718350212317306,1.1718350212317306,0.932225808359243,0.932225808359243,0.06777419164075739,-3.3306690738754696e-16,1980.5518085221277
9,fmm,38,77,77,0,1.1718499999999998,1.1718499999999998,0.9374919539076662,0.9374919539076662,0.0625080460923333,5.551115123125783e-16,1980.5302911669883
9,fmm,38,77,77,0,1.1719,1.1719,0.9534516876007862,0.9534516876007862,0.04654831239921372,0.0,1980.4585984129355
9,fmm,38,77,77,0,1.1719499999999998,1.1719499999999998,0.9669494055160338,0.9669494055160338,0.03305059448396612,1.1102230246251565e-16,1980.3871102781761
9,fmm,38,77,77,0,1.172,1.172,0.9780316820186614,0.9780316820186614,0.021968317981337738,8.881784197001252e-16,1980.3158258238332
9,fmm,38,77,77,0,1.17205,1.17205,0.986758245430985,0.986758245430985,0.013241754569014946,0.0,1980.2447441173301
9,fmm,38,77,77,0,1.1721,1.1721,0.9932044304636259,0.9932044304636259,0.006795569536374178,-1.1102230246251565e-16,1980.1738642325315
9,fmm,38,77,77,0,1.17215,1.17215,0.9974622314305281,0.9974622314305281,0.002537768569468974,2.886579864025407e-15,1980.1031852495405
9,fmm,38,77,77,0,1.1722,1.1722,0.9996402269053455,0.9996402269053455,0.00035977309465351834,9.992007221626409e-16,1980.0327062546426
9,fmm,38,77,77,0,1.172241906309548,1.172241906309548,0.9999536988861081,0.9999536988861081,4.6301113891531395e-05,4.440892098500626e-16,1979.9737893507884
9,fmm,38,77,77,0,1.1722419546733989,1.1722419546733989,0.999953297431131,0.999953297431131,4.6702568868140325e-05,7.771561172376096e-16,1979.9737214357006
9,fmm,38,77,77,0,1.17225,1.17225,0.9998626330055422,0.9998626330055422,0.00013736699445986018,-2.1094237467877974e-15,1979.9624263406595
9,fmm,38,77,77,0,1.1723,1.1723,0.9982677346824149,0.9982677346824149,0.0017322653175820377,2.9976021664879227e-15,1979.892344605855
9,fmm,38,77,77,0,1.17235,1.17235,0.9950059369306768,0.9950059369306768,0.004994063069324497,-1.3322676295501878e-15,1979.8224601551174
9,fmm,38,77,77,0,1.1723999999999999,1.1723999999999999,0.9902376690342551,0.9902376690342551,0.00976233096574521,-3.3306690738754696e-16,1979.7527720991745
9,fmm,38,77,77,0,1.17245,1.17245,0.9841313659556733,0.9841313659556733,0.015868634044325685,9.992007221626409e-16,1979.6832795546586
9,fmm,38,77,77,0,1.1724999999999999,1.1724999999999999,0.9768617453755875,0.9768617453755875,0.023138254624410992,1.5543122344752192e-15,1979.6139816441585
9,fmm,38,77,77,0,1.17255,1.17255,0.9686086030908193,0.9686086030908193,0.03139139690917759,3.1086244689504383e-15,1979.5448774959998
9,fmm,38,77,77,0,1.1725999999999999,1.1725999999999999,0.9595563734649011,0.9595563734649011,0.04044362653510197,-3.1086244689504383e-15,1979.475966244578
9,fmm,38,77,77,0,1.17265,1.17265,0.9498947611930932,0.9498947611930932,0.05010523880690822,-1.4432899320127035e-15,1979.4072470296312
9,fmm,38,77,77,0,1.1726525637677374,1.1726525637677374,0.9493865253149801,0.9493865253149801,0.050613474685015376,4.440892098500626e-15,1979.40372858761
9,fmm,38,77,77,0,1.1726526121315883,1.1726526121315883,0.9493769275021997,0.9493769275021997,0.05062307249779689,3.4416913763379853e-15,1979.4036622192148
9,fmm,38,77,77,0,1.1726999999999999,1.1726999999999999,0.9398208730943114,0.9398208730943114,0.0601791269056887,-1.1102230246251565e-16,1979.3387189969164
9,fmm,38,77,77,0,1.17275,1.17275,0.9295435124640961,0.9295435124640961,0.07045648753590543,-1.4432899320127035e-15,1979.2703812976904
9,fmm,38,77,77,0,1.1727999999999998,1.1727999999999998,0.9192907382425918,0.9192907382425918,0.08070926175740718,9.992007221626409e-16,1979.2022330888733
9,fmm,38,77,77,0,1.17285,1.17285,0.909322627091485,0.909322627091485,0.09067737290851649,-1.5543122344752192e-15,1979.1342735327537
9,fmm,38,77,77,0,1.1728999999999998,1.1728999999999998,0.899952816766843,0.899952816766843,0.10004718323315787,-8.881784197001252e-16,1979.0665017973977
9,fmm,38,77,77,0,1.17295,1.17295,0.8915857775329613,0.8915857775329613,0.10841422246703873,0.0,1978.9989170560696
9,fmm,38,77,77,0,1.173,1.173,0.8847840833353413,0.8847840833353413,0.11521591666466248,-3.774758283725532e-15,1978.931518487397
9,fmm,38,77,77,0,1.17305,1.17305,0.8803970020694535,0.8803970020694535,0.11960299793054945,-2.886579864025407e-15,1978.8643052757814
9,fmm,38,77,77,0,1.1730594972094057,1.1730594972094057,0.8799382710316969,0.8799382710316969,0.12006172896830011,2.9976021664879227e-15,1978.8515593973318
9,fmm,38,77,77,0,1.1730595455732566,1.1730595455732566,0.8799363007034086,0.8799363007034086,0.12006369929659141,0.0,1978.8514945069194
9,fmm,38,77,77,0,1.1731,1.1731,0.8798245595107724,0.8798245595107724,0.12017544048922495,2.6645352591003757e-15,1978.797276610259
9,fmm,38,77,77,0,1.17315,1.17315,0.8856072581297454,0.8856072581297454,0.11439274187025894,-4.3298697960381105e-15,1978.730431685801
9,fmm,38,77,77,0,1.1732,1.1732,0.9028496308686993,0.9028496308686993,0.09715036913129911,1.5543122344752192e-15,1978.6637697020044
9,fmm,38,77,77,0,1.17325,1.17325,0.9423086441903027,0.9423086441903027,0.05769135580969885,-1.5543122344752192e-15,1978.5972898640157
9,fmm,38,77,77,0,1.1733,1.1733,0.9999945778851946,0.9999945778851946,5.42211481019788e-06,-4.884981308350689e-15,1978.5309913820602
9,fmm,38,77,77,0,1.17335,1.17335,0.1192712460388867,0.1192712460388867,0.8807287539610847,2.856048730848215e-14,1978.4648734712327
9,fmm,38,77,77,0,1.1734,1.1734,0.283934330928872,0.283934330928872,0.7160656690711317,-3.6637359812630166e-15,1978.3989353518093
9,fmm,38,77,77,0,1.1734499999999999,1.1734499999999999,0.46254296643565357,0.46254296643565357,0.5374570335643527,-6.2727600891321345e-15,1978.333176249032
9,fmm,38,77,77,0,1.173466479014925,1.173466479014925,0.4901007358620382,0.4901007358620382,0.5098992641379632,-1.3322676295501878e-15,1978.3115424360583
9,fmm,38,77,77,0,1.1734665273787759,1.1734665273787759,0.49016953923832296,0.49016953923832296,0.509830460761677,0.0,1978.311478972011
9,fmm,38,77,77,0,1.1735,1.1735,0.5259903585393187,0.5259903585393187,0.4740096414606856,-4.3298697960381105e-15,1978.2675953931155
9,fmm,38,77,77,0,1.1735499999999999,1.1735499999999999,0.5530337010275886,0.5530337010275886,0.4469662989724116,-2.220446049250313e-16,1978.202192019156
9,fmm,38,77,77,0,1.1736,1.1736,0.5649105073069269,0.5649105073069269,0.4350894926930741,-1.1102230246251565e-15,1978.1369653670797
9,fmm,38,77,77,0,1.1736499999999999,1.1736499999999999,0.5692489438613667,0.5692489438613667,0.43075105613863346,-1.1102230246251565e-16,1978.0719146817125
9,fmm,38,77,77,0,1.1737,1.1737,0.5694087291873032,0.5694087291873032,0.43059127081269866,-1.887379141862766e-15,1978.007039212563
9,fmm,38,77,77,0,1.1737499999999998,1.1737499999999998,0.5670884521972613,0.5670884521972613,0.4329115478027407,-2.1094237467877974e-15,1977.9423382138343
9,fmm,38,77,77,0,1.1738,1.1738,0.5632351555537424,0.5632351555537424,0.4367648444462565,1.1102230246251565e-15,1977.8778109447367
9,fmm,38,77,77,0,1.1738499999999998,1.1738499999999998,0.5584164127829622,0.5584164127829622,0.4415835872170385,-6.661338147750939e-16,1977.813456668682
9,fmm,38,77,77,0,1.1738771364731144,1.1738771364731144,0.5555300889149396,0.5555300889149396,0.44446991108505934,9.992007221626409e-16,1977.7786018695147
9,fmm,38,77,77,0,1.1738771848369653,1.1738771848369653,0.5555248128375132,0.5555248128375132,0.4444751871624886,-1.7763568394002505e-15,1977.7785397949474
9,fmm,38,77,77,0,1.1739,1.1739,0.5529915430839655,0.5529915430839655,0.4470084569160352,-6.661338147750939e-16,1977.7492746541627
9,fmm,38,77,77,0,1.1739499999999998,1.1739499999999998,0.5471978537387795,0.5471978537387795,0.4528021462612195,9.992007221626409e-16,1977.6852641737962
9,fmm,38,77,77,0,1.174,1.174,0.5411973106566089,0.5411973106566089,0.458802689343391,1.1102230246251565e-16,1977.6214245051633
9,fmm,38,77,77,0,1.17405,1.17405,0.5351033114977044,0.5351033114977044,0.46489668850229365,1.9984014443252818e-15,1977.5577549301831
9,fmm,38,77,77,0,1.1741,1.1741,0.5289968067327002,0.5289968067327002,0.4710031932673,-2.220446049250313e-16,1977.4942547351175
9,fmm,38,77,77,0,1.17415,1.17415,0.5229364119232137,0.5229364119232137,0.47706358807678645,-1.1102230246251565e-16,1977.430923210731
9,fmm,38,77,77,0,1.1742,1.1742,0.5169649767290733,0.5169649767290733,0.4830350232709269,-1.1102230246251565e-16,1977.3677596522703
9,fmm,38,77,77,0,1.17425,1.17425,0.5111139833446451,0.5111139833446451,0.48888601665535475,1.1102230246251565e-16,1977.3047633592776
9,fmm,38,77,77,0,1.1742840699147827,1.1742840699147827,0.5072082407833846,0.5072082407833846,0.49279175921661456,8.881784197001252e-16,1977.2619332541935
9,fmm,38,77,77,0,1.1742841182786337,1.1742841182786337,0.5072027466650351,0.5072027466650351,0.49279725333496643,-1.5543122344752192e-15,1977.2618725096747
9,fmm,38,77,77,0,1.1743,1.1743,0.5054065702003646,0.5054065702003646,0.49459342979963433,9.992007221626409e-16,1977.2419336356527
9,fmm,38,77,77,0,1.17435,1.17435,0.499859659326681,0.499859659326681,0.5001403406733176,1.3877787807814457e-15,1977.1792697894791
9,fmm,38,77,77,0,1.1743999999999999,1.1743999999999999,0.49448548383451485,0.49448548383451485,0.5055145161654863,-1.1102230246251565e-15,1977.1167711332064
9,fmm,38,77,77,0,1.17445,1.17445,0.4892927046109733,0.4892927046109733,0.5107072953890271,-4.440892098500626e-16,1977.0544369835036
9,fmm,38,77,77,0,1.1744999999999999,1.1744999999999999,0.4842872397778132,0.4842872397778132,0.515712760222187,-2.220446049250313e-16,1976.992266661107
9,fmm,38,77,77,0,1.17455,1.17455,0.47947288950297423,0.47947288950297423,0.5205271104970255,2.7755575615628914e-16,1976.9302594910248
9,fmm,38,77,77,0,1.1745999999999999,1.1745999999999999,0.4748518125323013,0.4748518125323013,0.5251481874676978,9.43689570931383e-16,1976.868414802161
9,fmm,38,77,77,0,1.17465,1.17465,0.4704248936178454,0.4704248936178454,0.5295751063821552,-6.106226635438361e-16,1976.8067319277968
9,fmm,38,77,77,0,1.1746910033564513,1.1746910033564513,0.46693937396781926,0.46693937396781926,0.5330606260321821,-1.3322676295501878e-15,1976.7562681252666
9,fmm,38,77,77,0,1.1746910517203022,1.1746910517203022,0.4669353396822539,0.4669353396822539,0.5330646603177471,-1.0547118733938987e-15,1976.7562086665912
9,fmm,38,77,77,0,1.1746999999999999,1.1746999999999999,0.466192029504414,0.466192029504414,0.5338079704955864,-3.885780586188048e-16,1976.7452102050531
9,fmm,38,77,77,0,1.17475,1.17475,0.46215235342860517,0.46215235342860517,0.5378476465713953,-4.440892098500626e-16,1976.6838489751792
9,fmm,38,77,77,0,1.1747999999999998,1.1747999999999998,0.45830441254391147,0.45830441254391147,0.5416955874560868,1.7208456881689926e-15,1976.6226475833046
9,fmm,38,77,77,0,1.17485,1.17485,0.45464630905034326,0.45464630905034326,0.5453536909496566,1.6653345369377348e-16,1976.5616053785332
9,fmm,38,77,77,0,1.1748999999999998,1.1748999999999998,0.45117581297088394,0.45117581297088394,0.548824187029117,-8.881784197001252e-16,1976.500721714061
9,fmm,38,77,77,0,1.17495,1.17495,0.4478904526462157,0.4478904526462157,0.5521095473537851,-8.326672684688674e-16,1976.4399959465882
9,fmm,38,77,77,0,1.1749999999999998,1.1749999999999998,0.4447875875927209,0.4447875875927209,0.5552124124072791,-5.551115123125783e-17,1976.3794274370587
9,fmm,38,77,77,0,1.17505,1.17505,0.4418644672254215,0.4418644672254215,0.5581355327745788,-3.3306690738754696e-16,1976.3190155500806
9,fmm,38,77,77,0,1.1751,1.1751,0.4391182782937018,0.4391182782937018,0.5608817217062972,9.43689570931383e-16,1976.2587596539422
9,fmm,38,77,77,0,1.1751017091784917,1.1751017091784917,0.43902749720178097,0.43902749720178097,0.5609725027982193,-2.7755575615628914e-16,1976.256702642062
9,fmm,38,77,77,0,1.1751017575423426,1.1751017575423426,0.43902493136542264,0.43902493136542264,0.5609750686345775,-1.1102230246251565e-16,1976.2566444383856
9,fmm,38,77,77,0,1.17515,1.17515,0.43654618314938587,0.43654618314938587,0.5634538168506138,3.3306690738754696e-16,1976.198659120946
9,fmm,38,77,77,0,1.1752,1.1752,0.43414535061699405,0.43414535061699405,0.5658546493830054,4.996003610813204e-16,1976.1387133268759
9,fmm,38,77,77,0,1.17525,1.17525,0.43191298079136176,0.43191298079136176,0.5680870192086371,1.1102230246251565e-15,1976.0789216513508
9,fmm,38,77,77,0,1.1753,1.1753,0.4298463248985852,0.4298463248985852,0.5701536751014145,3.3306690738754696e-16,1976.0192834776858
9,fmm,38,77,77,0,1.17535,1.17535,0.4279427010840475,0.4279427010840475,0.5720572989159516,8.881784197001252e-16,1975.9597981928002
9,fmm,38,77,77,0,1.1754,1.1754,0.4261995068547452,0.4261995068547452,0.5738004931452547,5.551115123125783e-17,1975.90046518728
9,fmm,38,77,77,0,1.1754499999999999,1.1754499999999999,0.42461422875798377,0.42461422875798377,0.5753857712420162,5.551115123125783e-17,1975.8412838551014
9,fmm,38,77,77,0,1.1755,1.1755,0.4231844497594798,0.4231844497594798,0.5768155502405209,-6.661338147750939e-16,1975.7822535940409
9,fmm,38,77,77,0,1.17550864262016,1.17550864262016,0.4229528996570823,0.4229528996570823,0.5770471003429176,5.551115123125783e-17,1975.772065340862
9,fmm,38,77,77,0,1.175508690984011,1.175508690984011,0.4229516167647749,0.4229516167647749,0.5770483832352248,3.3306690738754696e-16,1975.7720083403153
9,fmm,38,77,77,0,1.1755499999999999,1.1755499999999999,0.42190785472615466,0.42190785472615466,0.5780921452738458,-4.440892098500626e-16,1975.7233738053153
9,fmm,38,77,77,0,1.1756,1.1756,0.4207822343384435,0.4207822343384435,0.5792177656615568,-2.7755575615628914e-16,1975.6646438936577
9,fmm,38,77,77,0,1.1756499999999999,1.1756499999999999,0.4198054876717057,0.4198054876717057,0.5801945123282952,-9.43689570931383e-16,1975.6060632672115
9,fmm,38,77,77,0,1.1757,1.1757,0.41897562369946134,0.41897562369946134,0.5810243763005382,4.996003610813204e-16,1975.5476313376557
9,fmm,38,77,77,0,1.1757499999999999,1.1757499999999999,0.41829076185394987,0.41829076185394987,0.5817092381460501,0.0,1975.489347520083
9,fmm,38,77,77,0,1.1758,1.1758,0.4177491318346384,0.4177491318346384,0.5822508681653614,1.6653345369377348e-16,1975.4312112329314
9,fmm,38,77,77,0,1.1758499999999998,1.1758499999999998,0.41734907276023336,0.41734907276023336,0.5826509272397661,5.551115123125783e-16,1975.3732218980454
9,fmm,38,77,77,0,1.1759,1.1759,0.4170890317883855,0.4170890317883855,0.582910968211615,-5.551115123125783e-16,1975.315378940549
9,fmm,38,77,77,0,1.1759155760618283,1.1759155760618283,0.4170363963255578,0.4170363963255578,0.5829636036744423,-1.1102230246251565e-16,1975.2973894433965
9,fmm,38,77,77,0,1.1759156244256792,1.1759156244256792,0.41703625378905423,0.41703625378905423,0.5829637462109455,2.7755575615628914e-16,1975.2973336077891
9,fmm,38,77,77,0,1.1759499999999998,1.1759499999999998,0.41696756224446063,0.41696756224446063,0.5830324377555396,-2.220446049250313e-16,1975.2576817890929
9,fmm,38,77,77,0,1.176,1.176,0.41698332137553,0.41698332137553,0.5830166786244698,1.6653345369377348e-16,1975.2001298753717
9,fmm,38,77,77,0,1.17605,1.17605,0.417135067745856,0.417135067745856,0.5828649322541429,1.0547118733938987e-15,1975.1427226344695
9,fmm,38,77,77,0,1.1761,1.1761,0.4174216583430286,0.4174216583430286,0.5825783416569718,-3.3306690738754696e-16,1975.0854595046544
9,fmm,38,77,77,0,1.17615,1.17615,0.41784204540423986,0.41784204540423986,0.5821579545957596,5.551115123125783e-16,1975.0283399275108
9,fmm,38,77,77,0,1.1762,1.1762,0.418395273014846,0.418395273014846,0.5816047269851553,-1.3322676295501878e-15,1974.9713633477177
9,fmm,38,77,77,0,1.17625,1.17625,0.41908047347636973,0.41908047347636973,0.5809195265236307,-3.885780586188048e-16,1974.914529213156
9,fmm,38,77,77,0,1.1763,1.1763,0.41989686347505767,0.41989686347505767,0.5801031365249427,-3.885780586188048e-16,1974.8578369749152
9,fmm,38,77,77,0,1.1763262818838687,1.1763262818838687,0.4203783510028795,0.4203783510028795,0.5796216489971208,-2.7755575615628914e-16,1974.82809410973
9,fmm,38,77,77,0,1.1763263302477196,1.1763263302477196,0.4203792702085813,0.4203792702085813,0.5796207297914169,1.8318679906315083e-15,1974.8280394129174
9,fmm,38,77,77,0,1.17635,1.17635,0.42084374002947916,0.42084374002947916,0.5791562599705202,6.106226635438361e-16,1974.8012860871381
9,fmm,38,77,77,0,1.1764,1.1764,0.4219204762841753,0.4219204762841753,0.5780795237158246,1.1102230246251565e-16,1974.7448760069615
9,fmm,38,77,77,0,1.17645,1.17645,0.42312651703979537,0.42312651703979537,0.5768734829602057,-1.0547118733938987e-15,1974.6886061948926
9,fmm,38,77,77,0,1.1764999999999999,1.1764999999999999,0.42446137417792085,0.42446137417792085,0.575538625822079,1.1102230246251565e-16,1974.6324761142591
9,fmm,38,77,77,0,1.17655,1.17655,0.4259246217696126,0.4259246217696126,0.5740753782303881,-7.216449660063518e-16,1974.5764852313578
9,fmm,38,77,77,0,1.1765999999999999,1.1765999999999999,0.4275158910516498,0.4275158910516498,0.5724841089483508,-5.551115123125783e-16,1974.5206330157625
9,fmm,38,77,77,0,1.17665,1.17665,0.42923486514947296,0.42923486514947296,0.5707651348505269,1.1102230246251565e-16,1974.4649189397746
9,fmm,38,77,77,0,1.1766999999999999,1.1766999999999999,0.43108127353553183,0.43108127353553183,0.56891872646447,-1.7763568394002505e-15,1974.4093424787313
9,fmm,38,77,77,0,1.176733215325537,1.176733215325537,0.43237818655745947,0.43237818655745947,0.5676218134425417,-1.1657341758564144e-15,1974.3724984918322
9,fmm,38,77,77,0,1.176733263689388,1.176733263689388,0.4323801158501436,0.4323801158501436,0.5676198841498565,-1.1102230246251565e-16,1974.3724448884466
9,fmm,38,77,77,0,1.17675,1.17675,0.4330548862633528,0.4330548862633528,0.5669451137366475,-2.7755575615628914e-16,1974.3539031110279
9,fmm,38,77,77,0,1.1767999999999998,1.1767999999999998,0.4351555079039198,0.4351555079039198,0.56484449209608,1.6653345369377348e-16,1974.2986003177855
9,fmm,38,77,77,0,1.17685,1.17685,0.43738297118709,0.43738297118709,0.5626170288129098,2.220446049250313e-16,1974.243433583171
9,fmm,38,77,77,0,1.1768999999999998,1.1768999999999998,0.43973713033347755,0.43973713033347755,0.5602628696665232,-7.216449660063518e-16,1974.1884023942125
9,fmm,38,77,77,0,1.17695,1.17695,0.4422178540550808,0.4422178540550808,0.5577821459449199,-7.216449660063518e-16,1974.1335062406322
9,fmm,38,77,77,0,1.177,1.177,0.44482501816490133,0.44482501816490133,0.5551749818350996,-9.43689570931383e-16,1974.078744615255
9,fmm,38,77,77,0,1.17705,1.17705,0.4475584978224748,0.4475584978224748,0.5524415021775254,-2.220446049250313e-16,1974.0241170134027
9,fmm,38,77,77,0,1.1771,1.1771,0.45041815935352775,0.45041815935352775,0.5495818406464718,4.996003610813204e-16,1973.9696229334966
9,fmm,38,77,77,0,1.1771401487672053,1.1771401487672053,0.4528056352260532,0.4528056352260532,0.5471943647739465,3.3306690738754696e-16,1973.9259618460765
9,fmm,38,77,77,0,1.1771401971310562,1.1771401971310562,0.4528085601855731,0.4528085601855731,0.5471914398144261,8.326672684688674e-16,1973.9259093029004
9,fmm,38,77,77,0,1.17715,1.17715,0.4534038516326609,0.4534038516326609,0.5465961483673388,2.7755575615628914e-16,1973.9152618764442
9,fmm,38,77,77,0,1.1772,1.1772,0.45651539700073707,0.45651539700073707,0.543484602999262,8.881784197001252e-16,1973.8610333460977
9,fmm,38,77,77,0,1.17725,1.17725,0.4597525816822578,0.4597525816822578,0.540247418317741,1.1657341758564144e-15,1973.8069368489826
9,fmm,38,77,77,0,1.1773,1.1773,0.4631151456523107,0.4631151456523107,0.5368848543476887,5.551115123125783e-16,1973.7529718943156
9,fmm,38,77,77,0,1.17735,1.17735,0.46660277201986294,0.46660277201986294,0.5333972279801372,-1.6653345369377348e-16,1973.6991379941142
9,fmm,38,77,77,0,1.1774,1.1774,0.4702150757347994,0.4702150757347994,0.5297849242652007,-1.6653345369377348e-16,1973.645434662783
9,fmm,38,77,77,0,1.1774499999999999,1.1774499999999999,0.473951591763137,0.473951591763137,0.5260484082368632,-1.6653345369377348e-16,1973.5918614177667
9,fmm,38,77,77,0,1.1775,1.1775,0.47781176255952434,0.47781176255952434,0.5221882374404755,1.6653345369377348e-16,1973.5384177787848
9,fmm,38,77,77,0,1.1775499999999999,1.1775499999999999,0.4817949249228788,0.4817949249228788,0.5182050750771204,7.771561172376096e-16,1973.4851032684153
9,fmm,38,77,77,0,1.1775508062253948,1.1775508062253948,0.48186015489383854,0.48186015489383854,0.5181398451061615,-5.551115123125783e-17,1973.4842446533444
9,fmm,38,77,77,0,1.1775508545892457,1.1775508545892457,0.48186406892095834,0.48186406892095834,0.5181359310790433,-1.6653345369377348e-15,1973.4841931478627
9,fmm,38,77,77,0,1.1776,1.1776,0.4859002960951334,0.4859002960951334,0.5140997039048658,7.771561172376096e-16,1973.4319174117236
9,fmm,38,77,77,0,1.1776499999999999,1.1776499999999999,0.4901269592179153,0.4901269592179153,0.5098730407820842,4.996003610813204e-16,1973.3788597362511
9,fmm,38,77,77,0,1.1777,1.1777,0.4944738479247082,0.4944738479247082,0.505526152075291,8.326672684688674e-16,1973.3259297724533
9,fmm,38,77,77,0,1.1777499999999999,1.1777499999999999,0.4989397302710662,0.4989397302710662,0.5010602697289336,2.220446049250313e-16,1973.2731270528784
9,fmm,38,77,77,0,1.1778,1.1778,0.5035231917621823,0.5035231917621823,0.49647680823781826,-5.551115123125783e-16,1973.2204511128705
9,fmm,38,77,77,0,1.1778499999999998,1.1778499999999998,0.5082226176195497,0.5082226176195497,0.49177738238045016,2.220446049250313e-16,1973.167901490217
9,fmm,38,77,77,0,1.1779,1.1779,0.5130361741774506,0.5130361741774506,0.4869638258225509,-1.4432899320127035e-15,1973.1154777251434
9,fmm,38,77,77,0,1.1779499999999998,1.1779499999999998,0.5179617893807852,0.5179617893807852,0.4820382106192141,7.771561172376096e-16,1973.0631793603989
9,fmm,38,77,77,0,1.177957788030914,1.177957788030914,0.5187389457142374,0.5187389457142374,0.4812610542857609,1.6653345369377348e-15,1973.0550445927347
9,fmm,38,77,77,0,1.177957836394765,1.177957836394765,0.5187437801746461,0.5187437801746461,0.4812562198253545,-5.551115123125783e-16,1973.054994085106
9,fmm,38,77,77,0,1.178,1.178,0.5229971323995842,0.5229971323995842,0.47700286760041566,1.1102230246251565e-16,1973.0110059411465
9,fmm,38,77,77,0,1.17805,1.17805,0.5281395923370954,0.5281395923370954,0.47186040766290244,2.1094237467877974e-15,1972.9589570150526
9,fmm,38,77,77,0,1.1781,1.1781,0.5333862559521401,0.5333862559521401,0.46661374404786143,-1.5543122344752192e-15,1972.907032132061
9,fmm,38,77,77,0,1.17815,1.17815,0.5387338844436691,0.5387338844436691,0.46126611555633057,3.3306690738754696e-16,1972.8552308446272
9,fmm,38,77,77,0,1.1782,1.1782,0.544178889179427,0.544178889179427,0.45582111082057125,1.7763568394002505e-15,1972.8035527075572
9,fmm,38,77,77,0,1.17825,1.17825,0.5497173064246926,0.5497173064246926,0.45028269357530787,-5.551115123125783e-16,1972.7519972779523
9,fmm,38,77,77,0,1.1783,1.1783,0.5553447709221766,0.5553447709221766,0.44465522907782407,-6.661338147750939e-16,1972.7005641154178
9,fmm,38,77,77,0,1.17835,1.17835,0.5610564883597973,0.5610564883597973,0.43894351164020357,-8.881784197001252e-16,1972.6492527817977
9,fmm,38,77,77,0,1.1783647214725825,1.1783647214725825,0.5627534881654243,0.5627534881654243,0.4372465118345752,5.551115123125783e-16,1972.6341683659764
9,fmm,38,77,77,0,1.1783647698364335,1.1783647698364335,0.5627590743865534,0.5627590743865534,0.4372409256134472,-5.551115123125783e-16,1972.6341188270778
9,fmm,38,77,77,0,1.1784,1.1784,0.5668472065609781,0.5668472065609781,0.4331527934390215,3.3306690738754696e-16,1972.5980628411737
9,fmm,38,77,77,0,1.17845,1.17845,0.5727111853853796,0.5727111853853796,0.427288814614621,-5.551115123125783e-16,1972.5469938600688
9,fmm,38,77,77,0,1.1784999999999999,1.1784999999999999,0.5786421651260192,0.5786421651260192,0.42135783487398115,-3.3306690738754696e-16,1972.4960454071413
9,fmm,38,77,77,0,1.17855,1.17855,0.5846333333130208,0.5846333333130208,0.4153666666869801,-8.881784197001252e-16,1972.445217053523
9,fmm,38,77,77,0,1.1785999999999999,1.1785999999999999,0.590677289674358,0.590677289674358,0.40932271032564177,2.220446049250313e-16,1972.3945083722838
9,fmm,38,77,77,0,1.17865,1.17865,0.5967660089737,0.5967660089737,0.4032339910263012,-1.2212453270876722e-15,1972.3439189391236
9,fmm,38,77,77,0,1.1786999999999999,1.1786999999999999,0.6028908014704474,0.6028908014704474,0.3971091985295521,5.551115123125783e-16,1972.293448331644
9,fmm,38,77,77,0,1.17875,1.17875,0.6090422704051025,0.6090422704051025,0.3909577295948974,1.1102230246251565e-16,1972.2430961297864
9,fmm,38,77,77,0,1.178775378930772,1.178775378930772,0.6121716161492485,0.6121716161492485,0.3878283838507503,1.1102230246251565e-15,1972.2175835980283
9,fmm,38,77,77,0,1.178775427294623,1.178775427294623,0.6121775828387856,0.6121775828387856,0.38782241716121507,-6.661338147750939e-16,1972.2175350085151
9,fmm,38,77,77,0,1.1787999999999998,1.1787999999999998,0.6152102660979216,0.6152102660979216,0.384789733902079,-5.551115123125783e-16,1972.1928619156035
9,fmm,38,77,77,0,1.17885,1.17885,0.6213838359745679,0.6213838359745679,0.3786161640254304,1.6653345369377348e-15,1972.142745273405
9,fmm,38,77,77,0,1.1788999999999998,1.1788999999999998,0.6275511694811691,0.6275511694811691,0.37244883051883143,-4.440892098500626e-16,1972.0927457896971
9,fmm,38,77,77,0,1.17895,1.17895,0.6336995369907246,0.6336995369907246,0.36630046300927455,8.881784197001252e-16,1972.0428630530287
9,fmm,38,77,77,0,1.1789999999999998,1.1789999999999998,0.6398152211713368,0.6398152211713368,0.36018477882866295,2.220446049250313e-16,1971.993096653994
9,fmm,38,77,77,0,1.17905,1.17905,0.645883439235889,0.645883439235889,0.3541165607641102,8.881784197001252e-16,1971.9434461856224
9,fmm,38,77,77,0,1.1791,1.1791,0.6518882538109709,0.6518882538109709,0.3481117461890279,1.1102230246251565e-15,1971.8939112426465
9,fmm,38,77,77,0,1.17915,1.17915,0.657812469863511,0.657812469863511,0.34218753013648723,1.7763568394002505e-15,1971.844491422155
9,fmm,38,77,77,0,1.1791823123724403,1.1791823123724403,0.6615894521957464,0.6615894521957464,0.33841054780425384,-2.220446049250313e-16,1971.8126150395083
9,fmm,38,77,77,0,1.1791823607362912,1.1791823607362912,0.6615950717709443,0.6615950717709443,0.33840492822905555,1.1102230246251565e-16,1971.8125673641498
9,fmm,38,77,77,0,1.1792,1.1792,0.6636375143360688,0.6636375143360688,0.3363624856639311,1.1102230246251565e-16,1971.7951863232852
9,fmm,38,77,77,0,1.17925,1.17925,0.6693432942575382,0.6693432942575382,0.3306567057424625,-7.771561172376096e-16,1971.7459955471834
9,fmm,38,77,77,0,1.1793,1.1793,0.6749080284040144,0.6749080284040144,0.3250919715959852,3.3306690738754696e-16,1971.6969186969282
9,fmm,38,77,77,0,1.17935,1.17935,0.6803080458190279,0.6803080458190279,0.31969195418097146,5.551115123125783e-16,1971.6479553778224
9,fmm,38,77,77,0,1.1794,1.1794,0.6855175432721351,0.6855175432721351,0.31448245672786235,2.55351295663786e-15,1971.5991051971002
9,fmm,38,77,77,0,1.1794499999999999,1.1794499999999999,0.6905082915230824,0.6905082915230824,0.3094917084769171,5.551115123125783e-16,1971.5503677639815
9,fmm,38,77,77,0,1.1795,1.1795,0.6952492776781181,0.6952492776781181,0.3047507223218816,3.3306690738754696e-16,1971.5017426897132
9,fmm,38,77,77,0,1.1795499999999999,1.1795499999999999,0.699706267541513,0.699706267541513,0.30029373245848645,5.551115123125783e-16,1971.453229587416
9,fmm,38,77,77,0,1.1795892458141086,1.1795892458141086,0.7029811325002528,0.7029811325002528,0.2970188674997477,-5.551115123125783e-16,1971.4152290502236
9,fmm,38,77,77,0,1.1795892941779595,1.1795892941779595,0.7029850377450507,0.7029850377450507,0.2970149622549482,9.992007221626409e-16,1971.4151822633507
9,fmm,38,77,77,0,1.1796,1.1796,0.703841267812959,0.703841267812959,0.29615873218704325,-2.220446049250313e-15,1971.404828072373
9,fmm,38,77,77,0,1.1796499999999999,1.1796499999999999,0.7076118622038672,0.7076118622038672,0.2923881377961324,4.440892098500626e-16,1971.356537761623
9,fmm,38,77,77,0,1.1797,1.1797,0.7109703888379965,0.7109703888379965,0.2890296111620031,4.440892098500626e-16,1971.3083582742622
9,fmm,38,77,77,0,1.1797499999999999,1.1797499999999999,0.7138629168606855,0.7138629168606855,0.28613708313931335,1.2212453270876722e-15,1971.2602892312525
9,fmm,38,77,77,0,1.1798,1.1798,0.7162279686312416,0.7162279686312416,0.28377203136875884,-4.440892098500626e-16,1971.2123302554915
9,fmm,38,77,77,0,1.1798499999999998,1.1798499999999998,0.7179949184683324,0.7179949184683324,0.28200508153166765,-1.1102230246251565e-16,1971.1644809717407
9,fmm,38,77,77,0,1.1799,1.1799,0.7190819791659327,0.7190819791659327,0.28091802083406603,1.2212453270876722e-15,1971.1167410066473
9,fmm,38,77,77,0,1.1799499999999998,1.1799499999999998,0.7193936622612844,0.7193936622612844,0.2806063377387135,1.9984014443252818e-15,1971.069109988795
9,fmm,38,77,77,0,1.179999951636149,1.179999951636149,0.7188185932673572,0.7188185932673572,0.2811814067326417,1.1102230246251565e-15,1971.0216334636552
9,fmm,38,77,77,0,1.18,1.18,0.7188175660425469,0.7188175660425469,0.2811824339574533,-2.220446049250313e-16,1971.0215875485842
9,asr,19,39,117,312,1.16,1.16,0.9977833596093324,0.9977833596093324,0.002216640392100905,-1.433297924791077e-12,445.72862865323935
9,asr,19,39,117,312,1.1600000483638508,1.1600000483638508,0.99778569517261,0.99778569517261,0.0022143048244440463,2.945976795842853e-12,445.7285284077483
9,asr,19,39,117,312,1.16005,1.16005,0.9995429154447469,0.9995429154447469,0.00045708455700489795,-1.7518209105560345e-12,445.62507509121446
9,asr,19,39,117,312,1.1601,1.1601,0.9999784830240097,0.9999784830240097,2.1516975967570526e-05,2.275957200481571e-14,445.5221966428012
9,asr,19,39,117,312,1.16015,1.16015,0.9990065620387645,0.9990065620387645,0.0009934379637693035,-2.5337509867995323e-12,445.4199861775646
9,asr,19,39,117,312,1.1602,1.1602,0.9963623917642034,0.9963623917642034,0.0036376082364564734,-6.598055435347305e-13,445.3184358459587
9,asr,19,39,117,312,1.16025,1.16025,0.9913331536423373,0.9913331536423373,0.008666846356672211,9.904299602681021e-13,445.2175388997098
9,asr,19,39,117,312,1.1602999999999999,1.1602999999999999,0.9819802042329464,0.9819802042329464,0.018019795767713676,-6.601386104421181e-13,445.1172881468425
9,asr,19,39,117,312,1.16035,1.16035,0.9623652346345165,0.9623652346345165,0.037634765368144196,-2.6606494785141876e-12,445.01767682634056
9,asr,19,39,117,312,1.1603999999999999,1.1603999999999999,0.909406879140413,0.909406879140413,0.09059312085985717,-2.701172618913006e-13,444.9186979912142
9,asr,19,39,117,312,1.1604069334416682,1.1604069334416682,0.8954330810061887,0.8954330810061887,0.10456691899373996,7.138734048339757e-14,444.9050223729578
9,asr,19,39,117,312,1.1604069818055192,1.1604069818055192,0.8953258447264821,0.8953258447264821,0.10467415527649628,-2.9783953081619075e-12,444.904927051126
9,asr,19,39,117,312,1.16045,1.16045,0.6924023701782979,0.6924023701782979,0.3075976298174649,4.23716617348191e-12,444.82034488673804
9,asr,19,39,117,312,1.1604999999999999,1.1604999999999999,0.00027481381611266714,0.00027481381611266714,0.999725186183644,2.433005511469355e-13,444.72261115717953
9,asr,19,39,117,312,1.16055,1.16055,0.587446648636809,0.587446648636809,0.4125533513630327,1.5831780331154732e-13,444.6254902239275
9,asr,19,39,117,312,1.1605999999999999,1.1605999999999999,0.7991691739107613,0.7991691739107613,0.20083082608928632,-4.7628567756419216e-14,444.52897560304785
9,asr,19,39,117,312,1.16065,1.16065,0.8442626806569743,0.8442626806569743,0.15573731934138124,1.6444623440747819e-12,444.43306099966844
9,asr,19,39,117,312,1.1606999999999998,1.1606999999999998,0.8373596531837062,0.8373596531837062,0.16264034681414405,2.1497248425816906e-12,444.3377404843088
9,asr,19,39,117,312,1.16075,1.16075,0.7954542589490325,0.7954542589490325,0.2045457410511784,-2.1094237467877974e-13,444.24300757084893
9,asr,19,39,117,312,1.1607999999999998,1.1607999999999998,0.7144651410886865,0.7144651410886865,0.28553485891174823,-4.347633364432113e-13,444.14885693225443
9,asr,19,39,117,312,1.1608138668833365,1.1608138668833365,0.6838604736080914,0.6838604736080914,0.316139526391751,1.5754064719430971e-13,444.12284774323126
9,asr,19,39,117,312,1.1608139152471875,1.1608139152471875,0.683747073170438,0.683747073170438,0.31625292682937456,1.8740564655672642e-13,444.1227569816598
9,asr,19,39,117,312,1.16085,1.16085,0.5861460230626991,0.5861460230626991,0.41385397693793086,-6.299405441723138e-13,444.05528221457
9,asr,19,39,117,312,1.1608999999999998,1.1608999999999998,0.4135274649689155,0.4135274649689155,0.5864725350296724,1.4120371538695053e-12,443.9622776130523
9,asr,19,39,117,312,1.16095,1.16095,0.22815748449458348,0.22815748449458348,0.7718425155058548,-4.3828829454639617e-13,443.8698379293109
9,asr,19,39,117,312,1.161,1.161,0.08286852688874738,0.08286852688874738,0.9171314731105134,7.392697565222761e-13,443.7779569616856
9,asr,19,39,117,312,1.16105,1.16105,0.010595222117509026,0.010595222117509026,0.9894047778825296,-3.8588923723104074e-14,443.68662963652974
9,asr,19,39,117,312,1.1611,1.1611,0.0030977745716238665,0.0030977745716238665,0.9969022254285064,-1.3023870176764873e-13,443.59585011101035
9,asr,19,39,117,312,1.16115,1.16115,0.03295780743218138,0.03295780743218138,0.9670421925673678,4.5083381472466044e-13,443.50561328958776
9,asr,19,39,117,312,1.1612,1.1612,0.0773329901068669,0.0773329901068669,0.9226670098926154,5.176969963827105e-13,443.41591409896733
9,asr,19,39,117,312,1.161220848688856,1.161220848688856,0.09683773916262674,0.09683773916262674,0.9031622608372812,9.202361095361766e-14,443.37866938546534
9,asr,19,39,117,312,1.161220897052707,1.161220897052707,0.09688287203957567,0.09688287203957567,0.9031171279606208,-1.964955975708449e-13,443.3785829857594
9,asr,19,39,117,312,1.16125,1.16125,0.12366548332705052,0.12366548332705052,0.8763345166717124,1.237121516339812e-12,443.3267470879682
9,asr,19,39,117,312,1.1613,1.1613,0.16668882777917765,0.16668882777917765,0.8333111722205582,2.64177568709556e-13,443.2381071018162
9,asr,19,39,117,312,1.1613499999999999,1.1613499999999999,0.20490739478514067,0.20490739478514067,0.7950926052155124,-6.530609386601327e-13,443.14998920918487
9,asr,19,39,117,312,1.1614,1.1614,0.23847315625690954,0.23847315625690954,0.7615268437427177,3.727296249422807e-13,443.06238846787613
9,asr,19,39,117,312,1.1614499999999999,1.1614499999999999,0.26815567349194613,0.26815567349194613,0.7318443265078124,2.4147350785597155e-13,442.9753000386471
9,asr,19,39,117,312,1.1615,1.1615,0.29489976669853324,0.29489976669853324,0.7051002333025985,-1.1317613513028846e-12,442.88871902552523
9,asr,19,39,117,312,1.1615499999999999,1.1615499999999999,0.31966032853712273,0.31966032853712273,0.6803396714626435,2.337574578348267e-13,442.8026408590793
9,asr,19,39,117,312,1.1616,1.1616,0.34336052373599174,0.34336052373599174,0.6566394762619305,2.0777268794347492e-12,442.71706069047303
9,asr,19,39,117,312,1.1616315061470455,1.1616315061470455,0.3581568350050053,0.3581568350050053,0.6418431649937817,1.213029676705446e-12,442.6633883242628
9,asr,19,39,117,312,1.1616315545108964,1.1616315545108964,0.35817961785739505,0.35817961785739505,0.6418203821402259,2.379096919469248e-12,442.66330601085645
9,asr,19,39,117,312,1.1616499999999998,1.1616499999999998,0.36690457071367855,0.36690457071367855,0.6330954292851173,1.2041478925084448e-12,442.63197383683615
9,asr,19,39,117,312,1.1617,1.1617,0.3912167589692725,0.3912167589692725,0.6087832410316659,-9.384160115644136e-13,442.54737604497365
9,asr,19,39,117,312,1.1617499999999998,1.1617499999999998,0.4172973386120343,0.4172973386120343,0.5827026613852021,2.763622664048171e-12,442.4632626858448
9,asr,19,39,117,312,1.1618,1.1618,0.4462945381398648,0.4462945381398648,0.5537054618590305,1.104727420653262e-12,442.3796292400004
9,asr,19,39,117,312,1.1618499999999998,1.1618499999999998,0.4795960772089763,0.4795960772089763,0.5204039227899286,1.0950684803390232e-12,442.2964714808594
9,asr,19,39,117,312,1.1619,1.1619,0.518941432011586,0.518941432011586,0.4810585679895263,-1.1123324483719443e-12,442.21378521714126
9,asr,19,39,117,312,1.1619499999999998,1.1619499999999998,0.5665405018869412,0.5665405018869412,0.4334594981132657,-2.0683454948766666e-13,442.13156595120324
9,asr,19,39,117,312,1.162,1.162,0.6251268530288571,0.6251268530288571,0.3748731469671637,3.979261364861486e-12,442.04980991026156
9,asr,19,39,117,312,1.1620384395887138,1.1620384395887138,0.6795282467161966,0.6795282467161966,0.32047175328086736,2.9359847886212265e-12,441.9872688151742
9,asr,19,39,117,312,1.1620384879525647,1.1620384879525647,0.679602436306595,0.679602436306595,0.32039756369464956,-1.2445600106048005e-12,441.9871903875078
9,asr,19,39,117,312,1.16205,1.16205,0.6976854961968888,0.6976854961968888,0.30231450380268066,4.305444889496357e-13,441.9685128019346
9,asr,19,39,117,312,1.1621,1.1621,0.7860278984127591,0.7860278984127591,0.21397210158426563,2.975286683692957e-12,441.8876705140944
9,asr,19,39,117,312,1.16215,1.16215,0.88594561760981,0.88594561760981,0.11405438239245436,-2.2644108810254693e-12,441.80727907098105
9,asr,19,39,117,312,1.1622,1.1622,0.9746773479187814,0.9746773479187814,0.025322652078456735,2.761901818360002e-12,441.72733458778924
9,asr,19,39,117,312,1.16225,1.16225,0.9931975325099396,0.9931975325099396,0.006802467483368682,6.6917582586256685e-12,441.6478331381802
9,asr,19,39,117,312,1.1622999999999999,1.1622999999999999,0.8678618046774722,0.8678618046774722,0.13213819532132706,1.2007062011321068e-12,441.56877091335537
9,asr,19,39,117,312,1.16235,1.16235,0.617148550914322,0.617148550914322,0.38285144908599494,-3.168576512280197e-13,441.4901440865121
9,asr,19,39,117,312,1.1623999999999999,1.1623999999999999,0.36525879228149144,0.36525879228149144,0.6347412077193973,-8.887890423636691e-13,441.4119490003551
9,asr,19,39,117,312,1.162445373030382,1.162445373030382,0.20364175678927646,0.20364175678927646,0.7963582432128287,-2.105121632567375e-12,441.341360542799
9,asr,19,39,117,312,1.162445421394233,1.162445421394233,0.2035065161967016,0.2035065161967016,0.7964934838063119,-3.013506111315678e-12,441.3412855323607
9,asr,19,39,117,312,1.16245,1.16245,0.1910313048742013,0.1910313048742013,0.8089686951279014,-2.1026791419131996e-12,441.33418202966095
9,asr,19,39,117,312,1.1624999999999999,1.1624999999999999,0.09141211467906118,0.09141211467906118,0.9085878853183998,2.5389690350152705e-12,441.2568391725176
9,asr,19,39,117,312,1.16255,1.16255,0.039570857662169764,0.039570857662169764,0.9604291423410954,-3.265207548786009e-12,441.17991736609537
9,asr,19,39,117,312,1.1625999999999999,1.1625999999999999,0.014418192858928966,0.014418192858928966,0.9855818071417193,-6.482453462908211e-13,441.10341281727216
9,asr,19,39,117,312,1.16265,1.16265,0.003525916828084112,0.003525916828084112,0.9964740831724794,-5.635422684058256e-13,441.0273220319348
9,asr,19,39,117,312,1.1626999999999998,1.1626999999999998,0.00014275489129846785,0.00014275489129846785,0.9998572451087928,-9.128152877665996e-14,440.9516415343778
9,asr,19,39,117,312,1.16275,1.16275,0.0006610723618604644,0.0006610723618604644,0.9993389276384024,-2.6283890428718815e-13,440.8763681357403
9,asr,19,39,117,312,1.1627999999999998,1.1627999999999998,0.0031430924016619725,0.0031430924016619725,0.9968569075988682,-5.302195314749181e-13,440.801498199319
9,asr,19,39,117,312,1.16285,1.16285,0.006538086221641066,0.006538086221641066,0.9934619137779945,3.64402084895854e-13,440.72702853752736
9,asr,19,39,117,312,1.1628560788524225,1.1628560788524225,0.006982096194068499,0.006982096194068499,0.9930179038058294,1.0206245570909545e-13,440.7180018651911
9,asr,19,39,117,312,1.1628561272162734,1.1628561272162734,0.006985646849527011,0.006985646849527011,0.9930143531504427,3.0258781591463446e-14,440.71793009096467
9,asr,19,39,117,312,1.1628999999999998,1.1628999999999998,0.010273324006635288,0.010273324006635288,0.989726675993455,-9.027327496635706e-14,440.65295587765354
9,asr,19,39,117,312,1.16295,1.16295,0.014038231102708241,0.014038231102708241,0.98596176889733,-3.8245448474860666e-14,440.57927696891187
9,asr,19,39,117,312,1.1629999999999998,1.1629999999999998,0.01766836071988396,0.01766836071988396,0.9823316392801185,-2.4216739724636227e-15,440.50598867900254
9,asr,19,39,117,312,1.16305,1.16305,0.021081655337006306,0.021081655337006306,0.9789183446628762,1.1749975992181305e-13,440.43308785241817
9,asr,19,39,117,312,1.1631,1.1631,0.024242760305372726,0.024242760305372726,0.9757572396948819,-2.5465393682644333e-13,440.360571345542
9,asr,19,39,117,312,1.16315,1.16315,0.027142670395418875,0.027142670395418875,0.972857329605249,-6.678303743345992e-13,440.28843604308673
9,asr,19,39,117,312,1.1632,1.1632,0.0297869776170226,0.0297869776170226,0.9702130223831584,-1.8102880305903568e-13,440.21667910020665
9,asr,19,39,117,312,1.16325,1.16325,0.03218900789394368,0.03218900789394368,0.9678109921059782,7.811112867628367e-14,440.14529730634865
9,asr,19,39,117,312,1.1632630122940908,1.1632630122940908,0.03277645978255433,0.03277645978255433,0.9672235402174467,-1.0477729794899915e-15,440.12678158038676
9,asr,19,39,117,312,1.1632630606579417,1.1632630606579417,0.0327786141888203,0.0327786141888203,0.9672213858114774,-2.9772712073494745e-13,440.1267129141066
9,asr,19,39,117,312,1.1633,1.1633,0.034365829732175945,0.034365829732175945,0.9656341702677396,8.448797217397441e-14,440.07428770907416
9,asr,19,39,117,312,1.1633499999999999,1.1633499999999999,0.036335887183040524,0.036335887183040524,0.9636641128173581,-3.9861169920385464e-13,440.0036476600627
9,asr,19,39,117,312,1.1634,1.1634,0.03811768970985724,0.03811768970985724,0.96188231029045,-3.0725422206501207e-13,439.93337384613466
9,asr,19,39,117,312,1.1634499999999999,1.1634499999999999,0.03972904019776,0.03972904019776,0.9602709598019177,3.2231856073039467e-13,439.86346390851367
9,asr,19,39,117,312,1.1635,1.1635,0.041186664041764735,0.041186664041764735,0.9588133359583173,-8.203854262589516e-14,439.79391460187406
9,asr,19,39,117,312,1.1635499999999999,1.1635499999999999,0.042506028210610045,0.042506028210610045,0.9574939717895394,-1.4947765247796951e-13,439.7247233893122
9,asr,19,39,117,312,1.1636,1.1636,0.043701291799821004,0.043701291799821004,0.9562987081999831,1.9591273048291669e-13,439.6558874093915
9,asr,19,39,117,312,1.1636499999999999,1.1636499999999999,0.044785341270069175,0.044785341270069175,0.9552146587300608,-1.3001405507750974e-13,439.5874040600148
9,asr,19,39,117,312,1.163669945735759,1.163669945735759,0.04518939704897174,0.04518939704897174,0.9548106029510267,1.547373340571312e-15,439.5601827809712
9,asr,19,39,117,312,1.16366999409961,1.16366999409961,0.045190358519807974,0.045190358519807974,0.9548096414801472,4.478362125581725e-14,439.560116898135
9,asr,19,39,117,312,1.1637,1.1637,0.04576984993650589,0.04576984993650589,0.9542301500636365,-1.4242773627159977e-13,439.519270567258
9,asr,19,39,117,312,1.1637499999999998,1.1637499999999998,0.04666535963137132,0.04666535963137132,0.9533346403684727,1.5597245717202668e-13,439.45148432900305
9,asr,19,39,117,312,1.1638,1.1638,0.047481380409960576,0.047481380409960576,0.9525186195897498,2.89608614867376e-13,439.3840425762035
9,asr,19,39,117,312,1.1638499999999998,1.1638499999999998,0.048226483055544216,0.048226483055544216,0.9517735169445121,-5.628136845459153e-14,439.3169429974111
9,asr,19,39,117,312,1.1639,1.1639,0.04890839327546804,0.04890839327546804,0.9510916067245466,-1.4661882818955974e-14,439.25018277753327
9,asr,19,39,117,312,1.1639499999999998,1.1639499999999998,0.04953406770886322,0.04953406770886322,0.9504659322911656,-2.8824165276830627e-14,439.1837594546564
9,asr,19,39,117,312,1.164,1.164,0.050109779796894724,0.050109779796894724,0.949890220203312,-2.067651605486276e-13,439.1176706672739
9,asr,19,39,117,312,1.16405,1.16405,0.05064119251178782,0.05064119251178782,0.9493588074881721,4.003741782554471e-14,439.0519136952305
9,asr,19,39,117,312,1.1640806515577995,1.1640806515577995,0.05094728639551346,0.05094728639551346,0.9490527136045445,-5.791894741591364e-14,439.01176569822536
9,asr,19,39,117,312,1.1640806999216504,1.1640806999216504,0.050947758330386186,0.050947758330386186,0.9490522416696615,-4.769795669545829e-14,439.01170247938177
9,asr,19,39,117,312,1.1641,1.1641,0.051133420171115725,0.051133420171115725,0.9488665798286476,2.366370988049482e-13,438.9864862937977
9,asr,19,39,117,312,1.16415,1.16415,0.05159108478582424,0.05159108478582424,0.9484089152142087,-3.2911173786231984e-14,438.92138599696017
9,asr,19,39,117,312,1.1642,1.1642,0.05201837079795234,0.05201837079795234,0.9479816292017912,2.56475396476219e-13,438.85661036452314
9,asr,19,39,117,312,1.16425,1.16425,0.052419072211799825,0.052419072211799825,0.947580927788184,1.6139867220488213e-14,438.79215717009106
9,asr,19,39,117,312,1.1643,1.1643,0.0527966336474124,0.0527966336474124,0.947203366352572,1.5640266859406893e-14,438.72802391842004
9,asr,19,39,117,312,1.16435,1.16435,0.05315418574363541,0.05315418574363541,0.9468458142561706,1.9394208461420703e-13,438.6642084441825
9,asr,19,39,117,312,1.1643999999999999,1.1643999999999999,0.053494579885960604,0.053494579885960604,0.9465054201139578,8.162220899166073e-14,438.6007081028051
9,asr,19,39,117,312,1.16445,1.16445,0.05382041849035317,0.05382041849035317,0.9461795815097248,-7.797928969210943e-14,438.53752120282337
9,asr,19,39,117,312,1.164487584999468,1.164487584999468,0.05405721114196399,0.05405721114196399,0.9459427888582975,-2.615130334504556e-13,438.49022836213857
9,asr,19,39,117,312,1.164487633363319,1.164487633363319,0.05405751251046355,0.05405751251046355,0.9459424874894861,5.039024753017429e-14,438.4901676450956
9,asr,19,39,117,312,1.1644999999999999,1.1644999999999999,0.054134078900078715,0.054134078900078715,0.9458659210998109,1.1034922975383665e-13,438.47464516404654
9,asr,19,39,117,312,1.16455,1.16455,0.05443773920851102,0.05443773920851102,0.9455622607913645,1.2446293995438396e-13,438.4120778202165
9,asr,19,39,117,312,1.1645999999999999,1.1645999999999999,0.05473339730787578,0.05473339730787578,0.9452666026921971,-7.28653248849298e-14,438.34981711258644
9,asr,19,39,117,312,1.16465,1.16465,0.055022891344847655,0.055022891344847655,0.9449771086552088,-5.6440963014381396e-14,438.2878606394113
9,asr,19,39,117,312,1.1646999999999998,1.1646999999999998,0.05530791605526506,0.05530791605526506,0.944692083944696,3.8989644846054716e-14,438.22620649538806
9,asr,19,39,117,312,1.16475,1.16475,0.05559003579805359,0.05559003579805359,0.9444099642018847,6.168676680573526e-14,438.1648526008894
9,asr,19,39,117,312,1.1647999999999998,1.1647999999999998,0.0558707015765742,0.0558707015765742,0.9441292984235471,-1.2129186544029835e-13,438.1037964008003
9,asr,19,39,117,312,1.16485,1.16485,0.056151261172937915,0.056151261172937915,0.9438487388268685,1.9360207881291558e-13,438.0430365900441
9,asr,19,39,117,312,1.1648945184411363,1.1648945184411363,0.05640199416294574,0.05640199416294574,0.9435980058370064,4.789224572476769e-14,437.98918516132886
9,asr,19,39,117,312,1.1648945668049873,1.1648945668049873,0.05640226711028289,0.05640226711028289,0.9435977328898524,-1.3527373665667142e-13,437.9891267721992
9,asr,19,39,117,312,1.1648999999999998,1.1648999999999998,0.05643297095200906,0.05643297095200906,0.9435670290480296,-3.8642700150859355e-14,437.98257038645403
9,asr,19,39,117,312,1.16495,1.16495,0.05671700265771038,0.05671700265771038,0.9432829973423126,-2.296079992802902e-14,437.9223963018555
9,asr,19,39,117,312,1.165,1.165,0.05700445809246709,0.05700445809246709,0.9429955419075757,-4.2819914281011506e-14,437.8625120790864
9,asr,19,39,117,312,1.16505,1.16505,0.05729637241455386,0.05729637241455386,0.9427036275854829,-3.673450432728487e-14,437.8029156692691
9,asr,19,39,117,312,1.1651,1.1651,0.05759372257582743,0.05759372257582743,0.9424062774242046,-3.200217868482014e-14,437.74360538227046
9,asr,19,39,117,312,1.16515,1.16515,0.05789743591583362,0.05789743591583362,0.9421025640842495,-8.314876565052032e-14,437.6845789806271
9,asr,19,39,117,312,1.1652,1.1652,0.05820839368983168,0.05820839368983168,0.9417916063102111,-4.276440312978025e-14,437.62583482743906
9,asr,19,39,117,312,1.16525,1.16525,0.05852743790130865,0.05852743790130865,0.9414725620987157,-2.430694534538702e-14,437.5673707796932
9,asr,19,39,117,312,1.1653,1.1653,0.058855376359721066,0.058855376359721066,0.9411446236402519,2.7068625119142098e-14,437.50918510006284
9,asr,19,39,117,312,1.1653051758993258,1.1653051758993258,0.05888986376743807,0.05888986376743807,0.9411101362325166,4.5324854980322016e-14,437.50317769350687
9,asr,19,39,117,312,1.1653052242631767,1.1653052242631767,0.058890185926612805,0.058890185926612805,0.9411098140734157,-2.8456403899923544e-14,437.5031216462479
9,asr,19,39,117,312,1.1653499999999999,1.1653499999999999,0.05919298799271446,0.05919298799271446,0.940807012007237,4.849592949440762e-14,437.45127592898905
9,asr,19,39,117,312,1.1654,1.1654,0.05954102516443745,0.05954102516443745,0.9404589748357217,-1.59164348367824e-13,437.3936413825385
9,asr,19,39,117,312,1.1654499999999999,1.1654499999999999,0.059900219106419746,0.059900219106419746,0.9400997808935431,3.718553243103884e-14,437.33627958404935
9,asr,19,39,117,312,1.1655,1.1655,0.06027128443163548,0.06027128443163548,0.9397287155682773,8.721495747820995e-14,437.279188902128
9,asr,19,39,117,312,1.1655499999999999,1.1655499999999999,0.060654920210183615,0.060654920210183615,0.9393450797897133,1.0311890230596532e-13,437.2223673582122
9,asr,19,39,117,312,1.1656,1.1656,0.061051815282645694,0.061051815282645694,0.938948184717274,8.026912468039882e-14,437.1658133591542
9,asr,19,39,117,312,1.1656499999999999,1.1656499999999999,0.061462650717133714,0.061462650717133714,0.9385373492828784,-1.206673649889467e-14,437.10952495312637
9,asr,19,39,117,312,1.1657,1.1657,0.06188810097261035,0.06188810097261035,0.938111899027433,-4.3319514642092827e-14,437.05350068826266
9,asr,19,39,117,312,1.165712157704845,1.165712157704845,0.06199383614776654,0.06199383614776654,0.9380061638523033,-6.982608935501844e-14,437.0399178256618
9,asr,19,39,117,312,1.165712206068696,1.165712206068696,0.06199425812815671,0.06199425812815671,0.9380057418718231,2.022687572988957e-14,437.03986380979165
9,asr,19,39,117,312,1.1657499999999998,1.1657499999999998,0.06232883994330454,0.06232883994330454,0.9376711600567331,-3.7664316110408436e-14,436.9977386534373
9,asr,19,39,117,312,1.1658,1.1658,0.06278554048328266,0.06278554048328266,0.937214459516898,-1.8063328610651297e-13,436.94223711682565
9,asr,19,39,117,312,1.1658499999999998,1.1658499999999998,0.06325887805392377,0.06325887805392377,0.9367411219460976,-2.1371793224034263e-14,436.88699452823437
9,asr,19,39,117,312,1.1659,1.1659,0.06374953449564186,0.06374953449564186,0.9362504655044968,-1.386113446244508e-13,436.8320092371908
9,asr,19,39,117,312,1.1659499999999998,1.1659499999999998,0.06425819553801736,0.06425819553801736,0.9357418044621749,-1.922767500772693e-13,436.7772795649762
9,asr,19,39,117,312,1.166,1.166,0.06478556061630075,0.06478556061630075,0.9352144393837364,-3.7136960173711486e-14,436.72280370560946
9,asr,19,39,117,312,1.16605,1.16605,0.06533233698615508,0.06533233698615508,0.9346676630138789,-3.4014457916953234e-14,436.6685802371344
9,asr,19,39,117,312,1.1661,1.1661,0.06589924706278587,0.06589924706278587,0.9341007529372423,-2.8130275886439904e-14,436.6146075301489
9,asr,19,39,117,312,1.1661190911465134,1.1661190911465134,0.06612117245208957,0.06612117245208957,0.9338788275479663,-5.5816462563029745e-14,436.59406538006937
9,asr,19,39,117,312,1.1661191395103643,1.1661191395103643,0.0661217384657277,0.0661217384657277,0.9338782615344174,-1.451477826819314e-13,436.59401342569817
9,asr,19,39,117,312,1.16615,1.16615,0.06648703075521863,0.06648703075521863,0.9335129692447787,2.706168622523819e-15,436.56088409448205
9,asr,19,39,117,312,1.1662,1.1662,0.06709644225523559,0.06709644225523559,0.9329035577448597,-9.525713551283843e-14,436.5074081789945
9,asr,19,39,117,312,1.16625,1.16625,0.06772825899666417,0.06772825899666417,0.9322717410034759,-1.4004075676865568e-13,436.45417834077784
9,asr,19,39,117,312,1.1663,1.1663,0.06838327834279843,0.06838327834279843,0.9316167216572973,-9.568734693488068e-14,436.40119298097346
9,asr,19,39,117,312,1.16635,1.16635,0.06906232366786731,0.06906232366786731,0.9309376763320736,5.910549827348177e-14,436.34845069294164
9,asr,19,39,117,312,1.1663999999999999,1.1663999999999999,0.06976624232158064,0.06976624232158064,0.9302337576784702,-5.0806581164408726e-14,436.29594980944177
9,asr,19,39,117,312,1.16645,1.16645,0.0704959123074326,0.0704959123074326,0.9295040876926836,-1.16157083951407e-13,436.24368900257605
9,asr,19,39,117,312,1.1664999999999999,1.1664999999999999,0.07125224111520008,0.07125224111520008,0.9287477588848367,-3.6817771054131754e-14,436.19166672526507
9,asr,19,39,117,312,1.1665297486047028,1.1665297486047028,0.0717152684790921,0.0717152684790921,0.9282847315210376,-1.2972956042744954e-13,436.1608275149313
9,asr,19,39,117,312,1.1665297969685537,1.1665297969685537,0.071716029274209,0.071716029274209,0.9282839707258121,-2.1149748619109232e-14,436.1607774199846
9,asr,19,39,117,312,1.16655,1.16655,0.07203616831557076,0.07203616831557076,0.9279638316843724,5.688505222423146e-14,436.1398815247974
9,asr,19,39,117,312,1.1665999999999999,1.1665999999999999,0.07284867076868011,0.07284867076868011,0.9271513292314653,-1.4536982728685643e-13,436.08833180775287
9,asr,19,39,117,312,1.16665,1.16665,0.07369076215680274,0.07369076215680274,0.9263092378432072,-9.922618282587337e-15,436.0370163474889
9,asr,19,39,117,312,1.1666999999999998,1.1666999999999998,0.07456349525518055,0.07456349525518055,0.9254365047449711,-1.5162870958818075e-13,435.98593360354596
9,asr,19,39,117,312,1.16675,1.16675,0.07546796694178018,0.07546796694178018,0.92453203305833,-1.1016187961843116e-13,435.9350822436028
9,asr,19,39,117,312,1.1667999999999998,1.1667999999999998,0.07640531880790975,0.07640531880790975,0.9235946811921463,-5.602462938014696e-14,435.884460845818
9,asr,19,39,117,312,1.16685,1.16685,0.07737674025692451,0.07737674025692451,0.9226232597429799,9.561795799584161e-14,435.83406798772086
9,asr,19,39,117,312,1.1668999999999998,1.1668999999999998,0.07838347239539743,0.07838347239539743,0.9216165276046892,-8.65835181329544e-14,435.7839021566686
9,asr,19,39,117,312,1.1669366820463711,1.1669366820463711,0.07914525603556907,0.07914525603556907,0.9208547439644351,-4.191091917959966e-15,435.74724243363306
9,asr,19,39,117,312,1.166936730410222,1.166936730410222,0.07914627397220182,0.07914627397220182,0.920853726027873,-7.478739849631211e-14,435.74719414149473
9,asr,19,39,117,312,1.16695,1.16695,0.07942681016036666,0.07942681016036666,0.9205731898397396,-1.0623446566881967e-13,435.7339624204638
9,asr,19,39,117,312,1.1669999999999998,1.1669999999999998,0.08050810609015063,0.08050810609015063,0.919491893909783,6.63358257213531e-14,435.68424707554124
9,asr,19,39,117,312,1.16705,1.16705,0.08162877282427657,0.08162877282427657,0.9183712271757434,-1.9942381079829374e-14,435.63475489320876
9,asr,19,39,117,312,1.1671,1.1671,0.08279028689781728,0.08279028689781728,0.9172097131022547,-7.202571872255703e-14,435.58548446865393
9,asr,19,39,117,312,1.16715,1.16715,0.08399419309994517,0.08399419309994517,0.9160058069001263,-7.15122405736679e-14,435.53643452732734
9,asr,19,39,117,312,1.1672,1.1672,0.08524210933743248,0.08524210933743248,0.9147578906626586,-9.103828801926284e-14,435.487603882161
9,asr,19,39,117,312,1.16725,1.16725,0.08653572519695113,0.08653572519695113,0.9134642748031919,-1.4305223672295142e-13,435.4389911930895
9,asr,19,39,117,312,1.1673,1.1673,0.08787681608708679,0.08787681608708679,0.9121231839129453,-3.212707877509047e-14,435.3905952118071
9,asr,19,39,117,312,1.1673436638518904,1.1673436638518904,0.08908824233706068,0.08908824233706068,0.910911757662971,-3.162747841400915e-14,435.3485083125314
9,asr,19,39,117,312,1.1673437122157413,1.1673437122157413,0.0890896044870925,0.0890896044870925,0.9109103955130021,-9.461875727367897e-14,435.348461725819
9,asr,19,39,117,312,1.1673499999999999,1.1673499999999999,0.08926723450086652,0.08926723450086652,0.9107327654991259,7.632783294297951e-15,435.3424145936614
9,asr,19,39,117,312,1.1674,1.1674,0.0907089315822909,0.0907089315822909,0.9092910684176829,2.6173507805538065e-14,435.29444818709123
9,asr,19,39,117,312,1.1674499999999999,1.1674499999999999,0.09220394439565746,0.09220394439565746,0.9077960556043871,-4.4603210014315664e-14,435.2466946291084
9,asr,19,39,117,312,1.1675,1.1675,0.09375441345661963,0.09375441345661963,0.90624558654345,-6.962486143180513e-14,435.19915264519625
9,asr,19,39,117,312,1.1675499999999999,1.1675499999999999,0.09536258537903985,0.09536258537903985,0.9046374146210937,-1.3355982986240633e-13,435.15182129952115
9,asr,19,39,117,312,1.1676,1.1676,0.09703081497128943,0.09703081497128943,0.9029691850287008,9.742207041085749e-15,435.1046991671638
9,asr,19,39,117,312,1.1676499999999999,1.1676499999999999,0.0987615783855695,0.0987615783855695,0.9012384216144392,-8.729128531115293e-15,435.05778509857817
9,asr,19,39,117,312,1.1677,1.1677,0.10055747413191314,0.10055747413191314,0.8994425258680218,6.510070260645762e-14,435.0110779005701
9,asr,19,39,117,312,1.1677499999999998,1.1677499999999998,0.10242122868557528,0.10242122868557528,0.8975787713143497,7.500944310123714e-14,434.9645764392849
9,asr,19,39,117,312,1.1677543213100798,1.1677543213100798,0.10258558329276639,0.10258558329276639,0.8974144167072889,-5.533073998975624e-14,434.9605671199885
9,asr,19,39,117,312,1.1677543696739308,1.1677543696739308,0.10258742765522921,0.10258742765522921,0.8974125723448266,-5.5844218138645374e-14,434.9605222412126
9,asr,19,39,117,312,1.1678,1.1678,0.10435571277615613,0.10435571277615613,0.8956442872238879,-4.4020342926387457e-14,434.91827948265467
9,asr,19,39,117,312,1.1678499999999998,1.1678499999999998,0.10636394069963112,0.10636394069963112,0.8936360593003128,5.612177389480166e-14,434.87218588452333
9,asr,19,39,117,312,1.1679,1.1679,0.10844907951057045,0.10844907951057045,0.8915509204893631,6.641909244819999e-14,434.8262945293212
9,asr,19,39,117,312,1.1679499999999998,1.1679499999999998,0.11061446390435714,0.11061446390435714,0.8893855360956128,3.008704396734174e-14,434.7806043057221
9,asr,19,39,117,312,1.168,1.168,0.11286359383780585,0.11286359383780585,0.88713640616225,-5.583034035083756e-14,434.7351140554142
9,asr,19,39,117,312,1.16805,1.16805,0.11520015906887494,0.11520015906887494,0.8847998409311002,2.4855117963795692e-14,434.68982279518576
9,asr,19,39,117,312,1.1681,1.1681,0.11762803662291714,0.11762803662291714,0.882371963377087,-4.1494585545365226e-15,434.6447290990733
9,asr,19,39,117,312,1.16815,1.16815,0.1201513064100143,0.1201513064100143,0.8798486935899625,2.3162027851242328e-14,434.59983211853444
9,asr,19,39,117,312,1.1681612547517484,1.1681612547517484,0.120732869763153,0.120732869763153,0.8792671302368535,-6.5503158452884236e-15,434.5897530355528
9,asr,19,39,117,312,1.1681613031155993,1.1681613031155993,0.12073537979647508,0.12073537979647508,0.879264620203545,-2.0095036745715333e-14,434.5897097541559
9,asr,19,39,117,312,1.1682,1.1682,0.12277426259661842,0.12277426259661842,0.8772257374033684,1.3183898417423734e-14,434.55513068670257
9,asr,19,39,117,312,1.16825,1.16825,0.12550142878144402,0.12550142878144402,0.8744985712185054,5.059841434729151e-14,434.5106237434909
9,asr,19,39,117,312,1.1683,1.1683,0.12833755696193294,0.12833755696193294,0.8716624430381036,-3.652633751016765e-14,434.46631036890545
9,asr,19,39,117,312,1.16835,1.16835,0.13128765891461688,0.13128765891461688,0.8687123410853789,4.246603069191224e-15,434.42218928421033
9,asr,19,39,117,312,1.1683999999999999,1.1683999999999999,0.13435700390193292,0.13435700390193292,0.8656429960980572,9.908740494779522e-15,434.37825949877185
9,asr,19,39,117,312,1.16845,1.16845,0.1375511406685605,0.1375511406685605,0.862448859331386,5.345723863570129e-14,434.33451993701857
9,asr,19,39,117,312,1.1684999999999999,1.1684999999999999,0.14087590886881524,0.14087590886881524,0.8591240911311993,-1.4488410471358293e-14,434.29096966514754
9,asr,19,39,117,312,1.16855,1.16855,0.14433745137374843,0.14433745137374843,0.85566254862619,6.161737786669619e-14,434.24760758667935
9,asr,19,39,117,312,1.1685681881934167,1.1685681881934167,0.1456318151955415,0.1456318151955415,0.8543681848044499,8.631984016460592e-15,434.23188044781455
9,asr,19,39,117,312,1.1685682365572676,1.1685682365572676,0.1456352830274266,0.1456352830274266,0.8543647169726044,-3.1002977962657496e-14,434.23183872905486
9,asr,19,39,117,312,1.1685999999999999,1.1685999999999999,0.14794223464417716,0.14794223464417716,0.8520577653558247,-1.8318679906315083e-15,434.20443271274377
9,asr,19,39,117,312,1.16865,1.16865,0.15169705295434385,0.15169705295434385,0.8483029470456028,5.331846075762314e-14,434.1614440087213
9,asr,19,39,117,312,1.1686999999999999,1.1686999999999999,0.1556090565920811,0.1556090565920811,0.844390943407931,-1.2073675392798577e-14,434.1186404817122
9,asr,19,39,117,312,1.16875,1.16875,0.15968575415210148,0.15968575415210148,0.8403142458480026,-1.0411116413422405e-13,434.0760211457451
9,asr,19,39,117,312,1.1687999999999998,1.1687999999999998,0.1639350260068573,0.1639350260068573,0.8360649739932221,-7.940870183631432e-14,434.03358507719724
9,asr,19,39,117,312,1.16885,1.16885,0.1683651482871064,0.1683651482871064,0.8316348517128093,8.434919429589627e-14,433.9913312075604
9,asr,19,39,117,312,1.1688999999999998,1.1688999999999998,0.17298478604726783,0.17298478604726783,0.8270152139527059,2.6229018956769323e-14,433.9492587172252
9,asr,19,39,117,312,1.16895,1.16895,0.17780301135667695,0.17780301135667695,0.822196988643323,2.7755575615628914e-17,433.90736637281685
9,asr,19,39,117,312,1.168978894015457,1.168978894015457,0.18068161215297768,0.18068161215297768,0.8193183878468625,1.5981660439479128e-13,433.8832395556446
9,asr,19,39,117,312,1.168978942379308,1.168978942379308,0.18068648711087887,0.18068648711087887,0.81931351288907,5.1181281435219717e-14,433.88319917295996
9,asr,19,39,117,312,1.169,1.169,0.18282930944026693,0.18282930944026693,0.8171706905597601,-2.7033930649622562e-14,433.8656534677974
9,asr,19,39,117,312,1.16905,1.16905,0.1880735698621067,0.1880735698621067,0.8119264301379209,-2.756128658631951e-14,433.8241190316305
9,asr,19,39,117,312,1.1691,1.1691,0.1935460724924096,0.1935460724924096,0.8064539275076167,-2.628453010800058e-14,433.7827619748143
9,asr,19,39,117,312,1.16915,1.16915,0.19925748233065577,0.19925748233065577,0.8007425176692392,1.0502709812953981e-13,433.7415814932773
9,asr,19,39,117,312,1.1692,1.1692,0.20521883596395996,0.20521883596395996,0.794781164035947,9.303668946358812e-14,433.7005767033601
9,asr,19,39,117,312,1.16925,1.16925,0.21144145319263938,0.21144145319263938,0.7885585468074996,-1.3897216710745397e-13,433.65974660976127
9,asr,19,39,117,312,1.1693,1.1693,0.21793690225836662,0.21793690225836662,0.7820630977416976,-6.419864639894968e-14,433.6190902932607
9,asr,19,39,117,312,1.16935,1.16935,0.2247169036294472,0.2247169036294472,0.7752830963704714,8.135159212940835e-14,433.5786068543836
9,asr,19,39,117,312,1.1693858274571254,1.1693858274571254,0.22975664367202556,0.22975664367202556,0.7702433563280843,-1.0982881271104361e-13,433.54970430071194
9,asr,19,39,117,312,1.1693858758209763,1.1693858758209763,0.229763550305799,0.229763550305799,0.770236449694327,-1.260380688705709e-13,433.54966543380317
9,asr,19,39,117,312,1.1694,1.1694,0.23179318882757255,0.23179318882757255,0.768206811172443,-1.559863349598345e-14,433.5382954169758
9,asr,19,39,117,312,1.1694499999999999,1.1694499999999999,0.23917731953421942,0.23917731953421942,0.7608226804657894,-8.798517470154366e-15,433.49815520599924
9,asr,19,39,117,312,1.1695,1.1695,0.2468804264283082,0.2468804264283082,0.7531195735717089,-1.709743457922741e-14,433.4581851235524
9,asr,19,39,117,312,1.1695499999999999,1.1695499999999999,0.25491288507186005,0.25491288507186005,0.745087114928379,-2.390310172017962e-13,433.41838447843526
9,asr,19,39,117,312,1.1696,1.1696,0.26328378169001987,0.26328378169001987,0.7367162183102898,-3.0964120156795616e-13,433.3787524179155
9,asr,19,39,117,312,1.1696499999999999,1.1696499999999999,0.27200030916075557,0.27200030916075557,0.7279996908393602,-1.1579626146840383e-13,433.33928791868715
9,asr,19,39,117,312,1.1697,1.1697,0.2810668068626058,0.2810668068626058,0.7189331931372952,9.89763826453327e-14,433.29999026927413
9,asr,19,39,117,312,1.1697499999999998,1.1697499999999998,0.29048345706555256,0.29048345706555256,0.7095165429346179,-1.7041923427996153e-13,433.2608585849474
9,asr,19,39,117,312,1.1697927608987937,1.1697927608987937,0.29881036562312596,0.29881036562312596,0.70118963437669,1.840194663316197e-13,433.2275233813103
9,asr,19,39,117,312,1.1697928092626446,1.1697928092626446,0.29881992964198467,0.29881992964198467,0.7011800703580523,-3.697042672001771e-14,433.2274857891475
9,asr,19,39,117,312,1.1698,1.1698,0.30024447236939844,0.30024447236939844,0.6997555276303683,2.332578574737454e-13,433.22189194025486
9,asr,19,39,117,312,1.1698499999999998,1.1698499999999998,0.31033543736817965,0.31033543736817965,0.6896645626320274,-2.0700108294136044e-13,433.1830896496834
9,asr,19,39,117,312,1.1699,1.1699,0.3207294896494139,0.3207294896494139,0.6792705103506899,-1.0375034165122088e-13,17392.54367839849
9,asr,19,39,117,312,1.1699499999999998,1.1699499999999998,0.3313816237905884,0.3313816237905884,0.6686183762093976,1.404432126150823e-14,433.1059745815552
9,asr,19,39,117,312,1.17,1.17,0.3422200982739332,0.3422200982739332,0.6577799017257164,3.503863865716994e-13,433.06766020658455
9,asr,19,39,117,312,1.17005,1.17005,0.35313317630925883,0.35313317630925883,0.6468668236911628,-4.216071936014032e-13,433.0295068767681
9,asr,19,39,117,312,1.1701,1.1701,0.3639480026929227,0.3639480026929227,0.6360519973072667,-1.894040480010517e-13,432.9915137621903
9,asr,19,39,117,312,1.17015,1.17015,0.3743959590636526,0.3743959590636526,0.6256040409360653,2.8216318170848353e-13,432.95368010038436
9,asr,19,39,117,312,1.1702,1.1702,0.3840539334271975,0.3840539334271975,0.6159460665720227,7.7982065249671e-13,432.9160049826215
9,asr,19,39,117,312,1.170203466720834,1.170203466720834,0.384678949214918,0.384678949214918,0.6153210507842568,8.251732630526476e-13,432.9133986628945
9,asr,19,39,117,312,1.170203515084685,1.170203515084685,0.38468761081818814,0.38468761081818814,0.6153123891816726,1.3922196728799463e-13,432.9133624039429
9,asr,19,39,117,312,1.17025,1.17025,0.3922400720474205,0.3922400720474205,0.6077599279518824,6.971090371621358e-13,432.8784878308751
9,asr,19,39,117,312,1.1703,1.1703,0.39781958868474326,0.39781958868474326,0.6021804113147315,5.251910017989303e-13,432.84112771194935
9,asr,19,39,117,312,1.17035,1.17035,0.39882158183131805,0.39882158183131805,0.6011784181690029,-3.209099652679015e-13,432.80392390266417
9,asr,19,39,117,312,1.1703999999999999,1.1703999999999999,0.3916307014268091,0.3916307014268091,0.6083692985742988,-1.1078915562734437e-12,432.76687554488865
9,asr,19,39,117,312,1.17045,1.17045,0.36916323037328974,0.36916323037328974,0.630836769627535,-8.247291738427975e-13,432.7299821087875
9,asr,19,39,117,312,1.1704999999999999,1.1704999999999999,0.31661563294385514,0.31661563294385514,0.6833843670542394,1.905420266012925e-12,432.6932426175915
9,asr,19,39,117,312,1.17055,1.17055,0.2039928653117606,0.2039928653117606,0.7960071346859633,2.276095978359649e-12,432.6566563809118
9,asr,19,39,117,312,1.1705999999999999,1.1705999999999999,0.024021927613154342,0.024021927613154342,0.9759780723877902,-9.445604021163234e-13,432.62022278268324
9,asr,19,39,117,312,1.1706104001625024,1.1706104001625024,0.0024825279354400284,0.0024825279354400284,0.9975174720645992,-3.920388319533785e-14,432.61266354403347
9,asr,19,39,117,312,1.1706104485263533,1.1706104485263533,0.0024299951347884698,0.0024299951347884698,0.9975700048645236,6.879006912707819e-13,432.61262835046864
9,asr,19,39,117,312,1.17065,1.17065,0.2053112985963361,0.2053112985963361,0.7946887014072793,-3.6154135241162066e-12,432.5839409617393
9,asr,19,39,117,312,1.1706999999999999,1.1706999999999999,0.7068520826202793,0.7068520826202793,0.2931479173809806,-1.2598810883446276e-12,432.5478101358234
9,asr,19,39,117,312,1.17075,1.17075,0.8557891378577726,0.8557891378577726,0.14421086212103054,2.11969330976558e-11,432.51182962019124
9,asr,19,39,117,312,1.1707999999999998,1.1707999999999998,0.8446903881669554,0.8446903881669554,0.1553096118341489,-1.1043388425946432e-12,432.475998848523
9,asr,19,39,117,312,1.17085,1.17085,0.7234288794950723,0.7234288794950723,0.27657112050693006,-2.0023982472139323e-12,432.44031692743977
9,asr,19,39,117,312,1.1708999999999998,1.1708999999999998,0.46246722185768807,0.46246722185768807,0.537532778138301,4.010902721063303e-12,432.404783161431
9,asr,19,39,117,312,1.17095,1.17095,0.14690666494338517,0.14690666494338517,0.8530933350580246,-1.409816707820255e-12,432.36939694098
9,asr,19,39,117,312,1.1709999999999998,1.1709999999999998,0.002049982740683756,0.002049982740683756,0.997950017259299,1.725009024511337e-14,432.33415746191383
9,asr,19,39,117,312,1.171017333604171,1.171017333604171,0.0034595946208148074,0.0034595946208148074,0.9965404053794993,-3.1409076728383667e-13,432.3219750380497
9,asr,19,39,117,312,1.1710173819680219,1.1710173819680219,0.003492090742371054,0.003492090742371054,0.9965079092579834,-3.5443609852636726e-13,432.3219410968334
9,asr,19,39,117,312,1.17105,1.17105,0.050622027153521446,0.050622027153521446,0.9493779728458985,5.800221414276052e-13,432.2990640821141
9,asr,19,39,117,312,1.1711,1.1711,0.16756605495680713,0.16756605495680713,0.8324339450423537,8.391898287385402e-13,432.2641160841347
9,asr,19,39,117,312,1.17115,1.17115,0.2842140382787736,0.2842140382787736,0.7157859617200468,1.1795564525129976e-12,432.22931286213
9,asr,19,39,117,312,1.1712,1.1712,0.38398678298326433,0.38398678298326433,0.6160132170162173,5.184186413487168e-13,432.1946535715868
9,asr,19,39,117,312,1.17125,1.17125,0.467129133606923,0.467129133606923,0.5328708663929435,1.3355982986240633e-13,432.16013767052846
9,asr,19,39,117,312,1.1713,1.1713,0.5370815128334178,0.5370815128334178,0.4629184871668153,-2.3303581286882036e-13,432.1257644630658
9,asr,19,39,117,312,1.17135,1.17135,0.5970309320070087,0.5970309320070087,0.4029690679934273,-4.3598458177029897e-13,432.0915333108963
9,asr,19,39,117,312,1.1714,1.1714,0.6493514359283656,0.6493514359283656,0.3506485640726456,-1.0111911308285926e-12,432.05744344272347
9,asr,19,39,117,312,1.1714279910623602,1.1714279910623602,0.6759524343559719,0.6759524343559719,0.32404756564461645,-5.883071807488705e-13,432.0384207327752
9,asr,19,39,117,312,1.171428039426211,1.171428039426211,0.6759969139882726,0.6759969139882726,0.32400308601072125,1.0061951272177794e-12,432.03838790238984
9,asr,19,39,117,312,1.1714499999999999,1.1714499999999999,0.6957021161732104,0.6957021161732104,0.30429788382659867,1.9095836023552692e-13,432.0234943136689
9,asr,19,39,117,312,1.1715,1.1715,0.7372162804012208,0.7372162804012208,0.2627837195984017,3.774758283725532e-13,431.98968516055504
9,asr,19,39,117,312,1.1715499999999999,1.1715499999999999,0.7746599456308714,0.7746599456308714,0.2253400543694316,-3.029798634202052e-13,431.956015550549
9,asr,19,39,117,312,1.1716,1.1716,0.8085466164338532,0.8085466164338532,0.191453383567168,-1.021183138050219e-12,431.92248456077795
9,asr,19,39,117,312,1.1716499999999999,1.1716499999999999,0.8392173992611781,0.8392173992611781,0.16078260073791298,9.089395902606157e-13,431.889091737436
9,asr,19,39,117,312,1.1717,1.1717,0.866896879023817,0.866896879023817,0.13310312097701035,-8.273381979506667e-13,431.8558364158754
9,asr,19,39,117,312,1.1717499999999998,1.1717499999999998,0.8917324945584021,0.8917324945584021,0.10826750544156247,3.5416114485542494e-14,431.8227178915478
9,asr,19,39,117,312,1.1718,1.1718,0.9138226897427021,0.9138226897427021,0.08617731025617743,1.120437076451708e-12,431.7897355282237
9,asr,19,39,117,312,1.1718349728678796,1.1718349728678796,0.9276801651262969,0.9276801651262969,0.07231983487419331,-4.902744876744691e-13,431.7667465407628
9,asr,19,39,117,312,1.1718350212317306,1.1718350212317306,0.9276984314220894,0.9276984314220894,0.0723015685774539,4.566347300283269e-13,431.76671480697485
9,asr,19,39,117,312,1.1718499999999998,1.1718499999999998,0.9332373987206957,0.9332373987206957,0.06676260127862432,6.800116025829084e-13,431.7568889244433
9,asr,19,39,117,312,1.1719,1.1719,0.9500330810516479,0.9500330810516479,0.04996691894887555,-5.233591338082988e-13,431.72417724431307
9,asr,19,39,117,312,1.1719499999999998,1.1719499999999998,0.9642635457666658,0.9642635457666658,0.03573645423373649,-4.0234482412415673e-13,431.6915999569693
9,asr,19,39,117,312,1.172,1.172,0.9759877500655646,0.9759877500655646,0.02401224993552676,-1.0913492332065289e-12,431.6591563744929
9,asr,19,39,117,312,1.17205,1.17205,0.9852750941535506,0.9852750941535506,0.014724905846616046,-1.66644475996236e-13,431.62684590364626
9,asr,19,39,117,312,1.1721,1.1721,0.992208688700806,0.992208688700806,0.007791311297595884,1.5980550216454503e-12,431.59466807366664
9,asr,19,39,117,312,1.17215,1.17215,0.9968870332062492,0.9968870332062492,0.0031129667932720782,4.787281682183675e-13,431.5626222211944
9,asr,19,39,117,312,1.1722,1.1722,0.9994243688595574,0.9994243688595574,0.0005756311398882389,5.543343561953407e-13,431.53070760686484
9,asr,19,39,117,312,1.172241906309548,1.172241906309548,0.9999956181833757,0.9999956181833757,4.3818159655571346e-06,6.588063428125679e-13,431.5040600363795
9,asr,19,39,117,312,1.1722419546733989,1.1722419546733989,0.999995492580604,0.999995492580604,4.507418322272055e-06,1.0736966871149889e-12,431.50402929097123
9,asr,19,39,117,312,1.17225,1.17225,0.9999500424241393,0.9999500424241393,4.995757581366964e-05,4.696243394164412e-14,431.49892385574196
9,asr,19,39,117,312,1.1723,1.1723,0.9986071497157001,0.9986071497157001,0.001392850283792753,5.071498776487715e-13,431.4672703625752
9,asr,19,39,117,312,1.17235,1.17235,0.9955507188802033,0.9955507188802033,0.004449281120576233,-7.794875855893224e-13,431.43574638441146
9,asr,19,39,117,312,1.1723999999999999,1.1723999999999999,0.9909456923435137,0.9909456923435137,0.00905430765853496,-2.0486945473408014e-12,431.4043514710577
9,asr,19,39,117,312,1.17245,1.17245,0.984964927505197,0.984964927505197,0.01503507249492457,-1.2156942119645464e-13,431.3730850283795
9,asr,19,39,117,312,1.1724999999999999,1.1724999999999999,0.9777874756734296,0.9777874756734296,0.02221252432730839,-7.379652444683416e-13,431.3419464693346
9,asr,19,39,117,312,1.17255,1.17255,0.96959734201113,0.96959734201113,0.030402657989929322,-1.0593748100973244e-12,431.3109352213352
9,asr,19,39,117,312,1.1725999999999999,1.1725999999999999,0.9605829745880503,0.9605829745880503,0.03941702541338009,-1.4304113449270517e-12,431.2800507810644
9,asr,19,39,117,312,1.17265,1.17265,0.950937794590554,0.950937794590554,0.0490622054090893,3.566036355096003e-13,431.24929253884955
9,asr,19,39,117,312,1.1726525637677374,1.1726525637677374,0.9504298920032392,0.9504298920032392,0.04957010799680069,-3.9968028886505635e-14,431.2477187891928
9,asr,19,39,117,312,1.1726526121315883,1.1726526121315883,0.9504202998106845,0.9504202998106845,0.04957970019009952,-7.840394999902855e-13,431.24768911435996
9,asr,19,39,117,312,1.1726999999999999,1.1726999999999999,0.9408621994183893,0.9408621994183893,0.05913780058184418,-2.334799020786704e-13,431.2186599259406
9,asr,19,39,117,312,1.17275,1.17275,0.930567564615283,0.930567564615283,0.06943243538340944,1.3075096561010469e-12,431.1881524635812
9,asr,19,39,117,312,1.1727999999999998,1.1727999999999998,0.9202833938921869,0.9202833938921869,0.07971660610832774,-5.146993942162226e-13,431.1577695212811
9,asr,19,39,117,312,1.17285,1.17285,0.9102692940997638,0.9102692940997638,0.08973070590422211,-3.9858116807067745e-12,431.1275105622042
9,asr,19,39,117,312,1.1728999999999998,1.1728999999999998,0.900834980626208,0.900834980626208,0.09916501937512505,-1.3330447856674255e-12,431.09737512886016
9,asr,19,39,117,312,1.17295,1.17295,0.8923745043757353,0.8923745043757353,0.1076254956253601,-1.0953460360951794e-12,431.06736259541464
9,asr,19,39,117,312,1.173,1.173,0.8854269768897043,0.8854269768897043,0.11457302311238093,-2.085220884850969e-12,431.0374724622988
9,asr,19,39,117,312,1.17305,1.17305,0.8807902734017694,0.8807902734017694,0.11920972659512352,3.107070156715963e-12,431.0077042682625
9,asr,19,39,117,312,1.1730594972094057,1.1730594972094057,0.8802646121231549,0.8802646121231549,0.11973538787363704,3.2081004519568523e-12,431.0020636658008
9,asr,19,39,117,312,1.1730595455732566,1.1730595455732566,0.8802622802452897,0.8802622802452897,0.11973771975445223,2.580158309228864e-13,431.00203497958444
9,asr,19,39,117,312,1.1731,1.1731,0.879748348051378,0.879748348051378,0.12025165194656846,2.0534685063466895e-12,430.9780573540588
9,asr,19,39,117,312,1.17315,1.17315,0.8845617968198501,0.8845617968198501,0.1154382031848751,-4.725220215107129e-12,430.94853134018825
9,asr,19,39,117,312,1.1732,1.1732,0.8996039223710062,0.8996039223710062,0.10039607763154945,-2.555622380384648e-12,430.919125478369
9,asr,19,39,117,312,1.17325,1.17325,0.9338214956190612,0.9338214956190612,0.0661785043848859,-3.947175919449819e-12,430.88983948269487
9,asr,19,39,117,312,1.1733,1.1733,0.9940724105723662,0.9940724105723662,0.0059275894300542635,-2.4203972159853038e-12,430.86067278877357
9,asr,19,39,117,312,1.17335,1.17335,0.5219388129547743,0.5219388129547743,0.4780611870369508,8.274936291741142e-12,430.83162494915035
9,asr,19,39,117,312,1.1734,1.1734,0.16703240119341048,0.16703240119341048,0.832967598817035,-1.0445450060458938e-11,430.80269522986976
9,asr,19,39,117,312,1.1734499999999999,1.1734499999999999,0.4107865730796921,0.4107865730796921,0.5892134269142987,6.0092486542373535e-12,430.77388328179103
9,asr,19,39,117,312,1.173466479014925,1.173466479014925,0.44831403593141017,0.44831403593141017,0.5516859640748915,-6.3016258877723885e-12,430.7644131647411
9,asr,19,39,117,312,1.1734665273787759,1.1734665273787759,0.4484071292728233,0.4484071292728233,0.5515928707317702,-4.593492253235354e-12,430.76438539007216
9,asr,19,39,117,312,1.1735,1.1735,0.4965562641980438,0.4965562641980438,0.5034437357982142,3.74200670449909e-12,430.74518862507887
9,asr,19,39,117,312,1.1735499999999999,1.1735499999999999,0.5327679618943097,0.5327679618943097,0.46723203810841296,-2.722710945590734e-12,430.7166106823927
9,asr,19,39,117,312,1.1736,1.1736,0.5492756421194622,0.5492756421194622,0.45072435788408405,-3.546274385257675e-12,430.68814907458204
9,asr,19,39,117,312,1.1736499999999999,1.1736499999999999,0.5562856578908859,0.5562856578908859,0.4437143421082041,9.099387909827783e-13,430.6598032431902
9,asr,19,39,117,312,1.1737,1.1737,0.558128095727905,0.558128095727905,0.4418719042724917,-3.9668268669856843e-13,488.56313538458255
9,asr,19,39,117,312,1.1737499999999998,1.1737499999999998,0.5569335499079195,0.5569335499079195,0.44306645009330803,-1.2275735983280356e-12,430.603456891655
9,asr,19,39,117,312,1.1738,1.1738,0.5538661899398327,0.5538661899398327,0.4461338100616572,-1.48991929904696e-12,430.57545539534186
9,asr,19,39,117,312,1.1738499999999998,1.1738499999999998,0.5496130884035328,0.5496130884035328,0.45038691159702565,-5.584421813864537e-13,430.54756784943424
9,asr,19,39,117,312,1.1738771364731144,1.1738771364731144,0.5469678173646695,0.5469678173646695,0.4530321826349328,3.9768188742073107e-13,430.532479880435
9,asr,19,39,117,312,1.1738771848369653,1.1738771848369653,0.5469629385141488,0.5469629385141488,0.4530370614850911,7.600586826583822e-13,430.53245303341714
9,asr,19,39,117,312,1.1739,1.1739,0.5446041396897041,0.5446041396897041,0.4553958603094707,8.251177519014163e-13,430.5197936048762
9,asr,19,39,117,312,1.1739499999999998,1.1739499999999998,0.5391206778512787,0.5391206778512787,0.4608793221477641,9.5723429183181e-13,430.492132255643
9,asr,19,39,117,312,1.174,1.174,0.5333534011015297,0.5333534011015297,0.46664659889945725,-9.869882688917642e-13,430.4645833321515
9,asr,19,39,117,312,1.17405,1.17405,0.5274351754230248,0.5274351754230248,0.47256482457699156,-1.63202784619898e-14,430.4371463337936
9,asr,19,39,117,312,1.1741,1.1741,0.5214605360513496,0.5214605360513496,0.47853946394799024,6.601386104421181e-13,430.40982092596687
9,asr,19,39,117,312,1.17415,1.17415,0.5154978316265612,0.5154978316265612,0.48450216837414917,-7.103206911551752e-13,430.38260651125313
9,asr,19,39,117,312,1.1742,1.1742,0.5095970500722288,0.5095970500722288,0.4904029499269348,8.364420267525929e-13,430.3555026107108
9,asr,19,39,117,312,1.17425,1.17425,0.5037949908939732,0.5037949908939732,0.49620500910591137,1.1546319456101628e-13,430.32850889736517
9,asr,19,39,117,312,1.1742840699147827,1.1742840699147827,0.4999122574405703,0.4999122574405703,0.5000877425602175,-7.877587471227798e-13,430.31017827579706
9,asr,19,39,117,312,1.1742841182786337,1.1742841182786337,0.4999067913650621,0.4999067913650621,0.5000932086339203,1.0176304243714185e-12,430.3101522754845
9,asr,19,39,117,312,1.1743,1.1743,0.49811882810111396,0.49811882810111396,0.5018811718992745,-3.8846703631634227e-13,430.3016247850532
9,asr,19,39,117,312,1.17435,1.17435,0.492588580991925,0.492588580991925,0.5074114190075351,5.399569680264449e-13,430.2748500392596
9,asr,19,39,117,312,1.1743999999999999,1.1743999999999999,0.48721890714285904,0.48721890714285904,0.5127810928571787,-3.7692071686024065e-14,430.2481839606634
9,asr,19,39,117,312,1.17445,1.17445,0.48202035403189203,0.48202035403189203,0.5179796459687179,-6.09956529729061e-13,430.22162618737565
9,asr,19,39,117,312,1.1744999999999999,1.1744999999999999,0.4770003499234918,0.4770003499234918,0.5229996500760073,5.008771175596394e-13,430.1951763026242
9,asr,19,39,117,312,1.17455,1.17455,0.47216389447702106,0.47216389447702106,0.527836105522965,1.3933298959045715e-14,430.1688338980243
9,asr,19,39,117,312,1.1745999999999999,1.1745999999999999,0.4675141167616375,0.4675141167616375,0.532485883238862,-4.995448499300892e-13,430.1425984687911
9,asr,19,39,117,312,1.17465,1.17465,0.4630526777449027,0.4630526777449027,0.5369473222551454,-4.8128168117500536e-14,430.11646956488414
9,asr,19,39,117,312,1.1746910033564513,1.1746910033564513,0.45953495993476895,0.45953495993476895,0.5404650400658315,-6.004641228685159e-13,430.095121462585
9,asr,19,39,117,312,1.1746910517203022,1.1746910517203022,0.45953088641176565,0.45953088641176565,0.5404691135883636,-1.2922996006636822e-13,430.09509632333106
9,asr,19,39,117,312,1.1746999999999999,1.1746999999999999,0.45878010970311317,0.45878010970311317,0.5412198902968028,8.398837181289309e-14,430.0904468310853
9,asr,19,39,117,312,1.17475,1.17475,0.45469607250882016,0.45469607250882016,0.5453039274915112,-3.3140157285060923e-13,430.06452992767834
9,asr,19,39,117,312,1.1747999999999998,1.1747999999999998,0.4507995229713781,0.4507995229713781,0.549200477028083,5.389577673042822e-13,430.03871821317324
9,asr,19,39,117,312,1.17485,1.17485,0.44708891624514907,0.44708891624514907,0.552911083755053,-2.0211610163300975e-13,430.01301136234116
9,asr,19,39,117,312,1.1748999999999998,1.1748999999999998,0.4435622983261262,0.4435622983261262,0.5564377016744597,-5.859202012459264e-13,429.98740899345665
9,asr,19,39,117,312,1.17495,1.17495,0.4402174371991524,0.4402174371991524,0.5597825628009222,-7.460698725481052e-14,429.9619106634482
9,asr,19,39,117,312,1.1749999999999998,1.1749999999999998,0.4370518660033058,0.4370518660033058,0.5629481339968637,-1.695310558602614e-13,429.93651589026797
9,asr,19,39,117,312,1.17505,1.17505,0.43406299419692057,0.43406299419692057,0.5659370058029894,8.998357614586894e-14,429.91122432520115
9,asr,19,39,117,312,1.1751,1.1751,0.43124812677252794,0.43124812677252794,0.5687518732270064,4.656830476790219e-13,429.88603555264103
9,asr,19,39,117,312,1.1751017091784917,1.1751017091784917,0.4311549501828772,0.4311549501828772,0.5688450498171757,-5.284661597215745e-14,429.88517626872635
9,asr,19,39,117,312,1.1751017575423426,1.1751017575423426,0.43115231901078127,0.43115231901078127,0.5688476809893325,-1.137423488728473e-13,429.8851519322878
9,asr,19,39,117,312,1.17515,1.17515,0.4286045315949516,0.4286045315949516,0.5713954684049494,9.903189379656396e-14,429.8609490934081
9,asr,19,39,117,312,1.1752,1.1752,0.4261294472182021,0.4261294472182021,0.5738705527822736,-4.757305660518796e-13,429.8359646609223
9,asr,19,39,117,312,1.17525,1.17525,0.4238201252249235,0.4238201252249235,0.576179874775374,-2.9753977059954195e-13,429.8110817257604
9,asr,19,39,117,312,1.1753,1.1753,0.42167387460886097,0.42167387460886097,0.5783261253916689,-5.299094496535872e-13,429.78630003951696
9,asr,19,39,117,312,1.17535,1.17535,0.41968803978599606,0.41968803978599606,0.580311960213714,2.8993474288085963e-13,429.76161898024395
9,asr,19,39,117,312,1.1754,1.1754,0.4178600380576131,0.4178600380576131,0.5821399619426532,-2.662869924563438e-13,429.7370384280522
9,asr,19,39,117,312,1.1754499999999999,1.1754499999999999,0.416187359462338,0.416187359462338,0.5838126405383205,-6.584732759051803e-13,429.71255777009975
9,asr,19,39,117,312,1.1755,1.1755,0.4146676096555488,0.4146676096555488,0.5853323903444987,-4.746203430272544e-14,429.6881767139172
9,asr,19,39,117,312,1.17550864262016,1.17550864262016,0.4144202442039072,0.4144202442039072,0.5855797557970712,-9.784395516021505e-13,429.6839723951911
9,asr,19,39,117,312,1.175508690984011,1.175508690984011,0.41441887248664816,0.41441887248664816,0.5855811275136005,-2.486344463648038e-13,429.6839488845633
9,asr,19,39,117,312,1.1755499999999999,1.1755499999999999,0.41329844995544046,0.41329844995544046,0.5867015500446043,-4.4797499043625066e-14,429.6638947347995
9,asr,19,39,117,312,1.1756,1.1756,0.41207768197096906,0.41207768197096906,0.5879223180294337,-4.027889133340068e-13,429.6397116314573
9,asr,19,39,117,312,1.1756499999999999,1.1756499999999999,0.41100317416110693,0.41100317416110693,0.5889968258394163,-5.23192600354605e-13,429.61562699912787
9,asr,19,39,117,312,1.1757,1.1757,0.41007293289583696,0.41007293289583696,0.589927067104379,-2.159938894408242e-13,429.5916402970638
9,asr,19,39,117,312,1.1757499999999999,1.1757499999999999,0.409285048120442,0.409285048120442,0.5907149518797077,-1.496580637194711e-13,429.5677512400668
9,asr,19,39,117,312,1.1758,1.1758,0.40863773005088094,0.40863773005088094,0.5913622699493164,-1.9734214262712158e-13,429.5439594635492
9,asr,19,39,117,312,1.1758499999999998,1.1758499999999998,0.4081292937428029,0.4081292937428029,0.5918707062578282,-6.311062783481702e-13,429.52026463758807
9,asr,19,39,117,312,1.1759,1.1759,0.4077581592456052,0.4077581592456052,0.5922418407544517,-5.695444116327053e-14,429.49666624758015
9,asr,19,39,117,312,1.1759155760618283,1.1759155760618283,0.4076703532948613,0.4076703532948613,0.5923296467053074,-1.6869838859179254e-13,429.48933454221617
9,asr,19,39,117,312,1.1759156244256792,1.1759156244256792,0.4076701025180111,0.4076701025180111,0.5923298974826606,-6.71740441049451e-13,429.48931171062515
9,asr,19,39,117,312,1.1759499999999998,1.1759499999999998,0.4075228440545211,0.4075228440545211,0.5924771559452576,2.212674488077937e-13,429.473163978829
9,asr,19,39,117,312,1.176,1.176,0.4074219944969041,0.4074219944969041,0.5925780055038523,-7.563949466771192e-13,429.44975754547755
9,asr,19,39,117,312,1.17605,1.17605,0.40745432555347183,0.40745432555347183,0.5925456744468505,-3.2229774404868294e-13,429.4264464778504
9,asr,19,39,117,312,1.1761,1.1761,0.40761867233477045,0.40761867233477045,0.5923813276649119,3.176348073452573e-13,429.40323039109796
9,asr,19,39,117,312,1.17615,1.17615,0.4079139477742813,0.4079139477742813,0.5920860522260902,-3.7153613519080864e-13,429.3801089625578
9,asr,19,39,117,312,1.1762,1.1762,0.40833917967540134,0.40833917967540134,0.5916608203246917,-9.303668946358812e-14,429.3570818997608
9,asr,19,39,117,312,1.17625,1.17625,0.40889347328570874,0.40889347328570874,0.5911065267142457,4.5574655160862676e-14,429.3341487349774
9,asr,19,39,117,312,1.1763,1.1763,0.4095760034829809,0.4095760034829809,0.590423996517874,-8.549272401126018e-13,429.31130914095803
9,asr,19,39,117,312,1.1763262818838687,1.1763262818838687,0.40998595061244036,0.40998595061244036,0.5900140493873095,2.5013324744804777e-13,429.29934123535895
9,asr,19,39,117,312,1.1763263302477196,1.1763263302477196,0.40998673265950303,0.40998673265950303,0.5900132673409878,-4.908295991867817e-13,429.29931924806976
9,asr,19,39,117,312,1.17635,1.17635,0.41038606116902066,0.41038606116902066,0.5896139388311566,-1.773026170326375e-13,429.2885628384206
9,asr,19,39,117,312,1.1764,1.1764,0.41132298865220257,0.41132298865220257,0.5886770113480007,-2.032263246576349e-13,429.265909354389
9,asr,19,39,117,312,1.17645,1.17645,0.41238621059684355,0.41238621059684355,0.5876137894027691,3.873568132917171e-13,429.2433483618831
9,asr,19,39,117,312,1.1764999999999999,1.1764999999999999,0.413575227376066,0.413575227376066,0.5864247726243259,-3.9190872769268026e-13,429.22087958231725
9,asr,19,39,117,312,1.17655,1.17655,0.414889592700577,0.414889592700577,0.5851104073002703,-8.473222123939195e-13,429.19850263763294
9,asr,19,39,117,312,1.1765999999999999,1.1765999999999999,0.41632893302034774,0.41632893302034774,0.5836710669799993,-3.470002063465927e-13,429.17621710625133
9,asr,19,39,117,312,1.17665,1.17665,0.4178929188588111,0.4178929188588111,0.5821070811414454,-2.5646151868841116e-13,429.1540226955399
9,asr,19,39,117,312,1.1766999999999999,1.1766999999999999,0.4195812850741756,0.4195812850741756,0.5804187149259917,-1.673106098110111e-13,429.13191909657746
9,asr,19,39,117,312,1.176733215325537,1.176733215325537,0.4207715217163712,0.4207715217163712,0.5792284782838202,-1.91402449445377e-13,429.1172854852318
9,asr,19,39,117,312,1.176733263689388,1.176733263689388,0.42077329655017787,0.42077329655017787,0.5792267034501646,-3.4244829194562953e-13,429.1172641968809
9,asr,19,39,117,312,1.17675,1.17675,0.4213937997515565,0.4213937997515565,0.5786062002489164,-4.728994973390854e-13,429.1099058722216
9,asr,19,39,117,312,1.1767999999999998,1.1767999999999998,0.4233302858601482,0.4233302858601482,0.5766697141408748,-1.0229594948896192e-12,429.08798279909456
9,asr,19,39,117,312,1.17685,1.17685,0.4253905828258846,0.4253905828258846,0.5746094171744928,-3.773648060700907e-13,429.0661494474754
9,asr,19,39,117,312,1.1768999999999998,1.1768999999999998,0.42757457061054865,0.42757457061054865,0.5724254293895599,-1.0852430065710905e-13,429.044405547016
9,asr,19,39,117,312,1.17695,1.17695,0.4298821436725902,0.4298821436725902,0.5701178563278824,-4.725664304316979e-13,429.0227507229861
9,asr,19,39,117,312,1.177,1.177,0.43231321681956747,0.43231321681956747,0.567686783180226,2.0650148258027912e-13,429.00118464064997
9,asr,19,39,117,312,1.17705,1.17705,0.43486769500777794,0.43486769500777794,0.5651323049925331,-3.110289803487376e-13,428.9797069949123
9,asr,19,39,117,312,1.1771,1.1771,0.4375455297905909,0.4375455297905909,0.5624544702098446,-4.355404925604489e-13,428.95831747621077
9,asr,19,39,117,312,1.1771401487672053,1.1771401487672053,0.4397849769548241,0.4397849769548241,0.5602150230459944,-8.184564137536654e-13,428.9412057158369
9,asr,19,39,117,312,1.1771401971310562,1.1771401971310562,0.439787734707851,0.439787734707851,0.5602122652930371,-8.88122908548894e-13,428.94118510757187
9,asr,19,39,117,312,1.17715,1.17715,0.4403466099865047,0.4403466099865047,0.5596533900140676,-5.722644580430369e-13,428.9370156752761
9,asr,19,39,117,312,1.1772,1.1772,0.44327084650554727,0.44327084650554727,0.5567291534946368,-1.8407497748285095e-13,428.9158012435803
9,asr,19,39,117,312,1.17725,1.17725,0.446318103221545,0.446318103221545,0.553681896778852,-3.9707126475718724e-13,428.89467411706084
9,asr,19,39,117,312,1.1773,1.1773,0.44948822206026257,0.44948822206026257,0.5505117779395889,1.4849232954361469e-13,428.87363364107773
9,asr,19,39,117,312,1.17735,1.17735,0.4527809843928443,0.4527809843928443,0.547219015607339,-1.8329782136561334e-13,428.8526796723272
9,asr,19,39,117,312,1.1774,1.1774,0.45619615240583705,0.45619615240583705,0.5438038475944036,-2.406408405875027e-13,428.8318118920848
9,asr,19,39,117,312,1.1774499999999999,1.1774499999999999,0.45973337608265374,0.45973337608265374,0.5402666239169321,4.141131881851834e-13,428.8110298987483
9,asr,19,39,117,312,1.1775,1.1775,0.46339226307496806,0.46339226307496806,0.5366077369249415,9.048317650695026e-14,428.7903334962574
9,asr,19,39,117,312,1.1775499999999999,1.1775499999999999,0.467172325691745,0.467172325691745,0.532827674308427,-1.72029057665668e-13,428.7697222241794
9,asr,19,39,117,312,1.1775508062253948,1.1775508062253948,0.4672342664463242,0.4672342664463242,0.5327657335537405,-6.467049118441537e-14,428.76939059096856
9,asr,19,39,117,312,1.1775508545892457,1.1775508545892457,0.4672379787763699,0.4672379787763699,0.5327620212245362,-9.061085215478215e-13,428.76937068455686
9,asr,19,39,117,312,1.1776,1.1776,0.4710729653490704,0.4710729653490704,0.5289270346511035,-1.7386092565629951e-13,428.74919585564277
9,asr,19,39,117,312,1.1776499999999999,1.1776499999999999,0.4750934640123637,0.4750934640123637,0.5249065359880887,-4.5236037138352003e-13,428.72875411960365
9,asr,19,39,117,312,1.1777,1.1777,0.4792329866857122,0.4792329866857122,0.5207670133148985,-6.106781746950674e-13,428.70839667281916
9,asr,19,39,117,312,1.1777499999999999,1.1777499999999999,0.48349053112128065,0.48349053112128065,0.5165094688779318,7.875367025178548e-13,428.6881231935147
9,asr,19,39,117,312,1.1778,1.1778,0.48786498601867356,0.48786498601867356,0.5121350139818495,-5.230260669009112e-13,428.6679333536665
9,asr,19,39,117,312,1.1778499999999998,1.1778499999999998,0.49235499462004484,0.49235499462004484,0.5076450053791539,8.012479568719755e-13,428.6478268758219
9,asr,19,39,117,312,1.1779,1.1779,0.4969590188437889,0.4969590188437889,0.5030409811562649,-5.384581669432009e-14,428.62780340853004
9,asr,19,39,117,312,1.1779499999999998,1.1779499999999998,0.501675346321933,0.501675346321933,0.4983246536795865,-1.5194512315019892e-12,428.60786276824365
9,asr,19,39,117,312,1.177957788030914,1.177957788030914,0.5024199536064429,0.5024199536064429,0.49758004639435927,-8.021361352916756e-13,428.604764259214
9,asr,19,39,117,312,1.177957836394765,1.177957836394765,0.5024245752096472,0.5024245752096472,0.49757542479121236,-8.595346656647962e-13,428.60474500439614
9,asr,19,39,117,312,1.178,1.178,0.5065019899788469,0.5065019899788469,0.49349801002155114,-3.980149543281186e-13,428.5880045465313
9,asr,19,39,117,312,1.17805,1.17805,0.5114367168450911,0.5114367168450911,0.48856328315524455,-3.356204203441848e-13,428.5682285616958
9,asr,19,39,117,312,1.1781,1.1781,0.5164770191568071,0.5164770191568071,0.4835229808443242,-1.1313172620930345e-12,428.5485343624594
9,asr,19,39,117,312,1.17815,1.17815,0.5216200889202969,0.5216200889202969,0.4783799110809911,-1.2879697308676441e-12,428.5289216837803
9,asr,19,39,117,312,1.1782,1.1782,0.5268628114867285,0.5268628114867285,0.47313718851406716,-7.956968417488497e-13,428.5093903002215
9,asr,19,39,117,312,1.17825,1.17825,0.532201670523645,0.532201670523645,0.4677983294768643,-5.092593013955593e-13,428.4899399976437
9,asr,19,39,117,312,1.1783,1.1783,0.5376328429060534,0.5376328429060534,0.46236715709486925,-9.227063557659676e-13,428.4705703254811
9,asr,19,39,117,312,1.17835,1.17835,0.543152033005073,0.543152033005073,0.45684796699364066,1.2863043963307064e-12,428.45128111685597
9,asr,19,39,117,312,1.1783647214725825,1.1783647214725825,0.5447931545013335,0.5447931545013335,0.45520684549830664,3.5982328228101323e-13,428.4456170538965
9,asr,19,39,117,312,1.1783647698364335,1.1783647698364335,0.54479854192753,0.54479854192753,0.455201458074337,-1.8669510382096632e-12,428.4455984054921
9,asr,19,39,117,312,1.1784,1.1784,0.5487545817347615,0.5487545817347615,0.45124541826526215,-2.3647750424515834e-14,428.4320719195935
9,asr,19,39,117,312,1.17845,1.17845,0.5544353206359615,0.5544353206359615,0.44556467936368527,3.532729664357248e-13,428.41294255578197
9,asr,19,39,117,312,1.1784999999999999,1.1784999999999999,0.5601885905808366,0.5601885905808366,0.4398114094202294,-1.0660361482450753e-12,428.39389283838295
9,asr,19,39,117,312,1.17855,1.17855,0.5660082286208885,0.5660082286208885,0.43399177137805744,1.0540457395791236e-12,428.37492233390117
9,asr,19,39,117,312,1.1785999999999999,1.1785999999999999,0.571887495324787,0.571887495324787,0.42811250467604645,-8.33444424586105e-13,428.356030713129
9,asr,19,39,117,312,1.17865,1.17865,0.5778190537617449,0.5778190537617449,0.42218094623851926,-2.6423307986078726e-13,428.33721787558505
9,asr,19,39,117,312,1.1786999999999999,1.1786999999999999,0.5837948892677389,0.5837948892677389,0.41620511073261796,-3.568256801145253e-13,428.3184834577305
9,asr,19,39,117,312,1.17875,1.17875,0.5898063595532778,0.5898063595532778,0.41019364044571266,1.0095257962916548e-12,428.29982724062495
9,asr,19,39,117,312,1.178775378930772,1.178775378930772,0.5928683117211502,0.5928683117211502,0.4071316882778471,1.0027534358414414e-12,428.29038746629635
9,asr,19,39,117,312,1.178775427294623,1.178775427294623,0.5928741486446039,0.5928741486446039,0.40712585135742757,-2.0314860904591114e-12,428.2903695661691
9,asr,19,39,117,312,1.1787999999999998,1.1787999999999998,0.5958440563363129,0.5958440563363129,0.4041559436626651,1.0219602941674566e-12,428.28124877949364
9,asr,19,39,117,312,1.17885,1.17885,0.6018977960364497,0.6018977960364497,0.39810220396393514,-3.8480330033507926e-13,428.26274800814866
9,asr,19,39,117,312,1.1788999999999998,1.1788999999999998,0.6079565326931615,0.6079565326931615,0.39204346730600864,8.29780688604842e-13,428.24432451357785
9,asr,19,39,117,312,1.17895,1.17895,0.6140083510782893,0.6140083510782893,0.3859916489203551,1.3555823130673161e-12,428.2259780295881
9,asr,19,39,117,312,1.1789999999999998,1.1789999999999998,0.6200403725486728,0.6200403725486728,0.37995962745159023,-2.630118345336996e-13,428.20770836213353
9,asr,19,39,117,312,1.17905,1.17905,0.6260386105477673,0.6260386105477673,0.37396138945254126,-3.086420008457935e-13,428.18951525651653
9,asr,19,39,117,312,1.1791,1.1791,0.6319880080038911,0.6319880080038911,0.36801199199397194,2.1369572777985013e-12,428.1713982536011
9,asr,19,39,117,312,1.17915,1.17915,0.6378722658681937,0.6378722658681937,0.3621277341316822,1.241229341530925e-13,428.1533572900779
9,asr,19,39,117,312,1.1791823123724403,1.1791823123724403,0.6416320619319583,0.6416320619319583,0.3583679380679903,5.140332604014475e-14,428.141738629659
9,asr,19,39,117,312,1.1791823607362912,1.1791823607362912,0.6416376441730673,0.6416376441730673,0.35836235582660186,3.3084646133829665e-13,428.14172127811696
9,asr,19,39,117,312,1.1792,1.1792,0.6436736940667119,0.6436736940667119,0.3563263059339677,-6.795675133730583e-13,428.1353920120358
9,asr,19,39,117,312,1.17925,1.17925,0.6493731712676217,0.6493731712676217,0.3506268287331566,-7.783773625646973e-13,428.1175021846424
9,asr,19,39,117,312,1.1793,1.1793,0.6549498947266821,0.6549498947266821,0.34505010527394775,-6.298295218698513e-13,428.09968749436297
9,asr,19,39,117,312,1.17935,1.17935,0.6603812302456055,0.6603812302456055,0.33961876975780503,-3.4104941093460184e-12,428.08194784887166
9,asr,19,39,117,312,1.1794,1.1794,0.6656425243035838,0.6656425243035838,0.33435747569692476,-5.085931675807842e-13,428.0642827803197
9,asr,19,39,117,312,1.1794499999999999,1.1794499999999999,0.6707067472486798,0.6707067472486798,0.3292932527498966,1.4235279621743757e-12,428.046692056737
9,asr,19,39,117,312,1.1795,1.1795,0.6755442412167243,0.6755442412167243,0.3244557587845356,-1.2598810883446276e-12,428.0291755706678
9,asr,19,39,117,312,1.1795499999999999,1.1795499999999999,0.6801223437628329,0.6801223437628329,0.31987765624174386,-4.576672374412283e-12,428.0117328643645
9,asr,19,39,117,312,1.1795892458141086,1.1795892458141086,0.6835106388866599,0.6835106388866599,0.3164893611110222,2.317923630812402e-12,427.99809347336947
9,asr,19,39,117,312,1.1795892941779595,1.1795892941779595,0.6835146793733937,0.6835146793733937,0.3164853206240707,2.5355273436389325e-12,427.99807668899575
9,asr,19,39,117,312,1.1796,1.1796,0.6844048078079787,0.6844048078079787,0.31559519219414095,-2.119637798614349e-12,427.9943638378556
9,asr,19,39,117,312,1.1796499999999999,1.1796499999999999,0.6883512740174818,0.6883512740174818,0.31164872598320403,-6.857847623109592e-13,427.9770682006747
9,asr,19,39,117,312,1.1797,1.1797,0.6919165947815049,0.6919165947815049,0.308083405220551,-2.055910997000865e-12,427.95984564959133
9,asr,19,39,117,312,1.1797499999999999,1.1797499999999999,0.6950498228216986,0.6950498228216986,0.30495017717628414,2.0172752357439094e-12,427.9426960199037
9,asr,19,39,117,312,1.1798,1.1798,0.6976931810268624,0.6976931810268624,0.3023068189743687,-1.231126312006836e-12,427.92561899398095
9,asr,19,39,117,312,1.1798499999999998,1.1798499999999998,0.6997806193282708,0.6997806193282708,0.3002193806742985,-2.5693891458899998e-12,427.90861428036743
9,asr,19,39,117,312,1.1799,1.1799,0.7012361287696717,0.7012361287696717,0.2987638712300853,2.4302782009044677e-13,427.89168175237495
9,asr,19,39,117,312,1.1799499999999998,1.1799499999999998,0.7019714970857849,0.7019714970857849,0.2980285029131116,1.1035616864774056e-12,427.8748210285589
9,asr,19,39,117,312,1.179999951636149,1.179999951636149,0.7018841308218844,0.7018841308218844,0.29811586917583593,2.2797319587652964e-12,427.8580481935515
9,asr,19,39,117,312,1.18,1.18,0.7018836136111077,0.7018836136111077,0.2981163863879627,9.295897385186436e-13,427.85803196286054
9,asr,38,77,231,616,1.16,1.16,0.9977663204150211,0.9977663204150211,0.002233679585089962,-1.1102230246251565e-13,871.9759403223702
9,asr,38,77,231,616,1.1600000483638508,1.1600000483638508,0.9977686708108643,0.9977686708108643,0.0022313291900569244,-9.212630658339549e-13,871.9759341495452
9,asr,38,77,231,616,1.16005,1.16005,0.9995352825660511,0.9995352825660511,0.0004647174365710608,-2.6221247395596947e-12,871.9694784544195
9,asr,38,77,231,616,1.1601,1.1601,0.9999798944002178,0.9999798944002178,2.010560016867213e-05,-3.86468634872017e-13,871.9630233206786
9,asr,38,77,231,616,1.16015,1.16015,0.9990133485715622,0.9990133485715622,0.0009866514296459443,-1.2081446953970953e-12,871.9565744120592
9,asr,38,77,231,616,1.1602,1.1602,0.9963661220738368,0.9963661220738368,0.003633877925167827,9.954259638789154e-13,871.9501319772578
9,asr,38,77,231,616,1.16025,1.16025,0.9913166627656312,0.9913166627656312,0.008683337233836198,5.325739849126876e-13,871.9436958579096
9,asr,38,77,231,616,1.1602999999999999,1.1602999999999999,0.9819060570161028,0.9819060570161028,0.018093942980153994,3.743227949826178e-12,871.9372660971694
9,asr,38,77,231,616,1.16035,1.16035,0.9621349134732987,0.9621349134732987,0.03786508652757249,-8.711920074233603e-13,871.9308425184165
9,asr,38,77,231,616,1.1603999999999999,1.1603999999999999,0.9086770027585915,0.9086770027585915,0.09132299724177287,-3.643751966819764e-13,871.9244251946401
9,asr,38,77,231,616,1.1604069334416682,1.1604069334416682,0.8945640592765776,0.8945640592765776,0.10543594072310948,3.1297187064183163e-13,871.9235357850305
9,asr,38,77,231,616,1.1604069818055192,1.1604069818055192,0.8944558349552479,0.8944558349552479,0.10554416504194673,2.8053115386228455e-12,871.9235296366276
9,asr,38,77,231,616,1.16045,1.16045,0.6895733751502826,0.6895733751502826,0.31042662484730044,2.4169555246089658e-12,871.918014047797
9,asr,38,77,231,616,1.1604999999999999,1.1604999999999999,0.00014089591904905402,0.00014089591904905402,0.9998591040809355,1.546690293202646e-14,871.911608962427
9,asr,38,77,231,616,1.16055,1.16055,0.5873979932649765,0.5873979932649765,0.41260200673352143,1.5020207300153743e-12,871.905209736549
9,asr,38,77,231,616,1.1605999999999999,1.1605999999999999,0.7986829563193177,0.7986829563193177,0.20131704367936623,1.3160583733906606e-12,871.8988166649925
9,asr,38,77,231,616,1.16065,1.16065,0.8438549179198412,0.8438549179198412,0.15614508207778915,2.3695490014574716e-12,871.8924294026398
9,asr,38,77,231,616,1.1606999999999998,1.1606999999999998,0.8370207816066612,0.8370207816066612,0.1629792183938089,-4.700684286262913e-13,871.8860482198224
9,asr,38,77,231,616,1.16075,1.16075,0.795160197386514,0.795160197386514,0.20483980261514076,-1.6547874182037958e-12,871.8796726859413
9,asr,38,77,231,616,1.1607999999999998,1.1607999999999998,0.7142003080028106,0.7142003080028106,0.2857996919978458,-6.564748744608551e-13,871.8733030833741
9,asr,38,77,231,616,1.1608138668833365,1.1608138668833365,0.6836011205824051,0.6836011205824051,0.31639887941807077,-4.758415883543421e-13,871.8715374516952
9,asr,38,77,231,616,1.1608139152471875,1.1608139152471875,0.683487908103457,0.683487908103457,0.31651209189727325,-7.30304705598428e-13,871.871531253304
9,asr,38,77,231,616,1.16085,1.16085,0.5858961001050599,0.5858961001050599,0.41410389989507623,-1.361133428190442e-13,871.8669390673256
9,asr,38,77,231,616,1.1608999999999998,1.1608999999999998,0.4132835884961898,0.4132835884961898,0.5867164115041971,-3.868572129306358e-13,871.8605808035527
9,asr,38,77,231,616,1.16095,1.16095,0.22793719114751998,0.22793719114751998,0.7720628088525683,-8.826273045769994e-14,871.854228128869
9,asr,38,77,231,616,1.161,1.161,0.08272009025155098,0.08272009025155098,0.9172799097480316,4.173744683200198e-13,871.8478810885599
9,asr,38,77,231,616,1.16105,1.16105,0.010544846282320294,0.010544846282320294,0.9894551537176127,6.698287757789245e-14,871.8415396838351
9,asr,38,77,231,616,1.1611,1.1611,0.0031192072887016,0.0031192072887016,0.9968807927113121,-1.3735974163653353e-14,871.8352035751822
9,asr,38,77,231,616,1.16115,1.16115,0.033000324260054045,0.033000324260054045,0.966999675740537,-5.910688605226255e-13,871.8288730667557
9,asr,38,77,231,616,1.1612,1.1612,0.07735323390948777,0.07735323390948777,0.922646766091564,-1.0518114157420655e-12,871.8225479994742
9,asr,38,77,231,616,1.161220848688856,1.161220848688856,0.0968399808140795,0.0968399808140795,0.9031600191856843,2.361583151255786e-13,871.8199121310842
9,asr,38,77,231,616,1.161220897052707,1.161220897052707,0.09688505059930214,0.09688505059930214,0.903114949400676,2.1815882433884326e-14,871.8199060860975
9,asr,38,77,231,616,1.16125,1.16125,0.12363692470481594,0.12363692470481594,0.8763630752946101,5.739575481555903e-13,871.8162282810699
9,asr,38,77,231,616,1.1613,1.1613,0.16659869382938397,0.16659869382938397,0.8334013061700163,5.997424779025096e-13,871.8099138950241
9,asr,38,77,231,616,1.1613499999999999,1.1613499999999999,0.20475142841480343,0.20475142841480343,0.7952485715844159,7.807088309164101e-13,871.8036047926696
9,asr,38,77,231,616,1.1614,1.1614,0.23825199125254157,0.23825199125254157,0.761748008746037,1.4214462940032035e-12,871.7973010094439
9,asr,38,77,231,616,1.1614499999999999,1.1614499999999999,0.26787242587884647,0.26787242587884647,0.7321275741202389,9.146572388374352e-13,871.7910023121276
9,asr,38,77,231,616,1.1615,1.1615,0.2945590504401882,0.2945590504401882,0.7054409495595728,2.3897550605056495e-13,871.784708897417
9,asr,38,77,231,616,1.1615499999999999,1.1615499999999999,0.31926759702017654,0.31926759702017654,0.6807324029804332,-6.097899962753672e-13,871.7784206402661
9,asr,38,77,231,616,1.1616,1.1616,0.34292185638443134,0.34292185638443134,0.6570781436128907,2.677913446547109e-12,871.7721374593165
9,asr,38,77,231,616,1.1616315061470455,1.1616315061470455,0.35769267363378304,0.35769267363378304,0.6423073263642971,1.919853165333052e-12,871.7681808943444
9,asr,38,77,231,616,1.1616315545108964,1.1616315545108964,0.35771533671716504,0.35771533671716504,0.6422846632815741,1.2608802890667903e-12,871.7681747597015
9,asr,38,77,231,616,1.1616499999999998,1.1616499999999998,0.3664267791742659,0.3664267791742659,0.6335732208233951,2.33901786828028e-12,871.7658592525434
9,asr,38,77,231,616,1.1617,1.1617,0.3907076183233648,0.3907076183233648,0.6092923816770142,-3.789746294557972e-13,871.7595861285276
9,asr,38,77,231,616,1.1617499999999998,1.1617499999999998,0.4167658930117646,0.4167658930117646,0.5832341069892532,-1.017741446673881e-12,871.7533179979949
9,asr,38,77,231,616,1.1618,1.1618,0.4457517673441056,0.4457517673441056,0.5542482326576921,-1.7976731214730535e-12,871.7470548155125
9,asr,38,77,231,616,1.1618499999999998,1.1618499999999998,0.47905586707655295,0.47905586707655295,0.5209441329224265,1.0205725153866751e-12,871.7407966272026
9,asr,38,77,231,616,1.1619,1.1619,0.5184212075237031,0.5184212075237031,0.4815787924698278,6.469047519885862e-12,871.7345432735971
9,asr,38,77,231,616,1.1619499999999998,1.1619499999999998,0.566063308414243,0.566063308414243,0.43393669159073794,-4.980904577678302e-12,871.728294919759
9,asr,38,77,231,616,1.162,1.162,0.6247219452223566,0.6247219452223566,0.3752780547833595,-5.716094264585081e-12,871.7220510749744
9,asr,38,77,231,616,1.1620384395887138,1.1620384395887138,0.6792020519151192,0.6792020519151192,0.32079794808839546,-3.514633029055858e-12,871.7172541836917
9,asr,38,77,231,616,1.1620384879525647,1.1620384879525647,0.6792764061066886,0.6792764061066886,0.32072359388465466,8.656741989909733e-12,871.7172482280985
9,asr,38,77,231,616,1.16205,1.16205,0.6973874489257287,0.6973874489257287,0.3026125510709085,3.3627545192871366e-12,871.7158120260502
9,asr,38,77,231,616,1.1621,1.1621,0.785867417555748,0.785867417555748,0.21413258245029648,-6.04438721296674e-12,871.7095780304641
9,asr,38,77,231,616,1.16215,1.16215,0.8859236418615006,0.8859236418615006,0.11407635813315206,5.347278175804604e-12,871.7033485524111
9,asr,38,77,231,616,1.1622,1.1622,0.9747156888340831,0.9747156888340831,0.025284311183893175,-1.7976287125520685e-11,871.6971237873621
9,asr,38,77,231,616,1.16225,1.16225,0.9931692716827479,0.9931692716827479,0.00683072832533258,-8.080536240129277e-12,871.6909036691654
9,asr,38,77,231,616,1.1622999999999999,1.1622999999999999,0.8678816719501662,0.8678816719501662,0.13211832804104698,8.786860128395801e-12,871.68468809397
9,asr,38,77,231,616,1.16235,1.16235,0.6176061746865944,0.6176061746865944,0.3823938253131325,2.731148640577885e-13,871.6784772327514
9,asr,38,77,231,616,1.1623999999999999,1.1623999999999999,0.366170642852503,0.366170642852503,0.6338293571586769,-1.1179945857975326e-11,871.6722708243765
9,asr,38,77,231,616,1.162445373030382,1.162445373030382,0.20466729048840854,0.20466729048840854,0.7953327095048572,6.734224289317581e-12,871.6666428492372
9,asr,38,77,231,616,1.162445421394233,1.162445421394233,0.2045319832343023,0.2045319832343023,0.7954680167645104,1.187300258109758e-12,871.6666367931836
9,asr,38,77,231,616,1.16245,1.16245,0.19205353537476147,0.19205353537476147,0.8079464646258397,-6.012135234101379e-13,871.6660690088494
9,asr,38,77,231,616,1.1624999999999999,1.1624999999999999,0.0922905648925027,0.0922905648925027,0.9077094351101976,-2.700339951644537e-12,871.6598717104027
9,asr,38,77,231,616,1.16255,1.16255,0.040218687185680946,0.040218687185680946,0.9597813128149242,-6.051270595719416e-13,871.6536789041346
9,asr,38,77,231,616,1.1625999999999999,1.1625999999999999,0.014835144241616877,0.014835144241616877,0.9851648557588332,-4.5004625026656697e-13,871.6474904711182
9,asr,38,77,231,616,1.16265,1.16265,0.0037411491973259,0.0037411491973259,0.9962588508025706,1.0350531196023915e-13,871.6413065014332
9,asr,38,77,231,616,1.1626999999999998,1.1626999999999998,0.00018966588888626014,0.00018966588888626014,0.9998103341110935,2.0193834668683075e-14,871.6351270123879
9,asr,38,77,231,616,1.16275,1.16275,0.0005694233878691666,0.0005694233878691666,0.9994305766121652,-3.433343019609847e-14,871.6289516533989
9,asr,38,77,231,616,1.1627999999999998,1.1627999999999998,0.0029373819204950354,0.0029373819204950354,0.9970626180794168,8.820201513604076e-14,871.6227806771893
9,asr,38,77,231,616,1.16285,1.16285,0.006237865153047006,0.006237865153047006,0.9937621348475023,-5.493158011793398e-13,871.6166140258215
9,asr,38,77,231,616,1.1628560788524225,1.1628560788524225,0.006671520844781634,0.006671520844781634,0.9933284791552502,-3.187727859454981e-14,871.615864600451
9,asr,38,77,231,616,1.1628561272162734,1.1628561272162734,0.006674984513282857,0.006674984513282857,0.9933250154868872,-1.7008790209604996e-13,871.6158586400065
9,asr,38,77,231,616,1.1628999999999998,1.1628999999999998,0.009894128696739387,0.009894128696739387,0.9901058713032346,2.6038199374411874e-14,871.6104516827008
9,asr,38,77,231,616,1.16295,1.16295,0.013592457438336737,0.013592457438336737,0.9864075425617828,-1.1949469191918638e-13,871.6042936620977
9,asr,38,77,231,616,1.1629999999999998,1.1629999999999998,0.01716591148778568,0.01716591148778568,0.9828340885121196,9.470202400052585e-14,871.598139637036
9,asr,38,77,231,616,1.16305,1.16305,0.020530545346923453,0.020530545346923453,0.9794694546526789,3.9767494852682717e-13,871.5919900869064
9,asr,38,77,231,616,1.1631,1.1631,0.02364954199488607,0.02364954199488607,0.9763504580051316,-1.7718465583627108e-14,871.5858444426339
9,asr,38,77,231,616,1.16315,1.16315,0.02651272828791357,0.02651272828791357,0.9734872717124564,-3.6998529240328537e-13,871.5797030210377
9,asr,38,77,231,616,1.1632,1.1632,0.02912481545270711,0.02912481545270711,0.970875184547492,-1.9910809112566596e-13,871.57356588302
9,asr,38,77,231,616,1.16325,1.16325,0.03149837651223501,0.03149837651223501,0.9685016234876119,1.5305812173238564e-13,871.5674327225998
9,asr,38,77,231,616,1.1632630122940908,1.1632630122940908,0.03207897385241006,0.03207897385241006,0.967921026147416,1.7389562012581905e-13,871.5658371988991
9,asr,38,77,231,616,1.1632630606579417,1.1632630606579417,0.03208111137937191,0.03208111137937191,0.9679188886213788,-7.506703592063957e-13,871.5658313464991
9,asr,38,77,231,616,1.1633,1.1633,0.033649924244405285,0.033649924244405285,0.9663500757553947,2.000483112496454e-13,871.5613035935442
9,asr,38,77,231,616,1.1633499999999999,1.1633499999999999,0.03559741961581841,0.03559741961581841,0.9644025803842328,-5.117434254131581e-14,871.5551786009661
9,asr,38,77,231,616,1.1634,1.1634,0.03735897921192229,0.03735897921192229,0.9626410207878016,2.7614716069379597e-13,871.5490575121947
9,asr,38,77,231,616,1.1634499999999999,1.1634499999999999,0.03895210416798539,0.03895210416798539,0.9610478958318233,1.9134693829414573e-13,871.5429405301584
9,asr,38,77,231,616,1.1635,1.1635,0.040393217766589655,0.040393217766589655,0.9596067822336235,-2.1315588183412615e-13,871.5368275109334
9,asr,38,77,231,616,1.1635499999999999,1.1635499999999999,0.041697603110291886,0.041697603110291886,0.958302396889569,1.3913870056114774e-13,871.5307183999273
9,asr,38,77,231,616,1.1636,1.1636,0.04287921348815802,0.04287921348815802,0.9571207865121558,-3.1383923237982003e-13,871.5246132226522
9,asr,38,77,231,616,1.1636499999999999,1.1636499999999999,0.043950781245425626,0.043950781245425626,0.9560492187546928,-1.184677356214081e-13,871.518512029064
9,asr,38,77,231,616,1.163669945735759,1.163669945735759,0.044350141469915734,0.044350141469915734,0.9556498585302868,-2.0256712973676372e-13,871.5160791472692
9,asr,38,77,231,616,1.16366999409961,1.16366999409961,0.044351096452738444,0.044351096452738444,0.9556489035471475,1.1406847688633093e-13,871.5160732086277
9,asr,38,77,231,616,1.1637,1.1637,0.04492382446034429,0.04492382446034429,0.9550761755395368,1.1887713036173864e-13,871.5124146052394
9,asr,38,77,231,616,1.1637499999999998,1.1637499999999998,0.045808770150959195,0.045808770150959195,0.9541912298490485,-7.667477763817487e-15,871.5063210926708
9,asr,38,77,231,616,1.1638,1.1638,0.04661503545917377,0.04661503545917377,0.9533849645409496,-1.2333190024804708e-13,871.500231438753
9,asr,38,77,231,616,1.1638499999999998,1.1638499999999998,0.04735109773300531,0.04735109773300531,0.9526489022672888,-2.941327736927235e-13,871.4941457409628
9,asr,38,77,231,616,1.1639,1.1639,0.04802459780423949,0.04802459780423949,0.9519754021959955,-2.350133976314339e-13,871.4880636035039
9,asr,38,77,231,616,1.1639499999999998,1.1639499999999998,0.04864242573053719,0.04864242573053719,0.9513575742700545,-5.91707238761785e-13,871.481985279086
9,asr,38,77,231,616,1.164,1.164,0.049210795144753926,0.049210795144753926,0.9507892048548986,3.474789900259623e-13,871.4759107461426
9,asr,38,77,231,616,1.16405,1.16405,0.049735304987698487,0.049735304987698487,0.9502646950125229,-2.2135071553464059e-13,871.4698400315211
9,asr,38,77,231,616,1.1640806515577995,1.1640806515577995,0.05003736645912458,0.05003736645912458,0.9499626335409074,-3.1953606427492787e-14,871.4661202537533
9,asr,38,77,231,616,1.1640806999216504,1.1640806999216504,0.050037836043333235,0.050037836043333235,0.9499621639565996,6.716155409591806e-14,871.4661144075078
9,asr,38,77,231,616,1.1641,1.1641,0.050221032571967056,0.050221032571967056,0.9497789674281173,-8.434919429589627e-14,871.4637727917832
9,asr,38,77,231,616,1.16415,1.16415,0.050672545244732095,0.050672545244732095,0.9493274547551199,1.4797885139472555e-13,871.457709641167
9,asr,38,77,231,616,1.1642,1.1642,0.05109399260532503,0.05109399260532503,0.9489060073947264,-5.144495940356819e-14,871.4516499587842
9,asr,38,77,231,616,1.16425,1.16425,0.051489136634910976,0.051489136634910976,0.9485108633648361,2.5288104943399503e-13,871.4455939745521
9,asr,38,77,231,616,1.1643,1.1643,0.05186138669325892,0.05186138669325892,0.9481386133064448,2.9630464748464647e-13,871.439541513567
9,asr,38,77,231,616,1.16435,1.16435,0.052213844373916574,0.052213844373916574,0.9477861556260249,5.856426454897701e-14,871.4334927241013
9,asr,38,77,231,616,1.1643999999999999,1.1643999999999999,0.05254932665458362,0.05254932665458362,0.9474506733455392,-1.2284617767477357e-13,871.4274475352071
9,asr,38,77,231,616,1.16445,1.16445,0.05287042124138892,0.05287042124138892,0.9471295787584489,1.621411338526002e-13,871.4214060287787
9,asr,38,77,231,616,1.164487584999468,1.164487584999468,0.053103747202679234,0.053103747202679234,0.9468962527975661,-2.4529683839702443e-13,871.4168668133541
9,asr,38,77,231,616,1.164487633363319,1.164487633363319,0.05310404300529523,0.05310404300529523,0.9468959569947224,-1.7631729409828267e-14,871.416861025271
9,asr,38,77,231,616,1.1644999999999999,1.1644999999999999,0.053179481066733696,0.053179481066733696,0.9468205189332526,1.371819324802459e-14,871.4153678805893
9,asr,38,77,231,616,1.16455,1.16455,0.05347866471250739,0.05347866471250739,0.9465213352875949,-1.0224460167407301e-13,871.4093334154261
9,asr,38,77,231,616,1.1645999999999999,1.1645999999999999,0.05376994822726589,0.05376994822726589,0.9462300517729453,-2.1117135817760868e-13,871.4033025236904
9,asr,38,77,231,616,1.16465,1.16465,0.05405515558095414,0.05405515558095414,0.9459448444190044,4.1466829969749597e-14,871.3972751969094
9,asr,38,77,231,616,1.1646999999999998,1.1646999999999998,0.05433595849070832,0.05433595849070832,0.9456640415092809,1.0831613383999183e-14,871.3912510615797
9,asr,38,77,231,616,1.16475,1.16475,0.054613918012805435,0.054613918012805435,0.9453860819873315,-1.369737656631287e-13,871.3852306206979
9,asr,38,77,231,616,1.1647999999999998,1.1647999999999998,0.05489046186926768,0.05489046186926768,0.9451095381304665,2.65822086564782e-13,871.3792135877212
9,asr,38,77,231,616,1.16485,1.16485,0.055166926139514356,0.055166926139514356,0.9448330738605222,-3.653327640407156e-14,871.3731998624673
9,asr,38,77,231,616,1.1648945184411363,1.1648945184411363,0.055414028032335284,0.055414028032335284,0.9445859719672915,3.7316677525822683e-13,871.3678484577055
9,asr,38,77,231,616,1.1648945668049873,1.1648945668049873,0.055414293564716874,0.055414293564716874,0.9445857064352393,4.381217610927024e-14,871.3678428070097
9,asr,38,77,231,616,1.1648999999999998,1.1648999999999998,0.05544455526547608,0.05544455526547608,0.9445554447345245,-5.412337245047638e-16,871.3671897326329
9,asr,38,77,231,616,1.16495,1.16495,0.0557245146834236,0.0557245146834236,0.9442754853167533,-1.769140389740187e-13,871.3611830343299
9,asr,38,77,231,616,1.165,1.165,0.05600789074355128,0.05600789074355128,0.9439921092563143,1.3444800828210646e-13,871.3551794750625
9,asr,38,77,231,616,1.16505,1.16505,0.056295713122246474,0.056295713122246474,0.9437042868778396,-8.605616219625745e-14,871.349179442815
9,asr,38,77,231,616,1.1651,1.1651,0.05658894516403133,0.05658894516403133,0.9434110548359457,2.2995494397548555e-14,871.3431828386737
9,asr,38,77,231,616,1.16515,1.16515,0.05688850728534893,0.05688850728534893,0.9431114927145056,1.4550860516493458e-13,871.3371896010681
9,asr,38,77,231,616,1.1652,1.1652,0.05719527209652693,0.05719527209652693,0.9428047279033873,8.575085086448553e-14,871.3311994999647
9,asr,38,77,231,616,1.16525,1.16525,0.05751007260541573,0.05751007260541573,0.9424899273943758,2.0851376181241221e-13,871.3252127505574
9,asr,38,77,231,616,1.1653,1.1653,0.057833711336068815,0.057833711336068815,0.9421662886638811,5.0105752880114096e-14,871.319229444564
9,asr,38,77,231,616,1.1653051758993258,1.1653051758993258,0.05786775074169695,0.05786775074169695,0.9421322492582921,1.0963452368173421e-14,871.3186102304304
9,asr,38,77,231,616,1.1653052242631767,1.1653052242631767,0.0578680690521288,0.0578680690521288,0.9421319309478614,9.7907792984131e-15,871.3186043828948
9,asr,38,77,231,616,1.1653499999999999,1.1653499999999999,0.05816695837363291,0.05816695837363291,0.9418330416262296,1.3748724381201782e-13,871.3132492603489
9,asr,38,77,231,616,1.1654,1.1654,0.05851056199836146,0.05851056199836146,0.9414894380014625,1.7608831059945373e-13,871.3072723133902
9,asr,38,77,231,616,1.1654499999999999,1.1654499999999999,0.058865244366558246,0.058865244366558246,0.9411347556335022,-6.048633816035931e-14,871.3012986511885
9,asr,38,77,231,616,1.1655,1.1655,0.0592317143390463,0.0592317143390463,0.9407682856609539,-2.42861286636753e-16,871.2953281570285
9,asr,38,77,231,616,1.1655499999999999,1.1655499999999999,0.05961066220865517,0.05961066220865517,0.940389337791274,7.08461067588928e-14,871.2893609861779
9,asr,38,77,231,616,1.1656,1.1656,0.06000277686798893,0.06000277686798893,0.93999722313216,-1.489849910107921e-13,871.2833969628308
9,asr,38,77,231,616,1.1656499999999999,1.1656499999999999,0.06040872689803675,0.06040872689803675,0.9395912731019465,1.6792123247455493e-14,871.2774361025879
9,asr,38,77,231,616,1.1657,1.1657,0.06082918829372749,0.06082918829372749,0.9391708117061808,9.173217740965356e-14,871.2714783719523
9,asr,38,77,231,616,1.165712157704845,1.165712157704845,0.060933696512150394,0.060933696512150394,0.9390663034878629,-1.3301859613790157e-14,871.2700301789049
9,asr,38,77,231,616,1.165712206068696,1.165712206068696,0.06093411025397494,0.06093411025397494,0.9390658897457724,2.5263124925345437e-13,871.270024479671
9,asr,38,77,231,616,1.1657499999999998,1.1657499999999998,0.061264826939275124,0.061264826939275124,0.9387351730607593,-3.4389158187764224e-14,871.2655238173487
9,asr,38,77,231,616,1.1658,1.1658,0.06171631154031116,0.06171631154031116,0.9382836884598984,-2.095615347919022e-13,871.2595724392547
9,asr,38,77,231,616,1.1658499999999998,1.1658499999999998,0.06218430816310491,0.06218430816310491,0.9378156918366759,2.1918578063662153e-13,871.2536242029344
9,asr,38,77,231,616,1.1659,1.1659,0.06266949253023506,0.06266949253023506,0.9373305074697225,4.247990847972005e-14,871.2476792651992
9,asr,38,77,231,616,1.1659499999999998,1.1659499999999998,0.06317255989980174,0.06317255989980174,0.9368274401001278,7.051303985150525e-14,871.2417370787448
9,asr,38,77,231,616,1.166,1.166,0.06369418815738584,0.06369418815738584,0.936305811842585,2.917110997202599e-14,871.2357980980202
9,asr,38,77,231,616,1.16605,1.16605,0.06423508856334946,0.06423508856334946,0.9357649114365298,1.2069512056456233e-13,871.2298621656862
9,asr,38,77,231,616,1.1661,1.1661,0.06479597953350012,0.06479597953350012,0.9352040204664337,6.618317005546714e-14,871.2239293696057
9,asr,38,77,231,616,1.1661190911465134,1.1661190911465134,0.06501556660374165,0.06501556660374165,0.9349844333962614,-3.011479954295737e-15,871.2216648095041
9,asr,38,77,231,616,1.1661191395103643,1.1661191395103643,0.06501612995200892,0.06501612995200892,0.9349838700477914,1.9970136655445003e-13,871.2216591649884
9,asr,38,77,231,616,1.16615,1.16615,0.06537759222971419,0.06537759222971419,0.9346224077702069,7.892297926304082e-14,871.2179995136075
9,asr,38,77,231,616,1.1662,1.1662,0.06598068150735063,0.06598068150735063,0.9340193184925704,7.90062459898877e-14,871.2120727637226
9,asr,38,77,231,616,1.16625,1.16625,0.0666060149986406,0.0666060149986406,0.9333939850014835,-1.241229341530925e-13,871.20614910146
9,asr,38,77,231,616,1.1663,1.1663,0.06725439011196582,0.06725439011196582,0.9327456098880095,2.4702462297909733e-14,871.2002281846652
9,asr,38,77,231,616,1.16635,1.16635,0.067926622642374,0.067926622642374,0.9320733773574194,2.0665413824616508e-13,871.1943105918962
9,asr,38,77,231,616,1.1663999999999999,1.1663999999999999,0.068623559870011,0.068623559870011,0.9313764401299801,8.895661984809067e-15,871.1883956716079
9,asr,38,77,231,616,1.16645,1.16645,0.06934607307068354,0.06934607307068354,0.9306539269292419,7.45931094670027e-14,871.1824839418161
9,asr,38,77,231,616,1.1664999999999999,1.1664999999999999,0.07009506552673563,0.07009506552673563,0.9299049344732356,2.874089854998374e-14,871.1765749451713
9,asr,38,77,231,616,1.1665297486047028,1.1665297486047028,0.07055364156526565,0.07055364156526565,0.9294463584348304,-9.602041384226823e-14,871.1730606679738
9,asr,38,77,231,616,1.1665297969685537,1.1665297969685537,0.07055439362467962,0.07055439362467962,0.9294456063753236,-3.2057689836051395e-15,871.173055044236
9,asr,38,77,231,616,1.16655,1.16655,0.07087147437657672,0.07087147437657672,0.9291285256235178,-9.449385718340864e-14,871.1706690205401
9,asr,38,77,231,616,1.1665999999999999,1.1665999999999999,0.07167626629301747,0.07167626629301747,0.9283237337070476,-6.504519145522636e-14,871.1647660815161
9,asr,38,77,231,616,1.16665,1.16665,0.07251045935396953,0.07251045935396953,0.9274895406459626,6.790401574363614e-14,871.1588659518383
9,asr,38,77,231,616,1.1666999999999998,1.1666999999999998,0.07337510071972249,0.07337510071972249,0.9266248992803877,-1.102035129818546e-13,871.1529687026745
9,asr,38,77,231,616,1.16675,1.16675,0.07427128270699984,0.07427128270699984,0.9257287172931603,-1.6014967130217883e-13,871.1470744941522
9,asr,38,77,231,616,1.1667999999999998,1.1667999999999998,0.07520014123412268,0.07520014123412268,0.9247998587658882,-1.0894063429134349e-14,871.1411829713542
9,asr,38,77,231,616,1.16685,1.16685,0.07616285891001102,0.07616285891001102,0.923837141090064,-7.500944310123714e-14,871.1352943875913
9,asr,38,77,231,616,1.1668999999999998,1.1668999999999998,0.0771606776602986,0.0771606776602986,0.9228393223396942,7.16093850883226e-15,871.1294085880758
9,asr,38,77,231,616,1.1669366820463711,1.1669366820463711,0.07791578378215534,0.07791578378215534,0.9220842162179236,-7.892297926304082e-14,871.1250925029992
9,asr,38,77,231,616,1.166936730410222,1.166936730410222,0.07791679717822322,0.07791679717822322,0.9220832028218497,-7.296940829348841e-14,871.1250867524171
9,asr,38,77,231,616,1.16695,1.16695,0.07819488838664489,0.07819488838664489,0.921805111613449,-9.391099009548043e-14,871.1235259133329
9,asr,38,77,231,616,1.1669999999999998,1.1669999999999998,0.07926684237418684,0.07926684237418684,0.9207331576257294,8.378020499577588e-14,871.117645843024
9,asr,38,77,231,616,1.16705,1.16705,0.08037793978822273,0.08037793978822273,0.9196220602118793,-1.020433737508597e-13,871.1117685755466
9,asr,38,77,231,616,1.1671,1.1671,0.08152966531187035,0.08152966531187035,0.9184703346880863,4.3395842475035806e-14,871.1058941157416
9,asr,38,77,231,616,1.16715,1.16715,0.0827235483900067,0.0827235483900067,0.9172764516099811,1.2240208846492351e-14,871.1000224899033
9,asr,38,77,231,616,1.1672,1.1672,0.0839612168909919,0.0839612168909919,0.9160387831089322,7.593925488436071e-14,871.0941536337392
9,asr,38,77,231,616,1.16725,1.16725,0.08524434379171336,0.08524434379171336,0.9147556562080985,1.8812729152273278e-13,871.0882876027302
9,asr,38,77,231,616,1.1673,1.1673,0.08657471468522189,0.08657471468522189,0.913425285314796,-1.7943979635504093e-14,871.0824242724808
9,asr,38,77,231,616,1.1673436638518904,1.1673436638518904,0.0877765772373715,0.0877765772373715,0.9122234227624879,1.4058199049316045e-13,871.0773063960874
9,asr,38,77,231,616,1.1673437122157413,1.1673437122157413,0.08777793009462836,0.08777793009462836,0.9122220699051979,1.7369439220260574e-13,871.0773005333851
9,asr,38,77,231,616,1.1673499999999999,1.1673499999999999,0.08795416907261717,0.08795416907261717,0.9120458309274873,-1.0443035325380379e-13,871.0765638294148
9,asr,38,77,231,616,1.1674,1.1674,0.08938465620706443,0.08938465620706443,0.9106153437929231,1.2490009027033011e-14,871.0707060093707
9,asr,38,77,231,616,1.1674499999999999,1.1674499999999999,0.09086821235385453,0.09086821235385453,0.9091317876462217,-7.624456621613263e-14,871.0648510415613
9,asr,38,77,231,616,1.1675,1.1675,0.09240697965113485,0.09240697965113485,0.9075930203487045,1.6066314945106797e-13,871.058998485575
9,asr,38,77,231,616,1.1675499999999999,1.1675499999999999,0.09400320517070399,0.09400320517070399,0.9059967948292196,7.643885524544203e-14,871.0531488686021
9,asr,38,77,231,616,1.1676,1.1676,0.0956592278544767,0.0956592278544767,0.9043407721455835,-6.020184351029911e-14,871.0473021028318
9,asr,38,77,231,616,1.1676499999999999,1.1676499999999999,0.09737753760061793,0.09737753760061793,0.9026224623994396,-5.748179709996748e-14,871.0414577837407
9,asr,38,77,231,616,1.1677,1.1677,0.09916072701248853,0.09916072701248853,0.9008392729875668,-5.535849556537187e-14,871.035616150571
9,asr,38,77,231,616,1.1677499999999998,1.1677499999999998,0.10101152182266317,0.10101152182266317,0.8989884781773505,-1.366962099069724e-14,871.0297772651646
9,asr,38,77,231,616,1.1677543213100798,1.1677543213100798,0.10117474219661211,0.10117474219661211,0.8988252578033312,5.666300761930643e-14,871.0292728945524
9,asr,38,77,231,616,1.1677543696739308,1.1677543696739308,0.10117656787059351,0.10117656787059351,0.8988234321292599,1.4663270597736755e-13,871.0292671451623
9,asr,38,77,231,616,1.1678,1.1678,0.10293279213612026,0.10293279213612026,0.8970672078640431,-1.6341095143701523e-13,871.0239409911445
9,asr,38,77,231,616,1.1678499999999998,1.1678499999999998,0.10492755069837684,0.10492755069837684,0.89507244930176,-1.3683498778505054e-13,871.0181075996671
9,asr,38,77,231,616,1.1679,1.1679,0.10699896861686016,0.10699896861686016,0.8930010313832379,-9.81020820134404e-14,871.0122766234321
9,asr,38,77,231,616,1.1679499999999998,1.1679499999999998,0.10915037809954034,0.10915037809954034,0.8908496219002696,1.9004242624021117e-13,871.0064482469884
9,asr,38,77,231,616,1.168,1.168,0.11138530805271868,0.11138530805271868,0.8886146919473957,-1.1440848268762238e-13,871.0006224274332
9,asr,38,77,231,616,1.16805,1.16805,0.11370741420719947,0.11370741420719947,0.8862925857930224,-2.2186419368352972e-13,870.9947994184627
9,asr,38,77,231,616,1.1681,1.1681,0.11612061410817881,0.11612061410817881,0.8838793858918871,-6.589173651150304e-14,870.9889787961855
9,asr,38,77,231,616,1.16815,1.16815,0.11862897237035301,0.11862897237035301,0.8813710276297863,-1.3926360065141807e-13,870.9831609058813
9,asr,38,77,231,616,1.1681612547517484,1.1681612547517484,0.11920713622271978,0.11920713622271978,0.8807928637772529,2.736699755701011e-14,870.9818517779516
9,asr,38,77,231,616,1.1681613031155993,1.1681613031155993,0.11920963428595306,0.11920963428595306,0.8807903657139188,1.281613704051665e-13,870.981846141367
9,asr,38,77,231,616,1.1682,1.1682,0.12123678394218965,0.12123678394218965,0.878763216057783,2.7394753132625738e-14,870.9773456586549
9,asr,38,77,231,616,1.16825,1.16825,0.12394861568180478,0.12394861568180478,0.876051384318072,1.2327638909681582e-13,870.971532947154
9,asr,38,77,231,616,1.1683,1.1683,0.12676919043564377,0.12676919043564377,0.8732308095642063,1.499356194756274e-13,870.9657227504813
9,asr,38,77,231,616,1.16835,1.16835,0.12970356572551986,0.12970356572551986,0.8702964342743927,8.740230761361545e-14,870.9599151146099
9,asr,38,77,231,616,1.1683999999999999,1.1683999999999999,0.13275701298847886,0.13275701298847886,0.8672429870114787,4.241051954068098e-14,870.9541099395182
9,asr,38,77,231,616,1.16845,1.16845,0.1359350808845717,0.1359350808845717,0.864064919115329,9.928169397710462e-14,870.9483073946975
9,asr,38,77,231,616,1.1684999999999999,1.1684999999999999,0.13924369055919833,0.13924369055919833,0.8607563094407139,8.776313009661862e-14,870.9425073916746
9,asr,38,77,231,616,1.16855,1.16855,0.14268895305885151,0.14268895305885151,0.8573110469412613,-1.1277090372630028e-13,870.9367098489661
9,asr,38,77,231,616,1.1685681881934167,1.1685681881934167,0.1439773678604968,0.1439773678604968,0.8560226321395472,-4.4020342926387457e-14,870.9346016945522
9,asr,38,77,231,616,1.1685682365572676,1.1685682365572676,0.1439808343779045,0.1439808343779045,0.8560191656219502,1.4527268277220173e-13,870.9345958897851
9,asr,38,77,231,616,1.1685999999999999,1.1685999999999999,0.14627737786383588,0.14627737786383588,0.8537226221360544,1.0969003483296547e-13,870.9309148967965
9,asr,38,77,231,616,1.16865,1.16865,0.1500158036772444,0.1500158036772444,0.8499841963226509,1.0472178679776789e-13,870.9251224234124
9,asr,38,77,231,616,1.1686999999999999,1.1686999999999999,0.15391140194494407,0.15391140194494407,0.846088598055212,-1.5604184611106575e-13,870.9193322615478
9,asr,38,77,231,616,1.16875,1.16875,0.15797174412966372,0.15797174412966372,0.8420282558704235,-8.723577415992168e-14,870.9135447883315
9,asr,38,77,231,616,1.1687999999999998,1.1687999999999998,0.16220475318653937,0.16220475318653937,0.8377952468137793,-3.1863400806741993e-13,870.9077598266853
9,asr,38,77,231,616,1.16885,1.16885,0.16661875033387905,0.16661875033387905,0.8333812496660173,1.0361156377314273e-13,870.9019770227206
9,asr,38,77,231,616,1.1688999999999998,1.1688999999999998,0.17122245673277994,0.17122245673277994,0.828777543267313,-9.295342273674123e-14,870.896196906817
9,asr,38,77,231,616,1.16895,1.16895,0.17602503831094632,0.17602503831094632,0.8239749616891276,-7.396860901565105e-14,870.8904191786219
9,asr,38,77,231,616,1.168978894015457,1.168978894015457,0.1788947550411289,0.1788947550411289,0.8211052449589247,-5.35682609381638e-14,870.8870814738083
9,asr,38,77,231,616,1.168978942379308,1.168978942379308,0.17889964175700387,0.17889964175700387,0.8211003582431372,-1.4108159085424177e-13,870.8870758828988
9,asr,38,77,231,616,1.169,1.169,0.18103607351098405,0.18103607351098405,0.8189639264892206,-2.0461410343841635e-13,870.8846439317157
9,asr,38,77,231,616,1.16905,1.16905,0.18626556815056314,0.18626556815056314,0.813734431849586,-1.491862189340054e-13,870.8788712589942
9,asr,38,77,231,616,1.1691,1.1691,0.1917238275793265,0.1917238275793265,0.8082761724206916,-1.8096635301390052e-14,870.873100703152
9,asr,38,77,231,616,1.16915,1.16915,0.19742171339984182,0.19742171339984182,0.8025782866003639,-2.057243264630415e-13,870.867332820692
9,asr,38,77,231,616,1.1692,1.1692,0.20337042852730877,0.20337042852730877,0.7966295714727928,-1.015576511775862e-13,870.8615672206597
9,asr,38,77,231,616,1.16925,1.16925,0.20958138343677704,0.20958138343677704,0.790418616563462,-2.3905877277741183e-13,870.8558039386838
9,asr,38,77,231,616,1.1693,1.1693,0.21606638442248136,0.21606638442248136,0.7839336155776744,-1.5573653477929383e-13,870.8500432574887
9,asr,38,77,231,616,1.16935,1.16935,0.22283735066375426,0.22283735066375426,0.7771626493363354,-8.965050923848139e-14,870.8442846169187
9,asr,38,77,231,616,1.1693858274571254,1.1693858274571254,0.22787165001894086,0.22787165001894086,0.7721283499814084,-3.493039191226899e-13,870.8401599994581
9,asr,38,77,231,616,1.1693858758209763,1.1693858758209763,0.22787855177936714,0.22787855177936714,0.772121448220375,2.5787705304480824e-13,870.8401544315421
9,asr,38,77,231,616,1.1694,1.1694,0.229906306160464,0.229906306160464,0.7700936938397231,-1.8715584637618576e-13,870.8385286512816
9,asr,38,77,231,616,1.1694499999999999,1.1694499999999999,0.23728505369444622,0.23728505369444622,0.7627149463054427,1.1110556918936254e-13,870.8327750815077
9,asr,38,77,231,616,1.1695,1.1695,0.24498511417316024,0.24498511417316024,0.7550148858268841,-4.438116540939063e-14,870.8270236875275
9,asr,38,77,231,616,1.1695499999999999,1.1695499999999999,0.25301720659466265,0.25301720659466265,0.7469827934052296,1.078026556911027e-13,870.8212747800458
9,asr,38,77,231,616,1.1696,1.1696,0.2613910438785097,0.2613910438785097,0.7386089561217399,-2.4963364708696645e-13,870.8155281359659
9,asr,38,77,231,616,1.1696499999999999,1.1696499999999999,0.2701141398623717,0.2701141398623717,0.7298858601377346,-1.0630385460785874e-13,870.8097837169187
9,asr,38,77,231,616,1.1697,1.1697,0.27919167795448013,0.27919167795448013,0.7208083220453188,2.011169009108471e-13,870.8040417914866
9,asr,38,77,231,616,1.1697499999999998,1.1697499999999998,0.28862448965461485,0.28862448965461485,0.7113755103451187,2.6645352591003757e-13,870.7983021566589
9,asr,38,77,231,616,1.1697927608987937,1.1697927608987937,0.29697003701710994,0.29697003701710994,0.7030299629825881,3.019251515468113e-13,870.7933953447119
9,asr,38,77,231,616,1.1697928092626446,1.1697928092626446,0.29697965605481225,0.29697965605481225,0.703020343944962,2.2570834090629432e-13,870.7933898107441
9,asr,38,77,231,616,1.1698,1.1698,0.2984078113332995,0.2984078113332995,0.7015921886666554,4.5075054799781356e-14,870.7925648866784
9,asr,38,77,231,616,1.1698499999999998,1.1698499999999998,0.3085283398927985,0.3085283398927985,0.6914716601070394,1.6209256159527285e-13,870.7868298379043
9,asr,38,77,231,616,1.1699,1.1699,0.31896051933281916,0.31896051933281916,0.6810394806668519,3.289035710452026e-13,870.7810971624119
9,asr,38,77,231,616,1.1699499999999998,1.1699499999999998,0.3296611544966123,0.3296611544966123,0.6703388455034694,-8.176792576364278e-14,870.775366660066
9,asr,38,77,231,616,1.17,1.17,0.3405606486062873,0.3405606486062873,0.6594393513938076,-9.492406860545088e-14,870.769638490537
9,asr,38,77,231,616,1.17005,1.17005,0.35154983217571445,0.35154983217571445,0.6484501678242837,1.887379141862766e-15,870.7639126933633
9,asr,38,77,231,616,1.1701,1.1701,0.3624593097950178,0.3624593097950178,0.637540690204945,3.7247982476174e-14,870.7581890991636
9,asr,38,77,231,616,1.17015,1.17015,0.3730250885848438,0.3730250885848438,0.6269749114155933,-4.3703929364369287e-13,870.7524677380218
9,asr,38,77,231,616,1.1702,1.1702,0.38282965908198197,0.38282965908198197,0.6171703409180274,-9.325873406851315e-15,870.7467485230991
9,asr,38,77,231,616,1.170203466720834,1.170203466720834,0.38346622224288396,0.38346622224288396,0.616533777755879,1.2370104940373494e-12,870.7463521187132
9,asr,38,77,231,616,1.170203515084685,1.170203515084685,0.3834750250462182,0.3834750250462182,0.6165249749545685,-7.867040352493859e-13,870.7463466528152
9,asr,38,77,231,616,1.17025,1.17025,0.3911992789882329,0.3911992789882329,0.6088007210115103,2.567945855957987e-13,870.7410317517049
9,asr,38,77,231,616,1.1703,1.1703,0.3970096509677291,0.3970096509677291,0.6029903490306229,1.6480150577535824e-12,870.7353171205438
9,asr,38,77,231,616,1.17035,1.17035,0.3983033953818452,0.3983033953818452,0.6016966046186543,-4.994893387788579e-13,870.7296047652683
9,asr,38,77,231,616,1.1703999999999999,1.1703999999999999,0.3914795539762382,0.3914795539762382,0.6085204460240903,-3.2845948183535256e-13,870.7238947655865
9,asr,38,77,231,616,1.17045,1.17045,0.36945618584789647,0.36945618584789647,0.6305438141523383,-2.3475665855698935e-13,870.7181867103483
9,asr,38,77,231,616,1.1704999999999999,1.1704999999999999,0.31734364739358817,0.31734364739358817,0.6826563526034589,2.95291568974676e-12,870.7124810108531
9,asr,38,77,231,616,1.17055,1.17055,0.20462517645341158,0.20462517645341158,0.7953748235428809,3.707506524008863e-12,870.7067775276092
9,asr,38,77,231,616,1.1705999999999999,1.1705999999999999,0.023235331624526023,0.023235331624526023,0.9767646683735364,1.9376063253861986e-12,870.7010762721762
9,asr,38,77,231,616,1.1706104001625024,1.1706104001625024,0.002062586965226973,0.002062586965226973,0.9979374130341249,6.481620795639742e-13,870.6998905769735
9,asr,38,77,231,616,1.1706104485263533,1.1706104485263533,0.002013786788585219,0.002013786788585219,0.9979862132121992,-7.84376903706363e-13,870.6998852386445
9,asr,38,77,231,616,1.17065,1.17065,0.21661700088400387,0.21661700088400387,0.7833829991213476,-5.351441512146948e-12,870.6953770927859
9,asr,38,77,231,616,1.1706999999999999,1.1706999999999999,0.7209367498166156,0.7209367498166156,0.2790632501929658,-9.581335724817563e-12,870.6896802189685
9,asr,38,77,231,616,1.17075,1.17075,0.864097256255504,0.864097256255504,0.1359027437258712,1.862476839420424e-11,870.6839855250367
9,asr,38,77,231,616,1.1707999999999998,1.1707999999999998,0.8514743754248784,0.8514743754248784,0.14852562457153717,3.5844660573047804e-12,870.6782928851343
9,asr,38,77,231,616,1.17085,1.17085,0.7304405775487147,0.7304405775487147,0.26955942243531555,1.596978105311564e-11,870.6726025096114
9,asr,38,77,231,616,1.1708999999999998,1.1708999999999998,0.46929215405122593,0.46929215405122593,0.5307078459577343,-8.960276964842251e-12,870.6669142370432
9,asr,38,77,231,616,1.17095,1.17095,0.15134628360131303,0.15134628360131303,0.8486537163942895,4.397426867086551e-12,870.6612282121486
9,asr,38,77,231,616,1.1709999999999998,1.1709999999999998,0.0026204972534091715,0.0026204972534091715,0.99737950274667,-7.91484933149178e-14,870.6555442344525
9,asr,38,77,231,616,1.171017333604171,1.171017333604171,0.002806894835549546,0.002806894835549546,0.9971931051637823,6.681087974524935e-13,870.6535742572262
9,asr,38,77,231,616,1.1710173819680219,1.1710173819680219,0.0028361928769409326,0.0028361928769409326,0.9971638071230281,3.0966548769661983e-14,870.653568816899
9,asr,38,77,231,616,1.17105,1.17105,0.04814174899880598,0.04814174899880598,0.9518582510020023,-8.082562397149218e-13,870.6498624707821
9,asr,38,77,231,616,1.1711,1.1711,0.16343830743688345,0.16343830743688345,0.8365616925610851,2.0314028237322646e-12,870.6441827485696
9,asr,38,77,231,616,1.17115,1.17115,0.2793587015164976,0.2793587015164976,0.7206412984834877,1.4710455076283324e-14,870.6385052626624
9,asr,38,77,231,616,1.1712,1.1712,0.37888049048703604,0.37888049048703604,0.6211195095146996,-1.7356671655477385e-12,870.6328299359587
9,asr,38,77,231,616,1.17125,1.17125,0.46200899702477005,0.46200899702477005,0.5379910029748101,4.198863479132342e-13,870.6271565526284
9,asr,38,77,231,616,1.1713,1.1713,0.5320674619624578,0.5320674619624578,0.46793253803639745,1.144750960690999e-12,870.6214853726163
9,asr,38,77,231,616,1.17135,1.17135,0.5921871928616859,0.5921871928616859,0.4078128071371151,1.199040866595169e-12,870.6158163252346
9,asr,38,77,231,616,1.1714,1.1714,0.6447146493900011,0.6447146493900011,0.35528535060886307,1.1357581541915351e-12,870.6101493287406
9,asr,38,77,231,616,1.1714279910623602,1.1714279910623602,0.6714420562855571,0.6714420562855571,0.3285579437137248,7.180922523275513e-13,870.6069777157999
9,asr,38,77,231,616,1.171428039426211,1.171428039426211,0.6714867250176793,0.6714867250176793,0.3285132749820181,3.0264679651281767e-13,870.6069722715381
9,asr,38,77,231,616,1.1714499999999999,1.1714499999999999,0.6912951015223282,0.6912951015223282,0.3087048984789136,-1.2417844530432376e-12,870.6044844390559
9,asr,38,77,231,616,1.1715,1.1715,0.7330546811305576,0.7330546811305576,0.2669453188684212,1.021183138050219e-12,870.5988215604765
9,asr,38,77,231,616,1.1715499999999999,1.1715499999999999,0.7707556116039634,0.7707556116039634,0.22924438839739947,-1.3629097850298422e-12,870.5931609059322
9,asr,38,77,231,616,1.1716,1.1716,0.8049090833076104,0.8049090833076104,0.1950909166929235,-5.339062525422378e-13,870.5875022526216
9,asr,38,77,231,616,1.1716499999999999,1.1716499999999999,0.835854675013874,0.835854675013874,0.16414532498582465,3.013145288832675e-13,870.5818457054213
9,asr,38,77,231,616,1.1717,1.1717,0.863815769451065,0.863815769451065,0.13618423054834833,5.867528685143952e-13,870.5761912916106
9,asr,38,77,231,616,1.1717499999999998,1.1717499999999998,0.8889384990775668,0.8889384990775668,0.11106150092206858,3.645972412869014e-13,870.5705387755618
9,asr,38,77,231,616,1.1718,1.1718,0.9113200754821095,0.9113200754821095,0.08867992451844109,-5.505595979116151e-13,870.564888344716
9,asr,38,77,231,616,1.1718349728678796,1.1718349728678796,0.9253831523085573,0.9253831523085573,0.074616847691374,6.872280522429719e-14,870.5609375032678
9,asr,38,77,231,616,1.1718350212317306,1.1718350212317306,0.9254016895332539,0.9254016895332539,0.07459831046890333,-2.157163336846679e-12,870.5609320180877
9,asr,38,77,231,616,1.1718499999999998,1.1718499999999998,0.9310289969485216,0.9310289969485216,0.06897100305002916,1.4492851363456793e-12,870.559239943823
9,asr,38,77,231,616,1.1719,1.1719,0.9481201961839404,0.9481201961839404,0.05187980381615593,-9.636735853746359e-14,870.5535936538016
9,asr,38,77,231,616,1.1719499999999998,1.1719499999999998,0.9626457665073047,0.9626457665073047,0.03735423349145777,1.237565605549662e-12,870.5479493843198
9,asr,38,77,231,616,1.172,1.172,0.974662915123241,0.974662915123241,0.025337084878293288,-1.5343282200319663e-12,870.5423071471962
9,asr,38,77,231,616,1.17205,1.17205,0.9842391281208084,0.9842391281208084,0.01576087187678781,2.403854892918389e-12,870.5366669987789
9,asr,38,77,231,616,1.1721,1.1721,0.9914556459947588,0.9914556459947588,0.008544354005368862,-1.27675647831893e-13,870.5310289077037
9,asr,38,77,231,616,1.17215,1.17215,0.9964090291366566,0.9964090291366566,0.0035909708668201614,-3.4767744239161402e-12,870.5253927141831
9,asr,38,77,231,616,1.1722,1.1722,0.9992115937166213,0.9992115937166213,0.000788406282140529,1.238231739364437e-12,870.5197584738354
9,asr,38,77,231,616,1.172241906309548,1.172241906309548,0.9999961995861267,0.9999961995861267,3.800411136594717e-06,2.736699755701011e-12,870.5150377367546
9,asr,38,77,231,616,1.1722419546733989,1.1722419546733989,0.9999963150811133,0.9999963150811133,3.684917127601422e-06,1.759037360216098e-12,870.5150324258431
9,asr,38,77,231,616,1.17225,1.17225,0.9999907921501848,0.9999907921501848,9.207848757935073e-06,1.0572653863505366e-12,870.5141262541575
9,asr,38,77,231,616,1.1723,1.1723,0.998887876616243,0.998887876616243,0.0011121233856433046,-1.886268918838141e-12,870.5084962038804
9,asr,38,77,231,616,1.17235,1.17235,0.9960560663764804,0.9960560663764804,0.0039439336260268364,-2.507216656510991e-12,870.502867827204
9,asr,38,77,231,616,1.1723999999999999,1.1723999999999999,0.9916585088607978,0.9916585088607978,0.008341491139920887,-7.186473638398638e-13,870.4972417416673
9,asr,38,77,231,616,1.17245,1.17245,0.9858662613932992,0.9858662613932992,0.014133738603573615,3.1271651934616784e-12,870.4916174593129
9,asr,38,77,231,616,1.1724999999999999,1.1724999999999999,0.9788566102593677,0.9788566102593677,0.021143389741729614,-1.0972334152370422e-12,870.4859952819177
9,asr,38,77,231,616,1.17255,1.17255,0.9708116179936469,0.9708116179936469,0.02918838200911355,-2.7604585284279892e-12,870.4803748807095
9,asr,38,77,231,616,1.1725999999999999,1.1725999999999999,0.9619176617841694,0.9619176617841694,0.03808233821417684,1.6537882174816332e-12,870.4747565673282
9,asr,38,77,231,616,1.17265,1.17265,0.9523659116214797,0.9523659116214797,0.04763408838099773,-2.4773516571485743e-12,870.4691403083465
9,asr,38,77,231,616,1.1726525637677374,1.1726525637677374,0.9518620219858185,0.9518620219858185,0.04813797801258649,1.5950574194789624e-12,870.4688523871863
9,asr,38,77,231,616,1.1726526121315883,1.1726526121315883,0.9518524983287813,0.9518524983287813,0.04814750167698481,-5.766054300693213e-12,870.4688469703889
9,asr,38,77,231,616,1.1726999999999999,1.1726999999999999,0.9423540318799832,0.9423540318799832,0.05764596811993535,8.137934770502397e-14,870.4635259224867
9,asr,38,77,231,616,1.17275,1.17275,0.9320902148171452,0.9320902148171452,0.06790978518204777,8.070211166000263e-13,870.4579134698406
9,asr,38,77,231,616,1.1727999999999998,1.1727999999999998,0.9218002005879138,0.9218002005879138,0.07819979940731253,4.773736961283248e-12,870.452302843644
9,asr,38,77,231,616,1.17285,1.17285,0.9117388757396157,0.9117388757396157,0.08826112426081716,-4.32764934998886e-13,870.4466943300142
9,asr,38,77,231,616,1.1728999999999998,1.1728999999999998,0.9022103751367948,0.9022103751367948,0.09778962486156305,1.642130875723069e-12,870.4410876684619
9,asr,38,77,231,616,1.17295,1.17295,0.8936023946412858,0.8936023946412858,0.1063976053545714,4.142797216388772e-12,870.4354831545711
9,asr,38,77,231,616,1.173,1.173,0.8864478494551017,0.8864478494551017,0.11355215055053991,-5.641598299632733e-12,870.4298802857139
9,asr,38,77,231,616,1.17305,1.17305,0.8815421765539826,0.8815421765539826,0.11845782345531694,-9.299561121167699e-12,870.4242793495331
9,asr,38,77,231,616,1.1730594972094057,1.1730594972094057,0.8809589850113927,0.8809589850113927,0.11904101498648446,2.122857445385762e-12,870.4232157386639
9,asr,38,77,231,616,1.1730595455732566,1.1730595455732566,0.8809563481016828,0.8809563481016828,0.1190436518970586,1.25865984301754e-12,870.4232103994067
9,asr,38,77,231,616,1.1731,1.1731,0.8801822676978268,0.8801822676978268,0.11981773229878227,3.3909541841126156e-12,870.4186804967368
9,asr,38,77,231,616,1.17315,1.17315,0.8846965021248678,0.8846965021248678,0.1153034978790849,-3.952727034572945e-12,870.4130834970471
9,asr,38,77,231,616,1.1732,1.1732,0.8997240919785973,0.8997240919785973,0.10027590801739338,4.009348408828828e-12,870.4074883012901
9,asr,38,77,231,616,1.17325,1.17325,0.9351946544890627,0.9351946544890627,0.0648053455159929,-5.055622587235575e-12,870.4018950969515
9,asr,38,77,231,616,1.1733,1.1733,0.9972922524596465,0.9972922524596465,0.002707747529505404,1.0848100195914867e-11,870.396303757307
9,asr,38,77,231,616,1.17335,1.17335,0.2860876472524215,0.2860876472524215,0.7139123527463422,1.236288849071343e-12,870.390714402229
9,asr,38,77,231,616,1.1734,1.1734,0.2545948946477253,0.2545948946477253,0.7454051053403585,1.1916190256755499e-11,870.385126713509
9,asr,38,77,231,616,1.1734499999999999,1.1734499999999999,0.45718014093221926,0.45718014093221926,0.5428198590631317,4.649058915617843e-12,870.3795410441584
9,asr,38,77,231,616,1.173466479014925,1.173466479014925,0.48749172119847795,0.48749172119847795,0.5125082788047809,-3.258837644182222e-12,870.3777005382817
9,asr,38,77,231,616,1.1734665273787759,1.1734665273787759,0.48756685947928174,0.48756685947928174,0.5124331405194594,1.2588263764712337e-12,870.3776950523184
9,asr,38,77,231,616,1.1735,1.1735,0.5264289069967134,0.5264289069967134,0.4735710930053192,-2.0325963134837366e-12,870.3739572656315
9,asr,38,77,231,616,1.1735499999999999,1.1735499999999999,0.5553499606937677,0.5553499606937677,0.4446500393150899,-8.857581335064424e-12,870.3683753256473
9,asr,38,77,231,616,1.1736,1.1736,0.5679637884929998,0.5679637884929998,0.4320362115064646,5.355715870791755e-13,870.3627951975028
9,asr,38,77,231,616,1.1736499999999999,1.1736499999999999,0.572616173660054,0.572616173660054,0.42738382633546373,4.4823034173191445e-12,870.3572170875697
9,asr,38,77,231,616,1.1737,1.1737,0.5729062986260769,0.5729062986260769,0.4270937013751378,-1.2146950112423838e-12,870.3516407005839
9,asr,38,77,231,616,1.1737499999999998,1.1737499999999998,0.5706277116169997,0.5706277116169997,0.42937228838489666,-1.89637194836223e-12,870.3460661876109
9,asr,38,77,231,616,1.1738,1.1738,0.5667705165941928,0.5667705165941928,0.43322948340206024,3.747002708109903e-12,870.3404935591961
9,asr,38,77,231,616,1.1738499999999998,1.1738499999999998,0.5619233103199642,0.5619233103199642,0.43807668967800234,2.0333734696009742e-12,870.3349228587075
9,asr,38,77,231,616,1.1738771364731144,1.1738771364731144,0.5590154934435353,0.5590154934435353,0.4409845065557718,6.928901896685602e-13,870.3319000765019
9,asr,38,77,231,616,1.1738771848369653,1.1738771848369653,0.5590102267711956,0.5590102267711956,0.44098977322774335,1.0610401446342621e-12,870.3318946625674
9,asr,38,77,231,616,1.1739,1.1739,0.5564567012227051,0.5564567012227051,0.4435432987781017,-8.067990719951013e-13,870.3293537860071
9,asr,38,77,231,616,1.1739499999999998,1.1739499999999998,0.5506142246141812,0.5506142246141812,0.4493857753855232,2.9554136915521667e-13,870.3237869063828
9,asr,38,77,231,616,1.174,1.174,0.544561476032961,0.544561476032961,0.4554385239649035,2.1355139878664886e-12,870.3182214351995
9,asr,38,77,231,616,1.17405,1.17405,0.5384140562220376,0.5384140562220376,0.46158594377702383,9.385825450181073e-13,870.3126579258288
9,asr,38,77,231,616,1.1741,1.1741,0.5322542999191658,0.5322542999191658,0.46774570008233146,-1.4973577933119486e-12,870.3070963862832
9,asr,38,77,231,616,1.17415,1.17415,0.5261416306089063,0.5261416306089063,0.4738583693912219,-1.2823075934420558e-13,870.3015364946501
9,asr,38,77,231,616,1.1742,1.1742,0.5201194726993554,0.5201194726993554,0.4798805273007565,-1.1191048088221578e-13,870.2959783397055
9,asr,38,77,231,616,1.17425,1.17425,0.5142195760704202,0.5142195760704202,0.4857804239284327,1.1470824290427117e-12,870.2904222559046
9,asr,38,77,231,616,1.1742840699147827,1.1742840699147827,0.5102817015390538,0.5102817015390538,0.48971829845976783,1.1782796960346786e-12,870.2866372590274
9,asr,38,77,231,616,1.1742841182786337,1.1742841182786337,0.5102761573114656,0.5102761573114656,0.48972384268785324,6.812328479099961e-13,870.2866318004027
9,asr,38,77,231,616,1.1743,1.1743,0.508465349981452,0.508465349981452,0.49153465001855023,-2.220446049250313e-15,870.2848678188832
9,asr,38,77,231,616,1.17435,1.17435,0.5028737917866375,0.5028737917866375,0.4971262082149291,-1.5665246877460959e-12,870.279315209653
9,asr,38,77,231,616,1.1743999999999999,1.1743999999999999,0.4974571747084652,0.4974571747084652,0.5025428252917042,-1.694200335577989e-13,870.2737645234627
9,asr,38,77,231,616,1.17445,1.17445,0.4922242207398821,0.4922242207398821,0.5077757792606062,-4.883315973813751e-13,870.2682154245985
9,asr,38,77,231,616,1.1744999999999999,1.1744999999999999,0.4871807771426538,0.4871807771426538,0.5128192228571394,2.067790383364354e-13,870.2626682432502
9,asr,38,77,231,616,1.17455,1.17455,0.48233070492005964,0.48233070492005964,0.5176692950795386,4.017342014606129e-13,870.2571227714885
9,asr,38,77,231,616,1.1745999999999999,1.1745999999999999,0.4776760607698701,0.4776760607698701,0.5223239392308286,-6.987743716990735e-13,870.251579008919
9,asr,38,77,231,616,1.17465,1.17465,0.47321772294934317,0.47321772294934317,0.5267822770510621,-4.0523140398818214e-13,870.2460372397345
9,asr,38,77,231,616,1.1746910033564513,1.1746910033564513,0.46970798766625566,0.46970798766625566,0.5302920123336353,1.0902390101819037e-13,870.241493702373
9,asr,38,77,231,616,1.1746910517203022,1.1746910517203022,0.46970392820396656,0.46970392820396656,0.5302960717963168,-2.8332891588433995e-13,870.2414884415105
9,asr,38,77,231,616,1.1746999999999999,1.1746999999999999,0.4689555170010164,0.4689555170010164,0.5310444829996417,-6.580846978465615e-13,870.2404969857052
9,asr,38,77,231,616,1.17475,1.17475,0.46488853000480246,0.46488853000480246,0.5351114699947246,4.729550084903167e-13,870.2349586658146
9,asr,38,77,231,616,1.1747999999999998,1.1747999999999998,0.4610152449132458,0.4610152449132458,0.538984755086795,-4.08006961549745e-14,870.2294220456716
9,asr,38,77,231,616,1.17485,1.17485,0.4573337275770642,0.4573337275770642,0.542666272422773,1.628142065612792e-13,870.2238871783186
9,asr,38,77,231,616,1.1748999999999998,1.1748999999999998,0.4538416868927715,0.4538416868927715,0.5461583131082367,-1.0081935286621047e-12,870.2183542901458
9,asr,38,77,231,616,1.17495,1.17495,0.4505366051925512,0.4505366051925512,0.549463394807205,2.4386048735891563e-13,870.2128228892288
9,asr,38,77,231,616,1.1749999999999998,1.1749999999999998,0.4474157666284768,0.4474157666284768,0.55258423337184,-3.168576512280197e-13,870.2072932713885
9,asr,38,77,231,616,1.17505,1.17505,0.4444763986367412,0.4444763986367412,0.5555236013640961,-8.372746940210618e-13,870.2017653814288
9,asr,38,77,231,616,1.1751,1.1751,0.44171565014635567,0.44171565014635567,0.5582843498542018,-5.574984918155224e-13,870.1962393351797
9,asr,38,77,231,616,1.1751017091784917,1.1751017091784917,0.4416243920302923,0.4416243920302923,0.558375607969633,7.466249840604178e-14,870.1960504411129
9,asr,38,77,231,616,1.1751017575423426,1.1751017575423426,0.4416218136439039,0.4416218136439039,0.5583781863564705,-3.7442271505483404e-13,870.1960450558132
9,asr,38,77,231,616,1.17515,1.17515,0.43913059131159937,0.43913059131159937,0.5608694086874658,9.348077867343818e-13,870.1907150360132
9,asr,38,77,231,616,1.1752,1.1752,0.436718409226953,0.436718409226953,0.5632815907733455,-2.9848346017047334e-13,870.1851922796808
9,asr,38,77,231,616,1.17525,1.17525,0.43447626775107967,0.43447626775107967,0.5655237322482812,6.390998841254714e-13,870.1796714770188
9,asr,38,77,231,616,1.1753,1.1753,0.43240131658166486,0.43240131658166486,0.5675986834184314,-9.631184738623233e-14,870.174152287096
9,asr,38,77,231,616,1.17535,1.17535,0.43049085272800913,0.43049085272800913,0.5695091472718822,1.0869083411080283e-13,870.1686347793003
9,asr,38,77,231,616,1.1754,1.1754,0.4287423045846402,0.4287423045846402,0.5712576954152545,1.053046538856961e-13,870.1631189857674
9,asr,38,77,231,616,1.1754499999999999,1.1754499999999999,0.4271530356601427,0.4271530356601427,0.572846964340265,-4.0772940579358874e-13,870.1576048910213
9,asr,38,77,231,616,1.1755,1.1755,0.42572070645061094,0.42572070645061094,0.5742792935490555,3.335665077486283e-13,870.1520925341409
9,asr,38,77,231,616,1.17550864262016,1.17550864262016,0.425488866700431,0.425488866700431,0.5745111332992643,3.047007091083742e-13,870.1511399403248
9,asr,38,77,231,616,1.175508690984011,1.175508690984011,0.4254875558073373,0.4254875558073373,0.5745124441931017,-4.389821839367869e-13,870.151134612941
9,asr,38,77,231,616,1.1755499999999999,1.1755499999999999,0.424442880050638,0.424442880050638,0.5755571199498617,-4.99711383383783e-13,870.1465818392874
9,asr,38,77,231,616,1.1756,1.1756,0.4233173517957049,0.4233173517957049,0.5766826482047501,-4.550249066426204e-13,870.1410729968776
9,asr,38,77,231,616,1.1756499999999999,1.1756499999999999,0.4223420961370176,0.4223420961370176,0.5776579038627554,2.2698509738461325e-13,870.1355657015279
9,asr,38,77,231,616,1.1757,1.1757,0.42151490558482574,0.42151490558482574,0.578485094414962,2.1227464230832993e-13,870.130060171616
9,asr,38,77,231,616,1.1757499999999999,1.1757499999999999,0.42083399096289054,0.42083399096289054,0.5791660090366583,4.511946372076636e-13,870.1245563521517
9,asr,38,77,231,616,1.1758,1.1758,0.4202976574056463,0.4202976574056463,0.5797023425943623,-8.548717289613705e-15,870.1190543033191
9,asr,38,77,231,616,1.1758499999999998,1.1758499999999998,0.4199040967003829,0.4199040967003829,0.5800959032991088,5.083156118246279e-13,870.1135536758994
9,asr,38,77,231,616,1.1759,1.1759,0.4196517192771289,0.4196517192771289,0.5803482807227843,8.676392937445598e-14,870.1080548742098
9,asr,38,77,231,616,1.1759155760618283,1.1759155760618283,0.4196018053944075,0.4196018053944075,0.580398194605886,-2.935429677108914e-13,870.1063422586785
9,asr,38,77,231,616,1.1759156244256792,1.1759156244256792,0.4196016234402283,0.4196016234402283,0.5803983765589195,8.522627048535014e-13,870.1063367777812
9,asr,38,77,231,616,1.1759499999999998,1.1759499999999998,0.41953921295779956,0.41953921295779956,0.5804607870422125,-1.2045919817182948e-14,870.1025576727928
9,asr,38,77,231,616,1.176,1.176,0.4195651059058324,0.4195651059058324,0.580434894093553,6.146194664324867e-13,870.0970622111562
9,asr,38,77,231,616,1.17605,1.17605,0.4197282013287245,0.4197282013287245,0.580271798671082,1.9345636204093353e-13,870.091568334478
9,asr,38,77,231,616,1.1761,1.1761,0.42002727669617146,0.42002727669617146,0.5799727233038399,-1.1324274851176597e-14,870.0860762210671
9,asr,38,77,231,616,1.17615,1.17615,0.4204614010616145,0.4204614010616145,0.5795385989384445,-5.900835375882707e-14,870.0805857500915
9,asr,38,77,231,616,1.1762,1.1762,0.4210295065913017,0.4210295065913017,0.5789704934086697,2.858824288409778e-14,870.0750970383674
9,asr,38,77,231,616,1.17625,1.17625,0.4217307444273237,0.4217307444273237,0.5782692555728525,-1.7619239400801234e-13,870.069609694611
9,asr,38,77,231,616,1.1763,1.1763,0.4225643219479127,0.4225643219479127,0.5774356780521359,-4.8627768478581856e-14,870.064124269559
9,asr,38,77,231,616,1.1763262818838687,1.1763262818838687,0.42305530724915524,0.42305530724915524,0.5769446927506355,2.0922152899061075e-13,870.0612414634437
9,asr,38,77,231,616,1.1763263302477196,1.1763263302477196,0.42305628293942066,0.42305628293942066,0.5769437170603321,2.4724666758402236e-13,870.0612361055505
9,asr,38,77,231,616,1.17635,1.17635,0.42352954742853693,0.42352954742853693,0.5764704525725948,-1.1317058401516533e-12,870.0586403443118
9,asr,38,77,231,616,1.1764,1.1764,0.42462583941774285,0.42462583941774285,0.5753741605834218,-1.1646794639830205e-12,870.0531580792106
9,asr,38,77,231,616,1.17645,1.17645,0.42585261223260673,0.42585261223260673,0.5741473877675393,-1.4599432773820809e-13,870.0476773988972
9,asr,38,77,231,616,1.1764999999999999,1.1764999999999999,0.42720934894528695,0.42720934894528695,0.572790651054341,3.7203573555188996e-13,870.0421983819513
9,asr,38,77,231,616,1.17655,1.17655,0.4286956820441816,0.4286956820441816,0.5713043179558153,3.1086244689504383e-15,870.0367211329839
9,asr,38,77,231,616,1.1765999999999999,1.1765999999999999,0.4303112016342083,0.4303112016342083,0.5696887983661189,-3.2712721420580237e-13,870.031245380252
9,asr,38,77,231,616,1.17665,1.17665,0.4320555324441969,0.4320555324441969,0.5679444675554827,3.204103649068202e-13,870.0257713416681
9,asr,38,77,231,616,1.1766999999999999,1.1766999999999999,0.4339285329896035,0.4339285329896035,0.5660714670103385,5.800915303666443e-14,870.0202987869808
9,asr,38,77,231,616,1.176733215325537,1.176733215325537,0.4352437529730596,0.4352437529730596,0.5647562470270607,-1.2034817586936697e-13,870.01666436178
9,asr,38,77,231,616,1.176733263689388,1.176733263689388,0.4352457357158491,0.4352457357158491,0.5647542642834428,7.081002451059248e-13,870.0166590794216
9,asr,38,77,231,616,1.17675,1.17675,0.43592993484342096,0.43592993484342096,0.564070065156822,-2.429723089392155e-13,870.0148280331471
9,asr,38,77,231,616,1.1767999999999998,1.1767999999999998,0.4380595046629197,0.4380595046629197,0.5619404953374089,-3.285705041378151e-13,870.0093586952528
9,asr,38,77,231,616,1.17685,1.17685,0.4403170915805532,0.4403170915805532,0.5596829084197484,-3.0164759579065503e-13,870.0038911726757
9,asr,38,77,231,616,1.1768999999999998,1.1768999999999998,0.4427026046842777,0.4427026046842777,0.557297395315704,1.8318679906315083e-14,869.9984250746381
9,asr,38,77,231,616,1.17695,1.17695,0.44521591876639094,0.44521591876639094,0.5547840812329837,6.253331186201194e-13,869.9929606212311
9,asr,38,77,231,616,1.177,1.177,0.44785686222246396,0.44785686222246396,0.5521431377783997,-8.636980020071405e-13,869.9874979217157
9,asr,38,77,231,616,1.17705,1.17705,0.4506253452652728,0.4506253452652728,0.549374654734732,-4.829470157119431e-15,869.9820367585038
9,asr,38,77,231,616,1.1771,1.1771,0.4535211799039421,0.4535211799039421,0.5464788200957854,2.7250424139424467e-13,869.9765769882207
9,asr,38,77,231,616,1.1771401487672053,1.1771401487672053,0.4559387418740648,0.4559387418740648,0.5440612581263,-3.6481928589182644e-13,869.9721943062227
9,asr,38,77,231,616,1.1771401971310562,1.1771401971310562,0.45594169672171975,0.45594169672171975,0.5440583032792197,-9.394152122865762e-13,869.972188863817
9,asr,38,77,231,616,1.17715,1.17715,0.45654438064174274,0.45654438064174274,0.5434556193589318,-6.745715097622451e-13,869.9711189088023
9,asr,38,77,231,616,1.1772,1.1772,0.45969466261060005,0.45969466261060005,0.5403053373894293,-2.936539900133539e-14,869.9656625414597
9,asr,38,77,231,616,1.17725,1.17725,0.4629719100123087,0.4629719100123087,0.5370280899873568,3.344546861683284e-13,869.9602076420505
9,asr,38,77,231,616,1.1773,1.1773,0.46637570724322763,0.46637570724322763,0.5336242927574676,-6.95221658020273e-13,869.9547542883906
9,asr,38,77,231,616,1.17735,1.17735,0.4699059326994268,0.4699059326994268,0.5300940672994289,1.1443068714811488e-12,869.9493024689663
9,asr,38,77,231,616,1.1774,1.1774,0.4735620059503627,0.4735620059503627,0.5264379940488045,8.327782907713299e-13,869.9438525114845
9,asr,38,77,231,616,1.1774499999999999,1.1774499999999999,0.4773436933612268,0.4773436933612268,0.5226563066376917,1.0815237594385962e-12,869.9384039397604
9,asr,38,77,231,616,1.1775,1.1775,0.48125035356710644,0.48125035356710644,0.5187496464314353,1.4582779428451431e-12,869.932956837482
9,asr,38,77,231,616,1.1775499999999999,1.1775499999999999,0.4852813218583884,0.4852813218583884,0.5147186781416936,-8.198997036856781e-14,869.9275114957678
9,asr,38,77,231,616,1.1775508062253948,1.1775508062253948,0.48534736689920316,0.48534736689920316,0.5146526331015113,-7.144840274975195e-13,869.9274236311985
9,asr,38,77,231,616,1.1775508545892457,1.1775508545892457,0.4853513359441189,0.4853513359441189,0.514648664055435,4.4614312244561916e-13,869.9274183279963
9,asr,38,77,231,616,1.1776,1.1776,0.4894358975906222,0.4894358975906222,0.5105641024081539,1.2239098623467726e-12,869.922067728788
9,asr,38,77,231,616,1.1776499999999999,1.1776499999999999,0.49371297259985714,0.49371297259985714,0.5062870273991897,9.531264666406969e-13,869.9166252580235
9,asr,38,77,231,616,1.1777,1.1777,0.4981118294315384,0.4981118294315384,0.5018881705691476,-6.860068069158842e-13,869.9111844745289
9,asr,38,77,231,616,1.1777499999999999,1.1777499999999999,0.5026309555501375,0.5026309555501375,0.4973690444495284,3.340661081097096e-13,869.9057453896708
9,asr,38,77,231,616,1.1778,1.1778,0.5072691016259636,0.5072691016259636,0.49273089837366896,3.674838211509268e-13,869.9003077218675
9,asr,38,77,231,616,1.1778499999999998,1.1778499999999998,0.5120246445969525,0.5120246445969525,0.487975355404124,-1.0764722446765518e-12,869.8948715325832
9,asr,38,77,231,616,1.1779,1.1779,0.5168957092236948,0.5168957092236948,0.4831042907745301,1.7751355940731628e-12,869.8894369380007
9,asr,38,77,231,616,1.1779499999999998,1.1779499999999998,0.5218804034139625,0.5218804034139625,0.47811959658665293,-6.153966225497243e-13,869.8840038783967
9,asr,38,77,231,616,1.177957788030914,1.177957788030914,0.5226668854807691,0.5226668854807691,0.4773331145186088,6.220579606974752e-13,869.883157756907
9,asr,38,77,231,616,1.177957836394765,1.177957836394765,0.5226717666203092,0.5226717666203092,0.4773282333809359,-1.245115122117113e-12,869.8831524475261
9,asr,38,77,231,616,1.178,1.178,0.5269763273694762,0.5269763273694762,0.4730236726304348,8.892886427247504e-14,869.878572389005
9,asr,38,77,231,616,1.17805,1.17805,0.5321807846819515,0.5321807846819515,0.4678192153169427,1.105782132526656e-12,869.8731425448357
9,asr,38,77,231,616,1.1781,1.1781,0.5374910746919856,0.5374910746919856,0.46250892530599236,2.021938172447335e-12,869.8677140622573
9,asr,38,77,231,616,1.17815,1.17815,0.5429039790652908,0.5429039790652908,0.457096020935609,-8.997247391562269e-13,869.8622871350046
9,asr,38,77,231,616,1.1782,1.1782,0.5484159048811865,0.5484159048811865,0.45158409511975955,-9.461320615855584e-13,869.8568619059927
9,asr,38,77,231,616,1.17825,1.17825,0.5540228561232117,0.5540228561232117,0.44597714387805976,-1.2714274078007293e-12,869.8514378558028
9,asr,38,77,231,616,1.1783,1.1783,0.5597206726219581,0.5597206726219581,0.44027932737735337,6.885603198725221e-13,869.8460155782911
9,asr,38,77,231,616,1.17835,1.17835,0.565504447120707,0.565504447120707,0.43449555287863634,6.566969190657801e-13,869.8405947923638
9,asr,38,77,231,616,1.1783647214725825,1.1783647214725825,0.56722318633303,0.56722318633303,0.43277681366760357,-6.336042801535768e-13,869.8389988744121
9,asr,38,77,231,616,1.1783647698364335,1.1783647698364335,0.5672288627027204,0.5672288627027204,0.4327711372988725,-1.5929479957321746e-12,869.8389937701072
9,asr,38,77,231,616,1.1784,1.1784,0.5713693635319743,0.5713693635319743,0.42863063646731364,7.120970479945754e-13,869.8351755174207
9,asr,38,77,231,616,1.17845,1.17845,0.5773093568089476,0.5773093568089476,0.42269064319230554,-1.2531087278944142e-12,869.8297575840631
9,asr,38,77,231,616,1.1784999999999999,1.1784999999999999,0.5833185601171791,0.5833185601171791,0.4166814398820195,8.01358979174438e-13,869.8243413302308
9,asr,38,77,231,616,1.17855,1.17855,0.58939013997194,0.58939013997194,0.4106098600285603,-5.003775171985581e-13,869.8189265048088
9,asr,38,77,231,616,1.1785999999999999,1.1785999999999999,0.5955169139186789,0.5955169139186789,0.4044830860806458,6.752376435770202e-13,869.8135133828812
9,asr,38,77,231,616,1.17865,1.17865,0.6016908812920513,0.6016908812920513,0.3983091187099921,-2.0433654768226006e-12,869.8081014374133
9,asr,38,77,231,616,1.1786999999999999,1.1786999999999999,0.6079037652311663,0.6079037652311663,0.39209623476833105,5.027089855502709e-13,869.8026911953984
9,asr,38,77,231,616,1.17875,1.17875,0.6141461544964161,0.6141461544964161,0.3858538455047173,-1.1334266858398223e-12,869.7972824307517
9,asr,38,77,231,616,1.178775378930772,1.178775378930772,0.6173230360871516,0.6173230360871516,0.38267696391539113,-2.5426327709965335e-12,869.7945375693681
9,asr,38,77,231,616,1.178775427294623,1.178775427294623,0.6173289950221379,0.6173289950221379,0.382671004977385,4.771738559838923e-13,869.79453231007
9,asr,38,77,231,616,1.1787999999999998,1.1787999999999998,0.6204083413514146,0.6204083413514146,0.3795916586473488,1.2365664048274994e-12,869.7918750019444
9,asr,38,77,231,616,1.17885,1.17885,0.6266797467677016,0.6266797467677016,0.3733202532327465,-4.4797499043625066e-13,869.7864692465862
9,asr,38,77,231,616,1.1788999999999998,1.1788999999999998,0.6329485747354453,0.6329485747354453,0.3670514252628576,1.6970869154420143e-12,869.7810649077512
9,asr,38,77,231,616,1.17895,1.17895,0.6392027188617171,0.6392027188617171,0.36079728113888365,-6.007416786246722e-13,869.7756619855518
9,asr,38,77,231,616,1.1789999999999998,1.1789999999999998,0.645428924881773,0.645428924881773,0.35457107511820374,2.3314683517128287e-14,869.7702606698718
9,asr,38,77,231,616,1.17905,1.17905,0.6516128385598888,0.6516128385598888,0.34838716144276843,-2.657318809440312e-12,869.7648608186175
9,asr,38,77,231,616,1.1791,1.1791,0.6577393279620154,0.6577393279620154,0.3422606720384254,-4.4075854077618715e-13,869.7594624170043
9,asr,38,77,231,616,1.17915,1.17915,0.663791749998,0.663791749998,0.3362082500017118,2.8821389719269064e-13,869.7540653774954
9,asr,38,77,231,616,1.1791823123724403,1.1791823123724403,0.6676556209352931,0.6676556209352931,0.33234437906699077,-2.2838397839564095e-12,869.7505783338869
9,asr,38,77,231,616,1.1791823607362912,1.1791823607362912,0.6676612332839633,0.6676612332839633,0.3323387667146674,1.369349078572668e-12,869.7505731535475
9,asr,38,77,231,616,1.1792,1.1792,0.6697524346712171,0.6697524346712171,0.3302475653281113,6.715739075957572e-13,869.7486698589302
9,asr,38,77,231,616,1.17925,1.17925,0.6756023554212759,0.6756023554212759,0.32439764457850745,2.1660451210436804e-13,869.7432758261556
9,asr,38,77,231,616,1.1793,1.1793,0.6813207483494718,0.6813207483494718,0.3186792516485129,2.0153878566020467e-12,869.737883193525
9,asr,38,77,231,616,1.17935,1.17935,0.6868851822209298,0.6868851822209298,0.31311481777957917,-5.089262344881718e-13,869.732492211342
9,asr,38,77,231,616,1.1794,1.1794,0.6922717249832431,0.6922717249832431,0.30772827501654976,2.071676163950542e-13,869.7271025818432
9,asr,38,77,231,616,1.1794499999999999,1.1794499999999999,0.6974538035980278,0.6974538035980278,0.30254619640236863,-3.963496197911809e-13,869.7217142030736
9,asr,38,77,231,616,1.1795,1.1795,0.7024025067987463,0.7024025067987463,0.2975974931980622,3.191447106587475e-12,869.7163276815913
9,asr,38,77,231,616,1.1795499999999999,1.1795499999999999,0.7070861726530984,0.7070861726530984,0.29291382734653015,3.714806240395774e-13,869.7109421952173
9,asr,38,77,231,616,1.1795892458141086,1.1795892458141086,0.7105540667857706,0.7105540667857706,0.2894459332107824,3.447020446856186e-12,869.7067161970323
9,asr,38,77,231,616,1.1795892941779595,1.1795892941779595,0.7105582181094157,0.7105582181094157,0.2894417818922851,-1.7007506514232773e-12,869.7067110885916
9,asr,38,77,231,616,1.1796,1.1796,0.711469668442126,0.711469668442126,0.2885303315604332,-2.5591750940634483e-12,869.705558384634
9,asr,38,77,231,616,1.1796499999999999,1.1796499999999999,0.7155143048406174,0.7155143048406174,0.28448569516221917,-2.836619827917275e-12,869.7001759803234
9,asr,38,77,231,616,1.1797,1.1797,0.71917667151328,0.71917667151328,0.2808233284883901,-1.670108495943623e-12,869.6947949771318
9,asr,38,77,231,616,1.1797499999999999,1.1797499999999999,0.7224077943199321,0.7224077943199321,0.27759220568062015,-5.522249324485529e-13,869.6894154628724
9,asr,38,77,231,616,1.1798,1.1798,0.7251521941931608,0.7251521941931608,0.2748478058104647,-3.6254332869134487e-12,869.6840375040352
9,asr,38,77,231,616,1.1798499999999998,1.1798499999999998,0.7273465400762222,0.7273465400762222,0.2726534599218207,1.957101147809226e-12,869.6786607719213
9,asr,38,77,231,616,1.1799,1.1799,0.728918067204315,0.728918067204315,0.27108193279445264,1.2323475573339238e-12,869.673285441237
9,asr,38,77,231,616,1.1799499999999998,1.1799499999999998,0.7297819778492542,0.7297819778492542,0.2702180221551382,-4.392486374626969e-12,869.6679116627929
9,asr,38,77,231,616,1.179999951636149,1.179999951636149,0.7298393742835,0.7298393742835,0.270160625712136,4.363953642894103e-12,869.6625443785844
9,asr,38,77,231,616,1.18,1.18,0.7298389519482873,0.7298389519482873,0.27016104804535773,6.354916592954396e-12,869.6625391187679
