mode,kz_real,kz_imag,pq_relative_residual,forward_uv_flux,forward_cartesian_flux
0,1.041356680978673e-14,170.0664520911182,5.502871480943687e-15,-8.964709359585502e-16,-5.312782507253497e-20
1,-9.457182321540578e-15,154.44750809988705,5.49315149271409e-15,-8.161935202672807e-16,-2.5795706701850683e-19
2,-8.713042194848223e-13,161.6429062359864,5.241541409066285e-15,-1.3195471459940853e-15,-3.74051265734767e-19
3,9.071961547389621e-13,161.64290623599285,4.266426032679611e-15,-3.860080080628352e-16,-1.4204178399097653e-19
4,3.0327619899169306e-13,147.24763271317246,2.641431018939775e-14,-2.586909925990709e-15,-2.6866314810089095e-18
5,2.6931114800079907e-13,146.55677723077608,3.070749049401938e-14,-1.6307491111537478e-15,1.828036200110023e-18
6,1.8181489761738906e-13,130.47355693996897,3.620507661101079e-14,-8.849968236930935e-16,4.1970900802993064e-18
7,2.1049181474106228e-13,130.29155497921897,2.4438347545355298e-14,-2.806335066658781e-15,-1.0428627073518538e-18
8,1.1453977524429814e-13,120.64301365788106,1.0293039781670477e-14,-3.8032733500321086e-16,1.2236793956022136e-20
9,4.710944962728546e-13,138.88802733229187,3.6392586284683756e-14,9.320871728077531e-15,2.7899169933107876e-17
10,7.018311322124973e-14,138.88802733229042,4.629898143323213e-14,-1.0356195960418907e-14,9.887329009030494e-17
11,3.4630499325432863e-13,138.31601741321566,2.510621397934683e-14,-3.9655221573106195e-15,-9.989020855345966e-17
12,1.313187151650795e-13,138.31601741321506,2.7470020763875615e-14,-7.298719584555517e-15,6.234601921011931e-17
13,5.97389740471234e-14,118.21972379742945,9.902187605625354e-15,-3.1203837163895185e-16,5.205841658255971e-20
14,-1.399358368210942e-13,119.45468948444625,1.3244029297549949e-14,-4.746350287979924e-16,1.2815656344435018e-19
15,2.7255718348618155e-13,119.45468948444913,9.854154773696574e-15,-2.039473131458792e-16,-2.435656450493818e-19
16,1.977120162166268e-13,72.53443627584863,1.4625498269759534e-14,-7.13703525942822e-16,-3.0467219284100156e-18
17,8.364237671116848e-14,71.40039581531681,1.5138379352249026e-14,-4.858906407879413e-16,-1.2066340780794388e-18
18,6.827932498525528e-14,71.91758076334375,1.6353740821349226e-14,-6.440524285793913e-16,-1.9518899963411513e-18
19,1.9603061144734348e-13,71.91758076334472,1.4723593216215553e-14,-5.480586013173476e-16,-2.3010996931149036e-18
20,4.7068879953949703e-14,64.71139693221289,4.289419273426694e-14,-1.9994257850937926e-15,-7.252450270246795e-18
21,4.698121510274763e-14,64.59087324461525,2.952730495657225e-14,-1.6240910615989222e-15,-2.838711702757689e-18
22,-3.85505787285745e-15,62.957872842055224,2.9873074966780176e-14,-1.8601191014540924e-16,-4.685107704789444e-19
23,3.0432381305122e-14,60.22379476339229,3.594090651777011e-14,-2.336605137517849e-16,-8.054139974644403e-19
24,4.554112382663942e-14,62.61100207967509,3.892490517318155e-14,-1.1410464242129556e-15,5.094311526205782e-16
25,3.163868860589746e-14,62.6110020796747,3.539826906578826e-14,-1.2794442942162653e-15,5.245460135089409e-16
26,3.167590253371678e-14,62.684646134303875,4.5367004517649885e-14,-9.62407177648365e-16,-1.479430515752629e-16
27,5.951347750523054e-14,62.684646134303854,4.0439464980796997e-14,-2.4834527452292478e-15,2.7542574020569055e-16
28,-7.260930801565634e-14,61.9821379549808,3.453644152596533e-14,-3.154843092848508e-16,-2.2139601377150114e-18
29,8.637210735028004e-14,61.98213795498166,3.419256589898511e-14,-1.4302502012750392e-16,-2.0942072814197366e-18
30,3.005855194515601e-14,59.48400965011453,4.227848710722368e-14,-1.2318246956576894e-15,-1.805639103287358e-18
31,3.0061965331382815e-14,59.4907645297117,4.4740937771390567e-14,-1.5183227872363553e-15,-1.518605990726876e-18
32,4.2711911243277375e-14,58.721334454979676,6.245668953442426e-14,-1.7302042289347069e-15,2.2581364832250934e-18
33,2.9633535599687046e-14,58.64292866785495,4.978168263412003e-14,-7.816987467077595e-16,-3.433572264445365e-18
34,2.726188320555722e-14,53.94957570273081,3.222141216353501e-14,-1.4700333690464866e-16,5.655359976015841e-19
35,-3.3134697701243598e-15,54.11306790547816,3.581116277072157e-14,-1.908384312690402e-16,-5.741701284648517e-19
36,2.756307457855412e-14,54.545614745814724,3.8625761800410846e-14,-1.3994278994075003e-15,-2.162576399580704e-17
37,2.749862862446339e-14,54.418080200503354,3.428506148026796e-14,-1.1688314551660338e-15,-1.8466964714137197e-18
38,2.608772328685073e-14,51.62598606133526,3.5973966897758265e-14,-1.285654810482278e-16,1.1347619560210122e-18
39,-2.822283842007667e-14,55.85124646046053,3.6576462618022897e-14,-2.0423208680336205e-16,-8.249412979979185e-19
40,-8.946735678753978e-14,55.3790704406671,4.094608752948843e-14,-5.115350818286227e-16,-1.6997520761251194e-17
41,7.717073297042645e-14,55.379070440667164,3.6165455596181575e-14,7.465617640631172e-17,8.360267439732851e-18
42,4.0508506335861355e-14,55.69204185856175,4.467416873085846e-14,-7.846488447618067e-16,7.012904619931013e-18
43,2.814238890390859e-14,55.692041858561524,4.468178213178962e-14,-1.6806434336196739e-15,5.4985039851250095e-17
44,5.3019886293558404e-14,55.8450446808563,5.5472548843609447e-14,-1.0607022730533134e-15,-2.2841866937448856e-18
45,1.5819613644014083e-14,55.84504468085646,6.371850450159424e-14,-1.6340770490147203e-15,-1.408543995828854e-16
46,1.486684491559958e-14,52.481662147872555,3.384524510997541e-14,-1.8555818373974282e-16,-1.3327516623578512e-19
47,1.4866844915599735e-14,52.48166214787311,3.446445483337543e-14,-1.9525031592040022e-16,-9.687294193868645e-19
48,2.7762119029285994e-15,45.33898108191695,7.793925486531644e-14,-1.1841349792909058e-16,-1.449851242230615e-19
49,-1.2409949206170144e-14,43.80853941827872,6.364057502113604e-14,-1.057557993803574e-16,-1.6657688166797783e-19
50,-3.214061761550269e-14,44.18767275104324,6.28081511860956e-14,-1.8943526786461966e-16,-1.2962676075770334e-19
51,3.214061761550219e-14,44.18767275104255,8.17810150572129e-14,-2.7881515824725105e-17,1.2430489323226324e-18
52,2.1674982571329267e-14,42.89344592485566,7.520229137693634e-14,-1.3228224860595796e-15,-6.9676254370788985e-19
53,2.1612075499724215e-14,42.76895673252055,7.921646351473529e-14,-7.945904740017039e-16,-5.5029326930278784e-18
54,2.1036498576894665e-14,41.6299257075249,7.331405558968283e-14,-1.319149040934063e-15,-4.8880969703714014e-18
55,1.1750242655150318e-14,41.479699874722854,7.343538039644465e-14,-2.9489482742615923e-16,1.7247974857878762e-17
56,1.1720159635526831e-14,41.37350337632453,4.766245458932867e-14,-1.1781870615075898e-16,2.1463204606253356e-18
57,2.5882470779984882e-15,42.26928253600184,6.970877673564473e-14,-2.8614187508885336e-16,-7.99004749543547e-16
58,3.074524550151167e-14,42.26928253600186,7.098214002067088e-14,-2.0111806611721222e-15,-9.571568641134536e-16
59,-4.9489764311909074e-14,42.24639351030325,8.503050284642805e-14,4.0192153777301544e-15,1.1639053979708928e-15
60,8.701209933791986e-14,42.24639351030326,8.54554867030647e-14,-5.5963248133838726e-15,-1.7032434892676162e-15
61,1.1593683682537793e-14,40.92702880338833,5.747261727828931e-14,-5.101263363567321e-17,-3.539623183190128e-18
62,1.1371599010704668e-14,40.14304452282741,9.053953207888432e-14,-1.338964921150131e-16,3.2270994524237323e-19
63,1.1613038547970685e-14,40.99535369103822,5.6258755747429105e-14,-6.986988273745671e-17,1.8461384731104437e-19
64,1.1613038547970669e-14,40.99535369103816,6.455746637237944e-14,-2.1080046526454856e-17,-2.605759971050897e-18
65,1.1125583196689827e-14,39.27458057452772,8.624153481076454e-14,-7.895074512152688e-16,-1.0768390215696275e-17
66,1.1114212575068037e-14,39.234440980299496,9.228365918114121e-14,-4.466416307201135e-16,-2.160683700558686e-18
67,1.076313710974338e-14,37.99510445232895,6.65931065447709e-14,-9.037034041080569e-17,-4.2675393322207777e-19
68,1.942624957739742e-14,38.44334282755296,6.806582961638454e-14,-7.4847552458889165e-16,-1.6487671681293535e-18
69,1.0902732425353486e-14,38.48789187513901,7.453237776291321e-14,-6.042790100757583e-16,-6.010643049525944e-18
70,2.8356063274638933e-14,38.984578936132664,6.697058442153272e-14,-1.2900271327403893e-17,-1.7764738222278085e-18
71,2.387116990512092e-15,38.98457893613237,6.82188269861325e-14,-1.6764627730531155e-16,1.7565408108808993e-17
72,1.9637926781542772e-14,38.86223888339308,9.298766905514885e-14,-3.3554422800906333e-16,1.228458219520786e-17
73,1.1008776302177645e-14,38.86223888339337,8.718465280326654e-14,-1.6841519293218695e-15,-5.730298479071141e-17
74,1.956729717532124e-14,38.72246727411094,8.092960420717961e-14,-2.1578765091774493e-16,1.3224310808779729e-17
75,2.3710672801164e-15,38.72246727411086,8.742930555961821e-14,-8.503403535445235e-17,-5.508681133520932e-17
76,2.200020131428765e-15,35.92905534821149,1.1211080252545034e-13,-7.182682078868357e-17,-1.0983579533879682e-18
77,1.0139841620559804e-14,35.794800119611956,1.0076661594804201e-13,-3.965494559368809e-17,1.10478896816874e-18
78,1.0001489587510032e-14,35.30640162637344,8.059691978691593e-14,-5.2674808124781434e-17,6.35604040330563e-19
79,-1.0214201654988233e-14,36.057299542073956,9.157957671436988e-14,-1.737800871607889e-16,2.4616104442561906e-19
80,2.2078728235049268e-15,36.05729954207423,9.959981043783389e-14,-7.767837771074938e-17,-2.3735119169397302e-18
81,9.759003333977775e-15,34.450397430080926,1.0462001654906468e-13,-4.155604597693891e-17,-8.180813260243692e-19
82,9.876027150469759e-15,34.86350488060277,1.1216246670489635e-13,1.0357835295083016e-17,-6.196233615701666e-18
83,-2.134773982954393e-15,34.8635048806024,1.0922076280470218e-13,-1.5105208944486594e-18,-6.957665660817747e-18
84,-0.024003723053991236,33.35717214334261,7.776014397611307e-14,3.4639611803840816e-06,-1.6608866036305336e-05
85,0.02400372305401347,33.35717214334262,7.618419459020866e-14,-3.4639611806621794e-06,1.660886603630226e-05
86,9.511198704337e-15,33.57561875812212,1.1114912012147031e-13,-5.050764230953685e-16,-5.442608549862291e-18
87,9.509758490377317e-15,33.57053463819742,1.1020376544044413e-13,-3.0175785833063936e-16,-5.039669515323806e-18
88,9.392199323469699e-15,33.15553733950648,7.566784780200837e-14,-6.147804825487432e-18,-6.286560812221932e-19
89,9.368489542339497e-15,33.07183910158583,1.0118765707888145e-13,-2.927916107929905e-16,-1.7849300996893603e-18
90,1.6980382814987677e-14,33.60312423140992,1.087196986745871e-13,-8.444017195919275e-16,-2.6149566737194068e-17
91,9.518990370777715e-15,33.60312423141063,1.0577260899415511e-13,-3.8134407932017866e-16,1.0947499399970725e-17
92,9.484338441501965e-15,33.4807989596165,1.0485406855529943e-13,-3.7513371209509975e-16,-5.719314958376449e-18
93,9.484338441501878e-15,33.480798959616195,1.0747262923849682e-13,-2.6416781902151597e-16,-3.0405940998529523e-18
94,2.023335848428466e-15,33.0435820325859,8.11628158349841e-14,-7.97779258903954e-17,-1.771205487466875e-18
95,9.360484966161979e-15,33.0435820325863,8.322883824447625e-14,1.590700311946717e-17,-1.4934302021096441e-18
96,8.921818129039629e-15,31.49503794861766,1.1603467940630947e-13,-4.766975683428213e-16,-1.8026159057881692e-18
97,8.855976058158582e-15,31.26260791126188,1.1969368489897858e-13,-5.5597546511549835e-16,8.127470729033157e-18
98,8.718637386730312e-15,30.777786700396007,1.2850780285438779e-13,-4.880299820785165e-17,-9.54105301944518e-19
99,1.9120541965591505e-15,31.226214740289155,9.762740603539366e-14,2.984785270382483e-17,2.259150804143549e-18
100,8.824825759077089e-15,31.152643794364106,1.184308533638872e-13,-3.633873532861682e-16,-3.3246491325777814e-18
101,-1.903509613000524e-15,31.08667110101985,1.3545507206059635e-13,-3.3406900066071194e-17,1.06134434004046e-20
102,1.544656938874541e-14,30.567802609312512,1.023054700134509e-13,-2.133235951369475e-18,-2.8577923502160942e-18
103,-0.00813167878290497,31.19604724618648,1.3304761075831807e-13,-2.4662789477908234e-06,1.0495628227180052e-05
104,-0.008131678784401236,31.196047246186687,1.3153264732196335e-13,-2.466278946363715e-06,1.049562822944777e-05
105,0.008131678782939597,31.196047246186453,1.2481102410026028e-13,2.4662789476780664e-06,-1.0495628227185036e-05
106,0.00813167878440816,31.19604724618667,1.2495577700717147e-13,2.4662789462897184e-06,-1.0495628229443471e-05
107,8.806445890464795e-15,31.087760756953756,1.1832263383423025e-13,5.1088287939168846e-17,-1.0117465302171794e-17
108,8.806445890464858e-15,31.08776075695398,1.2331963117579067e-13,-4.4501218163353225e-16,-2.981081705418693e-17
109,8.521322143107274e-15,30.081241333087867,1.2879808710731756e-13,-2.8341834410563136e-17,-1.4638525855154835e-19
110,1.241421197375488e-13,30.59168113238251,1.114728948536185e-13,8.72625608916095e-16,-4.112801625009344e-17
111,-9.697124873341915e-14,30.591681132382508,1.1793932632902006e-13,-6.467375716661511e-16,5.24178812954237e-17
112,1.788295756751538e-15,29.20508603781301,1.4718144157630313e-13,-5.654903859922393e-17,8.370019024234177e-20
113,-1.052714039712043e-13,29.12921317164184,1.354572806749312e-13,-7.684739301530194e-16,1.668871676672422e-16
114,1.1173938860167855e-13,29.129213171641847,1.4848035780016107e-13,1.0635212502713363e-15,-1.524272739378137e-16
115,1.7704688792163481e-15,28.91395103386572,1.3685212571324262e-13,-3.095765439275927e-17,-1.0235386137368059e-17
116,1.7704688792163258e-15,28.91395103386536,1.326314892622964e-13,-6.25899216625505e-18,1.747765571744964e-18
117,1.4529376637684618e-14,28.75273505201099,1.2003181892031417e-13,-3.708817732440164e-17,8.807924447285016e-18
118,-1.7557438287329088e-15,28.673472709932792,1.416046467780577e-13,1.4459746040896333e-17,-4.460833291228407e-17
119,1.7560047005345437e-15,28.67773306976579,1.4432106501852825e-13,-2.9367387539850096e-17,6.1376233139251834e-18
120,8.131300307509506e-15,28.704419665656786,1.4286923233716149e-13,-4.385625439317642e-16,-1.0964571167106478e-17
121,1.75255786057804e-15,28.62144190142397,2.0808363600342319e-13,-5.220693083542981e-17,-2.2871221814061263e-18
122,8.100338808850657e-15,28.595122035834834,1.4028021817654266e-13,-2.6974026194571593e-16,-2.2069124177750945e-18
123,1.4342548334214946e-14,28.383013429133698,1.4278140476620843e-13,-8.261837726339111e-17,-8.559248120052868e-19
124,1.7597722497243744e-15,28.73926181735985,1.3399314732582605e-13,-1.2963024119004731e-16,-2.332896863994878e-18
125,1.4522568321869994e-14,28.739261817360262,1.290369095570225e-13,-5.21049886008724e-16,-4.1574836223741395e-18
126,1.436398313880864e-14,28.425431577739992,1.3888201470432484e-13,-8.82546300930321e-17,-3.50628733493774e-18
127,1.436398313880842e-14,28.425431577739555,1.7642457459745083e-13,-1.1117878726503717e-16,-2.6099273121235363e-18
128,1.4122698635152716e-14,27.94794451282484,1.0264684060884895e-13,-1.9896867733450194e-17,-1.165955384251327e-18
129,1.4064569148478737e-14,27.832909864696077,1.1228065422466569e-13,-2.0845166789000988e-17,-1.0159346426911489e-18
130,-1.5021715643120205e-13,27.86803643209978,1.3900132573536992e-13,-1.1923915745786285e-15,-5.160673495249895e-17
131,1.5021715643120205e-13,27.86803643209978,1.3000040565688768e-13,6.924273978958293e-16,5.694728708894244e-17
132,1.3934089441610953e-14,27.574698618970444,1.6595764879941756e-13,-2.8821242751923245e-17,-1.0096885372350459e-18
133,1.686743807589231e-15,27.54661684925985,2.11671780428186e-13,-5.3753047008630564e-17,-4.945053615121335e-19
134,1.68008951474145e-15,27.43794400003648,1.3302449484666195e-13,-1.3233328093549854e-17,-6.429757086790517e-18
135,1.6775783741533742e-15,27.39693396204309,1.466730847600602e-13,-2.971296888206917e-17,2.0534514917174694e-18
136,7.689641183117452e-15,27.145312465544162,1.488420475029606e-13,-4.700698001497986e-16,-5.7043378987248426e-18
137,1.3677851756310021e-14,27.06762013518407,1.0674405160810984e-13,-2.2140625645036462e-17,1.26774417500363e-18
138,1.65006907680257e-15,26.947673042568884,1.637844407370191e-13,-4.801861890723428e-17,5.196145374109968e-19
139,7.649122874147868e-15,27.002278202779134,1.2077895491954516e-13,-1.884097990732106e-16,-1.3281994002247408e-18
140,-0.0025550410957865394,27.263286852758892,1.8782461476402336e-13,-3.1006806351985597e-06,1.4059136164508758e-05
141,-0.0025550410993279305,27.263286852758853,1.7552389697520606e-13,-3.1006806374792603e-06,1.4059136183575544e-05
142,0.0025550410957865246,27.263286852758732,2.0387925115602134e-13,3.100680634728531e-06,-1.4059136164458866e-05
143,0.0025550410993279305,27.263286852758856,2.1367645958799641e-13,3.1006806373597e-06,-1.4059136183584295e-05
144,1.3709242873899412e-14,27.129741209579876,1.4963952753955468e-13,-3.015769402399378e-16,2.158453319557263e-17
145,7.685230205299939e-15,27.129741209579986,1.5065961849873815e-13,-9.35542204347193e-17,4.043157557944868e-17
146,-6.732402071935666e-14,26.889564411528543,1.4880328670805215e-13,-2.196529422547457e-16,2.897389787927964e-17
147,8.523606883844878e-14,26.889564411528546,1.5816964814998387e-13,1.4880234186332964e-16,-4.790092784812961e-17
148,7.65631264352754e-15,27.027658910632564,1.527294092252918e-13,-3.2436193550468565e-17,-2.1030043807112397e-17
149,1.3657658488387507e-14,27.027658910632677,1.5298296806461833e-13,4.9165837232951186e-17,-2.1726400661310215e-17
150,1.3451014500347106e-14,26.6187232772342,1.1511125159099102e-13,1.664203039275712e-18,-1.7488861246027485e-18
151,1.3452892018969601e-14,26.622438770118308,1.3667906811467508e-13,-6.809562570740287e-18,-2.0076390059672072e-18
152,1.619048540910165e-15,26.44106924604563,1.3506297860978856e-13,-2.989975921950526e-17,2.416315420134493e-19
153,-1.41881414034179e-13,26.321603399230938,1.675366907991476e-13,8.220471021291658e-15,2.1785104670504333e-16
154,1.535705540897301e-13,26.321603399230924,1.6075964889591655e-13,-9.497590967184632e-15,-2.0588700391213606e-16
155,1.6021484300750513e-15,26.165069490901857,1.5705019784439621e-13,-4.933333817749291e-17,2.753899880201779e-18
156,-7.430274690752882e-15,26.229719096404132,1.3597533991857236e-13,-5.447990902876453e-17,-1.871703780094287e-18
157,7.43027469075279e-15,26.22971909640381,1.3827613796458759e-13,-2.0029717075307318e-17,-1.1463142056129468e-20
158,1.601077570292907e-15,26.147581023485948,1.4788694617730813e-13,9.682958446477672e-17,-2.771861526976298e-18
159,1.5961814065529934e-15,26.067620601536984,1.456510564262956e-13,-3.7825113343155177e-17,-1.0016729392614165e-20
160,1.5974963628961583e-15,26.089095468316213,1.4946630087376847e-13,-3.3343027088997466e-17,6.583820993125919e-19
161,-1.5890560054593517e-15,25.9512539707892,1.5499412604096854e-13,-3.4638877456531884e-17,-6.024703240499899e-19
162,7.391304168185155e-15,26.092148696582484,1.661554749712018e-13,-4.366569307952793e-16,1.5053024619560507e-18
163,1.5974963628961601e-15,26.08909546831624,1.4810687196293764e-13,-3.930056387583965e-17,2.218360977805549e-19
164,-1.565754343776598e-15,25.57070895652097,1.635030622757331e-13,1.3231217721822182e-16,4.261624938305052e-19
165,7.168690224632857e-15,25.30629602634589,2.185623393843866e-13,-6.447334757232784e-17,1.7483557634966038e-18
166,1.5472991017599998e-15,25.269311981826757,2.417483981696875e-13,-4.475179529035813e-17,-9.77084233093692e-19
167,-1.552674238891247e-15,25.3570946328734,1.3833670427481436e-13,1.4027975266309502e-16,-2.8932558403426353e-18
168,-1.552674238891236e-15,25.35709463287322,1.4054162641856742e-13,1.6202189668774806e-16,4.800424534308047e-18
169,0.02619298298646056,25.13371830205649,2.095355096589999e-13,-6.109613076043944e-05,-3.799371269808236e-06
170,-0.026192982986454977,25.133718302056486,1.9531762115470265e-13,6.109613075970131e-05,3.7993712698152123e-06
171,1.538549898148601e-15,25.12642664349916,1.2952884031764653e-13,-3.469180986125806e-17,-2.4822220729506932e-18
172,1.2683295006456483e-14,25.09945402346264,2.115073245668409e-13,-4.242568892450813e-17,-2.4567178264786284e-18
173,-1.5358194564518339e-15,25.08183514660931,1.4233611566879501e-13,-3.1884823771734135e-17,2.7079208041741174e-18
174,1.5350464686135135e-15,25.069211297204593,1.6695124400202884e-13,-1.6217468390447437e-17,6.065872614387841e-19
175,3.036328326721325e-13,25.19431441106301,1.8870959451734258e-13,-2.574151257254529e-14,-3.6680583325966447e-16
176,-2.98038571082371e-13,25.19431441106301,1.8784587700866763e-13,2.5573091352371902e-14,3.55569160212758e-16
177,7.041240519032108e-15,24.856383995369775,1.7824062993803237e-13,-4.0427511540728033e-16,-2.183245796232618e-18
178,1.5230566848504142e-15,24.87340326877636,1.6283619173200837e-13,-3.024139193080069e-17,6.235619446842697e-18
179,1.5295012893030182e-15,24.978651646628506,1.5428657661879757e-13,-2.181454614443536e-17,2.2719455933579753e-18
180,1.5295012893029894e-15,24.978651646628037,1.5153728617496526e-13,-1.5386787999743754e-17,3.685063941003331e-18
181,7.057504826282487e-15,24.913798859319016,1.4727095636104845e-13,-1.8997070309510412e-17,1.7024785116039728e-18
182,7.057504826282538e-15,24.913798859319193,1.6914135551123865e-13,-5.717094344418488e-17,-2.3352524498999534e-18
183,7.013851196032945e-15,24.759696554001987,1.7162979356582956e-13,-4.0298756576328634e-16,-1.8236156493816756e-18
184,7.013851196032838e-15,24.75969655400161,1.7329239664556505e-13,-4.572226160698519e-16,-1.096176252028225e-17
185,1.5130886397239765e-15,24.710612737933054,1.669018267896559e-13,3.139929768212038e-17,-4.51871588665064e-18
186,6.993230355123355e-15,24.686902628191504,1.992130416471753e-13,-8.622028459387922e-17,2.55184494775254e-18
187,1.5116368142238055e-15,24.68690262819069,2.541402392380394e-13,-3.927616893207883e-17,1.9119380677845575e-18
188,1.5074345550114772e-15,24.618274527169987,1.7842928157888375e-13,-2.6771668318162685e-17,-2.200735715475727e-18
189,1.5027983281379909e-15,24.542559196403364,1.882504976241306e-13,6.69324622193324e-18,1.6783814066862233e-18
190,6.91381968309341e-15,24.406573877601115,1.5527858106201622e-13,-1.4820681507004792e-16,-2.048152982132147e-18
191,-1.5066751688187859e-15,24.605872809495633,1.7446765531859617e-13,1.940640973627519e-16,-5.271791452888476e-18
192,1.4880455294282673e-15,24.301627709545357,1.401332546623238e-13,-2.509457241444234e-17,2.1466187789377032e-18
193,6.895141903643544e-15,24.340639180876607,2.400861626044244e-13,-1.2597605431073082e-17,-1.644221878029862e-20
194,6.970276475638851e-15,24.605872809495764,1.7779774562890746e-13,-2.991768667496588e-16,4.913948977713115e-18
195,1.4932241117626932e-15,24.386200377159096,1.643487402635247e-13,-4.081055356998992e-17,5.850125606471018e-19
196,-1.501181669623954e-15,24.516157159258245,1.7211305081368468e-13,1.205548803100084e-16,-7.19618887016102e-18
197,1.5011816696239744e-15,24.51615715925858,1.7585585846939904e-13,7.57277151991903e-17,5.563920200849682e-18
198,6.9298325522433764e-15,24.463101136311188,1.7267136986905891e-13,-4.223989693302641e-16,3.774727000518029e-18
199,6.929832552243484e-15,24.46310113631157,1.6849074644775967e-13,-3.5980014013353288e-16,1.4370012558961372e-17
200,6.861825512194565e-15,24.22302851029129,1.790841486874171e-13,-3.6817318720655424e-17,4.657190946906604e-18
201,6.846469731914066e-15,24.168820850409638,1.7577367344608888e-13,-6.088589341495644e-17,-2.282635854419181e-20
202,6.850584466998622e-15,24.183346335659643,1.881273412138952e-13,-4.626304343420997e-16,-9.148942886574235e-19
203,6.840954512106759e-15,24.1493514939832,2.139184966458072e-13,-4.1161154038701133e-16,-4.624797940864215e-18
204,6.848737920436399e-15,24.176827815195544,2.3355013950639325e-13,-6.710171173156382e-17,-1.0111203762713547e-18
205,1.2217072101001772e-14,24.17682781519509,2.1467354047595533e-13,-9.866063767280767e-17,-5.055753582814637e-18
206,-6.797902762965513e-15,23.997373897786243,1.874513951613417e-13,-6.41160539205117e-17,7.890245870206623e-19
207,6.788958526833682e-15,23.965799721724917,1.730493668075828e-13,-3.7088946059309373e-16,-5.458197538362808e-18
208,6.783327494980975e-15,23.945921535538446,1.8658839438101882e-13,-3.3494942917292485e-16,-1.0271283019502237e-17
209,-6.7833274949810825e-15,23.945921535538826,1.9875724495693757e-13,5.579182535294273e-16,-3.5789563033674944e-17
210,-6.794047808327174e-15,23.9837654672098,1.8118746036315623e-13,-4.2005730241516615e-17,5.7932410937719876e-18
211,-1.4685820805459796e-15,23.983765467210034,1.8302590548572272e-13,-3.865947971353839e-17,1.3969435421804013e-18
212,6.751394842294406e-15,23.833195620975136,1.7834343138268624e-13,-4.962026733174859e-16,-3.867629412309639e-17
213,-1.4612965518737517e-15,23.864783754649313,1.7570365591429805e-13,5.213594070099722e-17,-2.0186516143910978e-17
214,6.7603430322962344e-15,23.86478375464956,1.7241489434022734e-13,-3.588803977291613e-16,5.758622919818605e-20
215,1.1983277850000508e-14,23.714163495633894,1.9957746260114128e-13,-1.843869811606235e-17,-1.0400065360703717e-18
216,1.456023447420285e-15,23.778667423685345,1.694974027440911e-13,-5.567526284895411e-17,-7.40019151574003e-19
217,-6.745129594205515e-15,23.811078578970562,1.807625257969789e-13,1.8834717477582083e-16,7.204817268710958e-18
218,6.732675185318876e-15,23.767113091797544,1.8506066781892353e-13,-5.454556857899428e-16,7.287246052972868e-18
219,1.4575971374157435e-15,23.804367731668908,1.8818613855049504e-13,-7.3872810200747e-17,-2.275549394637023e-17
220,1.2027228919707889e-14,23.801139936128326,1.7026856901794815e-13,2.499125628277008e-17,-2.5990009070862692e-17
221,-1.4499884059252498e-15,23.680107716523462,1.6556716290618132e-13,-2.847139113669882e-17,9.511943498097292e-19
222,1.4454881573281513e-15,23.606613079535364,1.7971883385554413e-13,1.0337616800192674e-16,-2.0230110897292394e-18
223,1.1934251492738779e-14,23.61714337590931,2.0368143547557046e-13,-8.146457448118259e-16,3.0806400681314648e-18
224,-1.4574646280208399e-15,23.80220368902419,1.8520859316733696e-13,2.7545549407737507e-16,-1.4112557776914464e-17
225,1.4574646280207933e-15,23.80220368902343,1.8612377677228528e-13,2.4214919194668818e-18,-1.124460886013146e-17
226,-1.4907075718413763e-13,23.74312362925284,2.1139074447734623e-13,-8.897921006591558e-16,1.313934178119697e-16
227,1.5434278969008115e-13,23.743123629252825,1.7962203106583486e-13,4.934824807216048e-16,-1.4400855722816155e-16
228,1.4494741607311182e-15,23.671709455171868,1.8664126358244696e-13,-6.556314101994908e-17,2.1164332869686183e-18
229,6.705649534604944e-15,23.671709455172078,1.828340395969539e-13,-4.2413907107517875e-16,-1.3805881051145942e-17
230,1.4481289337251914e-15,23.649740230953697,1.80336373513459e-13,-2.2068083388784567e-17,-1.031960305532087e-18
231,1.4481289337252074e-15,23.649740230953956,1.7782953389368352e-13,-1.480929441664078e-17,7.319312405840966e-19
232,1.1301152154964853e-14,22.364279060078747,3.0069733603232683e-13,-1.6374314716866471e-16,-4.543115199792501e-19
233,6.344165460036213e-15,22.395629346645073,2.4949076166892483e-13,-4.0158366295553586e-16,-1.2855548223216191e-17
234,1.599333999378057e-13,22.31631006454707,2.4790633293133194e-13,-4.527032727020614e-16,-5.231416916322073e-18
235,-1.450677511828052e-13,22.31631006454708,2.6004609819015755e-13,4.657542885531038e-16,7.894591535099736e-18
236,-1.1330380554332882e-14,22.422120249276333,2.90163023457033e-13,-8.24349159846327e-17,2.622394694354347e-18
237,-6.385523308019529e-15,22.541627278105697,1.983403974676333e-13,3.7270586778398253e-16,-3.1230102090073625e-18
238,5.174208700730719e-14,22.677204312424934,2.6995602046393243e-13,-9.80422583670697e-17,3.301524590436804e-20
239,-6.440852074811004e-15,22.736944150131567,2.631305781841112e-13,-5.470803347586941e-17,2.2154117629604724e-19
240,6.450330273798095e-15,22.770403276115243,2.3623471471128343e-13,-3.4448762379984017e-16,-5.950095170972266e-18
241,6.4538440518527834e-15,22.78280731434768,2.0288235052227588e-13,-5.455947212139412e-16,-5.106571442559371e-18
242,6.466957175559403e-15,22.829098140140307,3.811036250721675e-13,-4.779250770066637e-17,-2.5570781688763354e-18
243,6.347972793850069e-15,22.40906967026702,2.1514485006089247e-13,-4.451899908569148e-16,2.7572666227816625e-19
244,6.3479727938500396e-15,22.409069670266916,2.202147357916282e-13,-4.1953923545228694e-16,9.474099435289962e-18
245,1.3845447665448744e-15,22.61133197765835,2.0651088876998018e-13,-3.066564679085246e-17,7.082312124818135e-18
246,-1.384544766544894e-15,22.61133197765867,2.1570371549541545e-13,9.310349289240351e-17,1.1599167548538456e-17
247,-6.522697610400032e-15,23.025868247442084,3.6078057835058164e-13,-6.899744569523241e-17,2.413551691233147e-18
248,6.6694932197170676e-15,23.54407353018395,2.1316274064828153e-13,-5.071832380807139e-16,1.71608917690553e-17
249,-1.4099277923408398e-15,23.02586824744059,2.957013383224589e-13,-1.3088997403609456e-16,-6.807286854815029e-19
250,1.4414327915114288e-15,23.540383929717702,1.814969241430874e-13,-1.5129514165051326e-17,1.2505837711836784e-17
251,1.4409434399145789e-15,23.532392211661676,1.594045206866716e-13,-1.1811708674130885e-17,4.5309592885174405e-18
252,6.657867463641172e-15,23.503033282165454,1.831414339022466e-13,-5.546800972622225e-16,3.316041394130562e-18
253,1.1887139164044696e-14,23.523910999985432,1.859951782583677e-13,-2.316957505718991e-16,-5.857016611618237e-17
254,-1.1887139164044505e-14,23.523910999985056,1.9730314871588854e-13,1.86584438932851e-16,8.933514981231337e-17
255,-1.110982089444658e-13,23.516984240874507,1.9976436184673506e-13,-1.3879866630804582e-16,1.0622186010375193e-15
256,1.2676366736884534e-13,23.516984240874518,2.209754876264054e-13,-1.8096284703863585e-16,-1.1589400342876865e-15
257,6.654676712721252e-15,23.49176956664761,1.8066169296003207e-13,-2.3034165879531977e-17,-4.852717428113745e-17
258,1.172172333585397e-14,23.19656333738572,2.1271585600413675e-13,-1.3811707889082167e-15,-2.851564705731448e-17
259,1.437603699900636e-15,23.47785011811653,1.937811858805264e-13,-1.0187503554480607e-17,1.2437545194416335e-18
260,6.649844100889845e-15,23.474709894412673,1.8834050805418939e-13,-2.9782944067171985e-16,-8.58673785049005e-18
261,1.4365427275338526e-15,23.460523124447466,2.1114421657465417e-13,9.160140928838898e-17,-2.994420123947022e-18
262,6.645395647631814e-15,23.459006345859233,2.0236857499939856e-13,-3.014943435419493e-16,-1.9139383109461673e-17
263,-6.645395647631792e-15,23.459006345859155,1.9855136238491653e-13,5.726325640961543e-16,-9.913165016696448e-17
264,-6.639560419305868e-15,23.43840732277824,1.954125810147727e-13,-9.217035064170957e-17,-1.621568929982383e-17
265,-6.639560419305726e-15,23.43840732277774,1.8823720795237288e-13,-1.0104021170400397e-16,4.8876670125787114e-17
266,6.632008874711682e-15,23.411749507058992,1.7959208403260742e-13,1.113837779392318e-17,1.1682789025326045e-17
267,1.1823309131038511e-14,23.397595324292382,1.969207278378533e-13,-1.7588088958374014e-17,-1.7236392485618092e-17
268,0.011372755490014276,23.269222788819256,2.3985872633844086e-13,-4.508790327067047e-06,-7.13627776653664e-07
269,0.011372755492804549,23.26922278881966,2.3026788761536194e-13,-4.508790334542567e-06,-7.136277766819213e-07
270,-0.011372755492814949,23.269222788819796,2.540236344822144e-13,4.508790334430569e-06,7.136277766772543e-07
271,-0.011372755489983248,23.269222788819203,2.5052957447682316e-13,4.508790326258612e-06,7.136277766598307e-07
272,1.1826823799150735e-14,23.404550634457888,1.8163507572706768e-13,5.842258585953081e-17,-9.655473896414015e-18
273,6.631554917385015e-15,23.410146985798907,2.1438749433810212e-13,-4.187554295915544e-16,-8.942943155961789e-17
274,-1.4340068292520821e-15,23.419108762632515,2.114178319344555e-13,3.240277413081612e-16,-3.7292078056014305e-17
275,-1.434006829252092e-15,23.41910876263268,2.081043633525561e-13,1.1342782496125702e-16,-3.991013926761083e-17
276,-1.4333846303107088e-15,23.408947482795643,2.296418080309949e-13,1.970820186275525e-16,5.949858437181201e-18
277,1.6943657493024402e-14,23.29453657251427,2.2076368943140533e-13,-2.1349065433977435e-15,2.947862828534722e-17
278,1.4315429998749547e-15,23.378871375349213,1.7462103162514722e-13,-6.75363393120401e-17,-4.877845663935658e-19
279,-6.62093654420347e-15,23.372662914562707,2.0632810065361463e-13,6.615895761693434e-16,7.445064041676664e-18
280,1.4313914166792546e-15,23.376395833898314,2.1506029294478273e-13,9.825355984099929e-17,2.179902118468243e-17
281,6.629755209844813e-15,23.403793812437236,1.7765844194085365e-13,3.1385237769867317e-17,7.84118489908978e-18
282,6.6297552098447024e-15,23.403793812436845,1.7270994354790406e-13,2.516741285961767e-17,4.463021145170648e-18
283,6.613140239993439e-15,23.345141069418307,2.012319327597632e-13,-7.500381861592573e-17,1.1208717281557791e-17
284,-6.6015022575645885e-15,23.30405766097615,1.9761826316315947e-13,5.7444976999383085e-16,1.471287206613782e-17
285,6.601533490596001e-15,23.304167917147634,5.110636604471636e-14,4.589197151047781e-17,8.329361162696535e-19
286,1.430965132755479e-15,23.369434089106715,2.1546484258570506e-13,4.377426921662911e-17,-6.6660502207504e-18
287,-1.4309651327555268e-15,23.369434089107497,2.0650451035354475e-13,3.2835458721715576e-17,-2.02230111859711e-17
288,6.618618864207776e-15,23.364481239217906,1.6522922916525248e-13,-2.9780158121660095e-17,-2.075041892419898e-17
289,6.618618864207856e-15,23.36448123921819,1.6065960600296216e-13,1.4588670888074708e-18,5.1391113720124474e-17
290,6.601452980728265e-15,23.30388370811054,5.0303109379540747e-14,4.266691746841137e-17,-2.7218072440026342e-17
291,6.607531857058417e-15,23.325342836500518,1.9872364855422205e-13,-2.705433715361347e-16,-7.965573828167831e-17
292,6.61079769075908e-15,23.336871602817943,2.182678194548601e-13,-4.1500390354138586e-16,-1.977744624488398e-17
293,6.611169704877378e-15,23.33818485518464,1.3895132377544146e-13,1.3472412521909586e-17,8.982055985446596e-18
294,-1.1775926563516446e-14,23.303828162491897,1.9606197511692201e-13,9.560718457289227e-16,4.611097393697693e-16
295,1.179233926471012e-14,23.336307880010235,1.3725331133899192e-13,8.057176758869372e-17,1.188473589690103e-17
296,1.1787246642378972e-14,23.326229896332144,1.0838830684277978e-13,1.227038347889516e-16,-1.9235883094765616e-16
297,1.428237483251377e-15,23.3248881921836,9.760824954702785e-14,-4.3847587470556707e-17,7.749326718453725e-18
298,6.610686498188305e-15,23.336479080331436,2.219707418098995e-13,-4.376262132171632e-16,-2.605525955986472e-16
299,6.607427652307104e-15,23.32497498181557,1.9841011857943623e-13,-2.7508017161089587e-16,7.337305779956553e-17
300,1.4295356997052898e-15,23.346089675824707,2.1551482753129578e-13,-4.22457135072127e-17,-2.3329345184691328e-17
301,1.1797282216930868e-14,23.34608967582447,2.0935803541308345e-13,-5.165815518533174e-16,-5.4421888561518244e-17
302,6.6113831651663944e-15,23.338938394407908,1.3369690281692518e-13,7.225252176753267e-17,1.277109952273884e-17
303,1.4290978100104557e-15,23.33893839440807,1.3423764941738732e-13,-5.070180531773373e-18,3.108283523513709e-17
304,-1.256815476044994e-13,23.31623118620929,2.0458730756598766e-13,9.450759514218636e-15,1.2731282889747271e-15
305,1.463905209728295e-13,23.316231186209283,2.0680384933313505e-13,-1.0740530561524527e-14,-2.611843515181601e-15
306,6.6045802301166635e-15,23.314923255962544,1.0887396790465927e-13,3.388314471243249e-17,8.655447836515712e-17
307,6.60458023011668e-15,23.3149232559626,1.2116183578944437e-13,7.226401221354782e-17,3.40040620796633e-16
308,-1.4275001008424717e-15,23.31284582356893,1.3009898831165761e-13,-5.747729829310379e-18,4.145314570171765e-16
309,-1.4275001008424607e-15,23.31284582356875,1.2120407961389161e-13,-5.42441512523734e-17,-2.0471852728154674e-17
310,-6.60405442582472e-15,23.313067106701396,1.9531568835733512e-13,5.487194687624982e-16,8.019816216796376e-16
311,-6.604054425824675e-15,23.313067106701236,1.8764984948897237e-13,6.539173015163175e-16,-1.442707685666526e-17
312,1.3400953053839158e-15,21.885417188318172,2.3607260101590407e-13,-7.897284733768157e-18,2.1248792721136874e-18
313,6.2014334272067986e-15,21.891768953457518,2.2867017903149557e-13,-1.8030291080495103e-17,6.9583922491885025e-19
314,6.2646207915476965e-15,22.11482757323729,2.9247908342455595e-13,-1.2326271186401917e-15,-7.756193164151195e-18
315,-6.2727079855989376e-15,22.143376292776036,2.7288914791409584e-13,-1.2536492994585609e-15,-2.84529063764957e-17
316,4.0690428670048015e-14,22.143376292775365,2.7780194456302287e-13,-3.176569148077287e-15,-2.182639250275909e-17
317,6.112780741585352e-15,21.57881483833089,2.2206429478473948e-13,-2.645177993426157e-16,-5.904651982872816e-18
318,2.0295996934360254e-14,21.37746673703402,3.2183617966035267e-13,-6.91357121398548e-17,5.372986780002215e-19
319,6.062081245812466e-15,21.399839822224532,1.8047513708886968e-13,1.0454552278253574e-17,3.489790604230695e-18
320,-1.337091516633668e-15,21.836361595271438,2.0820597420531087e-13,1.2425967427968779e-16,1.3987035241663416e-18
321,-1.3331544998762157e-15,21.772065232267945,2.871494092372311e-13,-2.719584214298535e-17,1.094839004627116e-18
322,6.154593646755239e-15,21.7264191736828,2.5019501945547367e-13,-3.0411332371405666e-16,-5.926478395145396e-18
323,1.32839732399241e-15,21.694374654264266,2.31520095127126e-13,7.24094206668139e-18,-2.508074947335946e-18
324,1.6130374368726967e-13,21.83112722931059,2.233684848376407e-13,-9.321889093805772e-15,-1.8070196745771548e-16
325,-1.7584619574937084e-13,21.8311272293106,2.2586755154648077e-13,1.0401104417096473e-14,1.687882202982733e-16
326,-1.4343008666195257e-13,21.335601749985848,2.4396715678491514e-13,1.1299572976458366e-14,2.2881273299077183e-16
327,1.576424524461927e-13,21.33560174998583,2.505885687606483e-13,-1.1527677887880466e-14,-2.5289827853167855e-16
328,-1.3278236204323771e-15,21.68500536410759,2.4736643157145973e-13,5.325160277380409e-17,9.54473940112068e-18
329,6.142862069302978e-15,21.685005364108104,2.4648438935198755e-13,-1.8455388122111833e-16,-1.3763450038069186e-17
330,-1.268722437788295e-13,21.74558073916735,3.1316976501035304e-13,-6.409130848636531e-16,5.3580212085089965e-17
331,1.5584317708339214e-13,21.745580739167345,3.64481781990807e-13,1.257159558413578e-15,-6.348590718497399e-17
332,1.1168678049243135e-15,18.239835448096876,2.3694640307296755e-13,-3.198554332800456e-17,1.768836532073302e-19
333,5.170988169175792e-15,18.254179390851952,2.480555875580025e-13,7.873018295160913e-18,2.1276821095796724e-18
334,1.2953679152533705e-15,21.154963474452487,1.6984194203044872e-13,-1.2262753155835486e-18,-1.680138304929616e-19
335,9.384839470947906e-15,18.57201513476778,3.237780373528076e-13,-7.343844372257917e-17,-3.9168130072480174e-18
336,5.28338063671062e-15,18.65093765009358,2.648028198029929e-13,2.863256124867633e-17,-1.0383571770760973e-18
337,-5.18737603859193e-15,18.312030443372098,2.484684860739896e-13,-7.843801433302404e-17,4.944197105312473e-18
338,9.253463603765296e-15,18.31203044337143,2.50721154002119e-13,-2.4127341344682434e-17,-8.625302899734975e-18
339,5.3785622235914604e-15,18.986939533057814,4.0741706425905613e-13,-1.2056590808232953e-17,-6.4287946308362015e-18
340,5.380677388469452e-15,18.99440630688535,2.317143047161384e-13,4.1439933787786124e-17,7.659956906612059e-19
341,1.1346769517393978e-15,18.530680887410217,3.182841079450486e-13,-8.050569917086043e-17,-1.1500042525484944e-18
342,5.2493146683759784e-15,18.530680887409336,3.0413009482114123e-13,-4.479982360224131e-19,4.375885259898212e-18
343,1.2912132353502893e-15,21.08711240251936,1.863022472045547e-13,-3.313028275797118e-18,9.218080208197954e-18
344,1.2912132353502775e-15,21.087112402519164,1.7170418780074383e-13,-2.5773389559115628e-17,1.196884923669636e-18
345,5.433407651040596e-15,19.180550161949284,2.253074596525181e-13,-1.0480859129354956e-15,-1.0252165334260264e-17
346,5.4395079774986075e-15,19.20208501174281,1.9269701186830669e-13,-6.11734972929076e-16,6.696599796304613e-18
347,5.4591369938328625e-15,19.271377683415768,3.760481965681839e-13,-3.069018475280699e-17,2.7730659490160702e-18
348,1.3693201459193902e-14,18.82573360074818,2.7820796434328023e-13,5.572214345817408e-17,-7.266523740421019e-19
349,9.513048879392178e-15,18.82573360074876,2.7391026281049625e-13,2.7351917236058965e-17,-2.4615711118141908e-17
350,5.4712686789744805e-15,19.314203918874693,3.2813465897823114e-13,-7.605777206112271e-17,1.8683398383193252e-20
351,5.468455405269039e-15,19.30427274107761,1.9565641192127694e-13,1.2099229907790325e-17,-4.733836498709668e-18
352,1.27700946300029e-15,20.855147196553222,1.9639591747934344e-13,-6.800637355787892e-17,-5.241467821057678e-19
353,1.187974202883801e-15,19.401091052716833,2.360419660339144e-13,-2.874544804496229e-17,3.409485657218184e-18
354,1.1672691408589708e-15,19.062951728966574,2.627316302037615e-13,-6.882623145988277e-17,1.0877468348774143e-19
355,1.3865745896948581e-14,19.06295172896607,2.6690486859405483e-13,4.786018120380659e-17,-3.7680187387248434e-18
356,-5.886141090414832e-15,20.778750959978172,1.906992074253973e-13,-3.361164677641877e-17,2.118663234208867e-18
357,5.604376494302208e-15,19.78408972402903,2.071530445249437e-13,-6.218527688563721e-16,1.2131514757416533e-17
358,5.5295661451698815e-15,19.52000063918175,2.0636331526144277e-13,-6.98093164426385e-16,-2.8099606583712463e-17
359,1.1952553151064257e-15,19.52000063918199,2.0239910727591824e-13,3.308749849566589e-17,-9.829211371831e-17
360,5.650726508918863e-15,19.94771057441591,2.0930765974691493e-13,-3.472072654130419e-17,2.449931519810269e-18
361,-1.2236299441916384e-15,19.983393498330738,2.2327872456739043e-13,2.2131195557788172e-16,2.5562899060332683e-17
362,-1.2030941632382374e-15,19.648018744275955,2.4365015547466824e-13,-2.4718639738897144e-17,3.786904565338006e-18
363,5.565830722870456e-15,19.64801874427544,2.3704259630659454e-13,4.9553738539225935e-18,-1.3583273461938809e-17
364,1.2814294932055964e-13,19.7127050382105,2.3236490013654244e-13,-1.111229530041257e-14,-6.373876211177285e-16
365,-1.2376584951834646e-13,19.71270503821049,2.199555311692358e-13,1.0614350439167951e-14,6.478206250082051e-16
366,-1.50198321050032e-14,20.649616437718034,2.0111518495237222e-13,-1.1398372822640146e-16,3.3908046012920273e-18
367,1.5019832105003313e-14,20.64961643771819,2.1560691754561093e-13,1.764284589598852e-17,2.914016441294599e-18
368,1.2266145924884432e-15,20.032136504050964,2.145084547070551e-13,-2.2747038625453707e-17,-1.5807167153540611e-18
369,5.841474487399795e-15,20.62107274499467,1.847833751334394e-13,-7.92680693887766e-16,-3.358099045129892e-17
370,1.2239548928916763e-15,19.988700313328568,2.1593891107623038e-13,-2.423913253894797e-17,-6.88516406498802e-19
371,5.6623379569295175e-15,19.98870031332839,2.021584215655354e-13,-1.7493369362687754e-17,-4.293387168042993e-18
372,5.837647703477096e-15,20.60756376026495,2.5196812515745604e-13,-7.919425092898804e-16,-2.1281268094659218e-17
373,1.0412134825616487e-14,20.60496891451469,2.1076613318769356e-13,-3.8074367656002616e-16,1.16062458213185e-16
374,1.2616904613845374e-15,20.60496891451438,2.1285514402710933e-13,-3.2075146299293124e-16,1.2349711962540809e-17
375,5.6922313115181995e-15,20.09422727247112,2.5532017264666936e-13,-5.828663841939023e-16,-2.3794439609843413e-17
376,1.2307996380968388e-15,20.100483485585713,2.6247536622840484e-13,-3.5190048212240933e-16,1.7361747039556856e-17
377,1.260913889191059e-15,20.592286528147646,1.6185430191047997e-13,6.378265629980625e-17,4.471402360556221e-19
378,-1.2319226647165627e-15,20.11882390211243,2.29931995060976e-13,-3.144447210710076e-17,-2.7072161977904415e-18
379,5.823936244293404e-15,20.55916074183581,2.3723453923050837e-13,1.5947573672860088e-17,3.3838437430549236e-18
380,-1.2304679000201797e-15,20.095065791653223,2.502049413254182e-13,2.0782801383126197e-16,2.2548871671937507e-16
381,-5.692468844670396e-15,20.09506579165345,2.3743029504252585e-13,7.025740042518119e-16,1.9830338428104496e-16
382,5.823767107179804e-15,20.558563668488844,2.493986209029924e-13,2.5451386385802007e-18,-7.604140437812622e-19
383,-1.2583857815268222e-15,20.55099939677235,2.5101415267595865e-13,1.451647520469354e-16,3.649626552752144e-17
384,1.258826567877938e-15,20.558197984176044,2.384898073749712e-13,-1.992837898583234e-17,-2.5017959232389807e-17
385,-1.258728680040905e-15,20.55659935447969,2.4455323225227694e-13,-5.74046621792926e-17,-3.855258507376824e-18
386,5.8232106623086875e-15,20.556599354480348,2.5656290612288765e-13,1.120296348138115e-17,1.2473744529834364e-18
387,-1.2467807380686681e-15,20.361474654353,1.9628933615340286e-13,-2.8067308702252145e-17,-1.7207029814112365e-17
388,5.746385329302877e-15,20.285397146204257,2.5148303026759704e-13,-4.82400832401161e-16,2.2504805432265386e-17
389,5.815066140879366e-15,20.527848262743237,2.0407791733033735e-13,1.2346474565753408e-17,-3.501999992613077e-18
390,-1.2585217071930864e-15,20.553219231362352,2.3171575776786054e-13,6.97772528179301e-17,6.73772982974295e-18
391,1.2585217071931032e-15,20.553219231362625,2.2975460389732723e-13,-1.0380718455294081e-16,8.567846232928251e-18
392,5.77513725613533e-15,20.386894734878087,2.0729846922745655e-13,-5.421849762789253e-16,-2.7013481831819007e-17
393,1.2412825332529262e-15,20.27168215549423,2.4500124327819774e-13,-8.771578742572021e-17,1.6592916776613928e-17
394,-5.744264379717056e-15,20.27790995169677,2.340838798286762e-13,-5.243254705423029e-17,-1.5301254247858389e-18
395,5.768582523240323e-15,20.363755778413672,2.5711044222414056e-13,-4.817757790547589e-16,1.2986216710576588e-16
396,1.2409937056936308e-15,20.266965243491576,2.503583152172263e-13,-1.1869332765274354e-17,-7.607813854442914e-18
397,-1.2355629569751128e-15,20.178274386302398,2.1736581343372163e-13,-1.9458455317373934e-17,9.599599141773592e-18
398,1.2478668178273249e-15,20.379211682848286,3.059576453749445e-13,-5.5310490163024235e-17,4.113456372025142e-18
399,1.0199164183224844e-14,20.18351322462218,2.2200269700704048e-13,-1.7958367794128455e-15,-1.432666213254628e-16
400,-5.7194422786378456e-15,20.19028509719435,2.2980172313198917e-13,-5.1205897341080664e-17,-2.875082444632736e-17
401,5.739808472065464e-15,20.262180088281866,2.45889283348251e-13,-8.981375247188378e-16,4.214427531881061e-18
402,-1.2373605915753193e-15,20.207631987227956,2.392006352809752e-13,-2.2257829215420625e-17,-3.2779772747065335e-17
403,5.714064353367958e-15,20.171300406180684,2.2870776711861587e-13,-1.5868572160028817e-17,-7.5316874013738e-18
404,5.714064353367873e-15,20.171300406180386,2.4655095607833987e-13,-2.000985892069523e-17,1.3636283126010431e-17
405,1.5909595486868425e-13,20.311521632502227,2.6215040718864323e-13,3.2415125346973934e-16,7.582933424751745e-16
406,-1.54585891072369e-13,20.31152163250222,2.6890977523810946e-13,-1.5018063392605783e-15,-8.888171791578395e-16
407,5.811315935307775e-15,20.514609608347456,2.4554339796122145e-13,2.156257003499163e-17,4.363246424464337e-18
408,-1.2554259513483259e-15,20.502661701682516,2.5345584135279245e-13,2.53548659952026e-16,2.2220745162449133e-17
409,1.23786887708114e-15,20.215932919483276,2.618225480426427e-13,3.8662752117929044e-17,1.5070620483401872e-16
410,-5.727648229504116e-15,20.219253041866576,2.3028722200891666e-13,-4.406547817653556e-17,2.1556371151936455e-18
411,1.1327182714044371e-13,20.182611266590698,2.2972354948669614e-13,-1.1964102408527321e-14,-6.950201174971999e-17
412,-1.1775326708548938e-13,20.182611266590705,2.3059776201081493e-13,1.2894234034280933e-14,-8.506454360988148e-16
413,2.2904561251977323e-13,20.51743451021465,2.376739718287245e-13,2.1527457154270933e-15,-1.8557990271955443e-15
414,-2.1993404123998156e-13,20.517434510214645,2.371863976948132e-13,-1.9117086611909085e-15,1.8536881463351375e-15
415,5.810056084795955e-15,20.510162192013087,2.192237266643416e-13,3.594927255170101e-17,3.716954455692796e-18
416,-1.0437231827477175e-13,20.194872848987366,2.4725992960429126e-13,-8.244979068505733e-16,-1.2002855260051877e-15
417,9.988815571150702e-14,20.194872848987348,2.5925200769300807e-13,4.945197940505815e-17,1.2627217904946905e-15
418,5.809824494515573e-15,20.50934465184766,2.572212762288995e-13,-3.959557922209789e-16,-1.0499165862169227e-16
419,1.2558328205083982e-15,20.50930637932109,2.0871330620819594e-13,-2.4785935133756195e-17,-7.619029462826182e-17
420,-0.005659155508814953,20.221681919299186,2.3844166406981047e-13,2.0335038393389827e-06,2.642252141112839e-05
421,-0.0056591555088917195,20.22168191930074,2.4112766442212366e-13,2.0335038306083363e-06,2.642252140259965e-05
422,-5.734209339616978e-15,20.242414510639072,2.341196082430224e-13,1.3393953233040702e-15,-1.4306947411804202e-16
423,1.2394904068734006e-15,20.24241451063902,2.3053929518547077e-13,8.606544570428266e-17,5.90007951604829e-16
424,0.005659155508796976,20.221681919299126,2.41664663515941e-13,-2.0335038389250343e-06,-2.642252141147884e-05
425,0.005659155508900687,20.221681919300693,2.445681989763677e-13,-2.033503830746247e-06,-2.642252140289274e-05
426,1.2558225847111411e-15,20.509139216066114,2.4630201412810987e-13,-2.2584235071561212e-17,5.346580587476113e-17
427,7.411167792513517e-14,20.507134733187776,2.5206666825294796e-13,-4.234160593128416e-15,4.141194523069098e-15
428,-7.866517655511022e-14,20.507134733187772,2.5263313603688143e-13,4.838284083908081e-15,-4.930305846293292e-15
429,1.0363953904716537e-14,20.509621860904346,2.413035862356112e-13,-5.518802452446098e-16,-2.0244069653091262e-16
430,5.8099030214501514e-15,20.509621860904012,2.4229634053510595e-13,-2.32041273517281e-16,-3.6080061964764675e-16
431,-5.8096839983062875e-15,20.50884868416718,2.176925318327888e-13,-1.1283038874688087e-16,-5.698629352874351e-16
432,1.2558047947631267e-15,20.50884868416701,2.1246344458710795e-13,-1.834976764347214e-17,3.466912085011677e-16
433,5.552924280773057e-14,20.371965250055137,2.30931241593729e-13,-5.8501383026138925e-15,2.137883036222651e-15
434,-5.100575783223563e-14,20.371965250055144,2.3272092234840456e-13,5.4700193726133406e-15,-2.100998925703047e-15
435,5.7810611487166155e-15,20.407806752916635,2.1683183680143602e-13,-6.655367267911505e-16,-1.9890719975501334e-17
436,-1.247975472184912e-15,20.38098614316881,2.1402699102784862e-13,-4.442697356861777e-17,5.147122583868614e-17
437,1.0298951504469865e-14,20.38098614316889,2.0784625547899176e-13,3.280555764570522e-17,-1.6665143999881032e-16
438,-5.8076912451459125e-15,20.50181403769709,2.417945206287297e-13,5.742882877082885e-16,4.2923585235082126e-17
439,-1.145124225670287e-13,20.403658775631317,2.3503082695065777e-13,9.3566283122058e-15,4.7361715916394394e-15
440,1.145124225670287e-13,20.403658775631317,2.253813190022905e-13,-1.0533071016753932e-14,-4.851788296380084e-15
441,1.2505098847230577e-15,20.422376240949003,1.6589012095311928e-13,-6.378900306404736e-19,3.650044260737104e-17
442,5.8033759683300974e-15,20.486580617209565,1.8098732655404618e-13,-4.525316861884351e-18,1.7394140970921357e-17
443,5.803999075797107e-15,20.488780257802514,1.715625237648773e-13,-6.059605752349702e-18,-1.523414321405458e-17
444,1.25461000693809e-15,20.48933631822005,2.410220080541348e-13,1.4181651785147524e-18,2.6378091585856766e-16
445,-5.7817640607881615e-15,20.410288112886956,1.8450751639427824e-13,-8.250214192597596e-17,-1.1197679743223577e-16
446,1.031375842122026e-14,20.41028811288706,1.9169242408158865e-13,4.2365067371554154e-17,-3.315384545847779e-17
447,1.250844973814795e-15,20.42784866111081,1.8538949328813301e-13,-4.7228002768322453e-17,2.7064551195546164e-17
448,5.786482043399711e-15,20.42694313087124,2.472810047892739e-13,-3.5720130076592963e-16,5.983929319371799e-17
449,5.8036060795129884e-15,20.48739293599176,2.304938037874194e-13,-4.569520523518658e-16,-7.326313286247728e-17
450,1.2510951143747966e-15,20.43193376646814,2.0940858851546513e-13,-1.845882038784536e-17,4.049291587718794e-17
451,1.2511082506923304e-15,20.432148298814003,1.746951182562124e-13,-1.180570078089151e-17,-8.031044341385048e-18
452,5.786480206541014e-15,20.426936646550047,2.4470179771585387e-13,-4.1231475375515434e-16,-1.3437520649353029e-16
453,-1.2536257977720057e-15,20.47326296275512,2.1037383027418896e-13,-2.5411760177352923e-17,1.348267981900035e-17
454,5.794683145193608e-15,20.455893957763635,1.800173373392752e-13,1.5342137969297522e-17,1.5295167266623484e-17
455,1.2521382298942345e-15,20.44896913568911,1.1255188261695408e-13,8.610690343223351e-18,-5.814375567508159e-18
456,1.0356322191102686e-14,20.494519173087532,1.2830506368752514e-13,1.2100037449231528e-16,5.974747861216455e-17
457,1.490701960401949e-14,20.494519173087674,1.2199770690238292e-13,1.9803729427185856e-16,1.272768919535404e-16
458,-1.254921808731199e-15,20.49442842793407,1.954351728878555e-13,1.4801323782684837e-16,-3.131420215150839e-16
459,-1.0356276335621195e-14,20.494428427934256,2.015239773312958e-13,4.2373109435387646e-16,-1.5953037075480419e-16
460,5.789917817960606e-15,20.43907180785313,2.679227470481679e-13,-3.9189884246676897e-16,-7.39581791566817e-16
461,-1.2520269726674565e-15,20.44715216728883,1.0930465992474497e-13,-5.420754795695103e-17,1.6625310091356547e-17
462,1.2527611516372229e-15,20.459142219772165,2.607576637291352e-13,7.24250834579753e-17,5.819228989345968e-17
463,1.2519392426964738e-15,20.44571942813426,2.360356356774688e-13,7.493696084318635e-17,-7.155808893050155e-17
464,5.795082065863492e-15,20.457302193333422,2.4547031526948565e-13,-2.39133132579631e-16,-1.308564194882334e-16
465,5.7972042603449464e-15,20.464793782464813,2.1314926491713793e-13,7.136281235354041e-17,-6.946391964685117e-18
466,-1.2519276680535749e-15,20.445530399870652,2.3845040705139715e-13,2.676487398791928e-16,-2.6199293980823046e-17
467,5.7911562167240996e-15,20.443443497063516,2.6788611749987707e-13,-3.1760862897016605e-16,-7.227391501239942e-16
468,5.7901815409947105e-15,20.440002780312657,2.408187410685015e-13,-2.7093669851912055e-16,-2.284547465600911e-18
469,5.57999301352989e-14,20.471272075648745,1.9769929803197935e-13,4.718023971011829e-16,1.6084042568377902e-15
470,-4.670885909459843e-14,20.471272075648756,1.931174006532407e-13,-4.539563525654733e-16,-1.6115705042945006e-15
471,1.2534576087715133e-15,20.470516227931505,2.3078744847675595e-13,-1.149838385805752e-16,1.9862554590713398e-17
472,5.798825297214046e-15,20.470516227931643,2.25972184618231e-13,-3.062403558686936e-16,-1.922084549546445e-16
473,1.0328773883015983e-14,20.440002780313066,2.384367369997963e-13,-7.357781656560678e-16,-5.814259435963933e-17
474,5.797311811369607e-15,20.46517344987723,2.1596238649610282e-13,3.8620897435464927e-17,2.6292226557408733e-17
475,1.253130457969347e-15,20.465173449876737,2.1997184533161106e-13,-2.75880486134946e-17,7.692476280449723e-17
476,1.0339023238642994e-14,20.460285619291373,2.517614547611821e-13,-6.660622167665578e-16,-3.892183729969688e-16
477,5.795927201654058e-15,20.460285619291074,2.527847361970776e-13,-1.7525912094390577e-16,4.1375751219089466e-17
478,1.251780103044096e-15,20.443120480380696,1.6872303947191015e-13,-2.864848639305939e-17,3.4595261596386926e-19
479,5.791064713545176e-15,20.44312048038116,1.6405581938705806e-13,4.81140756428932e-17,-2.2253920250524278e-17
480,3.906965010037538e-15,13.792033134427847,4.1475091794454984e-13,-7.91216954309531e-16,-5.6725863547305e-18
481,3.897501089291976e-15,13.758624412269075,3.942180063878154e-13,-5.414064347050363e-16,-1.3742285827416646e-17
482,6.924739803092169e-15,13.703630501669824,3.198222028929579e-13,2.8914212908256834e-17,-1.91744031023449e-17
483,8.175330988444639e-16,13.351328716388467,4.0120427528847777e-13,-2.1145384818032187e-17,-9.493860987070979e-21
484,3.7949823173951856e-15,13.39672142740262,3.731851508657831e-13,-2.8372215668238157e-19,-1.4757733834710176e-17
485,3.845160552653386e-15,13.573856334300997,3.5584910356293466e-13,1.2345310051643519e-17,1.6479406919147187e-16
486,6.859162119712359e-15,13.573856334300947,3.5685961461885963e-13,8.024204417700757e-18,-9.70174917484748e-17
487,4.2922563295684607e-14,13.540852436950882,4.255670660597102e-13,-8.186164099247282e-15,-8.933999658520162e-15
488,-3.690921683626284e-14,13.540852436950896,4.238430134210892e-13,6.913562722343063e-15,9.06005765126282e-15
489,-8.247308105611306e-16,13.468876269228652,4.3156792526923246e-13,1.6257523191683205e-16,1.0447919961257353e-17
490,8.247308105611069e-16,13.468876269228264,4.384241929805653e-13,-1.272635487111035e-16,1.620782079076618e-16
491,3.720494435457322e-15,13.133770688616638,4.743857167909168e-13,-7.910872669862633e-16,-5.083209076573815e-17
492,-8.127655349728451e-16,13.273468489669416,3.8359088868758225e-13,-3.2295199452202197e-17,-2.8399527831606996e-17
493,6.707369668519762e-15,13.273468489669261,3.9763024326736594e-13,2.9941699895163284e-17,4.335939480359952e-18
494,-8.017286663073598e-16,13.093222745783592,5.044302055452535e-13,-3.447704830855856e-17,4.496503130862872e-18
495,3.699025917554357e-15,13.057984366112073,5.206863813568697e-13,-7.416412557890803e-16,2.441528557237024e-17
496,3.65121278197075e-15,12.889198531446084,4.3891175854918294e-13,1.988723837896412e-17,-1.0242593038924157e-17
497,3.649743143059179e-15,12.884010538077328,4.607552944209289e-13,-5.146383347099582e-16,1.2539670007483287e-17
498,7.87310661007368e-16,12.857758850233788,4.85633410238614e-13,-9.802291465177439e-17,-1.1108533270386174e-17
499,-7.803585052420261e-16,12.744221530409291,4.52637322290811e-13,1.981946355575528e-16,-1.7974729855440246e-16
500,3.519930943446838e-15,12.425758633157104,4.840785039308446e-13,1.7420295616282043e-17,1.7319913091692062e-17
501,3.187186753210456e-14,12.729789839688298,4.95651062842295e-13,-7.681298022691305e-15,2.194980458832558e-15
502,-2.6218705220640013e-14,12.72978983968829,5.023090166101903e-13,6.5281370933021e-15,-2.564619001369776e-15
503,3.4174973107922354e-15,12.064156199548792,4.81209585179334e-13,2.3428858314469723e-17,9.338264428423672e-19
504,7.71669495872722e-16,12.60231923865703,5.121188140160468e-13,-1.1822729360960686e-16,-1.5540383481601633e-17
505,6.394320844375248e-15,12.653964286328216,4.8927749922962e-13,5.0237762523673136e-17,-1.163290824011791e-16
506,-3.584576343682128e-15,12.653964286328513,4.799054177209914e-13,-8.564155866544039e-17,-3.0131163072937676e-16
507,6.376711759399467e-15,12.619116999521447,4.801822842671894e-13,-1.2019381894384765e-15,-2.987933897120471e-16
508,-3.574704910737996e-15,12.6191169995215,4.836013561833142e-13,7.245680155912949e-16,4.960712096966672e-16
509,6.0744201925868845e-15,12.020900741125617,5.01042413643434e-13,4.5550838030149576e-17,1.6132397578952518e-17
510,-3.393437159556072e-15,11.979221115099362,5.242710026616884e-13,-4.24222581782397e-17,-3.3017115741329668e-18
511,6.053358579368129e-15,11.97922111509981,5.214431540580991e-13,2.7631809774897542e-17,9.395756496097703e-18
512,6.718818594335651e-16,10.972663463479517,6.725420661485711e-13,-6.836699905290751e-17,6.719507127232002e-16
513,-6.708832030864911e-16,10.956354167643866,4.994490631267812e-13,-3.276192501889811e-17,1.4482041326385242e-16
514,5.530052380312323e-15,10.943630609895292,6.357271591273839e-13,2.6739836285656386e-17,4.306035420021612e-17
515,6.704999478536874e-16,10.950095134703583,6.86468107945336e-13,-3.356808375775058e-17,6.048506934802829e-18
516,3.0930929083185503e-15,10.918971572510543,6.639622639390533e-13,-4.058140140188969e-16,-3.6795589267048324e-17
517,3.0683489317521958e-15,10.831622506469794,5.99623873983635e-13,5.087057188098992e-18,2.96162900066486e-17
518,-6.623966646310053e-16,10.817758476847228,7.084775130868868e-13,1.674308566135273e-16,9.482884400417534e-17
519,-6.746351381928769e-16,11.017627917903907,5.35931212740338e-13,-4.8402496899838964e-17,2.4748415740856483e-16
520,5.567444814676502e-15,11.01762791790329,5.406902105270492e-13,3.3845591765641645e-17,-5.194030199825693e-16
521,5.563512837163661e-15,11.009846778321297,6.045241150419618e-13,-5.73767145084474e-16,-6.182394308845806e-16
522,-3.118835758986335e-15,11.009846778321844,6.269900177660896e-13,3.8710180564425184e-16,8.231790891065301e-16
523,3.0904603851182637e-15,10.909678464660274,7.078887356437779e-13,-5.693674495809564e-16,8.46815658139231e-18
524,-6.680251405736759e-16,10.909678464660685,6.876765683508871e-13,2.5937139657437296e-16,7.612398883222227e-18
525,2.9924457331707277e-15,10.563675538131163,6.122321955711202e-13,2.2193582945473937e-17,-1.6865147049990847e-17
526,-6.474957213838127e-16,10.574407606088945,6.963609480032091e-13,1.6919189850317577e-16,3.9775245354569695e-17
527,6.45474400441559e-16,10.541396929971375,5.994433453627177e-13,-4.145159651531845e-17,1.2948670944145198e-16
528,-6.495316102419487e-16,10.607656194327669,6.030033776422978e-13,-5.07092835246339e-17,-3.116857475458174e-17
529,5.360277267941797e-15,10.607656194327177,5.81962276645497e-13,5.0472831217639735e-17,8.610329306215669e-17
530,-9.954770984579682e-15,10.48520978229796,7.304243498699035e-13,2.3943097901667385e-15,-2.2981738238623963e-17
531,5.298402457246666e-15,10.485209782297629,7.365111563265044e-13,-1.1103771540576325e-15,7.66870707170694e-17
532,6.352980435562883e-16,10.375204409934483,5.721389699017588e-13,-2.1792392362280632e-17,-1.738453770945863e-17
533,7.536908228129371e-15,10.36191769316182,6.99267150392465e-13,-1.4571907286462466e-15,6.064883316671374e-17
534,-6.344124654788278e-16,10.360741822385531,7.412019640373675e-13,-3.137274675070989e-17,-9.64428900624569e-18
535,2.8985967971872805e-15,10.232378065185003,8.571408438404422e-13,-4.812615236678869e-16,-3.708884742037455e-17
536,2.8698670654586875e-15,10.13095882776517,7.580586967943971e-13,1.2721824436939495e-17,4.3651900125561284e-17
537,-6.214079472067551e-16,10.14836192181131,6.153273081837865e-13,-2.7463530448481192e-17,-2.2555413781040016e-17
538,-0.003295811700983279,10.34096428487883,7.247425433107538e-13,-1.8784776547118697e-06,0.00012577734200796398
539,-0.00329581170160561,10.34096428487906,7.038139004610279e-13,-1.8784776446595809e-06,0.0001257773420246315
540,0.0032958117009809816,10.340964284878826,7.279626131492154e-13,1.8784776544906925e-06,-0.00012577734200842298
541,0.0032958117016147932,10.340964284879057,7.128372159733569e-13,1.878477644499661e-06,-0.0001257773420251691
542,-6.247336662573267e-16,10.202675035647676,6.608963484369901e-13,-3.7786104514608984e-17,-1.9530739133563197e-17
543,-5.1556315611947025e-15,10.202675035646964,6.853619679025918e-13,-1.0581883488488022e-16,-5.862053321709897e-17
544,6.004447913060446e-16,9.806007605198456,8.512064332982797e-13,-4.950485052767456e-17,-4.0473497967478825e-17
545,2.7653837041207586e-15,9.76212061757724,8.065705687664134e-13,3.4042000750766607e-17,1.5061431947525523e-17
546,5.965793345211149e-16,9.742879905234338,9.307682047696388e-13,-3.2785852733481966e-17,-2.4296387339078512e-17
547,2.749019768838316e-15,9.704354055285219,6.403729917923399e-13,3.9640858166925524e-17,9.292054167276396e-17
548,-5.919706743461926e-16,9.66761477282014,8.036679751018537e-13,2.1770624784187144e-16,3.217250865374536e-16
549,2.738091032265645e-15,9.665774365797223,8.555728915563456e-13,-3.8366512594819806e-16,1.251166469753564e-17
550,-2.7467758004334846e-15,9.696432590282965,8.131816757065669e-13,4.916613574016945e-16,6.297147460860387e-17
551,2.746775800433376e-15,9.696432590282582,8.291175628309593e-13,-4.123592051881674e-16,-6.921193653170089e-17
552,-4.38045218646026e-13,9.657436722142243,7.692696149233229e-13,-7.498289961228835e-15,-5.016527168238415e-15
553,4.4018960036758256e-13,9.657436722142243,7.641321916488962e-13,7.0903113385598386e-15,4.572845562123243e-15
554,-2.735014206035055e-15,9.65491281745672,9.094590471858967e-13,6.098532659956462e-16,3.9014515729145636e-16
555,2.735014206034961e-15,9.654912817456388,9.467060798960227e-13,-4.675755593218435e-16,3.704980444307974e-16
556,-0.0073380566200252845,9.517928320076583,8.079916854067792e-13,1.6181267301541185e-06,-0.0004639657266107482
557,0.007338056620021048,9.517928320076571,8.121452620581866e-13,-1.6181267303971695e-06,0.0004639657266110166
558,-5.806242103716249e-16,9.482312953839067,9.807170058600063e-13,1.7180136270266182e-16,-1.3094307168248824e-16
559,2.1368171676728095e-13,9.50214388451718,8.549393103257118e-13,-2.1658574245842377e-14,1.2027158167634661e-14
560,-2.0946191719772414e-13,9.502143884517182,8.516763403703265e-13,2.1241124820479958e-14,-1.21305928400005e-14
561,2.669596469542913e-15,9.423980729004201,7.273013622852457e-13,2.5430338139770868e-17,1.535442482370145e-17
562,-0.023800383484236656,9.39265175070634,9.216919099953882e-13,8.082426640892721e-06,-0.00017816375232668436
563,0.023800383484238755,9.392651750706346,9.18380867242874e-13,-8.082426640592397e-06,0.00017816375232664026
564,-5.75119592170003e-16,9.392415716440423,7.762460676463526e-13,-2.531940647123219e-17,-1.3001373916496811e-18
565,1.3531588118513091e-13,9.481155815695091,8.580971525370246e-13,2.4719756942432548e-15,-1.311510704539649e-15
566,-1.35315881185131e-13,9.481155815695097,8.663467587052678e-13,-2.6569896233829202e-15,1.0488597282184203e-15
567,5.760324605226624e-16,9.407323988005663,9.927809190417797e-13,-4.2583693288372866e-17,1.3576660990987235e-18
568,-5.776078587694331e-16,9.43305219385028,9.409632860645675e-13,9.342028366274725e-17,-5.297750175263787e-17
569,-5.776078587694145e-16,9.433052193849974,9.565595340334517e-13,1.0715848976311081e-16,-2.1525505303361673e-17
570,-5.718223951685472e-16,9.338568403015012,9.452371508655765e-13,1.4519514514731993e-16,-9.253904473974628e-18
571,-2.6626610237179744e-15,9.399497812373559,7.638750570917869e-13,-8.292345804452065e-17,5.010152120700755e-17
572,5.755532454757728e-16,9.399497812373255,7.929323427819777e-13,-2.5908288390183357e-17,-2.9782247786790823e-16
573,-5.6829757329786e-16,9.28100369336744,9.033916360230292e-13,-2.4211356253461527e-17,-2.5609399714969756e-17
574,4.650274316122727e-15,9.202604396932745,8.896209789577304e-13,9.114847623735482e-17,3.1766423538060154e-17
575,-0.007737672778867047,9.232727891570761,7.915348600385424e-13,-5.654342390211571e-07,-0.0002102958148814711
576,-0.007737672777981208,9.232727891570518,8.001315938297962e-13,-5.654342598712865e-07,-0.0002102958148677212
577,0.007737672778871147,9.232727891570761,7.924618608142584e-13,5.654342394600421e-07,0.00021029581488124727
578,0.007737672777985327,9.23272789157054,8.028050266972431e-13,5.654342595068319e-07,0.00021029581486759497
579,4.64338970084847e-15,9.188980170384559,9.305781980022962e-13,1.1005517350266917e-16,8.767205209672494e-17
580,2.5965661111776847e-15,9.166175215055487,1.1304076850194401e-12,-3.5131087628036934e-16,-1.8673339930275884e-17
581,-1.7994589286670253e-13,0.026068680387528295,7.301337399885979e-08,9.906016754686825e-14,9.852402094404605e-14
582,0.001891988630883883,9.175655380801604,7.805547384327205e-13,-1.4731111856156097e-07,5.3345050534385174e-05
583,2.590204220766946e-15,9.143717014606525,1.1370741611318672e-12,-3.668413092644353e-16,-2.889421564886886e-17
584,-2.57615851001258e-15,9.094134049920862,8.411104449839317e-13,2.4702389012358483e-16,-1.2606416243490836e-16
585,0.0018919886305171487,9.175655380801597,8.064514035534396e-13,-1.4731111046105286e-07,5.334505053693343e-05
586,-0.0018919886308757345,9.17565538080161,7.797835987596474e-13,1.4731111851976498e-07,-5.334505053439384e-05
587,-0.0018919886305232608,9.175655380801597,8.02863881592878e-13,1.473111103293765e-07,-5.334505053724642e-05
588,4.5887102887691525e-15,9.080773005857031,8.208742579049734e-13,5.97857909428151e-17,-1.5116361011455946e-17
589,5.546718857260597e-16,9.058479328280512,9.428220682831811e-13,-4.150257867656426e-17,-1.3102828962917906e-16
590,5.55017076577582e-16,9.064116722699255,1.0111922947822254e-12,-3.00098886387707e-18,-1.86635140283873e-17
591,5.549547664016773e-16,9.063099120302416,9.489927700010876e-13,-1.8745001496659915e-18,5.115147038374145e-17
592,2.562009243511006e-15,9.044185521608938,6.955808482864819e-13,1.894056960274963e-17,-9.793598720303028e-17
593,5.474742828615376e-16,8.940933553130757,9.918670964828022e-13,-4.988466256877105e-17,-8.284972734643349e-18
594,-2.548158009739642e-15,8.995289082906119,1.0259852862038886e-12,6.200372257852002e-16,-4.4629870360646075e-17
595,4.503496164263347e-15,8.91213953962493,8.198565294067387e-13,5.609627737877946e-17,1.580917077864536e-17
596,-1.4652593106912213e-14,9.069754768022117,9.719247361777446e-13,2.9827636346022016e-15,-4.523576631391672e-16
597,1.465259310691211e-14,9.069754768022051,9.914608120488535e-13,-2.8396394089657125e-15,4.872361242320957e-16
598,2.5527509643215928e-15,9.011502737652563,8.065305268969914e-13,1.69690276836273e-16,-4.947737766074269e-17
599,2.5527509643214587e-15,9.01150273765209,8.127748726747895e-13,1.685127822564277e-16,7.065817968348379e-17
600,5.540640014591446e-16,9.04855182481848,1.1343997499856897e-12,-2.5948687755040503e-17,-5.052930279221529e-17
601,-2.5632461165446945e-15,9.04855182481869,1.1591149640971405e-12,4.810307486383209e-16,8.426213512960896e-17
602,-1.0416343471318435e-13,8.973764368516537,1.026587354342107e-12,-3.470575332778058e-15,-2.9116552238594883e-16
603,1.0615601067708195e-13,8.97376436851654,1.0329443751322087e-12,3.2850264384773126e-15,2.784874521924807e-16
604,2.5125886767253843e-15,8.869725271036346,8.18313023940456e-13,1.556050315140133e-16,6.96242110253519e-17
605,-5.42834615537772e-16,8.865162035547142,1.0733801337317225e-12,-1.6027379531408995e-17,6.776878099593353e-18
606,5.420514881757196e-16,8.852372595153428,8.60395243240032e-13,-9.914309757355172e-18,4.009469640904235e-17
607,4.4747819259796794e-15,8.855315843317873,6.850626087572135e-13,2.5298494167516755e-16,3.425848927235408e-17
608,2.485773349736315e-15,8.77506410120411,1.0861344789328204e-12,-5.237867274181056e-16,1.4350177561320038e-17
609,-2.4789513069765095e-15,8.750981510357766,1.1385294714869994e-12,5.494583905465437e-16,1.3533053367002075e-16
610,-5.368327402402985e-16,8.76714397349607,9.769391587604758e-13,-2.1866448033404815e-17,-2.2528912853025558e-17
611,2.4858379496650234e-15,8.775292146337595,9.756712255472132e-13,-1.6463074454724052e-16,3.977909300849949e-17
612,-1.231337483817477e-14,8.836293582787917,8.234703255550468e-13,4.838251079728885e-17,-2.8817538995953723e-16
613,2.99718366965321e-14,8.836293582797275,8.193486465234004e-13,-1.2482345944338418e-16,7.846529909140004e-16
614,-2.996241122685028e-14,8.833514766867253,8.237775109891075e-13,-8.906372637425884e-17,-7.403379391555053e-16
615,1.2309502558287173e-14,8.833514766876664,8.161315914586807e-13,3.24380911329602e-17,3.6175859475564466e-16
616,2.464797805927538e-15,8.70101803360943,7.065682097621733e-13,1.782237025989252e-18,7.763564337608588e-17
617,5.312901523880993e-16,8.676626644645692,7.807880238057666e-13,-2.4269798126368314e-17,8.445526286083563e-17
618,-5.303036223732752e-16,8.660515386844489,8.436702397297784e-13,-1.2917304223927948e-17,1.1354176897570396e-18
619,2.4301686542990482e-15,8.578773169514097,1.053260763599149e-12,-6.101899110565731e-16,1.3550837455328878e-16
620,5.29418125296875e-16,8.64605412214324,9.029581830349159e-13,-9.981773859661026e-18,-5.082756272423632e-17
621,2.398479283860572e-15,8.466906069098878,1.1539054989011448e-12,-3.304454101435657e-16,1.0595609028204336e-16
622,2.413030001086552e-15,8.51827176436229,9.799789127589833e-13,2.298835336363753e-17,-3.280375682126336e-17
623,2.4089522912152444e-15,8.503876982347819,1.1002941275828643e-12,-4.817195284091775e-16,-1.6987311920929377e-16
624,-0.006466801372452469,8.695530394154797,9.720188227888514e-13,-3.8088625524902633e-06,0.00027181361546468923
625,-0.006466801373546895,8.695530394154346,9.799423681859356e-13,-3.8088625371585604e-06,0.0002718136155160635
626,0.0064668013724601976,8.695530394154805,9.756495774302637e-13,3.8088625527090553e-06,-0.00027181361546471097
627,0.006466801373546905,8.695530394154359,9.823434948301555e-13,3.8088625374253825e-06,-0.0002718136155161325
628,-5.293775449232857e-16,8.645391394349113,1.0683961984746386e-12,1.0325945704108384e-16,-1.3438426859477759e-16
629,-5.293775449232201e-16,8.64539139434804,1.067127621933967e-12,1.293425789141221e-16,-7.64371533982013e-17
630,-4.320270273253643e-15,8.5495468675342,9.40209476313742e-13,-9.902159655821159e-17,-7.69271065108566e-17
631,-2.4218895167638347e-15,8.549546867533714,8.896231867559432e-13,-5.5454533236429676e-17,1.4072255964089476e-17
632,-6.2021333252056346e-15,8.5268379410462,1.077830233910914e-12,1.4866331562291034e-15,-1.0048209855904902e-16
633,-5.221182395675421e-16,8.526837941046532,1.115800436476525e-12,1.618919713314138e-16,1.1310696220827212e-16
634,6.1821713044443025e-15,8.499393688063774,1.0372471617344034e-12,1.124085511397025e-16,2.7043692024279006e-16
635,2.407682277307209e-15,8.499393688062918,1.051323648571793e-12,3.0810954090387986e-17,-6.254191756028396e-17
636,-2.3917624005142774e-15,8.443194703004178,1.1982328411390024e-12,4.914972229435308e-16,2.282956755258078e-17
637,4.261812129790374e-15,8.433861828007295,9.733900782207103e-13,1.2642330474780007e-16,-2.6593008540226104e-17
638,0.14575112533675919,1.1907754846565543e-14,3.0215059403287377e-09,0.22209536815390046,0.22215724983195193
639,2.3859972636483442e-15,8.42284311078997,1.0251805764023103e-12,3.778033757494537e-17,1.151433745869627e-17
640,2.369082070091938e-15,8.36313054377034,1.0255403893572235e-12,-3.357683900801552e-16,-8.880491247715694e-17
641,-2.3736627354090716e-15,8.379300816007056,1.0549184751243492e-12,-5.677175476546023e-17,-3.376393883787742e-17
642,5.095544191796463e-16,8.32165518310125,1.1895997457592243e-12,1.987939649212621e-18,1.0435094355363602e-16
643,5.110868948177685e-16,8.346682409550363,1.117952696981157e-12,3.3369589708786142e-18,-4.5285033236565583e-17
644,5.113115769209319e-16,8.350351746755504,1.2350192849579505e-12,-7.356970032076099e-17,2.8058842650038835e-17
645,0.001422651094181166,8.383677836260087,9.786297027985185e-13,5.059083894615613e-07,8.777467691719128e-05
646,0.001422651094270697,8.383677836261128,9.780932286468727e-13,5.059084062929327e-07,8.777467691830241e-05
647,-0.0014226510941830253,8.383677836260075,9.955677175190146e-13,-5.059083893256024e-07,-8.77746769171036e-05
648,-0.0014226510942651105,8.383677836261118,9.897413840486997e-13,-5.059084055968749e-07,-8.777467691773542e-05
649,-4.192385893959358e-15,8.296471614078218,9.575874483267672e-13,-7.301068262270086e-17,-8.805545323648826e-18
650,2.350511444542938e-15,8.297574112565854,1.02747006752566e-12,-1.2539344231017721e-17,-1.559047468848491e-16
651,4.1929430102035664e-15,8.29757411256541,1.0517518467423072e-12,2.6309085131635143e-17,2.4551804913779618e-17
652,-1.1551032564432189e-14,8.289223406667293,1.1373712583589476e-12,1.1404509854661084e-15,2.9871772207972525e-16
653,-2.337873764340068e-15,8.25296165669474,1.1665568831304496e-12,5.798284320265072e-16,7.11298038404483e-17
654,6.029300555027161e-15,8.28922340666902,1.1100859481090133e-12,-5.721558317463905e-16,-1.1734539158600072e-16
655,2.331590391625535e-15,8.230780632689623,1.1138730374666558e-12,-5.374943435038661e-16,-7.290315102419854e-17
656,0.01521310545942608,8.232858490038998,1.1167334604939091e-12,5.558584263173124e-06,4.9432951599739976e-05
657,0.015213105460656242,8.232858490039918,1.0342060875002476e-12,5.558584233518243e-06,4.943295158769526e-05
658,-0.015213105459418692,8.232858490038957,1.147866726684421e-12,-5.55858426255231e-06,-4.9432951599767704e-05
659,-0.015213105460659956,8.23285849003995,1.0548785093580445e-12,-5.558584232992188e-06,-4.943295158712466e-05
660,-2.3305815786455106e-15,8.227219407541408,1.2242323565401514e-12,2.966787807728653e-16,-4.246372611227621e-17
661,-2.319875886844022e-15,8.189427091594435,1.255774069881242e-12,5.634567277864879e-16,1.3331158618819635e-16
662,2.324507143757823e-15,8.205775957951081,1.3763264091868387e-12,-4.3651572392117613e-16,-1.9253114298831218e-16
663,4.995084628860665e-16,8.157592266339059,1.1671029826892507e-12,-2.7202411275463235e-17,3.277181940877977e-17
664,-4.992537515113065e-16,8.153432513911872,1.1995407055553944e-12,-3.254922715011923e-17,3.2821642855001924e-18
665,-4.117277010438791e-15,8.147835792888344,1.2031480188073061e-12,-1.0081109352471245e-16,-1.7043917578432328e-17
666,2.3029279555666724e-15,8.12959895667726,1.2322072749078107e-12,-1.5835883865968577e-16,-4.633985755897149e-17
667,4.147163967864231e-15,8.20698022762862,1.1819086158982968e-12,-7.982836110868785e-17,3.009296528089269e-16
668,5.025326033213956e-16,8.206980227626094,1.1631358266572544e-12,8.085771505042943e-18,-2.9992518395002446e-16
669,-4.144784109612725e-15,8.202270635780788,1.1025598268919802e-12,-3.255347402061052e-17,-3.3469784309685984e-19
670,4.144784109611738e-15,8.202270635778836,1.122383600120084e-12,4.912716616746581e-17,2.1418444295815764e-16
671,4.123708290339187e-15,8.160562896853824,1.1720572693965315e-12,7.417491219723724e-17,-9.95486899875467e-18
672,-4.123708290339055e-15,8.160562896853563,1.168768764548566e-12,-1.1297208547370462e-16,-3.4295262128254525e-17
673,-0.0061740143495807925,8.098087370464116,1.2165402506749345e-12,-9.003417047626517e-07,-0.00023613164508079273
674,0.006174014349577199,8.09808737046412,1.2175731216955056e-12,9.003417046750482e-07,0.00023613164508078983
675,-5.883217840736005e-15,8.088385474713156,1.1404097362254256e-12,-8.115165516196778e-17,-1.5163282309540156e-17
676,-2.289862568822627e-15,8.083476647819865,1.1993899275828973e-12,-5.821907387308849e-17,-2.727119424856562e-18
677,-4.083702429791196e-15,8.081393780549092,1.3444933627105429e-12,4.769415688239109e-16,5.150941518232233e-16
678,2.289272540545405e-15,8.08139378054852,1.3887192112202826e-12,-2.3714075774149557e-16,2.874947440595644e-16
679,-0.006563518830643543,8.039490236755803,1.277262176759091e-12,-5.707010347076906e-07,0.0003154549213858064
680,2.2633811221313388e-15,7.9899941136083985,1.15314877810641e-12,1.094485966295686e-17,1.1340343309841243e-16
681,0.006563518830639953,8.039490236755778,1.2841827294396943e-12,5.707010344156065e-07,-0.0003154549213857694
682,-4.923564011483472e-16,8.040790234231533,1.2889607595228136e-12,1.1095795946086258e-16,-3.806048944411951e-16
683,4.051982457742351e-15,8.018621923578154,1.3727730233205256e-12,-8.793447128986636e-16,-8.2965850573821e-17
684,-2.2718070713241893e-15,8.019738677523929,1.2931749406323854e-12,5.016973125073194e-16,1.337407746926762e-17
685,4.919478671054246e-16,8.034118366992637,1.288249191555434e-12,3.9536930786785026e-18,2.3608722455842383e-16
686,-1.084984815189854e-12,8.059595127949951,1.2057048977401309e-12,-2.1253630490169023e-14,1.4703021836598774e-14
687,1.0867744048058959e-12,8.059595127949954,1.2201087573440007e-12,2.1247906899345737e-14,-1.4574426265543073e-14
688,-4.884666861832402e-16,7.977266368120665,1.1339501808300012e-12,-2.846074634731786e-17,9.008820646342378e-17
689,4.0143163716301455e-15,7.9440830757365,1.5107265242480997e-12,-6.662597718452501e-16,5.63285673087421e-17
690,-2.2560284253599257e-15,7.964038253436066,1.2528739512550092e-12,4.45487043453466e-16,2.4799720325580644e-17
691,-5.796551032870843e-15,7.969233920435738,1.2298975545005534e-12,5.571844272530239e-16,-2.006897587447278e-16
692,-9.42230161184053e-15,8.0432442385019,1.2209171172518325e-12,4.896441651289029e-16,1.7375728759520494e-16
693,2.278465654826238e-15,8.043244238503531,1.1984182557511482e-12,-1.322653009258491e-16,3.2399891304732416e-18
694,0.005350538791228524,8.031820935340395,1.2396723083566626e-12,-3.2018650708463218e-06,-0.00022682665137589074
695,0.005350538790385837,8.031820935339027,1.1877854606650175e-12,-3.201865049253568e-06,-0.0002268266513442761
696,-4.860540249776637e-16,7.937864620494228,1.5328189611930237e-12,9.34809678317605e-17,2.000574209098629e-18
697,2.2567475300524406e-15,7.966576775209568,1.372965383077185e-12,-2.720752775200362e-16,6.33744696174979e-17
698,-0.005350538791217831,8.031820935340408,1.2407331083623685e-12,3.201865071228178e-06,0.00022682665137603738
699,-0.005350538790384045,8.031820935339015,1.188704324677625e-12,3.201865049344858e-06,0.000226826651344431
700,-2.248912277936527e-15,7.938917439504834,1.2225493614248065e-12,-7.93368207599744e-17,-6.251408247676189e-17
701,4.006527227876233e-15,7.928668843438509,1.6022990770613761e-12,-6.792436075625946e-16,-2.8527448359077373e-16
702,-4.854909460307406e-16,7.92866884343728,1.5991528261019216e-12,1.2649368013619244e-16,3.4531246093163377e-16
703,4.878536714175587e-16,7.967255077255278,1.307641704455658e-12,-4.0302033606712994e-17,3.4693537047507345e-17
704,-2.256939677383831e-15,7.967255077255894,1.2999523960858566e-12,3.824665270632254e-16,-2.3966186586029768e-17
705,2.2533944525439897e-15,7.954740028276834,1.3232960750549344e-12,-3.2041718046769305e-16,8.060437871944875e-17
706,-2.2533944525439444e-15,7.9547400282766745,1.3436958165172782e-12,4.3955971562254737e-16,-2.6767831842952807e-16
707,4.861184915492835e-16,7.93891743950563,1.2731900132061767e-12,-5.8714447236091425e-18,-9.64126715822456e-18
708,4.44830379713574e-16,7.264631402675159,1.3665227850959025e-12,-5.422050290350199e-17,-2.867757917350234e-19
709,-4.459353861082939e-16,7.28267752659414,1.4382041522019332e-12,-1.4377015235062597e-17,-6.747197833127647e-17
710,2.0935606425394587e-15,7.390508406565137,1.150211964952124e-12,1.3591112806467124e-17,-9.590720218740555e-18
711,-5.3237777364241135e-15,7.319254136016673,1.495918508659201e-12,-7.680045901608466e-17,2.511714479254127e-16
712,-5.340342180324117e-15,7.342027320873063,1.4978008556550156e-12,-1.0172189688138539e-16,5.47272037925527e-17
713,0.009416990276464424,7.346367235223271,1.1604073579550745e-12,1.8100735556056554e-06,-0.0003452546477516733
714,-0.014857795822632608,7.501170062740678,1.0191999067263184e-12,-1.6644739654206385e-06,-1.960456334027933e-05
715,0.014857795822634266,7.501170062740674,1.0165117499186294e-12,1.6644739655678731e-06,1.9604563340274362e-05
716,8.817827945574674e-15,7.527241935263249,1.2902721905212125e-12,-6.545771966470834e-16,-2.517066038679852e-16
717,4.963499846442794e-13,7.49427831932344,1.3851573450367522e-12,-1.3175119483127567e-13,-5.5297730016556714e-14
718,-4.896937283698298e-13,7.494278319323441,1.3810424057364118e-12,1.2988893724198393e-13,5.5437287696689795e-14
719,-4.636173540744312e-16,7.571445977684663,1.2703309834571189e-12,-1.7795200610674867e-17,3.221522243194361e-17
720,-2.185300018306755e-15,7.714358890780791,1.3251212969406243e-12,3.5452908056447783e-16,1.8822094081913996e-16
721,-2.1826678315727544e-15,7.705066970694978,1.461342184910162e-12,-7.61002560388631e-17,-8.180483418051833e-18
722,9.002244127442118e-15,7.684666782545557,1.3633107481119617e-12,6.338047775088012e-17,-2.873359320122082e-17
723,4.683343905275343e-16,7.648481029038037,1.3335279533166678e-12,2.695058208982681e-17,-1.603481833767021e-16
724,4.737972897822254e-16,7.73769694432879,1.195962340682703e-12,1.9288813356980504e-17,-3.363142560868928e-17
725,-4.003639602564122e-15,7.922954412076514,1.4436998284313194e-12,2.39008320852763e-16,1.0294800515598384e-16
726,4.680713943352287e-16,7.6441859752725145,1.3510078617397922e-12,-1.2363358736780224e-17,1.6686013990457486e-16
727,2.242085266791593e-15,7.914817309690993,1.397213500244776e-12,-3.062911840192229e-16,9.617955609546432e-18
728,-2.1965253386118938e-15,7.753985554750213,1.510777854863692e-12,-9.028938044579225e-17,-1.563325143517408e-16
729,2.2409997632581107e-15,7.910985358121716,1.1298793422683497e-12,3.1611199651469336e-17,-1.75593521551534e-18
730,4.799996623997394e-16,7.838989376103116,9.225800219694517e-13,5.123862552972372e-18,6.381313373490861e-17
731,-5.7528862998905836e-15,7.909202624373688,1.036700580173348e-12,-1.5323046611479796e-16,-6.051303285541718e-18
732,0.004399512267929357,7.9041395807492165,1.3266592440687189e-12,-6.350575733646757e-06,-3.4284146843282616e-05
733,-0.004399512267922332,7.9041395807492085,1.3049551894854473e-12,6.350575733040254e-06,3.428414684311136e-05
734,-2.162951267406238e-15,7.635465245165562,1.3566697738637533e-12,-8.737791444096468e-17,-6.661076212371998e-17
735,5.535170855385955e-15,7.609882339688862,1.1990645391638043e-12,-9.522911049807843e-16,-1.7036507427497554e-16
736,-4.675695011241189e-16,7.635989437112137,1.3011480347821836e-12,-8.614027143694229e-19,1.3868639302186893e-17
737,2.153118280401361e-15,7.600753676919304,1.190422136645675e-12,-4.897486868891104e-16,7.975525666567941e-17
738,-3.9941252100959824e-15,7.9041260195969825,1.3851048206572705e-12,3.6978975275958384e-16,1.4294584705496944e-17
739,-2.239056670797142e-15,7.904126019597801,1.4441868872258451e-12,2.169077439934784e-16,9.874912173369666e-17
740,3.927428174463583e-15,7.772136723558022,1.3271693025560536e-12,-3.7503538888591217e-16,1.341784211577066e-16
741,-2.157739440708608e-15,7.617066901100556,1.1643778672503738e-12,-3.172452611865567e-17,1.3482243790819992e-17
742,-4.81387973403563e-16,7.861662215403235,1.6397625303666375e-12,1.612107025216265e-16,5.984625712354994e-17
743,-0.005336995060525269,7.806195825474988,8.850047976162851e-13,-2.7248631851578553e-06,4.345739384961804e-05
744,0.005336995060525274,7.806195825474996,8.783887332026459e-13,2.7248631854753097e-06,-4.345739384959122e-05
745,2.2113695856944086e-15,7.806387443963884,1.4333139228114642e-12,-3.8993193587360907e-16,-2.1719805542512147e-18
746,3.9846754608207284e-15,7.885425551986102,1.2190458463589315e-12,1.0498123682092542e-16,3.050989037224179e-17
747,-4.830817742764645e-16,7.889324082875239,1.233684136949231e-12,4.998564508018322e-17,8.979963404864106e-17
748,4.82402052837726e-16,7.8782233893657025,1.5879248934638266e-12,-3.603849399159197e-17,4.231533845940395e-18
749,-4.778716411989449e-16,7.8042361525242665,6.930600688990313e-13,-3.588618298389317e-17,1.7867724657476864e-18
750,-4.818661013334267e-16,7.869470637067286,1.046096389244926e-12,-2.733093087168649e-17,3.669338794074038e-17
751,2.229379442581315e-15,7.869964297683423,1.502848839094808e-12,-3.5920549997167023e-16,-1.9312920174137154e-16
752,-1.2252211346255554e-14,7.583951281912967,1.180604202371428e-12,-1.3631883739343202e-16,-2.970353221392762e-16
753,-5.516309481601242e-15,7.583951281910058,1.2344714769275105e-12,-6.765092391296787e-17,-1.6849644051051641e-16
754,2.2355047468839656e-15,7.891587322124024,1.2523233459457121e-12,1.3296140579174916e-17,2.440131087642725e-17
755,2.2355047468840926e-15,7.8915873221244714,1.288204783285135e-12,2.6837056712481337e-17,-3.0567279428895937e-16
756,2.175591812789875e-15,7.680087815452334,1.0520582409234577e-12,1.0835615068201951e-16,-1.6133246942338666e-16
757,-2.1755918127896374e-15,7.680087815451496,1.126634713688804e-12,-8.972273640763364e-17,1.5706731004905857e-17
758,8.905750523624281e-15,7.602296077920183,1.2425360642025326e-12,-4.329474033381625e-16,-2.48856271685772e-16
759,1.2281848181910982e-14,7.602296077918262,1.1730784206040058e-12,-6.037698436862933e-16,-2.1331794303772828e-17
760,-1.4423940940488373e-13,7.617598543518406,1.3813145673560037e-12,-3.867974483927857e-15,-3.6144276212629705e-15
761,1.4593085606395702e-13,7.61759854351842,1.3989280282791873e-12,3.953918586724663e-15,3.9788338908084145e-15
762,2.2329841760850343e-15,7.882689419049075,1.3073131330722096e-12,-1.750574726026799e-16,-5.125303272337715e-17
763,-2.2329841760850828e-15,7.882689419049245,1.2568753757281154e-12,2.399558536379433e-16,3.3743494819826214e-16
764,-2.0150149963051485e-15,7.113233295924143,1.5306014679325089e-12,9.787614777073303e-16,-2.002028660537807e-16
765,-0.027284498459843824,7.195009742129916,1.434431425606903e-12,-3.5091585430643206e-06,0.00032967744662839633
766,-0.009416990276469302,7.3463672352232585,1.1601811827281543e-12,-1.8100735552000554e-06,0.000345254647751788
767,-4.4402650490752906e-16,7.251503130807635,1.571100894714859e-12,1.4703630792876364e-17,-7.021731229515471e-16
768,4.419788516806256e-16,7.218062415846732,1.3483702220675956e-12,-7.030416801457635e-17,-5.155418734732185e-16
769,5.256642541939971e-15,7.22695510058955,1.472999667120991e-12,-1.6152167892249331e-16,-1.8624245032619063e-16
770,4.4371865302999466e-16,7.246475528110291,1.4107603058761858e-12,1.7346618288352478e-18,4.932784318334618e-16
771,4.437186530300334e-16,7.246475528110923,1.3939553813133183e-12,3.2836223673830792e-18,-2.974465432953101e-17
772,-3.7224519889883e-15,7.366501567975609,1.3799440155297455e-12,-8.43505850684729e-17,-3.6037550544796085e-16
773,1.0179714272146475e-14,7.305141366988226,1.3772062525262375e-12,-7.646210497579704e-16,-6.31099389938736e-16
774,-5.3135125858846335e-15,7.305141366990109,1.474913652830983e-12,4.132005794875571e-16,-9.876076992877025e-16
775,8.629527780009512e-15,7.3665015679746775,1.4531596727346862e-12,6.102417139934181e-17,-6.047606413466406e-16
776,6.857807382645757e-15,7.2232248401311185,1.3557696683657185e-12,-1.4499674649532251e-15,-4.548954649574354e-15
777,3.650051170822783e-15,7.22322484013151,1.3060541116440496e-12,-7.539259023508181e-16,4.441628623949712e-16
778,2.194067000444919e-15,7.74530733998058,1.0361350073907978e-12,3.6664234574571766e-17,-4.57025651467207e-17
779,2.1940670004451245e-15,7.745307339981306,9.841996796928351e-13,4.2719882760665137e-17,-8.264981853994025e-17
780,4.781483749279058e-16,7.808755557289029,1.4735845905279854e-12,-6.025307757977748e-17,-8.706994700086632e-17
781,0.0006362336519754498,7.8683096568870035,1.1560555763192163e-12,6.355928160496366e-07,4.910558143421033e-05
782,0.0006362336525608366,7.868309656888279,1.1821572608671504e-12,6.35592799805686e-07,4.910558145892826e-05
783,4.761870108055786e-16,7.776724050348535,3.485879220271709e-13,2.3527124835381034e-17,2.9590074691203076e-18
784,4.763733891730553e-16,7.779767840078054,1.493182881242062e-12,-4.4358980933102526e-17,8.176020508964865e-18
785,-0.0006362336525486065,7.868309656888274,1.1734314181816484e-12,-6.355928006348838e-07,-4.910558145833667e-05
786,-0.0006362336519806925,7.868309656887019,1.1527682456829762e-12,-6.35592815810028e-07,-4.9105581434662134e-05
787,2.203810662088652e-15,7.779703579490216,4.114240644352263e-13,1.2332989834402042e-16,2.2195560007484965e-18
788,1.771395896868489e-14,7.763565212552201,1.3668571440871596e-12,3.284058458293619e-16,-8.375965507303794e-17
789,3.9230968052386e-15,7.763565212553526,1.3819216530768972e-12,6.460467662224734e-17,-1.3792955289116825e-16
790,-4.786227370228039e-16,7.816502478200894,7.958984936785974e-13,-4.012017104548398e-17,-2.5230764799645024e-17
791,-3.949847146358394e-15,7.816502478201485,7.950070954577994e-13,-1.5117556117343162e-16,1.2527272922915418e-16
792,3.9252903944058886e-15,7.767906189438689,1.3917323555441628e-12,-1.532009090065031e-16,-1.112466486198972e-16
793,-7.3749337162638e-15,7.767906189439399,1.4020488971758643e-12,2.602556527658189e-16,3.244349781725977e-16
794,0.001875604944124135,7.791214074330234,1.0783434863090883e-12,5.733930489868269e-07,0.00021195718043794576
795,0.0018756049432368568,7.791214074331106,1.0680639968990458e-12,5.733930305508363e-07,0.00021195718040912856
796,-0.0018756049441241345,7.791214074330231,1.0700497597521891e-12,-5.733930491134617e-07,-0.00021195718043771536
797,-0.001875604943245505,7.791214074331099,1.0733116833018374e-12,-5.733930304807969e-07,-0.00021195718040911278
798,-6.464341404951408e-14,7.8101159843981085,1.2917223582789412e-12,1.1165081594367678e-14,-4.575894913141031e-15
799,6.81118022858628e-14,7.810115984398109,1.2973429082346618e-12,-1.1532263884504199e-14,4.895860849852198e-15
800,2.203486208383449e-15,7.778558220818907,9.60213153566247e-13,1.1473483008619736e-16,-1.1212493973389802e-16
801,-2.20348620838331e-15,7.778558220818416,9.617848541371553e-13,-1.400504207701368e-16,-6.552701463964299e-17
802,-2.014555728126603e-15,7.111612026749779,1.6212059365085227e-12,-4.8384713994932336e-17,-1.1561999535581796e-17
803,-2.0405086015559784e-15,7.203228636919554,1.4762845190357554e-12,-3.942660364331618e-17,1.074129836528226e-16
804,2.034679269599091e-15,7.182650428695417,1.5056755038173593e-12,1.226591587470085e-17,7.180749191762998e-17
805,-5.220463980419949e-15,7.177215968125613,1.490372582474202e-12,-1.111619780969031e-16,-5.873819603752221e-17
806,-3.624114159295297e-15,7.171897103292719,1.5008348386960908e-12,8.709206164729904e-16,-2.354231921038115e-16
807,-0.027284498460894906,7.19500974213198,1.5013098417998588e-12,-3.5091585324412806e-06,0.00032967744661994866
808,0.02728449845984543,7.195009742129919,1.4372350389232555e-12,3.509158541956754e-06,-0.00032967744662794514
809,0.02728449846088355,7.195009742131934,1.5041805133657132e-12,3.509158531223532e-06,-0.00032967744662022096
810,-2.0324879904191683e-15,7.174914962680587,1.4361346195071927e-12,-8.774254172133616e-17,-1.4735494923610767e-16
811,1.4777697256493784e-14,7.174914962681442,1.4644266451438207e-12,1.7467886899241885e-16,-7.009811561071939e-17
812,-0.018932208899144525,6.389275710793397,1.4547341720198118e-12,-9.614457530155059e-07,-0.0005196329935821214
813,3.952599360590736e-16,6.455084622509428,1.5951134073709372e-12,1.5196710855998669e-18,6.628226258391567e-17
814,-3.969466541330698e-16,6.482630819097221,1.487345149203111e-12,-5.423014414744895e-17,-2.0260719401542336e-16
815,-1.84090139660994e-15,6.498592384121415,1.6571199924293311e-12,3.9975510965242286e-16,5.074702106686761e-16
816,3.975596319414234e-16,6.492641506403641,1.689484923966093e-12,-7.459832229557101e-17,4.528432987695656e-16
817,-2.0061308909854063e-15,7.081871388503719,1.6145270174639218e-12,8.228237153804179e-16,9.881332488764666e-16
818,1.9699996215130594e-15,6.95432387669563,1.6856541473734083e-12,-6.423500846132606e-16,-2.15530794390258e-17
819,-0.014564957927329982,7.007972601447984,1.7246637953705347e-12,-4.2409241355050725e-07,0.0008969964646061858
820,0.014564957927333094,7.007972601447984,1.7270421952775669e-12,4.2409241321700666e-07,-0.0008969964646064188
821,-0.013155891992564612,7.006303973937507,1.6246271527009138e-12,-1.9077809153650815e-06,0.00029247590551567107
822,0.01315589199256308,7.006303973937519,1.6375745001473143e-12,1.907780916058971e-06,-0.00029247590551552773
823,-1.9848413889423098e-15,7.006717012449802,1.702525295794302e-12,-7.603638016433985e-17,-4.589975319613308e-17
824,-1.9919907042838047e-15,7.031954912923711,1.6481847439569968e-12,-6.675969878769175e-17,2.1301479991383064e-17
825,-4.3278679703796724e-16,7.067944771329827,1.6474558958872592e-12,1.4868070521718934e-16,8.598576443873248e-17
826,4.222437439667106e-16,6.8957636481096936,1.5667584907998735e-12,6.832901434432524e-18,2.671561073268e-17
827,-3.487300323222094e-15,6.901151008800331,1.5617520494498597e-12,-9.190125366364512e-17,-2.5634259148412826e-17
828,4.346493950809358e-16,7.09836330578834,1.5600333734162233e-12,-2.2054725137714417e-16,-4.977244512930061e-16
829,2.0108026709293663e-15,7.098363305789467,1.4935096786482579e-12,-6.334946680499515e-16,3.7159974194500397e-16
830,0.009237750575813861,7.049508422250998,1.6061545935202326e-12,2.0950565889568543e-06,-0.00035476908010296344
831,-0.009237750575807585,7.0495084222509865,1.6097622489102508e-12,-2.095056589327001e-06,0.0003547690801025781
832,-0.009237750573838126,7.049508422251953,1.5624567012125461e-12,-2.095056655486481e-06,0.00035476907998521995
833,0.009237750573836589,7.049508422251974,1.5496507938035377e-12,2.095056655396438e-06,-0.0003547690799846758
834,-5.132821329109785e-15,7.056722801458544,1.5560455328501214e-12,-1.0516648949879361e-16,-7.524139780395778e-17
835,-1.999006876079355e-15,7.056722801459302,1.5440316145546174e-12,-6.213760463011781e-17,-8.703311876830718e-18
836,-1.709052902806316e-15,6.033152127914331,2.10036404464553e-12,-5.198825694186957e-17,1.7449133943180127e-16
837,1.6968303220730702e-15,5.9900050206256665,2.1372482412171738e-12,3.5716568815656936e-17,3.667115682802302e-16
838,3.7498834191207785e-16,6.124024366424006,2.0299400764436533e-12,-1.630834714843728e-16,-1.766384161028301e-16
839,-1.7263539598349924e-15,6.094226837103456,2.1315916688188533e-12,5.77118623844845e-16,-1.4286707856800084e-16
840,1.7565592497031274e-15,6.200854963443475,2.105368132798163e-12,3.778404163091372e-17,-3.6501399472543645e-17
841,3.6613979295265757e-16,5.979516595439246,2.0997740732913336e-12,4.066819541556508e-18,-1.1001156080003964e-15
842,4.3492979931839265e-15,5.9795165954397165,2.0850504451559675e-12,1.8566399764239453e-16,-8.986680296358452e-17
843,-0.011917432664297959,6.345242659064597,1.7875988601199198e-12,5.592086331170955e-06,-0.0020927488529651804
844,0.011917432664293714,6.345242659064588,1.7030371919691235e-12,-5.592086331179412e-06,0.002092748852965636
845,0.018932208899144484,6.389275710793384,1.4837910426955783e-12,9.614457527047193e-07,0.0005196329935816138
846,-0.011486304263213521,6.363552506139614,1.8920658209224625e-12,-4.816437403292991e-06,-7.07561119135286e-05
847,0.011486304263210671,6.363552506139601,1.8538166616023963e-12,4.8164374040122505e-06,7.07561119138486e-05
848,-3.8979843985727547e-16,6.365891620811295,1.9726981301157352e-12,2.1603156046133788e-16,3.996383750317592e-16
849,1.9260635373568254e-15,6.799224476797507,1.012150062881075e-12,6.567208996535496e-17,-7.286548560207734e-17
850,3.442359209227219e-15,6.812215332077259,1.2626541756683767e-12,8.797375112163379e-17,-3.548888868268224e-17
851,4.586988170337846e-15,6.30629860970782,1.8557930785912485e-12,1.0765828994779533e-16,2.9460233510190206e-16
852,1.7864290036740225e-15,6.3062986097073646,1.8058879116572216e-12,3.331272251298509e-17,-1.1626750146540053e-15
853,4.1743133821262314e-16,6.817171097874997,1.2311342769608582e-12,-8.987195642934147e-18,-2.925209845010463e-17
854,-4.1986348935470615e-16,6.856891140319502,1.786596692267323e-12,1.7565255847621136e-16,5.068127005758004e-16
855,-1.151603235504487e-13,6.460679435874132,1.6869721553405045e-12,2.097003078100816e-14,-2.4900880513581253e-14
856,1.0511841046024679e-13,6.460679435874115,1.6859636727993445e-12,-1.8889718354291237e-14,2.8479642730554236e-14
857,1.949942575615779e-15,6.883520211732332,1.4692877874425126e-12,4.735642274058216e-17,1.0801748182496379e-16
858,8.091230934363511e-15,6.906990380505888,1.5385599094535996e-12,1.4641011096832708e-16,-6.436548934748092e-17
859,1.961913761345661e-15,6.925779865919338,1.916455506073066e-12,-4.591373728833066e-16,-5.837044712011517e-17
860,3.492643821095634e-15,6.911725459614027,1.8647072873956622e-12,-3.905904768551238e-16,-4.0340240996415097e-16
861,-4.2139900105389084e-16,6.881967949408519,1.7658181182983523e-12,4.2998058449554103e-17,9.408483707935243e-17
862,3.5237416633001464e-15,6.973266160216176,1.711618702103971e-12,-8.569372377963105e-16,8.856642539351764e-16
863,-6.6204939224641125e-15,6.973266160215528,1.721465918624895e-12,1.7092256668081177e-15,-8.761870304988055e-16
864,-2.859865124665617e-14,6.352256948377773,1.6195469389040286e-12,4.1584137721567676e-15,-3.2078768034162522e-15
865,3.209932325929522e-15,6.352256948378264,1.5554238543347789e-12,-4.741052671020636e-16,-1.480182207415186e-15
866,0.004175973200840555,6.422485051502382,1.5261005806044995e-12,-4.7555836940339205e-07,6.454204404633186e-05
867,0.0041759731996941505,6.422485051502633,1.5119702971154657e-12,-4.75558356398387e-07,6.454204406729013e-05
868,-0.004175973200820605,6.422485051502407,1.5148401041028955e-12,4.755583689461027e-07,-6.454204404595423e-05
869,-0.004175973199694164,6.4224850515026555,1.5134955872797103e-12,4.755583562248062e-07,-6.454204406876595e-05
870,7.479188061373929e-15,6.384526707118128,1.6820752171538854e-12,2.021806763382078e-16,-5.352328240022492e-16
871,-1.0314487482003108e-14,6.384526707117179,1.6787971643730926e-12,-3.068752012116904e-16,6.639059990299631e-17
872,2.0101378715872318e-13,6.948994775724954,1.5456105178503258e-12,4.286234238631405e-15,-6.973169787970563e-15
873,-2.025567739583247e-13,6.948994775724939,1.5401989685189731e-12,-4.252200812399671e-15,6.912309151495655e-15
874,-5.687481943956588e-13,6.861988883404279,1.421809510387148e-12,-1.2064272804647478e-14,3.11326377505336e-14
875,5.611298563425807e-13,6.861988883404269,1.4252683856403244e-12,1.1447416023594895e-14,-3.083842749302689e-14
876,4.547052481656433e-13,6.865493680739332,1.6492087063795905e-12,-2.919888541582563e-14,-3.593280486625131e-14
877,-4.516563565017337e-13,6.86549368073934,1.652609553100948e-12,2.90609509951706e-14,3.540455530772185e-14
878,4.239655270146005e-16,6.923882499179058,1.6131404471518449e-12,-3.3107668004516273e-17,-5.28120424647583e-16
879,-3.4987870351693834e-15,6.923882499178421,1.6931865128110441e-12,4.0446667654730555e-16,9.378739596764032e-17
880,-1.7287132225295143e-15,6.102555304128901,2.2702136343199303e-12,7.462848500662153e-16,3.148663102040318e-17
881,3.0837527040676906e-15,6.102555304128347,2.1746292268831013e-12,-1.2239357123134063e-15,-4.987262708665659e-16
882,-2.1222998657780124e-13,6.9122660933931215,1.578019418433196e-12,-5.561697945362119e-15,3.5494499982676166e-14
883,2.1222998657780198e-13,6.9122660933931455,1.564510772577429e-12,5.4675626343007115e-15,-3.5979278759684164e-14
884,4.179497259750231e-16,6.825637012500518,1.9201828606708072e-12,-8.531398811298463e-17,1.6689649864928527e-16
885,3.4353702981657588e-15,6.798384710636073,1.7125882786865902e-12,-5.417824941160908e-16,-3.4799822305092193e-16
886,4.138018968438242e-16,6.757897822162753,1.629917081706124e-12,-5.0717681971812054e-17,2.632248364136539e-16
887,-3.4473262973003036e-15,6.822044891246025,1.2866148387192027e-12,-1.2633264157320572e-16,1.8755969135748384e-16
888,1.914688658049389e-15,6.759069852452209,3.882075565652811e-13,1.095319844316106e-16,2.4233509641153942e-17
889,1.9324348659283824e-15,6.8217159950331405,1.8140106319738968e-12,-3.7691481244481244e-16,-8.970661299935089e-17
890,1.9233886664350766e-15,6.789781876649234,1.7118748004417064e-12,-4.31625943210375e-16,-3.0160854431625294e-16
891,-1.9146550337439788e-15,6.758951154810139,1.6464738416608222e-12,3.71940780432877e-16,6.488710596044863e-16
892,1.9133939050446048e-15,6.754499226327581,9.640457539090741e-13,4.3427285387985157e-17,-4.9664564979230124e-17
893,1.9341678517719425e-15,6.827833633177959,1.611792722534759e-12,-2.5639873740542565e-16,-2.6128187618818154e-18
894,1.9341678517717252e-15,6.827833633177192,1.6376755675749825e-12,-2.31874568954407e-16,-2.647118003206738e-17
895,0.00040411566313736195,6.767209226455977,1.1523625601544686e-12,-1.2188001232251496e-07,3.498987731926617e-06
896,-0.0004041156631358589,6.767209226455971,1.155014153561165e-12,1.2188001232045498e-07,-3.4989877319356838e-06
897,1.9168747220368797e-15,6.7667869082415475,1.7908081214285458e-12,-4.807749920800203e-16,-6.632399101484702e-16
898,4.1436099007961654e-16,6.76702850761723,7.395918244693261e-13,1.0573597655867708e-17,-1.1592706906111503e-17
899,-1.917017829136067e-15,6.767292092661855,6.67096999877678e-13,-9.541744978768592e-17,3.3813793097350656e-17
900,-4.962208904962921e-15,6.822160850731516,1.1843367546091289e-12,-1.7988019964378359e-16,-1.183389907827461e-16
901,3.4473848941274093e-15,6.822160850731877,1.2360270858477369e-12,8.647825695147789e-17,-7.669008974743203e-17
902,-4.840467282688857e-14,6.754146962409796,1.317937161188851e-12,5.3807170776972094e-15,-7.267079574948887e-14
903,5.1404116614636346e-14,6.754146962409798,1.3167617180876861e-12,-5.542056587951112e-15,7.460424703453459e-14
904,-1.913327809537096e-15,6.754265901629957,5.171031707605991e-13,-9.18242786853846e-17,-8.538143255386077e-16
905,0.0006494283446367076,6.790832357198368,1.1433377951609423e-12,2.626494000248624e-07,-6.603405765509334e-05
906,0.0006494283447045341,6.79083235719808,1.1291345545994421e-12,2.626493976877562e-07,-6.603405765985386e-05
907,-0.0006494283446351999,6.79083235719837,1.1410804240193245e-12,-2.626494003386305e-07,6.60340576544647e-05
908,-0.0006494283447045333,6.790832357198072,1.1300697436252317e-12,-2.6264939711518904e-07,6.603405766049022e-05
909,-1.913327809537021e-15,6.754265901629692,5.028137687415597e-13,-9.386982530211412e-17,-8.453218469591317e-16
910,3.4211834833639915e-15,6.770309884206894,7.498653336067782e-13,1.155761384822751e-16,-1.47412296790965e-16
911,3.4211834833642096e-15,6.770309884207325,7.187255844361064e-13,1.1637966054903594e-16,-1.450479694356524e-16
912,-7.10846942474033e-14,6.771693617984472,1.3826381398018576e-12,9.838141771356838e-15,3.10051748861497e-14
913,7.409193031556075e-14,6.771693617984473,1.380721300240242e-12,-9.782617206128407e-15,-3.052876467320436e-14
914,-0.0031630762730770843,5.753587217491552,2.049510343242834e-12,1.3904941511485875e-06,0.0032387426362197984
915,0.003163076273071972,5.753587217491549,2.033880716697626e-12,-1.3904941517042411e-06,-0.003238742636222048
916,2.9111762944663833e-15,5.761037295115921,2.424274481541435e-12,-6.323319386852649e-16,-2.21776819223753e-15
917,2.9111762944670787e-15,5.761037295117297,2.386923879139656e-12,-6.274920428042348e-16,-4.045448629331621e-16
918,3.978740779923005e-15,5.470065872650423,2.628017540667977e-12,1.8791168363607056e-16,1.7629238768521574e-15
919,-1.5568536324626902e-15,5.495871303995496,2.351824751299704e-12,-6.977160042100023e-17,5.2254571325736787e-17
920,3.3692481459275862e-16,5.502399791145313,3.051435532088314e-12,-7.674052575806954e-17,-1.7633575705352193e-16
921,5.281218294060326e-15,5.562627387923817,2.288895064178812e-12,1.711008454375143e-16,1.3217904622364523e-15
922,1.6313440105269045e-15,5.758830854392859,2.4234403840322402e-12,-4.823144384236363e-16,-6.920789490871635e-17
923,-1.5786401235248458e-15,5.572780108103081,2.416768183694783e-12,5.459605072872436e-16,-6.849642285095415e-16
924,3.502630219216878e-16,5.7202292475766,1.9680335091546668e-12,-1.3756947297656742e-17,-1.0482543796585905e-16
925,-5.310429936827331e-15,5.593395569630061,2.426878311149908e-12,-2.823171821637239e-16,6.071464721222569e-16
926,-1.6179006738044843e-15,5.711374338904099,2.438373140332992e-12,5.826293866043473e-16,-2.8590031685354588e-15
927,0.006907506025736762,5.66759483757363,2.3768989703450257e-12,-1.0632178956012338e-06,0.002398902757485148
928,-0.006907506025732993,5.667594837573636,2.386877716339624e-12,1.0632178959715972e-06,-0.0023989027574861307
929,2.8601919521261175e-15,5.660142444382373,2.7830184521005055e-12,1.0950106756320453e-16,1.0587889217117846e-15
930,-1.3090183202612535e-14,5.73708514947987,2.028648801422062e-12,-3.921855496843008e-16,5.727515384336451e-16
931,9.26851678629942e-15,5.73708514947953,2.061302139899424e-12,2.623506488017967e-16,5.560520703451409e-16
932,1.5998181299373851e-15,5.647540891834814,2.593854790584491e-12,-6.472792192202605e-16,-3.2326306162230566e-16
933,2.8755789315820147e-15,5.690592322211175,2.5518388848723985e-12,-6.549317349175375e-16,5.043256044333672e-17
934,3.3802332931378435e-16,5.520339897987393,2.706319052317052e-12,-6.141195541117796e-17,-6.031086978344296e-16
935,1.5637850210146229e-15,5.520339897988594,2.7133438066768307e-12,-3.905626642093057e-16,-3.6199125931340846e-16
936,6.649625002871857e-15,5.676379317483947,2.583295616935698e-12,-1.3904480906007814e-15,-1.6683136602322405e-15
937,1.6079873910507357e-15,5.676379317484816,2.5450131389961497e-12,-3.3370414784960375e-16,2.0808017024544412e-15
938,-2.2271604140795787e-13,5.690083805486253,2.5265501034826416e-12,7.773960494043981e-14,-2.868175808947516e-13
939,2.2018913658679854e-13,5.690083805486245,2.523323720409686e-12,-7.700154355548498e-14,2.872896713764403e-13
940,-4.1007874488613296e-15,5.637858487338709,2.447507455727687e-12,-1.7238582775209942e-16,-1.5634137762136933e-15
941,7.856355630192833e-15,5.637858487337582,2.5264127711683543e-12,2.682454657412082e-16,-1.2479914341551151e-15
942,4.083041651879585e-15,5.61346115063795,2.1245666786049507e-12,1.4360105035336316e-16,1.6057785059045759e-15
943,4.0830416518805165e-15,5.613461150639231,2.189896734136522e-12,1.338116296386676e-16,6.205709218621462e-16
944,1.5432896491367889e-15,5.4479888922039805,2.0921232250105227e-12,3.2515634955077607e-17,-1.1538715406297978e-16
945,1.5441519211323963e-15,5.451032810924459,3.00660709588389e-12,-4.798586256577717e-16,-3.4939495202318894e-16
946,0.015759024904746552,5.411846466480572,2.651686133472592e-12,1.0286265647264578e-06,0.00019733846000364886
947,-0.015759024904747756,5.411846466480572,2.6498191463421076e-12,-1.028626564683957e-06,-0.0001973384600042416
948,-3.34944933103362e-16,5.470065872651016,2.6006897341734404e-12,-2.0020743606985772e-17,2.6535271533692116e-15
949,2.7496341663875343e-15,5.44135544473687,2.8755310883885905e-12,-6.25369228445045e-16,-9.948623820910365e-16
950,2.749634166387935e-15,5.441355444737663,2.8218252660123062e-12,-6.239127023301032e-16,-2.4969532657062067e-15
951,3.296926274282984e-16,5.384289211515406,2.4253473249958294e-12,-7.146475279942252e-17,-3.738452884132867e-16
952,2.7068748874135015e-15,5.3567374841722994,3.1618930913408627e-12,-4.709364438895297e-16,-3.982557969460434e-16
953,-0.010023369984523627,5.332497041011593,2.551662952333794e-12,-5.679542661821699e-07,0.0006403712837170007
954,0.010023369984525979,5.332497041011584,2.5341751501431067e-12,5.679542662627261e-07,-0.0006403712837171583
955,-1.5069763630079301e-15,5.31979884079004,1.9669011044303134e-12,-1.0084070927260472e-16,-1.9268727493154416e-16
956,1.505181232909424e-15,5.3134618263208555,1.8163808400377163e-12,2.1160028186263429e-16,-6.203542880777576e-17
957,-1.4952130014989218e-15,5.278272829861435,2.9088181764935145e-12,-5.4826330883710006e-17,-1.3747790994203012e-15
958,6.3050010301579334e-15,5.382194849912075,2.252275820969424e-12,3.098867186946204e-16,2.594684293068183e-15
959,1.5246517138447102e-15,5.382194849911495,2.329687756934929e-12,7.408383881082996e-17,-3.0453257053337703e-16
960,-1.4706655089514127e-15,5.191617374869502,3.205192988900755e-12,6.238222163411451e-16,1.3149409167298756e-15
961,-0.01255414755940443,5.266742407092912,2.7125496709558437e-12,-4.802357309549609e-07,0.00028418375459225904
962,0.012554147559403274,5.266742407092917,2.654781567872887e-12,4.80235731449059e-07,-0.00028418375459166284
963,1.4886276847595224e-15,5.25502590892993,2.884702676637714e-12,-1.25974717786668e-16,-1.2415801758319488e-15
964,3.184326100862574e-16,5.200399173181403,3.1579763478169473e-12,-4.9388918275835626e-17,5.365429582137665e-17
965,3.2196833810425595e-16,5.258141993731137,3.418121634552782e-12,-8.134715614847868e-17,4.7620918526497567e-17
966,-2.645106470617909e-15,5.234501619069908,2.9930605210738822e-12,-1.3043384600302898e-16,-1.6721626837120498e-16
967,-2.7120155003577996e-15,5.366910438296771,3.002016558812439e-12,7.876264210071107e-16,1.6674801795225234e-16
968,2.7120155003579443e-15,5.366910438297058,3.0910434218821992e-12,-7.072601774100162e-16,-2.818612087371297e-16
969,-3.187551790225536e-16,5.205667123687963,3.0173221690738947e-12,7.539418315920714e-17,-1.9389377160724872e-16
970,1.4754164419615039e-15,5.208388711527568,3.0881715890056964e-12,-3.3916485770806925e-16,-1.113507642959689e-16
971,-4.092117206383782e-13,5.306807826270622,2.6603670313254427e-12,6.757052920917462e-14,5.598753293552171e-14
972,4.1156841673277324e-13,5.306807826270627,2.666130825807312e-12,-6.795149777404524e-14,-5.6235605208171215e-14
973,-9.539805738726634e-13,5.26980775889984,2.5457772365234552e-12,-2.240848652838321e-14,2.0193193572671e-14
974,9.446195148178168e-13,5.269807758899838,2.552023198068665e-12,2.217936820091684e-14,-2.0958423370954248e-14
975,0.007085404605991898,5.220260077202694,2.8367684218489432e-12,1.1240111850406576e-06,-0.0005646012580655709
976,0.0070854046041391614,5.220260077202368,2.887600911102675e-12,1.1240112152695152e-06,-0.0005646012579631832
977,-0.00708540460599768,5.220260077202683,2.832084166276215e-12,-1.124011184965197e-06,0.0005646012580655145
978,-0.007085404604118277,5.2202600772023535,2.887139820757366e-12,-1.1240112155147617e-06,0.000564601257963603
979,3.212592859590472e-16,5.246562293433836,2.9542986815303245e-12,-1.3751075722754835e-17,-2.576819575339016e-16
980,3.212592859591858e-16,5.246562293436099,2.989409644880369e-12,-2.3946677107836074e-17,-1.1636571830860516e-15
981,3.789405069919373e-15,5.2097627106573094,2.9227958605112713e-12,-1.438072468887081e-16,-1.0453993830275e-15
982,-8.416603881281001e-15,5.209762710655687,3.0027811941359326e-12,3.076491663232798e-16,1.0553920272688458e-15
983,4.894630830066838e-15,5.155440656510585,2.5945691472264277e-12,1.41440045579455e-16,1.0573626509051854e-15
984,-1.4580650657152376e-15,5.1471363697477965,2.845407434720981e-12,3.726305629199708e-16,-1.4428096563496936e-15
985,-2.6083619568078015e-15,5.161786505645376,2.3027408737653417e-12,-1.5890042480764672e-16,-1.7694439878398227e-16
986,3.7346005069709756e-15,5.134416115834575,2.8286833441467475e-12,1.0788231070304632e-16,2.2748223584150967e-16
987,-9.385559981102199e-15,5.107539860668526,2.5641642497113046e-12,-1.641102436105341e-16,-5.108447529676966e-15
988,1.618393094824696e-14,5.105571615338434,2.599246887486809e-12,-4.425941352195909e-16,4.5015946352422046e-15
989,7.198395480075427e-15,5.1656947524866075,2.481122198916389e-12,2.7943849687414175e-16,-5.421852270430365e-16
990,-9.492424781031003e-15,5.165694752485075,2.596171272792163e-12,-3.8217833519514263e-16,-7.145774012262179e-16
991,-1.436924536122088e-15,5.072507883472904,3.0862170586591384e-12,-5.2252543876269067e-17,2.6497806025300434e-17
992,0.000282874329984976,5.1239099924517015,2.7800464887824006e-12,-5.28864586251746e-07,-0.0002436847010269751
993,0.00028287433308641394,5.123909992451123,2.6989611737934176e-12,-5.28864641572142e-07,-0.00024368470351763863
994,-0.0002828743299849744,5.123909992451673,2.783662344168843e-12,5.288645875826042e-07,0.00024368470102795195
995,-0.00028287433308755056,5.123909992451103,2.7172883699990343e-12,5.288646427491519e-07,0.000243684703524716
996,-2.5468020583168472e-15,5.039963285332659,2.4482939544851386e-12,-1.3400899681992535e-16,-4.874201629593903e-16
997,1.4275181596384993e-15,5.039302299137427,3.365963317909696e-12,-4.710342260935968e-16,-3.91064557243368e-16
998,2.5325204766374937e-15,5.011700921131497,3.4760488364002788e-12,-8.776015817661373e-16,-1.193449820859667e-15
999,-7.0643329009108965e-15,5.069489096155014,2.7897575806888788e-12,-2.976406156422747e-16,-8.850001255212499e-16
1000,-1.4360693832731896e-15,5.069489096154178,2.7830675206614994e-12,-8.448634563517639e-17,-2.360148628851978e-16
1001,1.3586128943652437e-15,4.79605883538904,3.2823911381935336e-12,1.8242246075952895e-17,6.390810290392176e-17
1002,2.42225402343391e-15,4.793490450500262,3.570954443454322e-12,-2.7295175357329487e-16,-5.512423494227268e-16
1003,2.487005202722816e-15,4.921629017544517,2.9436474741740453e-12,1.7803513419491353e-16,4.412342683460548e-16
1004,3.591014680461419e-15,4.937010963594063,2.9905587295704e-12,-5.025439629529104e-16,-1.9906209248330587e-16
1005,3.586677529167608e-15,4.931048146564989,3.3002772947397317e-12,2.6189401706869865e-16,6.566411490851623e-16
1006,0.0028385177811684724,5.021548427272942,3.083002761343203e-12,-8.366733690252969e-07,0.00042562284258043117
1007,0.002838517782962199,5.021548427272373,3.089272799912255e-12,-8.366734253235789e-07,0.0004256228426096554
1008,-0.0028385177829588467,5.02154842727236,3.089212220183434e-12,8.366734249769595e-07,-0.0004256228426099054
1009,-0.0028385177811662467,5.02154842727295,3.0926435061699637e-12,8.366733696908344e-07,-0.00042562284257967634
1010,-2.4479162706816315e-15,4.844274445874102,2.9503109632920153e-12,-1.139746047739473e-16,8.83435144433359e-17
1011,2.997086271707443e-16,4.894613326543018,3.650145369859579e-12,2.464166896482244e-18,3.149363346573701e-17
1012,-2.4476220436205633e-15,4.843692188772301,2.981983282419996e-12,-8.525041999574279e-17,-9.180155606588987e-17
1013,-2.454955038120047e-15,4.858203729992497,3.5129730206702494e-12,6.79196044439714e-16,4.060156620866995e-16
1014,-3.5466283901842287e-15,4.875987653685567,2.9500729118232094e-12,-1.516022479077501e-16,9.766214827100992e-17
1015,3.022021447031475e-16,4.935335558196084,3.1013444355830004e-12,4.870386634888537e-18,1.2943354968719118e-16
1016,3.021560973594992e-16,4.934583548005385,3.2931080515774875e-12,-1.4344537573047774e-16,-1.07308457023679e-15
1017,-1.3809095711030856e-15,4.874768653256845,3.462673545491729e-12,3.5191803058805495e-16,2.3181559503921693e-16
1018,1.3903419079335941e-15,4.9080658805847674,3.107562100813715e-12,6.087743390039533e-17,2.9152011966471553e-15
1019,-4.59401878897584e-15,4.8388105382681434,3.229161115401236e-12,-2.0671678826590714e-16,-4.3512057021216193e-16
1020,-1.3707234661448627e-15,4.838810538266401,3.050576463119687e-12,-6.88241266621428e-17,-6.801008746905756e-16
1021,2.4801514573347826e-15,4.908065880586188,3.136115755081369e-12,1.2284769754597248e-16,1.031781054198495e-16
1022,-4.68511316398673e-15,4.934758866306635,3.2186457424303787e-12,1.7949994114633104e-15,6.292216005538428e-16
1023,3.5893765811164486e-15,4.934758866305356,3.285583848727826e-12,-1.3754024287730363e-15,-1.9919771216633324e-15
1024,1.378257468714204e-15,4.86540642863252,3.634299743701232e-12,-3.1302162870725045e-16,-7.56529709075696e-16
1025,-2.979202204687572e-16,4.865406428632008,3.702401134860561e-12,8.264355509815742e-17,-6.1278141929532496e-18
1026,1.3854541304388413e-15,4.890811467251617,2.469246206510756e-12,1.0916109148894674e-16,1.2325065195211869e-15
1027,1.3854541304388925e-15,4.890811467251798,2.5223843932213822e-12,1.1344429454589828e-16,1.3130695654049865e-15
1028,-1.9687707816705793,4.2117540001955277e-16,5.573381997468776e-12,-1.882414225848304,-1.882415340754223
1029,-1.9687707816707058,1.838968173173807e-16,5.837938955961268e-12,-1.8824142258507681,-1.882415340756685
1030,-1.9253479978835621,1.7063217563808606e-15,1.1172000497231467e-11,-1.321731517764224,-1.3217259570822653
1031,-1.9151876650812145,5.085241221644712e-16,9.000085698497358e-12,-2.5757909022245733,-2.575820035933578
1032,-1.9194158621446609,3.779593285845436e-16,5.5595513165807595e-12,-1.757235873406466,-1.7572386665488113
1033,-1.9194165530068688,1.2016348587832392e-16,1.1347244446816397e-11,-1.7905950674912234,-1.79059361954993
1034,1.8588875576191575,5.263277148963343e-16,1.4494016284914082e-11,1.2905369717579778,1.2905360872574771
1035,-1.858887557619847,4.799007577754247e-16,1.397023839329835e-11,-1.2905369717698307,-1.2905360872693286
1036,1.8521602891215851,4.065809328099733e-17,1.1729441246161207e-11,1.6858399216505542,1.6858388092345429
1037,-1.85216028912231,1.2039700542389248e-16,1.1977825007933376e-11,-1.6858399216526467,-1.6858388092366394
1038,-1.3561295889098517e-15,4.787292483237004,3.561451338832971e-12,7.268764482739419e-16,2.655147907961391e-16
1039,1.3546800223699237e-15,4.782175347634847,3.080774959783632e-12,3.746871923955251e-17,2.7529274639808682e-18
1040,2.4051405399205666e-15,4.759623928243563,3.5743862409655494e-12,9.9051953385508e-17,5.807337766912587e-17
1041,3.1672161781885395e-13,4.766130513417056,3.525180876955495e-12,9.181165432741353e-15,-3.7893500277514505e-15
1042,-3.1248844355136556e-13,4.7661305134171,3.5098818850954105e-12,-8.796251451016238e-15,4.530912267842543e-15
1043,4.2486411155748885e-13,4.780249061502999,3.5235306975154815e-12,-4.8101188589388633e-14,-4.694872608839153e-14
1044,-4.28048397100404e-13,4.780249061503011,3.4798421420449288e-12,4.8592292830684634e-14,4.769727815637852e-14
1045,-1.3447215120918414e-15,4.7470206678842,3.87697909641077e-12,6.1060763599443915e-16,5.600403278640374e-16
1046,2.3861274059103215e-15,4.721998115496232,3.3526061223822306e-12,7.09493920000606e-17,1.92163027736889e-17
1047,1.3363075899591842e-15,4.717318560866101,3.94187644565261e-12,-1.244541319412452e-16,3.155726301735467e-17
1048,-1.3361884201262389e-15,4.716897877732164,3.3347721026949245e-12,1.1271810888235048e-16,-1.6699943133749962e-16
1049,4.342777697035121e-15,4.574182094378003,4.094334611279594e-12,-1.0296969310285373e-15,-1.5135006117717074e-15
1050,-1.2962117660949994e-15,4.5757757188221415,3.5847133500730887e-12,-9.356459864869453e-17,1.652649689830269e-16
1051,0.013918286757171647,4.685021248543562,3.563334260606167e-12,-2.2976556753990206e-06,0.0006744260738544535
1052,-0.013918286757165438,4.685021248543573,3.5549045004202715e-12,2.2976556748053115e-06,-0.0006744260738543666
1053,0.006961820277866164,4.619422127181018,4.229017875876381e-12,-1.0191676356350807e-06,-0.00013386274086366425
1054,-0.006961820277869239,4.619422127181017,4.23507916169151e-12,1.0191676353735711e-06,0.0001338627408636261
1055,-3.376891189408906e-15,4.6426289805180545,4.427835853510685e-12,-1.5379332038473286e-16,-1.1646120829134722e-16
1056,-5.452750526839048e-15,4.654680572300136,3.8913170990767945e-12,-3.2834972792865237e-16,-1.5233798013414435e-15
1057,0.006601173400468354,4.737720697939244,3.3788388267620683e-12,-1.434332125601354e-06,0.0004181565707138276
1058,0.006601173398447252,4.737720697939075,3.4305877716379347e-12,-1.4343320383282832e-06,0.0004181565706536084
1059,-0.006601173400468349,4.73772069793924,3.385334925397617e-12,1.4343321252884532e-06,-0.00041815657071424435
1060,-0.006601173398441989,4.737720697939073,3.423323565508752e-12,1.4343320385698435e-06,-0.0004181565706533538
1061,7.565718113073067e-15,4.683076055472073,3.6667726399440946e-12,-9.210734674198119e-16,-1.4627923683646525e-17
1062,0.0036339773298687066,4.592867857281576,3.4145311739221173e-12,5.818340995163845e-07,-0.0002685664104973576
1063,-0.003633977329867686,4.5928678572815755,3.4146679184680884e-12,-5.818340997696542e-07,0.0002685664104971261
1064,2.363053588614524e-15,4.676336462426835,4.476860137502767e-12,-5.880994864461017e-16,-6.345511358981931e-16
1065,-5.479233074967264e-15,4.677287108518999,3.6161807121625277e-12,-2.8846460100751413e-16,-1.2067813004842068e-15
1066,-2.8110952381316526e-16,4.590866917855576,4.009747040628975e-12,1.0163160418426077e-16,-6.755654481287696e-17
1067,-3.413816658891355e-15,4.693394979516222,3.6894592296331455e-12,7.444672659626294e-16,4.971016033116357e-16
1068,-1.329530590924409e-15,4.693394979518566,3.506759762683463e-12,3.0086552372606587e-16,2.9975411303386106e-16
1069,2.3415927903309368e-15,4.6338668739207325,3.681722988807372e-12,9.436832095327559e-17,-5.245592995398583e-16
1070,1.3126676510363484e-15,4.6338668739218996,3.5887509929441577e-12,5.636521504582477e-17,2.7216628207349774e-17
1071,1.3535877947528736e-14,4.591838628403966,3.818052817352823e-12,6.388944777820588e-16,8.987518149412452e-17
1072,-1.2516284953404597e-14,4.591838628403716,3.775766924189406e-12,-5.935452468772638e-16,-5.985599429666116e-16
1073,3.348397722680363e-15,4.603455496100123,4.267335674274847e-12,-5.586098582403265e-16,-9.969767444126904e-16
1074,-6.414915093446129e-15,4.603455496100998,4.141256820183066e-12,1.0848338543991704e-15,1.2794039801158702e-15
1075,-0.0052577751245459345,4.678895367085164,3.510151273780215e-12,1.6335193607997173e-06,0.0013723866632473674
1076,-0.005257775125197386,4.678895367083355,3.5783834207652718e-12,1.6335193674837153e-06,0.001372386663277453
1077,0.005257775124542809,4.678895367085156,3.5015865549299692e-12,-1.6335193609319358e-06,-0.0013723866632472644
1078,0.00525777512519324,4.678895367083363,3.5872746212348113e-12,-1.6335193673132787e-06,-0.0013723866632769628
1079,1.8268013032912174,1.6413769372858353e-15,1.3740647918486443e-11,2.1524115569074116,2.152449337514093
1080,1.8268013032902952,2.8060626771498897e-16,1.476840556327647e-11,2.152411556923152,2.1524493375298315
1081,1.777975446651753,7.475027093958117e-16,1.8145295265405063e-11,1.2268315805352128,1.2268495032430518
1082,1.7779678227070765,4.709151737698595e-16,1.779259479473646e-11,1.1693844984513344,1.1693854871473368
1083,1.7656781981411354,6.079458242766275e-16,1.7365299403811973e-11,1.6169053451489661,1.6168952909286751
1084,-1.7656768704789836,2.0831416573352e-15,1.564807475689438e-11,-1.6277013654673897,-1.6276939659114689
1085,1.7392796624558082,1.836381944146022e-15,2.002989540870275e-11,0.9656901465031396,0.9656785768104958
1086,1.701851469170804,1.5551684094496256e-16,1.989657950038525e-11,2.9237559580058514,2.9239168419752852
1087,1.7127934872151307,7.943173388536852e-16,1.2925514202984096e-11,1.9848308147650187,1.9848868569738263
1088,1.7128076607506209,4.635477446555487e-16,2.5086240493479337e-11,1.9601729890029738,1.9602163063250901
1089,2.7356847017755613e-16,4.467712165957159,3.655073565404417e-12,1.2140092369605847e-17,4.2794800103804367e-16
1090,4.3184334594727305e-15,4.548540676988576,3.5251221654842155e-12,2.0712870363618227e-16,-2.699783720670816e-17
1091,-3.3071717377207633e-15,4.546777047850406,3.150638696042957e-12,-1.3675029433556262e-16,-3.777233689886984e-17
1092,-1.2681402477400958e-15,4.476680049859186,4.1009959803846216e-12,-6.133416893911283e-17,-5.325400131614158e-16
1093,1.2834386442999905e-15,4.53068513864693,4.100498241770933e-12,-3.3678208983081176e-16,-6.631063093710652e-16
1094,-0.01731225389362081,4.5647100146754935,3.985278407073598e-12,-8.511038307110197e-07,0.001590010704524222
1095,-0.01731225389514663,4.564710014673722,3.959112891322432e-12,-8.51103788122691e-07,0.0015900107048382184
1096,0.017312253893629902,4.5647100146754855,3.985184397737793e-12,8.511038307166575e-07,-0.0015900107045247703
1097,0.01731225389514151,4.564710014673707,3.941518468750225e-12,8.511037889180617e-07,-0.0015900107048373606
1098,1.2704977606376819e-15,4.485002339901409,4.680520682202024e-12,-2.0913499237036944e-16,-3.011950277497597e-16
1099,2.286933071161824e-15,4.525698680440873,4.10334664529106e-12,-7.369829215162461e-16,-7.284182806920726e-16
1100,1.2773923511939934e-15,4.509341032763173,4.266133113175504e-12,-2.7317677618821545e-16,-2.2556998623081563e-16
1101,-0.003814674523692511,4.501830739711002,4.330036796345567e-12,1.3236106335746435e-06,-0.0002763451672301307
1102,0.0038146745236895072,4.5018307397109965,4.372960880044068e-12,-1.3236106328716468e-06,0.00027634516723225875
1103,3.2666343081464936e-15,4.49104524164727,3.3648558691816713e-12,2.0973631166426775e-16,5.801141853816288e-16
1104,1.2735699604509477e-15,4.495847556459859,4.668197429827209e-12,-4.0766283846259163e-16,-1.0988613864143203e-16
1105,-0.010515845700926472,4.511172685559397,3.7826943215312666e-12,1.0951269384189798e-06,-0.0003983787651884211
1106,-0.01051584569913393,4.511172685555733,3.794923190999971e-12,1.0951267464414695e-06,-0.0003983787661920534
1107,0.010515845700923478,4.511172685559401,3.795204479300249e-12,-1.0951269377086105e-06,0.00039837876518811406
1108,0.010515845699139922,4.511172685555725,3.806638910602962e-12,-1.0951267466132071e-06,0.0003983787661904412
1109,7.307650881182967e-15,4.523335967842031,4.209193570621646e-12,-1.707306807079003e-15,1.0826338245360718e-16
1110,-8.312033229106376e-15,4.523335967842435,4.182028672392664e-12,1.9645769847192545e-15,-1.7183576509289944e-15
1111,-7.040807686335627e-12,4.500104725651904,3.956587407940908e-12,-1.1806743356709047e-13,-1.8699271196171293e-12
1112,7.040807686335611e-12,4.5001047256518945,3.949681495957908e-12,1.1842680297478877e-13,1.8700106036349777e-12
1113,0.004031224388352366,4.4939248189115295,3.887742573504998e-12,-2.239380653690226e-07,0.0010466713797736872
1114,0.004031224383596871,4.493924818914055,3.918073562034125e-12,-2.2393796462322202e-07,0.0010466713795721626
1115,-0.004031224388337403,4.493924818911535,3.8906673035399676e-12,2.2393806532045035e-07,-0.0010466713797750177
1116,-0.004031224383610836,4.493924818914048,3.9259049652599476e-12,2.2393796475159156e-07,-0.0010466713795740084
1117,-1.6794064583975665,4.999548302357723e-16,2.2006839215599568e-11,-1.0809656139449966,-1.080984348985604
1118,1.6794064583997066,1.2962446745792862e-15,2.229096406376339e-11,1.080965613967999,1.080984349008611
1119,-1.6572737631742742,1.553006596534477e-15,2.1564734355991268e-11,-1.5854557485960208,-1.5854161004397889
1120,1.6572737631726546,1.3490483935316021e-17,2.1778207877790854e-11,1.5854557486031933,1.5854161004469576
1121,1.6052942978959044,5.719539666766713e-13,2.673730903744293e-11,0.8473975962488267,0.8473701962703503
1122,-1.6052942978959055,5.704645475663382e-13,2.6764010435133593e-11,-0.8473975962488638,-0.8473701962703875
1123,-2.2533705331507993e-15,4.459280499732342,4.184180349688241e-12,8.997935152115643e-16,7.257937305909024e-16
1124,0.004680550891241157,4.446249706728872,4.3878132688168596e-12,2.1987927938636742e-07,-0.00011537769409368178
1125,-0.004680550891239181,4.44624970672887,4.384416733601388e-12,-2.198792790671783e-07,0.00011537769409391963
1126,2.2436485899693854e-15,4.440041377266422,4.05760647579062e-12,1.0975048426247162e-16,-3.4090670636719816e-17
1127,-2.239962664733831e-15,4.432747159877595,3.895196829161546e-12,5.863630046038311e-16,6.060671399641743e-16
1128,1.2467368114805813e-15,4.401123472996216,4.3636581678083425e-12,-3.8691302160450843e-16,-3.795812384411338e-16
1129,0.0035796867922594606,4.409194762755186,3.254259983805921e-12,-6.033390344316672e-08,0.0006325060999552693
1130,-0.003579686792261427,4.409194762755196,3.253698273594314e-12,6.033390293792851e-08,-0.0006325060999547405
1131,1.2483754664624698e-15,4.406908112415314,4.2349295739845374e-12,-3.5549074690523797e-16,-4.583254192694562e-16
1132,-4.193331761486324e-15,4.416772949781084,3.0499447936450215e-12,-2.4278659525678327e-16,-2.6623322628188497e-16
1133,2.231871188458623e-15,4.416734630274826,3.156643776505227e-12,1.4191378580967015e-16,1.25481689918715e-16
1134,8.430292898850796e-13,4.449518605032823,3.7550834433440134e-12,3.961059150453968e-14,-7.092565086382702e-14
1135,-8.371013402805135e-13,4.449518605032826,3.761443665391031e-12,-3.9389703481345235e-14,7.137454379801724e-14
1136,-2.22341321584007e-15,4.399996827143778,4.601284526370358e-12,-9.183567051591693e-17,1.2414490746012464e-16
1137,9.062382115918527e-15,4.399996827142194,4.653404696782367e-12,3.5165611821820755e-16,-6.524257762647079e-16
1138,-1.2613659954012397e-15,4.452766164662251,4.040813193987633e-12,3.4518271055424985e-16,9.836966663765676e-16
1139,1.2613659954010314e-15,4.452766164661516,4.205803308103444e-12,-3.160014672619168e-16,-3.0018632799153186e-16
1140,-3.0504855460728945e-13,4.427727549659292,2.921073792658439e-12,-1.3111875772011143e-14,-1.2370001417272896e-13
1141,3.040654015928096e-13,4.427727549659291,2.9268914519660446e-12,1.3113804114045284e-14,1.234514560631697e-13
1142,2.6359535192509253e-13,4.4085954952065824,4.788556581653613e-12,-3.417851926437418e-14,-5.2371418965760065e-14
1143,-2.714265906851524e-13,4.40859549520659,4.7779822190593264e-12,3.572532088865408e-14,5.4560147623773045e-14
1144,6.159302381964953e-15,4.420023334583616,4.130491714690688e-12,-5.39857888075751e-16,9.4968271775438e-16
1145,-7.140744717050867e-15,4.420023334582921,4.203611060644419e-12,6.130212327592181e-16,1.127919718227718e-15
1146,1.5607190470033359,1.1614862464876833e-15,2.7179984214244455e-11,0.9803741238408402,0.9803698111506228
1147,1.560746683356547,5.895138513590308e-16,2.8251262282819043e-11,0.9390996253221715,0.939121891583727
1148,1.5221947190808804,1.2254906927298782e-16,2.8024381915706602e-11,1.5813081774841036,1.581030105684783
1149,-1.5221978524108377,1.9822225254223683e-16,2.7625986420340807e-11,-1.5777717290570283,-1.577439741396632
1150,1.5705185422377597,1.878364127374441e-15,2.869743771690406e-11,1.8782685173435487,1.8781355459737485
1151,1.5705185422395667,1.2982777251349735e-16,2.7357728605216838e-11,1.8782685173441513,1.8781355459743185
1152,-1.5385594944956267,1.8288025182651647e-15,2.8568847039573398e-11,-2.7300685430424205,-2.7298287841029865
1153,1.5385594944967125,1.6571915255588497e-15,2.8080980374795725e-11,2.7300685430563996,2.7298287841170144
1154,-1.4473482660794588,5.8536096380981275e-16,3.559584032112738e-11,-0.7831636816062422,-0.7831476307695067
1155,-1.4464906682229708,2.0629227483599983e-15,3.3726329533151415e-11,-0.7032569794358645,-0.7029921763674689
1156,-2.5926060839942014e-16,4.234047050625984,4.090786120190628e-12,-1.7524711651567747e-17,1.489091889467033e-16
1157,-0.018160963387778,4.252676984388047,4.497351259836173e-12,2.1619248645318376e-06,0.0028129220103615764
1158,0.01816096338778553,4.252676984388041,4.503509090920436e-12,-2.1619248637477426e-06,-0.002812922010359543
1159,3.1081958627579728e-15,4.273220361622714,4.4392438088166905e-12,-3.123266637773091e-16,-5.39690429280627e-16
1160,2.1611760826415458e-15,4.276833401356294,3.2518978473406877e-12,8.840621010814068e-17,-9.122608510115092e-16
1161,-2.632006726972052e-16,4.2983931837400915,4.500871583781138e-12,1.3433805006896625e-16,-1.4709731932153465e-15
1162,-4.100470181356576e-15,4.318963251307423,3.0249706920040503e-12,-1.2621551698051846e-16,4.450668376397283e-16
1163,0.027950654681563932,4.374267215837296,4.073265967427209e-12,-1.4896119455291065e-06,-0.0010041298780009127
1164,-0.02795065468157467,4.374267215837305,4.07772404225051e-12,1.4896119451034487e-06,0.0010041298779966308
1165,-1.3758368651316558e-14,4.340375443033684,4.307076520401601e-12,2.8449100069454374e-16,5.7877004341243625e-15
1166,-2.1926245669946956e-15,4.339068001018894,4.495456628003978e-12,4.535773868241969e-16,4.397114477405747e-16
1167,-0.006313058071619876,4.351310337475934,3.7524991627174705e-12,1.789790256487506e-06,0.000915360314392588
1168,0.006313058071616993,4.351310337475945,3.761409261967137e-12,-1.789790256759207e-06,-0.0009153603143928308
1169,1.2412643867913741e-15,4.3818051882290625,2.784093764540692e-12,6.633714185306891e-17,4.273232358021721e-16
1170,-2.6857125175078445e-16,4.3861013957293515,4.339126943011246e-12,8.277657169185673e-17,4.896521751952715e-16
1171,6.085398515145279e-15,4.366988624546421,4.09576824295703e-12,-3.5287286105492558e-16,-1.2603742010233713e-15
1172,7.042057576880564e-15,4.358937344303164,3.5971425581400336e-12,2.308493605289134e-16,-3.673621838806546e-16
1173,3.1698375798202828e-15,4.357966835817658,4.5006958149976795e-12,-7.345516947311694e-16,-4.904199159335674e-16
1174,-2.684752767669988e-16,4.38453400529723,4.497583701794323e-12,7.982810984949708e-17,2.0166215080083445e-16
1175,-4.162723760713012e-15,4.384534005296871,4.284549236864747e-12,1.0778722778720697e-15,2.2973326102359445e-16
1176,1.4108266018664807e-13,4.373611880267128,2.300223743091751e-12,6.654680943801661e-15,-5.950954008109496e-14
1177,-1.3914038634254948e-13,4.373611880267131,2.3114709698768623e-12,-6.6631834382424066e-15,5.928447195251188e-14
1178,-1.4076788687041462,4.8717337161544775e-15,3.756779774629029e-11,-0.6466228206962723,-0.6463637420573085
1179,-1.3918468781505544,1.8029484226228984e-16,3.648879105159932e-11,-1.8114976497440927,-1.8104149621079244
1180,1.391637715070856,1.5533209360119095e-15,4.269765742022349e-11,1.8009100207981428,1.800048540270408
1181,-1.4178895669639848,7.444867896685862e-13,3.408764493466427e-11,-0.8362034210133735,-0.836209276729828
1182,1.417889566963986,7.462289889818087e-13,3.4113015989716945e-11,0.8362034210133674,0.8362092767298217
1183,-1.1588173536879025,1.538093857489819e-15,5.978732023152028e-11,-1.645400958974092,-1.643094776183413
1184,1.2549678636945438,9.337429550052575e-13,4.662715555211036e-11,0.6317528077567657,0.6314695920115851
1185,1.318709599860189,4.912101865281098e-15,3.7781693783367226e-11,3.3144630230154037,3.3131483462066273
1186,-1.333851311086822,6.833169354072398e-16,5.039033537087936e-11,-2.1659528027576798,-2.1651630579899344
1187,1.3308375807518025,6.220384597628668e-16,2.6456868931449223e-11,2.5072141861848714,2.5053261462998515
1188,1.351555465271187,6.92228300570629e-13,3.807023045458668e-11,1.6130493999664544,1.6121723785365902
1189,-1.3515554652711914,6.978988102269414e-13,3.7987880080768545e-11,-1.6130493999664364,-1.612172378536572
1190,-2.9981112976725956e-15,4.121873527061972,5.23731897564854e-12,3.735815118844161e-16,6.204118131316851e-16
1191,-2.5198200092035873e-16,4.115178369727475,5.436700284360552e-12,-2.788073584524458e-17,7.921897282506061e-17
1192,-3.888664013413758e-14,4.142559078697691,4.026183941641931e-12,-1.6945089329689413e-16,5.694722473930477e-15
1193,4.3502334688928435e-14,4.14413377309001,4.018846752809886e-12,-2.2100516085276958e-16,-5.274462803918269e-15
1194,2.577583624189945e-16,4.209513511952277,4.044760232110038e-12,6.400864200647745e-18,1.738632690160124e-16
1195,-8.694392258345096e-15,4.221329211383697,4.1023825272492345e-12,4.26282448588891e-16,1.2379205320941679e-15
1196,-1.2045921281716698e-15,4.252347922884265,4.214193990641262e-12,4.3056175163910655e-16,3.6297382042821225e-16
1197,7.821589461093244e-15,4.256440747995428,3.8389709604987576e-12,1.4884372939987366e-16,-4.946366527020218e-16
1198,2.141185525830233e-15,4.237273329519003,4.42930260715208e-12,-1.9998240652200073e-16,-1.0994360614978736e-16
1199,-5.904640255476291e-15,4.237273329516407,4.6331861168406235e-12,6.019165031699026e-16,3.5835507219968644e-16
1200,-4.097334189307085e-15,4.315660158291475,4.515814725106542e-12,-1.255900832769445e-16,1.0933533291860167e-15
1201,0.010467902534659646,4.266908798064274,4.408322399276785e-12,-1.341711494345197e-06,-0.0010075820820797943
1202,0.010467902532636792,4.266908798065027,4.341043897204689e-12,-1.341711468792395e-06,-0.0010075820820649624
1203,-0.010467902534612357,4.266908798064308,4.415910887856828e-12,1.341711493755906e-06,0.0010075820820783575
1204,-0.010467902532655709,4.266908798065014,4.356150914327766e-12,1.3417114692215967e-06,0.0010075820820654954
1205,1.1846959471494127e-14,4.346283768135421,3.32355564935138e-12,3.740374993792088e-16,-3.5687255417792315e-15
1206,2.6650058205012765e-16,4.3522847932265165,1.9290267992291348e-12,3.277820467516408e-17,-2.856020685284541e-16
1207,-4.7582025032501756e-14,4.262299861270948,4.6881698268107045e-12,-1.1243572397192354e-15,4.651089237533267e-15
1208,1.540372161438639e-14,4.262299861269297,4.48475172725269e-12,3.665218657364095e-16,1.5085359890960315e-15
1209,1.236506776065847e-15,4.365010278472103,3.83524927914799e-12,-2.7241932831442505e-16,-2.6124187967635098e-15
1210,3.174960741620507e-15,4.365010278472903,4.017192924253359e-12,-7.151883454872541e-16,5.453304770895526e-16
1211,-0.0006641223101321566,4.315664670547981,3.5647509845152544e-12,-3.795550620822388e-07,0.0008054395863891309
1212,-0.0006641223126542536,4.315664670547527,3.4906889799189064e-12,-3.7955499192503413e-07,0.000805439588474825
1213,0.0006641223101350354,4.315664670548007,3.560680080710333e-12,3.795550627529263e-07,-0.0008054395863976316
1214,0.0006641223126561702,4.315664670547528,3.486318758529841e-12,3.7955499194389924e-07,-0.0008054395884712145
1215,-1.231456465714227e-15,4.347182105573258,4.257137660501387e-12,3.2921031002439357e-16,1.0879335761690623e-15
1216,-1.2314564657140074e-15,4.347182105572483,4.0708131086402725e-12,3.122407579206206e-16,8.630993961253482e-17
1217,5.552144100937525e-15,3.984315911323328,5.6767203312595845e-12,-2.4422488518869143e-15,-2.769109372190485e-15
1218,-0.025030132954575936,4.074181185277863,4.609516094825605e-12,-8.818379423967786e-08,0.00031664215770810857
1219,0.025030132954586833,4.07418118527787,4.624422610247807e-12,8.81837948995233e-08,-0.0003166421577075279
1220,-2.0170425685302646e-15,3.9916021180947583,5.501736275710285e-12,-1.2730501215873365e-16,3.6626909167028177e-16
1221,1.0217462975051612e-14,4.08090791153633,4.828418369595694e-12,3.963946451487316e-16,-6.848830469049685e-17
1222,-9.12264753737984e-15,3.9982179699513676,5.32073960424869e-12,2.3401996825929184e-15,2.3906953253512597e-15
1223,1.3102010858207045e-14,4.133313158306803,4.973851041000822e-12,-1.0679759766765073e-15,-2.115004271728902e-15
1224,-2.0886522109968178e-15,4.133313158310325,5.041775187390996e-12,1.8391137857185727e-16,9.053034283584115e-16
1225,2.9865656473218053e-15,4.10600029694854,5.2714085218377115e-12,1.0722482758988549e-16,3.9470204652018024e-16
1226,-2.0748504335662087e-15,4.1060002969532965,5.435523867750267e-12,-8.682856022308211e-17,5.493876633114603e-16
1227,-1.1518085989198719e-15,4.066016030348108,4.249230503918198e-12,-2.132349783324303e-17,-6.163254959293859e-17
1228,4.750655636806185e-15,4.055344984056814,4.573160692125863e-12,-1.1972835944900775e-16,-4.9924578859856715e-16
1229,-1.1434954084588655e-15,4.036669517646704,5.122772299965031e-12,-6.13364321806397e-17,1.217283853952442e-16
1230,-4.7473219044652395e-15,4.052499180075086,5.532172856170228e-12,-2.35263125026615e-16,-1.0501556838774565e-15
1231,-3.014844436204045e-15,4.144878637242833,3.553036198800186e-12,-1.238078729075152e-16,-1.3270731073052803e-16
1232,3.014844436203313e-15,4.144878637241827,3.851913105615005e-12,1.126867467948231e-16,-2.475960441883018e-16
1233,7.342669807846314e-15,3.9958168508660648,5.421476908598152e-12,-1.9295022905044583e-15,-2.369065232062789e-15
1234,-2.050378533946062e-15,4.057571925692517,4.6448202560482826e-12,5.745215061640592e-16,1.0603442082107432e-15
1235,5.633396685881482e-15,4.0426241902769835,5.396665978847425e-12,-2.3468172390537024e-15,-3.5270938491781272e-15
1236,-1.1319227898227104e-15,3.995816850865228,5.207249347755487e-12,3.0375769060324475e-16,-4.837044694431324e-16
1237,-0.020803429493637584,4.0613617652706875,4.4191199595167495e-12,-1.5500416516006903e-06,0.0007236832249520139
1238,-0.02080342949353877,4.061361765269178,4.362937689325902e-12,-1.550041592159523e-06,0.0007236832250611051
1239,0.0208034294936304,4.061361765270693,4.387609270386268e-12,1.5500416518971112e-06,-0.0007236832249513598
1240,0.020803429493541407,4.061361765269164,4.360810964699253e-12,1.5500415921313338e-06,-0.0007236832250619662
1241,-5.595403141021011e-15,4.015359356626576,4.360642649793264e-12,-2.662618484703318e-16,2.1164135911655208e-16
1242,-8.270169786946979e-15,4.015359356628246,4.530885829765662e-12,-3.8673642423184107e-16,-2.1660250984902302e-17
1243,-1.2317991926848015e-15,4.348391970960351,2.120765238953393e-12,-1.0816515694885762e-16,8.542480709045217e-16
1244,-2.197336169936045e-15,4.348391970960695,2.1455527842685162e-12,-1.7421778675793975e-16,-5.331278542845691e-16
1245,-1.1455422748515339e-15,4.043895190013081,5.768374838681646e-12,4.646654077785091e-16,1.1914743116140532e-15
1246,1.145542274851324e-15,4.04389519001234,5.638138828023279e-12,-4.3602717747804464e-16,2.4893126381156335e-17
1247,-1.243376239302059,5.735543915312848e-16,4.385434066210926e-11,-0.7282929033854696,-0.728288491806035
1248,1.24337336570355,3.5414005244170356e-15,4.452804854758226e-11,0.6950283494938003,0.6950418755105935
1249,-1.2549678636945547,9.328545038955259e-13,4.6693323870167e-11,-0.6317528077567583,-0.6314695920115778
1250,-7.292087376169521e-15,3.9682903328363524,4.065578952900321e-12,-1.973938064944851e-16,-6.87964302284485e-17
1251,4.640987903741269e-15,3.9617283287572764,4.607987673511194e-12,-1.9499181679307858e-16,-1.4571557723936838e-15
1252,2.8756066110777883e-15,3.95345121898817,4.584588644342366e-12,1.5677454348525488e-16,1.1911521243732946e-16
1253,0.004225338754259251,3.952081022535127,5.340087184857558e-12,2.4857795753187827e-07,-0.00023576897539370992
1254,-0.004225338754264549,3.9520810225351575,5.334476687097937e-12,-2.4857795825092115e-07,0.00023576897539305362
1255,-0.004225338752548026,3.952081022532643,5.4504181055466025e-12,-2.485779714241944e-07,0.00023576897527268392
1256,0.004225338752552379,3.9520810225326106,5.4528775076101415e-12,2.485779703065988e-07,-0.00023576897527410138
1257,-1.1257972651029216,1.967299023592393e-15,5.854066376500633e-11,-1.7006445895412552,-1.698293727781939
1258,1.1259095704957527,1.3434621218859968e-15,6.234489114242578e-11,1.71287039661928,1.7105439802972437
1259,1.1707309785246651,9.483160905370764e-15,5.274341752342938e-11,0.509043239817494,0.5084359764798795
1260,-1.170730978522139,3.0486933179786173e-15,5.0125137221508644e-11,-0.5090432398096146,-0.5084359764719785
1261,1.158817353692875,2.287639785623925e-15,6.081784981010743e-11,1.6454009587940073,1.6430947760032986
1262,0.8710714100924064,2.2496289002352648e-15,4.603327188371436e-11,1.2295013004869384,1.228502054828831
1263,-0.9563916674204197,1.7684453094940858e-15,2.9083373284176235e-11,-0.6427186336815482,-0.6427769850212479
1264,-1.0744320849981588,5.374253088398171e-13,2.81517798767824e-11,-1.827285486333855,-1.8269887879260776
1265,1.0744320849981663,5.364242883284911e-13,2.8233448594541486e-11,1.8272854863338852,1.8269887879261058
1266,1.080904559937111,2.2522236307899183e-15,5.297027144261349e-11,1.450804226815542,1.449772986931328
1267,1.0809045599357117,5.830568183982493e-15,5.6195748432380824e-11,1.4508042268145664,1.449772986930728
1268,0.016330059435360048,3.9306616405222425,4.837006255919612e-12,-1.096105932784047e-06,-0.0005846024671872121
1269,-0.016330059435353966,3.930661640522249,4.840613910887412e-12,1.0961059332449414e-06,0.0005846024671875357
1270,1.1144786138619727e-15,3.934236915484396,5.091306597822413e-12,-1.793454563826279e-16,-2.2222807937824775e-16
1271,2.8297458038575612e-15,3.890400708702748,5.133743257906554e-12,1.3853320984345106e-16,1.911577563419758e-16
1272,1.1013556699277496e-15,3.8879114231656655,4.152709087384758e-12,4.057026643668111e-17,2.4958991688651628e-17
1273,-4.6005967555585976e-15,3.927248868929914,5.6108452883329355e-12,1.3931436912559515e-15,1.4139797040508613e-15
1274,-1.2209679702190946e-14,3.851807964283998,4.429307474043765e-12,-3.3922425073723296e-16,2.5999457708235216e-16
1275,-1.0917481688279345e-15,3.853995845942099,5.8093705600080476e-12,2.0147471008459105e-16,2.729582368264414e-16
1276,-1.0947010750120528e-15,3.8644199423518653,5.370336114304566e-12,2.6352432214752985e-16,4.04504602593518e-16
1277,3.665319516036248e-15,3.8606256341128256,3.3840040353418587e-12,2.3082452606472383e-16,1.2732566121368028e-16
1278,0.012844793011663072,3.9259685571666214,5.2660428937271365e-12,1.3748414979799714e-06,-0.0008687512350335077
1279,0.012844793013103248,3.925968557167169,5.2290724628762346e-12,1.37484142724879e-06,-0.0008687512352011334
1280,-0.01284479301165867,3.9259685571666085,5.289583444408302e-12,-1.3748414985359503e-06,0.0008687512350327793
1281,-0.012844793013098087,3.9259685571671903,5.212962317929461e-12,-1.3748414260292795e-06,0.0008687512352011898
1282,8.893779711433826e-15,3.897911183934304,5.264240476929573e-12,4.0101205701705246e-16,-1.1499851788785171e-16
1283,-5.4317391159574905e-15,3.897911183935652,5.200114862812284e-12,-2.703578875618032e-16,5.474334264902715e-16
1284,-1.0193735845073624,2.643225551135934e-15,6.667898469845882e-11,-0.5023640907528925,-0.5019538215476842
1285,1.0185198755911342,4.965923382364067e-15,7.227780397990477e-11,0.6028100685749541,0.602713360810899
1286,0.9391012449028284,1.600597388672829e-15,3.019836393559075e-11,1.213113776471992,1.2130034987345126
1287,-1.0223251965887108,1.6554011206355746e-15,6.682880068195741e-11,-0.5816146910837752,-0.5816487029249235
1288,-1.0223251965927989,2.1309583077101992e-15,6.374989062881205e-11,-0.5816146910901273,-0.5816487029312772
1289,0.95001905564887,2.915737773857421e-13,2.518683385336126e-11,0.8858590701231382,0.885758755115479
1290,-0.950019055648869,2.9477861472313063e-13,2.5135331947182763e-11,-0.8858590701231922,-0.8857587551155324
1291,0.011711313898096253,3.5854380974005866,7.072988825732045e-12,1.8211207992026128e-07,-0.0003037095141482578
1292,-0.011711313898093005,3.585438097400567,7.077163875656121e-12,-1.8211208145614208e-07,0.0003037095141472266
1293,-2.6593796446973325e-15,3.6561773288385964,6.047054341911469e-12,-1.8533609567815856e-16,4.772524574604154e-17
1294,1.856735247253686e-15,3.6743638737775126,6.90927455579184e-12,1.1834936576895346e-16,9.54264902064016e-17
1295,-1.043619101007873e-15,3.684094734363668,6.10381561937147e-12,-5.303358981719405e-17,3.646915919767596e-17
1296,-8.812122061160647e-15,3.862122770168622,5.273758190204859e-12,9.943065986931746e-16,3.953555865984165e-15
1297,2.364868144200039e-16,3.862122770167778,5.25237454917403e-12,-2.5169546549858115e-17,-6.057011713602267e-16
1298,-0.02036680929737655,3.7226905182115737,5.74283066309006e-12,-1.442408744656981e-06,0.0012632797129397697
1299,0.02036680929736989,3.722690518211565,5.6968238505629034e-12,1.4424087434981858e-06,-0.0012632797129397706
1300,1.0489653693059253e-15,3.7029676726476914,5.617812692572453e-12,-5.346432272389134e-16,-3.3280729814641804e-16
1301,-1.5597686689070037e-12,3.8654417385173465,4.229054406561672e-12,-6.828075427291234e-14,5.937224254100673e-14
1302,1.5657767722928313e-12,3.8654417385173434,4.218237133446077e-12,6.884471620089758e-14,-5.960000086166337e-14
1303,-1.058593592400098e-15,3.736956400880304,6.2986603529592596e-12,-6.009501011974765e-17,-3.762882418244408e-17
1304,1.9254809046069987e-15,3.8104072651181564,2.9229763580493083e-12,1.5454021568447203e-16,1.7327820094297273e-16
1305,1.0793134166307456e-15,3.8100997491300155,5.445673161904113e-12,-2.396649205159398e-16,-3.127378577819341e-16
1306,1.8972865713505933e-15,3.7546124286083145,6.0068183389166e-12,7.769941661791109e-17,1.0438239220446844e-16
1307,-1.0781020854246296e-15,3.805823611491568,2.5950185630986804e-12,-9.022123210224971e-17,3.072400474980675e-18
1308,2.7696120046131916e-15,3.807727355188674,6.016392055503422e-12,-1.0130886180946732e-15,-7.603475026742638e-16
1309,0.009720547816599772,3.7242482034124857,5.675202028862363e-12,1.9442617524983996e-06,-0.00045704004494802114
1310,0.009720547810369795,3.724248203413869,5.5509973960107456e-12,1.9442618559694508e-06,-0.00045704004465447383
1311,-0.009720547816599857,3.7242482034125186,5.666173487608364e-12,-1.9442617539156687e-06,0.00045704004494632566
1312,-0.009720547810375547,3.7242482034138553,5.546072022034772e-12,-1.9442618554559726e-06,0.0004570400446553206
1313,-0.004169584241003973,3.778454041446717,5.594936218748184e-12,-4.087622444302538e-11,0.0002585782206414011
1314,0.004169584240999772,3.7784540414467114,5.6043979064966614e-12,4.0876110547587163e-11,-0.00025857822064140047
1315,-0.014796801242369472,3.7745832736004017,5.803100535574764e-12,1.501995554506995e-07,0.0009801329328072343
1316,-0.01479680123932926,3.7745832736016123,5.79249126511893e-12,1.5019953997718292e-07,0.0009801329326048923
1317,0.01479680124239713,3.7745832736004026,5.799295797245304e-12,-1.50199555262482e-07,-0.0009801329328086488
1318,0.014796801239325053,3.7745832736016083,5.7871432628911476e-12,-1.5019954022785047e-07,-0.000980132932604921
1319,-0.0004471603103130649,3.807378130104657,3.4303645211725922e-12,-3.7566249351745143e-07,6.939349728288707e-05
1320,-0.000447160311432438,3.80737813010511,3.45600337147944e-12,-3.756625020349437e-07,6.939349740200322e-05
1321,2.3116539587426383e-16,3.775217410198764,6.540213591450919e-12,-3.820893947673562e-17,1.4499183062064695e-16
1322,0.0004471603114366639,3.807378130105101,3.445373331930736e-12,3.7566250132522495e-07,-6.93934974030588e-05
1323,0.0004471603103122188,3.8073781301046514,3.452459418937801e-12,3.7566249301026165e-07,-6.939349728344864e-05
1324,3.5254831975253115e-15,3.7133381538641466,6.2564905334572146e-12,1.730614915492483e-16,1.2118213429031247e-17
1325,1.068725884387379e-15,3.772724549931359,2.1287221643612007e-12,1.312037562233043e-16,-9.661632075588203e-17
1326,-2.2737638421414216e-16,3.7133381538652688,6.346660031613101e-12,2.4640127947698205e-19,7.025912691451099e-16
1327,-1.0667444074541217e-15,3.765729709832106,5.605298423913273e-12,1.701963634664869e-16,1.7217800223283365e-16
1328,-1.9044300144970965e-15,3.7687488594595724,5.126592978783897e-12,3.614754104282187e-16,9.76358218939044e-16
1329,-5.2491690390387385e-15,3.7668956970940775,5.6410864555033575e-12,1.5781788746007624e-15,2.1644592286896537e-15
1330,1.6125392376122543e-14,3.767544766288144,5.479300991509337e-12,-1.0192559293066022e-15,-2.1684033001337487e-15
1331,1.905479660398833e-15,3.7708260435854757,2.136205145253235e-12,1.8730022458818627e-16,-3.357067133963855e-16
1332,2.7391445627098742e-15,3.7658400035362947,5.834485015891434e-12,-2.588569463592391e-16,-7.842390248626314e-16
1333,1.9029601069149843e-15,3.7658400035386794,5.848342213593896e-12,-1.6977715870447256e-16,-3.3641396969898523e-16
1334,0.0005770749248519541,3.771205591664504,3.945520692044085e-12,1.4086511061989562e-08,-2.8262511128588003e-05
1335,0.0005770749198819222,3.7712055916631573,3.855798848640736e-12,1.4086539431657288e-08,-2.8262510865145903e-05
1336,-0.0005770749248594879,3.7712055916644873,3.948856668611863e-12,-1.4086510008687152e-08,2.8262511129310082e-05
1337,-0.0005770749198844347,3.7712055916631604,3.853973537958744e-12,-1.4086539630608387e-08,2.8262510864915998e-05
1338,0.9268954346944559,6.379508278778699e-15,3.984124377695184e-11,0.4635837741701968,0.46352486860863756
1339,0.9416185063451562,5.749942727206675e-15,6.817154553249805e-11,0.7250211601278057,0.72467724246403
1340,-0.7434064709373881,2.583247732121022e-15,1.0929813751242853e-10,-0.8286081393746243,-0.827571904717396
1341,-1.817025364642001e-15,3.595780479448065,5.231101149882716e-12,-1.2264214936333912e-16,-3.81264562679445e-16
1342,4.227321537465399e-15,3.6086065805605028,6.391397598304809e-12,-9.146263392810244e-16,-9.027604526537677e-16
1343,-0.8554568263621393,1.8018997987381945e-15,8.156436214775148e-11,-0.6715115447078064,-0.6705868807504596
1344,0.8171774883659063,2.9471919841300415e-15,8.316136347374833e-11,0.36293403967437676,0.36189538251757264
1345,0.8288366460187068,9.283304543646798e-16,8.477553443575306e-11,0.4239252163781512,0.4225413175547562
1346,0.8688694777230036,3.2907796194796325e-15,4.07625227365432e-11,0.7094023125484107,0.70880600467304
1347,-0.8688694777239957,3.482759269932189e-15,3.818747882894968e-11,-0.7094023125634527,-0.7088060046880105
1348,0.7599918775914215,5.474986995444725e-15,9.681535999731269e-11,0.569980590796275,0.5697149704265284
1349,0.7641306405287901,8.70347833301361e-16,6.40188092337181e-11,0.8627368801602431,0.8620260626275369
1350,0.7935824575451287,1.1368091697390175e-14,1.0709321385878947e-10,0.6592038587052416,0.6573870343793362
1351,-0.8385660355720215,1.1894832672264001e-15,9.324053764789167e-11,-1.1239240471103793,-1.1219386830764175
1352,0.8373127771595262,1.0773677217794171e-16,2.9156777179135694e-11,2.0289470769885716,2.025713191936236
1353,-4.10350979284808e-15,3.502916045213949,7.412699860390123e-12,1.6482100741667286e-15,1.5018199666363803e-15
1354,-2.5412459364254326e-15,3.4937643439845627,6.520352294629064e-12,-1.519456149630557e-16,-3.0700429588499334e-16
1355,-3.381836519993064e-15,3.5620372800631492,6.491221758260483e-12,-2.60843945050055e-16,-1.0043563348605238e-16
1356,-1.817720548425123e-15,3.5971562050298993,7.266860434533482e-12,4.314492379401742e-16,3.254524210588588e-16
1357,3.4219823566633787e-15,3.60432228290512,5.477979668533298e-12,-6.426965842909519e-16,-6.040161894007791e-16
1358,-0.838013324017108,8.207719835857435e-15,4.2461975475324085e-11,-0.9582020248740568,-0.9570075617267604
1359,-0.838013324016604,6.356117648007523e-16,4.2074270300522917e-11,-0.9582020248826217,-0.9570075617353153
1360,2.567820868324085e-15,3.5303001818507433,5.535813515923664e-12,1.808203911367797e-16,1.2492856547609343e-16
1361,3.3517049774725803e-15,3.5303001818535673,5.436063769642608e-12,2.372730473798441e-16,-5.3240202323496086e-17
1362,1.8053391861871095e-15,3.5726542572251163,5.885315812119599e-12,7.5710060846104e-17,-1.2603644136367212e-16
1363,-4.185204995419959e-15,3.5726542572208513,6.086210301495406e-12,-1.9214537934896712e-16,-3.5420857459438266e-16
1364,0.7866039156161191,2.2000400777041342e-12,1.2868004475446085e-10,1.8180953369505057,1.8118128285996908
1365,-0.7866039156161251,2.206876609621602e-12,1.2894154754286157e-10,-1.8180953369488388,-1.8118128285980317
1366,-0.7886011129449579,3.949979359715667e-15,6.78086456241376e-11,-0.8301126988947121,-0.8298632382627462
1367,0.7886011129474315,2.2003032316474316e-15,6.845841722856709e-11,0.8301126990873782,0.8298632384548741
1368,6.617157924452951e-15,3.6009996133989906,7.042013122426743e-12,-4.533034913323473e-16,-1.3212014579780256e-15
1369,0.0023485928656222055,3.6064278512823784,6.716343179272411e-12,-1.0781487717458505e-07,-0.00013124322145857263
1370,0.002348592848349746,3.60642785128567,6.617640154533645e-12,-1.0781480473597504e-07,-0.00013124322026198375
1371,-0.0023485928656254164,3.6064278512823904,6.70927109103749e-12,1.0781487677004212e-07,0.00013124322145805216
1372,-0.002348592848351344,3.6064278512856647,6.6350034294285395e-12,1.0781480489440408e-07,0.00013124322026184714
1373,-5.0179928514566754e-15,3.600999613390712,6.9315367295503e-12,3.464876373328292e-16,6.055233660707286e-16
1374,-0.4160572753923282,1.2473602194864367e-14,3.3044624071788656e-10,-0.33887948697329656,-0.33879697114222346
1375,0.44716542392106545,7.304251274544707e-15,3.081754862356916e-10,0.37360213755370725,0.3732043091730711
1376,-0.4840065551083469,1.837419807940961e-14,1.7932902561557762e-10,-0.3881841650449276,-0.38812752677663215
1377,-0.6499894475145169,1.91632275297255e-15,1.1328553493539252e-10,-1.1280121788954207,-1.1264392936294905
1378,-0.6153918170396029,1.2504392911576475e-15,8.523447332808527e-11,-1.1779057067139485,-1.1765348586230033
1379,-0.7195350250114764,5.7436207563716365e-15,1.2392525352148064e-10,-0.4961688393052446,-0.49618864766560533
1380,-0.719921127662797,1.769515335716988e-15,1.2766274356386107e-10,-0.4536301375995957,-0.4538920927710903
1381,-0.6760079697230155,2.014347829755932e-15,1.0374037054239439e-10,-0.6160265509152727,-0.615696352368672
1382,0.7549182994944842,2.519234938555606e-15,7.642436010578792e-11,0.5768831470089862,0.5766216046701128
1383,0.7549182994981961,6.391662976438547e-15,7.526793948738067e-11,0.5768831469923936,0.5766216046535975
1384,-0.6176729769410129,9.265357852965088e-16,1.4677625715105563e-10,-0.33881291208587266,-0.338341290694998
1385,-0.6176729769446919,3.5144158100107076e-15,1.4424342755741735e-10,-0.3388129120946328,-0.3383412907037189
1386,0.6687732006302457,6.942749100889392e-16,9.178776783136561e-11,0.7120137775998254,0.7111315439075969
1387,-0.7179635400453103,1.592276744839128e-12,8.793332195364474e-11,-0.5894262254842314,-0.5893057981427472
1388,0.7179635400453245,1.5934608956853929e-12,8.818335828116474e-11,0.5894262254841529,0.5893057981426686
1389,-0.022988960328165487,3.4469425609731634,7.315539808614736e-12,-1.5949576090889747e-06,0.0013756143010860101
1390,0.02298896032816636,3.44694256097318,7.264705470006903e-12,1.594957609705669e-06,-0.0013756143010853808
1391,6.382431986051717e-15,3.473263805505689,6.1310155172379525e-12,-6.068991770009122e-16,-6.998752248178658e-16
1392,-1.7634017792071472e-15,3.489662730352882,7.421847327199568e-12,3.551080767491209e-16,4.3716351991141087e-16
1393,-2.5300802559470802e-15,3.478413505337885,7.174872944911e-12,1.0986989107460278e-15,1.3013362012616283e-15
1394,-1.0098170638150548e-14,3.4256492406493733,6.813532355476412e-12,-3.936615721606769e-16,7.798185637899591e-17
1395,9.566862160345791e-16,3.377211712134719,6.448398558045965e-12,6.411533714906009e-17,3.347055496095319e-17
1396,-5.579297143695812e-15,3.4535086385068507,7.543743667004444e-12,1.2876711486079402e-15,1.8022909003208772e-15
1397,3.2720705304899756e-15,3.446422422756616,6.733732888612289e-12,-3.100729283894389e-16,-1.557764197324312e-16
1398,4.023554044320363e-15,3.434662699038688,6.366538682768804e-12,1.9997835327547635e-16,-1.9062548021448943e-16
1399,-1.7426063343717464e-15,3.448509835046269,6.297232764922619e-12,-1.3534585103589199e-16,-1.6523087018933605e-16
1400,-2.9653484762197807e-14,3.489085577613275,7.105323697958989e-12,1.3092411010653635e-15,2.189171801384715e-15
1401,1.1834634303687875e-14,3.489085577612581,7.066371145603818e-12,-5.28879874853451e-16,-1.452152337771831e-15
1402,1.7204919042262948e-15,3.4047467496328743,7.151879110578018e-12,9.371139880373804e-17,2.869390296059243e-17
1403,-9.729870826646189e-16,3.434755634873673,6.48253201142275e-12,-4.3590403810551494e-17,3.9828086345463655e-17
1404,9.62803726533297e-16,3.3988072235564397,6.459258788821277e-12,-1.9800240349921306e-16,-3.270800922161279e-16
1405,-0.004705482297616499,3.4794046348281134,7.556326052292647e-12,-1.646415294462994e-08,0.000369336252971036
1406,-0.6650596188170291,1.85887258603179e-12,8.997481797168843e-11,-1.2441917384902506,-1.2433732325272384
1407,0.6650596188170338,1.864829380113859e-12,9.014594392870239e-11,1.2441917384900318,1.2433732325270186
1408,-0.004705482296533639,3.4794046348306233,7.518290152030735e-12,-1.6464272313554407e-08,0.00036933625273384313
1409,-9.540954138335148e-16,3.368065884181301,7.647036449806857e-12,1.099482065442375e-16,4.536355045579196e-17
1410,6.936982282760278e-15,3.3680658841864752,7.551292016398712e-12,-7.3465240725826085e-16,-1.1140447612672058e-15
1411,0.004705482297618821,3.479404634828116,7.572176084881315e-12,1.6464153078637328e-08,-0.000369336252970465
1412,0.004705482296546829,3.479404634830665,7.538544348802497e-12,1.6464273899959025e-08,-0.0003693362527316265
1413,0.00920323665810644,3.3980299859521335,7.163325718849765e-12,7.980331409611005e-07,-0.0005221895886179445
1414,0.009203236653362286,3.398029985953903,7.195536176327538e-12,7.98033158747654e-07,-0.0005221895883768713
1415,-4.7174357597571164e-15,3.385314576952733,7.335343177928439e-12,-3.502753421206008e-16,-1.758335817578784e-16
1416,-3.965744921965214e-15,3.385314576948052,7.200813118007405e-12,-2.9177229520777175e-16,-1.0759418055288724e-16
1417,-0.009203236658100402,3.3980299859521335,7.1736845342732896e-12,-7.980331408487772e-07,0.0005221895886175702
1418,-0.009203236653360012,3.398029985953899,7.207872699978721e-12,-7.980331589510503e-07,0.0005221895883762472
1419,-2.5096207116670814e-15,3.450285245386713,8.069483990937552e-12,9.182122425354786e-16,7.679353852930351e-16
1420,-1.7435034874748476e-15,3.450285245383396,8.680931598956333e-12,6.4372557369894425e-16,5.428237488076375e-16
1421,2.4477147179665292e-15,3.365175437489036,8.351859730919683e-12,-6.862405574882e-16,-1.1004575372951279e-15
1422,-9.537078187492745e-16,3.366697629223591,8.340571032481157e-12,3.953952544585189e-16,2.9701389340418316e-16
1423,-0.36384026984299245,7.327188465161478e-15,2.467647133744083e-10,-1.7965512258534675,-1.7948802692068049
1424,0.3280423169361568,2.9828734004749465e-14,6.071491083441018e-10,0.3229137220267653,0.3229399902119605
1425,0.30676394033779064,1.8432980865533832e-15,4.953014256954734e-10,2.738411018760714,2.7375863049328695
1426,1.6573129905825067e-15,3.2797195987665306,6.625663851120318e-12,1.3526466484907139e-16,9.162670889387371e-17
1427,-0.010807842395548158,3.2457845713603164,6.281532886877055e-12,-2.960046754322404e-07,0.0012084586414550964
1428,0.010807842395556069,3.245784571360311,6.285698801077567e-12,2.960046746416402e-07,-0.0012084586414564894
1429,3.1187578108778304e-15,3.284940452963632,7.364859400123558e-12,2.4143168850471036e-16,8.101746083403231e-17
1430,0.44017531743100125,1.9059539986071933e-12,1.820555249771931e-10,1.8302488226322082,1.8281857365384946
1431,-0.44017531743098365,1.9009435610772164e-12,1.814670575904029e-10,-1.8302488226322569,-1.8281857365385425
1432,-0.007939062252260425,3.3184281533189903,7.006264355538058e-12,6.781048448143041e-07,0.0008642261918509284
1433,0.00793906225226266,3.318428153319001,7.013440293301671e-12,-6.781048457124572e-07,-0.0008642261918525938
1434,2.4018083915566594e-15,3.3020623463571632,5.965223446211012e-12,3.3484994815908216e-16,3.082795694534208e-16
1435,0.3809209522145249,6.849071188556682e-12,3.8561669872277853e-10,0.2956857231230331,0.2953172968232748
1436,-0.38092095221455397,6.878956382812653e-12,3.8583952284464685e-10,-0.29568572312309327,-0.2953172968233341
1437,-3.1493443210584017e-15,3.3171567617314044,7.608053801570576e-12,7.293814025859959e-16,4.3406671487079323e-16
1438,2.9992341760666254e-14,0.07739378602113955,6.5505613171242444e-09,4.912942454017414e-12,4.909231729774296e-12
1439,4.673097040354722e-15,3.353496334848241,6.944467672479624e-12,3.1757174557127397e-16,3.2012693153956747e-16
1440,-6.162348577925127e-15,3.3534963348441966,6.907459975412519e-12,-4.1854592119597586e-16,2.8630643256075724e-16
1441,0.20206112504736082,7.21329342208784e-14,1.5215151236843172e-09,0.2454952204123413,0.24504086767577635
1442,-0.20206112511393726,1.1308680439577361e-13,1.5205420276831024e-09,-0.24549522094198867,-0.2450408682043822
1443,0.1457511254031288,1.5657325017685574e-13,3.043324178251862e-09,0.22209536765152288,0.2221572493291898
1444,1.6753884890633062e-15,3.3154898889662814,8.347697499438006e-12,-5.039534444120825e-16,-5.504880808002011e-16
1445,-1.2826759978896735e-11,0.09292084423038702,8.017777978548344e-09,9.733034328907583e-12,9.669147108786683e-12
1446,1.2654870020329905e-11,0.09292084423027787,7.991387250354082e-09,-9.601805643799801e-12,-9.53586741950961e-12
1447,-3.132572639854073e-15,3.299491403472373,6.302223850168733e-12,-2.447963832726796e-16,-2.1781986929673768e-16
1448,1.6753884890644288e-15,3.3154898889685027,8.372663615102822e-12,-4.940383573429665e-16,2.2419224599444574e-16
1449,2.3999383747162534e-15,3.2994914034720164,6.2536792764635794e-12,1.9488276332430563e-16,2.4408438766055944e-16
1450,-0.042775456289517295,0.6106710015174969,1.8057492188444386e-10,2.263595256894735e-08,0.0024809856274615807
1451,0.04277545628952219,0.610671001517522,1.8131930762410257e-10,-2.263594926082968e-08,-0.002480985627457674
1452,0.035301103536173106,0.5806183186007134,2.369633554896214e-10,7.82430736971651e-08,-0.0013720204095216439
1453,-0.03530110353622521,0.5806183186007511,2.3748484981822327e-10,-7.82430337907189e-08,0.0013720204095621358
1454,8.450211633329426e-15,0.533931406549552,1.8088633045350862e-10,2.970583075251806e-14,2.919565347204433e-14
1455,-8.527873533087162e-17,0.3010436848867975,4.0757696137544797e-10,-1.0122488531932498e-15,-6.943711956393347e-16
1456,-1.7741829048086995e-15,0.5597044320181785,1.9672033672713315e-10,7.369485682289668e-16,1.4388493985026815e-15
1457,-0.02602935291403254,0.416218413201477,3.467919634011537e-10,-1.1328394377077555e-09,0.0008620097624446044
1458,0.026029352914047166,0.4162184132015997,3.474133426965939e-10,1.1327690417617386e-09,-0.0008620097625152597
1459,3.161946983233793e-14,0.49057292844187617,3.4194841122368886e-10,3.709720544513345e-14,3.4328428360354144e-14
1460,-0.006734257896164568,0.47934441827394414,2.7400417233593225e-10,-5.265679358171238e-08,0.0004720767696880651
1461,0.0067342578961612255,0.4793444182739184,2.7386419095146375e-10,5.265677660917789e-08,-0.00047207676970423273
1462,-7.562011357124379e-16,0.3314231923698199,4.794769145592328e-10,3.5728634643953527e-16,4.2338979635392e-16
1463,2.772407721548492e-15,0.4264897596810204,3.4061896923230905e-10,-2.2551942522089512e-15,-1.9942141784670916e-15
1464,-0.013005753079702165,3.2291803124667307,8.463822607564722e-12,3.041065254286851e-07,0.0007477918449770903
1465,0.0130057530797043,3.2291803124667267,8.454295158354922e-12,-3.0410652487270623e-07,-0.0007477918449770075
1466,0.002418800510167779,3.099858701483374,8.869485577615394e-12,-1.98566521283851e-07,8.81743943510105e-05
1467,9.183564710097264e-16,3.2419033302938844,7.547247072817686e-12,-3.0940489008474473e-16,9.15605557127348e-17
1468,-5.246513455142368e-15,3.2475200859035747,7.67979552858017e-12,-2.321704056101862e-16,-6.044067538358502e-17
1469,3.8043248262233286e-15,3.247520085905356,7.524745497170885e-12,1.6455655115205433e-16,5.520792335363264e-17
1470,7.951416795421182e-15,3.1758372687612546,8.512233539915652e-12,6.002983908212839e-16,6.306866510482311e-16
1471,2.9556389327864396e-15,3.1131298046935014,9.887135383613082e-12,1.455130272874448e-16,1.2108438421705445e-16
1472,-1.6267198342918589e-15,3.2191776402802827,7.664534190511774e-12,3.1939998109744527e-16,4.5944668846908575e-16
1473,-1.7882303088746395e-14,0.3256879347628169,3.078759126605579e-10,-1.9816099442717474e-13,-1.9724049070485108e-13
1474,9.565819476622687e-15,0.32568793477136554,3.1371812594210583e-10,1.0581926316794534e-13,1.0559004661692035e-13
1475,0.0061561118044751,3.2073362721194703,7.884418774324898e-12,-6.402457883216556e-07,0.00036172541966677553
1476,-0.006156111804480785,3.2073362721194636,7.88192486629308e-12,6.402457885064036e-07,-0.00036172541966643205
1477,-7.563778375727899e-13,3.240275347151367,8.069492361900035e-12,6.161361930512508e-14,1.1704554940345242e-13
1478,7.585362945507092e-13,3.2402753471513654,8.064572421874818e-12,-6.192161344513718e-14,-1.1735306343617105e-13
1479,2.986349720970128e-15,3.1454770136031285,9.125685072334177e-12,-7.375993063090249e-16,-6.645563989683677e-16
1480,2.9604274857835743e-15,3.1181735151722645,8.233679788041964e-12,2.0704891578532255e-16,2.344944830687607e-16
1481,1.5844527904613466e-15,3.1355337825294716,8.55267224123653e-12,-3.68814098886868e-16,-2.987917092873594e-16
1482,-4.464729944341485e-15,3.203968454996997,8.310473763426917e-12,1.3290812116611703e-15,1.4693220788684638e-15
1483,-3.0373839335353292e-15,3.199230578165228,6.811652305755825e-12,-1.8594749994915658e-16,-1.3967988273247293e-16
1484,1.6164714447406077e-15,3.1988967131059782,5.0374181517020504e-12,9.925893073875932e-17,9.753387673345944e-17
1485,7.260045874524078e-15,0.39739939847762923,3.670899945408379e-10,-3.855458751723346e-15,-3.863650069143666e-15
1486,-2.4466922399262296e-14,0.397399398484422,3.540621939995614e-10,1.2585915784811168e-14,1.242749028754779e-14
1487,9.133051634131086e-16,3.224071637006191,8.49687525564541e-12,-3.9109910239484104e-16,2.626095389707083e-16
1488,3.0609683020791786e-15,3.22407163700509,8.642258841970062e-12,-1.2875011625978857e-15,-1.6836035401397457e-15
1489,-8.502404860752133e-15,3.1192699126995587,7.907083839841545e-12,-3.83292825769594e-16,2.7081049887452314e-16
1490,-4.34670252824124e-15,3.1192699127057084,7.589635458227677e-12,-2.229659656849905e-16,5.741816188238067e-16
1491,4.791997067636014e-15,0.4663615127312018,2.2720059613474618e-10,7.57610686475961e-15,7.864928792779966e-15
1492,2.8298541199505584e-14,0.46636151274244725,2.2876680603695544e-10,4.4754630294206316e-14,4.4665376211215816e-14
1493,0.008946645698726434,3.1382370338662624,9.133534196162129e-12,-7.617344437607469e-07,-0.0008502131855780545
1494,0.008946645697433921,3.1382370338699688,9.524022298761556e-12,-7.617343375935018e-07,-0.0008502131852697031
1495,-0.008946645698699986,3.138237033866273,9.135611036136832e-12,7.617344432984431e-07,0.0008502131855752477
1496,-0.008946645697449246,3.1382370338699666,9.549833982052702e-12,7.617343385545386e-07,0.000850213185272849
1497,0.0006141493205955682,3.197072737000356,8.368287412253328e-12,6.506382280429407e-08,3.727452095768271e-05
1498,0.000614149318390285,3.197072737002197,8.546117824980142e-12,6.506388017333414e-08,3.7274520923520366e-05
1499,-0.0006141493206133096,3.197072737000325,8.348162024186699e-12,-6.506382132717703e-08,-3.7274520955928037e-05
1500,-0.0006141493183739596,3.1970727370022085,8.54885989736553e-12,-6.506388069028174e-08,-3.727452092382741e-05
1501,1.946358233279339e-16,0.687086707351832,1.0530594889064515e-10,3.9854183967188517e-16,2.727669951813359e-16
1502,8.996029333293786e-15,0.6952206238280075,1.0088432626934706e-10,2.6173367200992845e-14,2.6125217123475725e-14
1503,-2.248645786921531e-15,3.0914908155832785,7.910727618592106e-12,-1.8099143036218196e-16,-4.03714777400269e-16
1504,-0.0024188005101677566,3.099858701483345,8.912364864128527e-12,1.9856652068114301e-07,-8.817439435179417e-05
1505,1.5659423547493133e-15,3.098902778529964,1.0460429764836854e-11,-2.2299422941255434e-16,-2.05487761049434e-16
1506,-3.886931845992754e-15,0.5597044320160964,1.8594330831138664e-10,1.5941558042439319e-15,1.440619518316732e-15
1507,-6.266968230280034e-12,3.0767543140276716,7.937724893113515e-12,1.0337688035133645e-13,3.1305726038999263e-13
1508,6.327770956233117e-12,3.0767543140273426,7.967930731195167e-12,-1.0433226347211606e-13,-3.151460472450181e-13
1509,2.234656504194004e-15,3.0722580225305522,6.355209405115593e-12,1.8767631837858653e-16,1.562031325607055e-16
1510,1.5514108807419489e-15,3.0701458929134646,7.446218110836373e-12,1.2325737400629404e-16,1.8026326247898484e-16
1511,3.567086283230089e-15,3.0450040104612137,8.974117072917658e-12,-9.124528299770114e-16,-9.874547324136894e-16
1512,6.553373652495026e-14,3.0655451920000933,8.012312508587345e-12,6.481770151518399e-16,2.1734251288940032e-16
1513,-9.548399845124317e-14,3.0655451920207484,7.997123323499558e-12,-9.487699340931253e-16,8.808359414617051e-16
1514,2.8353092305687096e-15,0.7845466467546242,9.980105510628612e-11,-1.7647664426930444e-15,-1.534335599502443e-15
1515,0.011795270857875349,0.7325854859654657,1.0188003167591857e-10,9.150444595096285e-08,-0.0007299055179557767
1516,-0.011795270857877415,0.7325854859654929,1.0189680106595523e-10,-9.150443819327947e-08,0.0007299055179636055
1517,-5.580363201537002e-15,0.7332212991687298,1.2153467318228364e-10,3.923061923202122e-15,3.827085877550367e-15
1518,-1.735942985406026e-14,0.8565244127403593,1.0072112110976159e-10,1.0808935332092013e-14,1.1908587456317364e-14
1519,-1.7194970109571873e-14,0.7498299361008255,1.1999950745142625e-10,1.0193238704642395e-14,8.57821212656557e-15
1520,1.5912358213990264e-15,0.8659366518229545,4.398985260394319e-11,1.3682281123013176e-15,1.291099391259208e-15
1521,0.15864848385633223,1.0274015666057918,5.951257167110474e-11,8.181459777521077e-07,-0.00799626703661808
1522,0.15864848385643737,1.0274015666021257,6.259916780488149e-11,8.18145392660237e-07,-0.00799626703730117
1523,-4.163410030509336e-16,0.8239130177796579,5.328710499010694e-11,-3.9089605292149116e-16,-6.472374639446091e-16
1524,-0.15864848385632957,1.0274015666057985,5.954136002083612e-11,-8.181459627658316e-07,0.007996267036633607
1525,-0.15864848385644065,1.0274015666021195,6.253893164411024e-11,-8.181454022038182e-07,0.007996267037292311
1526,-0.05250195558628265,0.7061919872838119,1.2880464914923667e-10,-1.8331842169261314e-08,0.0019333012276496683
1527,-0.052501955587551864,0.7061919872877241,1.2863626051279195e-10,-1.8328133954970127e-08,0.0019333012314426898
1528,0.05250195558755325,0.7061919872877429,1.2875675083001497e-10,1.832813147084611e-08,-0.0019333012314461627
1529,0.05250195558626973,0.706191987283831,1.2884247297754814e-10,1.8331827111861543e-08,-0.0019333012276646737
1530,8.69391339076715e-15,0.6957507277007893,1.3419288947293838e-10,-4.633000927140085e-15,-4.297154365772524e-15
1531,-1.3946495036462151e-14,0.6957507277058658,1.2777308465159892e-10,7.292110257638335e-15,7.219642476157024e-15
1532,2.70330700403996e-12,0.7455239942397308,9.221740625156355e-11,4.364255024588796e-12,4.349038001969141e-12
1533,-2.7095975081089265e-12,0.7455239942397224,9.226892572176912e-11,-4.374210413467212e-12,-4.358700988129333e-12
1534,1.9881996933430138e-12,0.8156901210277827,9.157668428328131e-11,-1.025882354646577e-12,-1.0767847761890722e-12
1535,-1.9789625942191273e-12,0.8156901210277916,9.144973969206042e-11,1.0211296085942691e-12,1.0724599985532313e-12
1536,1.0081640093323307e-12,2.9174566334039502,8.019924344653743e-12,9.442292488229427e-14,6.215025069553304e-14
1537,-0.018249224586366925,3.002255041810894,9.268862585096335e-12,-6.478600619863606e-08,0.0009984398587166883
1538,0.01824922458636625,3.002255041810893,9.26335457830528e-12,6.478600682357019e-08,-0.0009984398587160256
1539,8.34793583850145e-16,2.946916785609593,5.272218687593908e-12,7.48255247903878e-17,8.288631779712424e-17
1540,1.8315161605209532e-16,2.991092879671308,6.2354994446555585e-12,1.6453109811750506e-17,1.1014604322168284e-16
1541,0.01219261369338854,2.9611810307904483,9.358569806085896e-12,2.1248510099049558e-07,-0.0003415697241292413
1542,-0.012192613693389885,2.9611810307904554,9.352860787295612e-12,-2.1248510114531965e-07,0.0003415697241293302
1543,-1.818314970134126e-16,2.96953369967587,5.187617832036164e-12,-2.6640328711010663e-17,4.419464498265846e-17
1544,0.02448282723228742,3.0309935841359112,9.595163251362264e-12,7.156657542339503e-07,-0.0009447589177317157
1545,0.024482827209682017,3.030993584134659,9.42644835661701e-12,7.156659277032622e-07,-0.0009447589167621302
1546,-0.024482827209651545,3.030993584134636,9.434130025731507e-12,-7.156659285437357e-07,0.0009447589167602237
1547,-0.024482827232323128,3.0309935841359152,9.581877418953854e-12,-7.156657539763439e-07,0.0009447589177336551
1548,-8.387679844426639e-16,2.960946874059498,9.416901771979076e-12,2.923269935406873e-16,4.130996461250411e-16
1549,3.621972092978081e-15,1.142629560679132,5.4765033215320746e-11,-1.8038863163719562e-15,-1.7412613925206807e-15
1550,0.0040757944222414395,3.026773856821433,9.78854810174268e-12,-7.418579809920917e-09,-0.00026150483878115355
1551,-0.0040757944222468,3.0267738568214204,9.802042671944888e-12,7.418578877290208e-09,0.000261504838779998
1552,3.5689185178745964e-15,3.046568077432865,9.71801215718397e-12,7.369121971794554e-17,1.634972015120374e-17
1553,-4.483383283108746e-14,3.046568077448801,9.87283636472604e-12,-7.842741325152795e-16,1.159857783004489e-15
1554,0.006487101565338178,1.1363483817269528,5.3621778180334715e-11,-7.981168889752664e-07,-9.063422863514643e-05
1555,4.213075399476349e-15,3.0233767432124123,1.0525279808727502e-11,-7.428920525918768e-16,-9.56584560900888e-16
1556,-8.562859383624147e-15,1.1251007604900636,5.404177587799039e-11,-6.310204808210701e-15,-6.1341035600187545e-15
1557,4.898562616368148e-15,3.0321432747150454,1.051792690273519e-11,-1.5341164365628287e-15,-1.6802609152192403e-15
1558,-4.219757264009042e-15,3.028171766304558,1.0220213324610617e-11,1.5748408758775092e-15,1.5454660441973965e-15
1559,-0.011626821425879159,3.0281834451433505,8.294216937914013e-12,-9.237402514650564e-08,0.000612736045835777
1560,0.011626821425905392,3.0281834451433527,8.307898493342248e-12,9.237402514390355e-08,-0.0006127360458360403
1561,-0.011626821422467301,3.028183445143327,8.121588899309873e-12,-9.237420074128741e-08,0.0006127360454290095
1562,0.011626821422469335,3.028183445143331,8.139883342315164e-12,9.237420119123131e-08,-0.0006127360454236952
1563,2.6331188946220842e-15,0.8932451297489339,8.343741835366004e-11,-1.8758467216147696e-15,-1.9596365461107306e-15
1564,0.037970384267350214,0.9815784123326226,6.836947103482139e-11,4.0678931924331696e-08,-0.001567914590982782
1565,-0.037970384267324304,0.9815784123326412,6.83756555480087e-11,-4.0678912176239646e-08,0.001567914591002327
1566,0.033460345405685724,0.9890891907921527,6.422227610279466e-11,2.8714381922981952e-08,-0.0011871434571642248
1567,-0.033460345405689006,0.9890891907921587,6.421639367745581e-11,-2.8714383830744095e-08,0.0011871434571622298
1568,6.249430719013606e-15,3.0342436440419056,9.622647129197717e-12,-1.4424350062414311e-16,-2.8234752831396443e-16
1569,-1.5332687006897319e-15,3.034243644020397,9.859002073032126e-12,3.8890586450305806e-17,-1.5056124282725658e-17
1570,-9.604639598870506e-15,1.0479624140179506,5.830825396470469e-11,6.157769504086749e-15,6.1632295312971546e-15
1571,5.044616796120219e-15,0.8329347879859931,4.878525848509603e-11,5.1808748600853295e-15,5.2786010491365334e-15
1572,-1.3456432775895885e-15,0.8329347879876399,4.730037631232202e-11,-1.4165495410828013e-15,-1.5663409390677344e-15
1573,6.105918707201352e-15,1.008170156304825,3.797785737780559e-11,3.69920887356621e-15,3.694180460317628e-15
1574,-1.9264922967658472e-15,0.9353567180084036,3.92581297902112e-11,-1.8302369369715497e-15,-1.859212101227901e-15
1575,-4.690886897210559e-16,0.9282974175548576,8.079942178822219e-11,2.96129755587966e-16,2.0598673444127922e-16
1576,0.0042589973632904685,2.9624169457243315,6.5066595533837424e-12,3.8707904648389857e-07,-0.00015285883627196278
1577,0.00425899736386911,2.962416945725555,6.647736080540123e-12,3.8707901370456377e-07,-0.00015285883636582
1578,-0.00425899736328786,2.962416945724348,6.515049817814359e-12,-3.870790459890687e-07,0.00015285883627279544
1579,-0.004258997363868451,2.962416945725554,6.657031378617963e-12,-3.8707901374099296e-07,0.0001528588363658885
1580,0.005823622974555124,1.0300916267514535,5.989507276007257e-11,-3.2821043501052305e-08,-6.143358517846152e-05
1581,0.005823622975694547,1.0300916267477087,6.010568966849467e-11,-3.2822671776691625e-08,-6.143358689478348e-05
1582,0.005863681239353817,0.9311295722750922,6.928040511329174e-11,-1.8745019262494944e-08,-9.858756481154023e-05
1583,0.005863681242782893,0.9311295722744282,7.060062118263703e-11,-1.8743271452265065e-08,-9.858756310881112e-05
1584,-0.00586368124278363,0.9311295722744467,7.054392243235327e-11,1.8743271747168055e-08,9.858756310878684e-05
1585,-0.005863681239350574,0.9311295722751026,6.938366999014667e-11,1.8745019517499295e-08,9.858756481209013e-05
1586,-0.00582362297457933,1.0300916267514466,5.998708872965952e-11,3.282104507618122e-08,6.14335851806193e-05
1587,-0.005823622975664602,1.0300916267477118,6.008620569107323e-11,3.282266636261966e-08,6.143358688903092e-05
1588,-1.7790037505517853e-16,2.9053336060493473,9.897060781961314e-12,8.907789157091694e-17,1.2935995041867738e-16
1589,-1.0088118148378823e-12,2.9174566334039547,8.019712583923338e-12,-9.407414090161769e-14,-6.176995856142392e-14
1590,-0.0010806150088392779,2.9086391237681166,6.1446489237762164e-12,-4.570302666352666e-08,0.00016055826968037167
1591,-0.001080615007875934,2.9086391237688187,6.271047684794057e-12,-4.570298249746696e-08,0.00016055826966811172
1592,0.0010806150078765796,2.9086391237688187,6.257337165803035e-12,4.570298285156739e-08,-0.00016055826966769517
1593,0.0010806150088360498,2.9086391237681193,6.143344257231318e-12,4.570302657006843e-08,-0.00016055826968034738
1594,1.852285794822289e-15,1.146539578131325,5.32315593437217e-11,-1.050165065248168e-15,-1.2376592924370582e-15
1595,-1.3426603268706027e-15,1.1461472348535375,4.7815119695021206e-11,-9.81980555047019e-16,-9.759960854877592e-16
1596,0.006487101568929186,1.1363483817234388,5.2704719821734274e-11,-7.981143705921949e-07,-9.063422619104249e-05
1597,-0.006487101565333165,1.1363483817269588,5.372236094475801e-11,7.981168941620896e-07,9.063422863974432e-05
1598,-0.006487101568950588,1.1363483817234308,5.273213102162194e-11,7.981143574618561e-07,9.06342261781279e-05
1599,-0.023479860951003483,2.857304530382387,9.146254028241938e-12,-9.18103145565799e-08,0.0014756802396944328
1600,0.02347986095100412,2.8573045303823874,9.174036529026876e-12,9.18103139398857e-08,-0.0014756802396952255
1601,-0.02041823910080796,2.832905220863186,9.015276978084191e-12,1.6678474486202938e-06,0.0012664903299663788
1602,0.020418239100812294,2.832905220863177,8.99090616944749e-12,-1.667847448100744e-06,-0.0012664903299663716
1603,-0.011295427019042686,2.878097966916375,9.735260480850821e-12,-1.8066263360446908e-07,0.00044138877224440386
1604,0.01129542701904206,2.878097966916378,9.726786069250773e-12,1.806626333160713e-07,-0.0004413887722446179
1605,-0.012071934008355581,2.8481679478588697,9.802340335351896e-12,-4.057865743635654e-07,0.0007008704176271409
1606,0.012071934008372046,2.8481679478588746,9.818004800902627e-12,4.0578657442406386e-07,-0.0007008704176279172
1607,2.6883371820815976e-15,2.8315849117313943,1.0735821151270867e-11,3.3127851804048904e-16,4.864988414426419e-16
1608,-1.2837820410632684e-14,2.8515027929858197,9.547543099653594e-12,1.3535693365527896e-16,9.160517064723439e-16
1609,-8.235013587470037e-16,2.907053940054586,3.5848495157852356e-12,-1.056982825559003e-16,-9.554975890322587e-17
1610,-0.021483513611070544,2.8299858975440766,1.0227793175652471e-11,3.693322234922698e-07,0.0009355212156496404
1611,0.02148351361091314,2.8299858975427954,1.0283127847777527e-11,-3.6933223362956014e-07,-0.0009355212156666346
1612,-2.0691279989052067e-15,2.8446855623441394,9.789917302824741e-12,-2.048397972561927e-16,-2.0702072768751562e-16
1613,-1.7803998569545623e-16,2.9076136208319756,3.269224082569202e-12,-2.011595311989317e-17,-3.612936890259368e-18
1614,-8.236507395735612e-16,2.9075812714497316,9.70791177951712e-12,4.161132371474117e-16,4.1232312978504673e-16
1615,1.4503906067190774e-15,2.8702330373042617,1.1236705693221856e-11,-5.540146819371659e-16,-3.4733974614541015e-16
1616,-0.007035141084509927,2.871498538086842,1.1134767161491232e-11,3.6582021383652075e-07,0.0009646719486876218
1617,0.007035141084513755,2.8714985380868434,1.1148242307665476e-11,-3.6582021429188566e-07,-0.0009646719486885178
1618,0.007035141084755785,2.8714985380846554,1.1010667482586383e-11,-3.658200973341184e-07,-0.0009646719486378708
1619,-0.007035141084753245,2.87149853808466,1.100239659033294e-11,3.6582009791460025e-07,0.00096467194863817
1620,1.4509979076408555e-15,2.871434848155213,1.037395082207323e-11,-5.922766716132798e-16,-7.366079560298772e-16
1621,8.134112912129097e-16,2.8714348481504324,1.0764981148163686e-11,-3.337907851831089e-16,-8.901181240406827e-16
1622,-0.15573086282737902,1.4052075270770918,2.9090748093114615e-11,-5.655297078514809e-07,0.008271450529029556
1623,0.15573086282737722,1.4052075270771238,2.909325376550203e-11,5.655297153281391e-07,-0.008271450529022013
1624,-0.1451689542004009,1.3969359587826957,2.986261960720243e-11,-5.540102991398455e-07,0.008093266768402597
1625,0.1451689542004055,1.3969359587826977,2.992114306075625e-11,5.540102989785162e-07,-0.008093266768403272
1626,0.071565520447359,1.2760933023428482,3.369838361853563e-11,1.9846431720954572e-07,-0.0031439517516324627
1627,-0.07156552044737403,1.2760933023428882,3.373609177382567e-11,-1.9846430618711275e-07,0.003143951751644965
1628,0.05851113201494379,1.3157113224551935,3.696771257003216e-11,4.914215192119292e-07,-0.003506839502286479
1629,-0.058511132014941014,1.3157113224551773,3.69601941685163e-11,-4.91421521860852e-07,0.0035068395022835094
1630,1.1220069112483853e-14,1.2242219597651092,3.893875671671215e-11,4.620773511641384e-15,4.531263143313139e-15
1631,-1.4366847043971054e-15,1.226410111587224,3.124627939822445e-11,-1.3255556634343542e-15,-1.303675982950813e-15
1632,0.014041941240201554,1.2510853287835355,4.0445423520925373e-11,-2.392847663831854e-07,-0.00013715353516133288
1633,-0.014041941240201373,1.2510853287835442,4.0607319758016583e-11,2.392847653562291e-07,0.00013715353516069798
1634,-1.222361459163513e-15,1.287494845333846,2.147699976340049e-11,-6.880674357549476e-16,-7.505413663384336e-16
1635,0.012591701006879284,1.3179139049144266,3.196771980712002e-11,-4.5446088091545545e-08,-0.0012338089693185571
1636,-0.012591701006871599,1.3179139049144186,3.199946831060897e-11,4.544608774893766e-08,0.0012338089693174079
1637,4.7449201941490855e-15,1.2369478081762177,4.495338103956411e-11,-3.1262213654344355e-15,-3.0481022493956276e-15
1638,2.9839255273013078e-12,1.2333026606079076,3.4846856306043045e-11,5.561707239960011e-13,5.21516443211816e-13
1639,-2.983925527301346e-12,1.2333026606079234,3.48033026416172e-11,-5.563370003693292e-13,-5.216352655917391e-13
1640,1.081836172930514e-12,1.2412266744562837,3.883784641429972e-11,-2.2788214025341734e-13,-2.5839873519574065e-13
1641,-1.0876239343481171e-12,1.241226674456295,3.880487426953408e-11,2.293208779038343e-13,2.5995503508170925e-13
1642,0.03996091181197407,2.732873401140578,1.0440556961298017e-11,-8.050335205834341e-08,-0.002137619765935529
1643,-0.03996091181196498,2.7328734011405786,1.0451322447924993e-11,8.050335241309436e-08,0.0021376197659361985
1644,-4.550807366683873e-15,2.8168875304986325,7.553080675671635e-12,-6.949137695405329e-16,-6.910242828544344e-16
1645,0.021483513611058776,2.8299858975440992,1.0241220321545473e-11,-3.693322227467724e-07,-0.0009355212156478606
1646,-0.021483513610915002,2.8299858975427927,1.0272565611847304e-11,3.693322336850713e-07,0.0009355212156666711
1647,-4.536732613563722e-15,2.8081754507808103,1.1725353204707644e-11,1.97584712144566e-15,2.0883517308892267e-15
1648,-3.2655888525263043e-15,2.787634041600957,1.1795286262017406e-11,1.4818003428770275e-16,7.046719121241872e-16
1649,-7.766754405408984e-16,2.7417530955910703,1.1578469336090143e-11,3.4141346715710103e-16,3.210301568845013e-16
1650,-2.0107114491649872e-15,2.7643731236086495,1.2481732892231477e-11,8.219072527444685e-16,8.362991020732518e-16
1651,7.873771941889114e-16,2.7795315094060586,9.515174326426178e-12,1.2860006153241886e-16,8.160268524278762e-18
1652,-3.826756552962352e-15,2.746147568495949,1.2871817746539599e-11,-4.3234480180419063e-16,-3.043003276102845e-16
1653,-9.315563301529677e-15,2.7464133431293107,1.0714361463338632e-11,-5.544608036134592e-16,6.716091879137915e-16
1654,2.172458955957605e-14,2.7735429927226676,1.183980356129258e-11,4.870662302351588e-16,-1.7803942834559804e-15
1655,6.4087082496253876e-15,2.8087693164551686,1.0953101326389122e-11,-2.3578193438141585e-15,-2.3212051213361117e-15
1656,1.3936660084130613e-15,2.757978576104986,1.2297874531944083e-11,-9.04122167784824e-17,-6.294436415112086e-16
1657,-3.914019956837741e-15,2.8087693164578282,1.0547774716825603e-11,1.4127486928077888e-15,1.5159297523046652e-15
1658,8.661271012741719e-15,2.732385572875771,9.607497573168996e-12,6.092956170036766e-16,-3.0630158759750437e-16
1659,-7.447848062674835e-15,2.732385572874754,9.555570883693423e-12,-5.429475720372439e-16,-9.954295856829947e-16
1660,8.214109821195376e-15,2.7865105552169616,1.0712063633701054e-11,6.824742016906294e-16,1.3329562704661018e-15
1661,-7.893541969639122e-16,2.7865105552151754,1.0653875399911567e-11,-7.4003385366206e-17,2.5469951607602764e-16
1662,-4.4114320036145634e-15,2.7306160866306963,1.0854997530488294e-11,5.616437669311026e-16,1.5314051709733647e-15
1663,3.1987948632957255e-15,2.730616086628014,1.0791939277595932e-11,-4.1414555365643483e-16,-1.2035157265125109e-15
1664,-2.6335625045184447e-15,2.773891571935126,9.92128213080896e-12,3.2792453974501016e-16,3.3909196706734903e-16
1665,-2.0176348463207183e-15,2.7738915719316646,1.0025082446645894e-11,2.530739446933667e-16,4.0332899455544964e-16
1666,1.302883437316694e-14,2.757910280838905,8.229855412504615e-12,8.965509951828467e-16,5.649812276408773e-16
1667,-5.067906089710974e-15,2.7579102808401417,8.281832455015334e-12,-3.566207381117168e-16,-1.0264337959391473e-16
1668,1.2544344400025965e-15,1.3212768311738359,3.961575847636208e-11,-6.732380151194874e-16,-7.638776332925194e-16
1669,-0.012591701007696179,1.317913904914955,3.209734057357006e-11,4.544577169012659e-08,0.0012338089689787658
1670,0.012591701007683198,1.3179139049149442,3.2220663490868377e-11,-4.544577952587253e-08,-0.0012338089689882255
1671,-0.0030945711366908327,2.678199590636238,1.1770713982495506e-11,3.5081069498996142e-09,0.001236106100462245
1672,0.0030945711366890476,2.678199590636237,1.1758471141839935e-11,-3.5081061265564845e-09,-0.0012361061004610195
1673,3.145556159681498e-15,2.6851694522757095,1.193912914160246e-11,-6.874425937110899e-16,-7.995910398435605e-16
1674,1.6391986457940812e-16,2.6770145431896855,7.745231628401514e-12,8.486112852112183e-18,9.068949743473437e-18
1675,7.13691849630668e-15,1.3240292213831906,3.687360691956504e-11,-1.929878107446316e-15,-2.304581025535107e-15
1676,-1.0370847495365142e-14,1.3240292213799938,3.5771102277891714e-11,2.8040113770297448e-15,3.5224126335433264e-15
1677,-7.597494617135031e-16,2.6820024553318635,1.248377723607447e-11,1.8120888797404806e-16,4.0615334315147555e-17
1678,-0.14365304912470378,1.66893238725821,2.1379642836827265e-11,-1.6058482996748717e-06,0.007302067307807891
1679,-0.14365304912643714,1.6689323872551702,2.1026622590601415e-11,-1.6058490976919061e-06,0.007302067307080404
1680,0.14365304912468846,1.6689323872582011,2.136489657446144e-11,1.6058483012851288e-06,-0.0073020673078055655
1681,0.14365304912643265,1.66893238725517,2.09848413679984e-11,1.6058490953721472e-06,-0.007302067307082264
1682,-0.0775230927872391,2.572143019688258,1.0849804312406501e-11,-1.0904956997837695e-06,0.004290889099669657
1683,0.0775230927872094,2.572143019688278,1.0856396914591398e-11,1.0904956982867031e-06,-0.004290889099670301
1684,6.861165504606003e-16,1.357782090872768,3.8350636363514576e-11,-2.933293143876551e-16,-7.426663452727208e-17
1685,6.858088606599493e-16,1.3571731918444796,3.422427737542204e-11,-2.8254441434957476e-16,-4.4346096462402513e-16
1686,-4.075355550128376e-15,1.3825017565983964,3.7019154977841656e-11,2.4678965911138175e-15,1.588011639397065e-15
1687,-1.5829034544434325e-15,1.3512281409096092,2.765795343063667e-11,-8.176871191677973e-16,-8.529301026294483e-16
1688,-2.770865258313113e-15,1.345319386124839,3.2829396615713574e-11,-5.330194434721187e-16,-1.573866568372817e-16
1689,-1.6576783612565387e-15,1.4150589184823885,1.7385907297890635e-11,-6.130853442567872e-16,-6.390916592072411e-16
1690,-0.021403427415974775,1.4038275530731206,3.1876997776587916e-11,1.276052816190365e-07,0.0017187400931046783
1691,-0.021403427417686548,1.4038275530739432,3.225800107531946e-11,1.276053532145438e-07,0.0017187400931124308
1692,0.02140342741597296,1.4038275530731243,3.18551991029123e-11,-1.276052825870122e-07,-0.0017187400931058892
1693,0.021403427417683894,1.403827553073933,3.2233613303399354e-11,-1.276053539084332e-07,-0.001718740093112658
1694,0.04301786135269113,2.564801288459484,1.0981940758918222e-11,6.698572891953788e-07,-0.0021709312408144596
1695,-0.04301786135268425,2.564801288459481,1.0971071251958146e-11,-6.69857289272574e-07,0.0021709312408139496
1696,1.3200796016496941e-15,2.6123556419724325,1.2197846698291844e-11,1.1722897057740178e-16,2.0219211116257415e-17
1697,-4.232340554724462e-15,2.6197609287326222,9.989842782913286e-12,-3.621280012123955e-16,-2.886387777679809e-16
1698,1.3310932915566035e-15,2.634151051076015,7.833719976045946e-12,1.3607703077770383e-16,1.1332091440874113e-17
1699,-1.3252857628814674e-15,2.622658312091602,1.28182640860832e-11,5.460063315353212e-16,6.126374131845759e-16
1700,-3.737370339726977e-15,2.682002455333899,1.163491896555019e-11,9.08214760537352e-16,1.286433543446695e-15
1701,9.013740151293812e-15,2.6574298753301075,8.486039061260454e-12,7.037283327924946e-16,-2.7242734193030128e-17
1702,1.6272064953887325e-16,2.6574298753267587,8.359578204140895e-12,1.1494525420159633e-17,-2.9161420349294203e-17
1703,-1.6062605836389147e-16,2.6232226055010406,1.2694675531393653e-11,5.529437575759219e-17,6.896792611083605e-17
1704,-2.8035491959546585e-13,1.3471022694700197,2.2809735948771218e-11,-7.221594975749144e-14,-6.62654396316118e-14
1705,2.875337225847017e-13,1.3471022694700283,2.2702493491492656e-11,7.403404435345204e-14,6.745929838069237e-14
1706,-7.337093332999383e-16,2.5900778250928047,1.317640941019338e-11,3.5781366121664e-16,1.8861261359996698e-16
1707,1.6148573367409673e-16,2.6372621687580353,1.1570734660345559e-11,-4.2625220396112045e-17,9.117978893249772e-17
1708,-3.0894349154068626e-15,2.6372621687620645,1.1585043667629283e-11,5.316879230498161e-16,5.548379357643318e-16
1709,-3.705777605562781e-13,2.6312433076655424,9.196992736723554e-12,-3.9098446803356907e-14,-3.5278083968654726e-14
1710,3.7642029436339567e-13,2.6312433076655095,9.153400927065715e-12,3.977510199977381e-14,3.5444935786111983e-14
1711,-0.11921324405946818,2.009355838143555,1.7288171874168055e-11,-1.1756950517992793e-06,0.0072125635486778965
1712,0.11921324405948079,2.0093558381435637,1.7272867958136383e-11,1.1756950528212483e-06,-0.007212563548677511
1713,0.10178487159636791,1.9814355756084183,1.8529562075532862e-11,1.0232894993466484e-06,-0.006000357931263765
1714,-0.06878814898353436,2.370633833328017,1.5201151581787434e-11,-1.2243948607701394e-06,0.004341030780062597
1715,-0.06878814898249859,2.370633833332737,1.503158402133841e-11,-1.2243948210328287e-06,0.0043410307800132225
1716,0.06878814898352582,2.3706338333280126,1.5183615644224342e-11,1.2243948620885292e-06,-0.004341030780060755
1717,0.06878814898251422,2.3706338333327484,1.5028037924696644e-11,1.2243948197716847e-06,-0.004341030780015477
1718,0.012428939885407378,2.363913191725778,1.4141845199565224e-11,-2.605494126744004e-07,-0.0011782235827799607
1719,-0.012428939885399427,2.3639131917257634,1.4174746412066563e-11,2.605494141029452e-07,0.0011782235827813006
1720,-0.036036312961614365,2.503217031065499,8.223965133371613e-12,-1.3278339760450925e-07,0.002893596202293191
1721,0.036036312961615774,2.503217031065481,8.229242803473859e-12,1.3278339879626427e-07,-0.002893596202291753
1722,-4.948100889501725e-15,2.4024178119728705,1.3953812917471292e-11,-2.991000181965587e-16,1.8181785141364964e-17
1723,-2.8220666772109826e-15,2.409026210073905,1.1852049857208933e-11,2.910961389932173e-16,4.1705840283379664e-16
1724,2.2906431406882033e-15,2.412699790251556,1.4359746365357657e-11,-1.8837169447670008e-16,-3.3005105520739125e-16
1725,-1.22153193127797e-15,2.4173359156035907,1.336413546300444e-11,-1.72996256998958e-16,-2.8912365771915245e-16
1726,-0.023590750445276937,2.4649185694665254,9.213842839705065e-12,-6.315719670337006e-08,0.0017711724807639977
1727,0.023590750445273038,2.4649185694665183,9.172280896615108e-12,6.315719710322382e-08,-0.0017711724807631044
1728,-2.42581989516201e-15,1.740810870644843,2.7029154209337992e-11,1.3072296909821727e-15,1.0410480658441902e-15
1729,3.587848374470483e-15,2.5747028726081576,1.2548610058016728e-11,-1.4474722982498105e-15,-1.2870131092580004e-15
1730,1.873165168704649e-15,2.5752712805198272,1.0355835552735879e-11,-1.9677312794679905e-16,-5.358045028101338e-16
1731,0.00957120520290867,2.5889038182759516,1.0612686348640927e-11,8.326197008072522e-08,-0.0001998248440498911
1732,0.009571205201946459,2.5889038182780015,1.0544216757370235e-11,8.326203003190119e-08,-0.00019982484389047435
1733,-0.00957120520289943,2.58890381827594,1.0608250071851582e-11,-8.32619685055963e-08,0.00019982484405194198
1734,-0.009571205201972396,2.58890381827802,1.0576882004042884e-11,-8.326203007006511e-08,0.00019982484389039845
1735,4.883133883419554e-16,1.7238020854280123,1.544850610176614e-11,1.5730669209690903e-16,1.0476921878498427e-16
1736,-2.3722055887992582e-15,1.7023363047776487,3.042522789129036e-11,1.0147222518166982e-15,9.334263581563048e-16
1737,3.1367068183663103e-15,1.706968485449417,1.2742893139188651e-11,8.971021792328104e-16,7.684328177520815e-16
1738,1.5803357622626303e-16,2.580884159192547,9.310732919523144e-12,1.3605521759383713e-17,-9.188935691130616e-17
1739,3.4736511954596717e-15,1.6865382680977488,1.8175594805406096e-11,6.827743010762341e-16,5.935643344056573e-16
1740,8.869594549057942e-17,1.4485147154646218,3.1794391538936166e-11,-3.759269856599069e-17,-2.7505652447153894e-16
1741,2.0384438835370702e-15,1.4628230557173456,2.2004693597705863e-11,8.712743592203791e-16,8.549672597121956e-16
1742,-4.183163460585242e-15,1.6707772666497744,2.942427181166655e-11,2.602384690303624e-15,2.9487358183700933e-15
1743,-0.004126532750299878,1.4702430943323725,2.5242199678296682e-11,4.1505402951363957e-08,0.00027865560079786084
1744,0.004126532750293712,1.4702430943323856,2.527025739077017e-11,-4.150539987049506e-08,-0.0002786556007942756
1745,-1.5747755321317309e-15,1.65868726061188,1.855801115111604e-11,-5.548186795721191e-16,-5.583193713373556e-16
1746,-1.7348228313982583e-15,1.4809124477538276,3.3178696161295843e-11,6.794664814351555e-16,9.520508362951936e-16
1747,2.7389839666579896e-14,1.638679728730645,2.80434199179709e-11,-1.3032540906494495e-15,-4.083683458091647e-15
1748,4.476556249228219e-15,1.6423103168354107,2.1164940090703304e-11,1.3324295750495197e-15,1.3046271839875572e-15
1749,-3.2046002853488777e-14,1.6349035884004324,2.7772701448659065e-11,-1.4437052676096947e-15,1.6218489930572055e-15
1750,-4.587426984944561e-16,1.619414169709084,2.641880880022426e-11,2.818871156911779e-16,1.6776594467965868e-16
1751,1.1082507263871731e-15,1.5236490166287813,1.684016375136852e-11,2.680370607846437e-16,3.210409414584626e-16
1752,-6.893880361937271e-15,2.529151921946824,1.187370752260047e-11,7.281294000417169e-16,1.2924403871845764e-15
1753,2.6254336615182092e-15,1.6251075352967694,2.8566070819070754e-11,-9.641144530915303e-16,-1.0380085602655871e-15
1754,-9.887249368605672e-15,1.5209922315350173,2.884938543337841e-11,-2.1675368662026164e-15,-2.7180510139011387e-15
1755,-0.006188885949865218,1.4443361073983845,3.166213879941674e-11,1.5220900376027025e-08,6.415464788364015e-05
1756,-0.006188885933008808,1.4443361074036098,3.184627891292586e-11,1.5221105172276428e-08,6.415464783204872e-05
1757,0.0061888859498677885,1.4443361073983858,3.171630764719472e-11,-1.522090071343074e-08,-6.41546478830742e-05
1758,0.006188885933015172,1.444336107403598,3.190881562693372e-11,-1.5221102724581603e-08,-6.415464783007525e-05
1759,1.7501923800420699e-15,1.4940324940726977,3.7038345023533505e-11,-9.302796000375394e-16,-7.082442013293682e-16
1760,3.4655325349543384e-15,1.5188523287709073,3.097757304808924e-11,-1.0072013756775716e-15,1.1101001284382988e-15
1761,7.191864933385033e-16,2.5388105397601985,8.129699356720611e-12,7.966734638621898e-17,2.361691669112256e-16
1762,1.2856528311828454e-15,2.5442271988455403,1.3781496848299877e-11,1.8173791510482547e-16,-1.3235912582374927e-16
1763,1.4374314365025372e-15,1.5140248010472321,3.435241534301981e-11,6.615192612399204e-16,8.546953892356517e-16
1764,-9.22854887990012e-17,1.5071364064031187,3.122318501522356e-11,3.2401713014567245e-17,-1.881408601824207e-16
1765,1.8481066357713417e-15,2.5408202234143116,1.1575232183176692e-11,-4.58318071269337e-16,-4.222282598066978e-16
1766,0.002854411001595248,2.5851248421210076,1.0381289864249448e-11,4.79161147892075e-08,-0.00013476942050438378
1767,0.00285441100888235,2.5851248421147672,1.0397313714902595e-11,4.791617775701338e-08,-0.00013476942083798737
1768,-1.5259315030145438e-15,1.6072405831644834,1.9010183786235763e-11,-2.4357258742349e-16,-2.144391200829822e-16
1769,1.0447909010694073e-14,1.607240583160432,1.9439089022915404e-11,1.6699810737752242e-15,1.6008697859815536e-15
1770,-0.002854411001598172,2.5851248421210564,1.0364673334889388e-11,-4.7916113318785406e-08,0.00013476942050572277
1771,-0.002854411008871958,2.585124842114713,1.0409668424497447e-11,-4.791617905859809e-08,0.0001347694208375435
1772,2.394192736610946e-15,2.521767014179057,8.637693103812726e-12,2.7359841588120086e-16,-1.6930975789220116e-16
1773,-2.954137496986097e-15,2.521767014178021,8.572164881203765e-12,-3.375886851692196e-16,-8.539356497367861e-17
1774,4.116956454656928e-15,2.5483397485970882,1.2832583512945072e-11,-1.3064072576785527e-15,-1.4891811732548749e-15
1775,-7.218858985053055e-16,2.5483397485982944,1.2898678186834503e-11,2.3109244984256853e-16,6.494203931304014e-16
1776,0.008386885455592763,1.5149128677313861,2.6283748772743453e-11,-1.7463062009989705e-07,-0.00021664356200184337
1777,0.008386885461242262,1.51491286772899,2.589665843573096e-11,-1.7463110600288156e-07,-0.00021664356262921305
1778,-0.008386885461251853,1.5149128677289607,2.59118038606522e-11,1.746311099597858e-07,0.0002166435626332888
1779,-0.008386885455582015,1.5149128677313894,2.6206328631876755e-11,1.7463061649167222e-07,0.00021664356199779973
1780,-0.1017848715963647,1.9814355756084419,1.8522216614976248e-11,-1.0232894991542025e-06,0.006000357931263379
1781,2.791020506210227e-15,2.3825239873350816,1.6146244507755084e-11,-9.5973095161948e-16,-1.0412555284118996e-15
1782,1.5361427935052215e-16,2.5087115641419944,1.120249773171719e-11,7.742288270176524e-18,1.3202477833962337e-16
1783,4.4654954033158535e-15,1.7835421145951085,2.654424321258284e-11,1.1357616905706482e-15,9.412057846060974e-16
1784,-0.010259706445575018,1.728261884331529,2.180354893668658e-11,-1.3939660277201976e-07,0.0005430042669525913
1785,-0.010259706446829225,1.7282618843297297,2.1308682076765576e-11,-1.3939654267079021e-07,0.0005430042670683283
1786,0.010259706445575863,1.728261884331542,2.1787459833906932e-11,1.3939659963650708e-07,-0.0005430042669559844
1787,0.010259706446837269,1.728261884329727,2.1296648732362512e-11,1.3939654129992499e-07,-0.0005430042670698252
1788,0.010038439109527878,1.666983105098431,2.4383506620940196e-11,-3.016685507211542e-08,-0.0006080277426490444
1789,0.01003843911158008,1.6669831050994224,2.448509990579277e-11,-3.0166935459201294e-08,-0.0006080277428335834
1790,-0.010038439111582337,1.6669831050994282,2.446119271100833e-11,3.0166937340508904e-08,0.000608027742835509
1791,-0.010038439109533457,1.6669831050984354,2.440995331403252e-11,3.016685770022148e-08,0.0006080277426519709
1792,-0.05779726107631891,2.23598132265523,1.5905077829775667e-11,-9.604487957127691e-07,0.0023797024729292513
1793,-0.05779726107688199,2.2359813226528726,1.5854217314307398e-11,-9.604489471914252e-07,0.0023797024728190634
1794,2.3308545019537744e-14,1.4727636143240455,3.31984665182526e-11,4.710400976448435e-15,4.620044568055969e-15
1795,-5.079659337787394e-16,1.7931778175227742,1.606804935410772e-11,-1.2877762009019237e-16,-6.732152724402509e-17
1796,-2.3421695966014023e-15,2.46697182729039,1.3014562542206323e-11,9.770908235973652e-16,9.980063368543439e-16
1797,0.057797261076322125,2.2359813226552196,1.5929432921836902e-11,9.604487984015905e-07,-0.002379702472926552
1798,0.05779726107686995,2.2359813226528877,1.584790031107683e-11,9.604489465478427e-07,-0.002379702472819263
1799,7.947280207270933e-15,2.507141705876998,1.2239789048494188e-11,-1.3513894079025874e-15,-1.456910936294175e-15
1800,0.026028764811531446,2.494171629788004,1.2358530936103589e-11,1.5531199034615664e-06,-0.00198419913109861
1801,0.026028764816272205,2.4941716297837164,1.2652580396035418e-11,1.5531199303803005e-06,-0.0019841991314925034
1802,-0.026028764811531883,2.494171629787993,1.2369399251052247e-11,-1.5531199031897569e-06,0.0019841991310988114
1803,-0.026028764816266283,2.494171629783733,1.2681148386357472e-11,-1.5531199296987168e-06,0.0019841991314928885
1804,-1.1521896315311672e-12,1.6270154028806485,2.2218568187104573e-11,2.587473931206535e-13,2.861139032970752e-13
1805,1.1586924913932776e-12,1.6270154028806456,2.221499469238669e-11,-2.6005457091294573e-13,-2.8743947350375996e-13
1806,-2.5270660308813968e-14,1.4727636143201384,3.267253567806831e-11,-5.1156373624417305e-15,-5.7388063839890106e-15
1807,-3.0816866723652002e-15,1.496230395850941,3.2002300498041074e-11,1.1463822779336277e-15,2.6113334951735257e-16
1808,7.732905092106864e-15,1.4962303958532683,3.190803344617902e-11,-2.949079511209721e-15,-3.5955360724800895e-15
1809,-1.1512148538383817e-15,2.278182781393532,1.7529476645881855e-11,-1.9015963971104576e-16,-1.151281058482358e-16
1810,-1.1465172738541003e-15,2.2688865620138685,1.335642791491133e-11,-1.9018383880670625e-16,-2.311110185371069e-16
1811,0.009163604657353797,2.254376303158977,1.5986847755059763e-11,2.1676463126535372e-07,-0.00016981995226974123
1812,-0.009163604657353787,2.2543763031589745,1.60298153104756e-11,-2.1676463105805427e-07,0.00016981995226990755
1813,-2.1428036983569587e-15,2.256982740673796,1.666442707885808e-11,7.007870366482135e-16,1.4607677470965263e-16
1814,-0.02435333884946645,1.8508290372333587,2.2324855533756428e-11,-1.1485443870973278e-07,0.0012607508959718678
1815,0.024353338849465223,1.8508290372333591,2.244951342085497e-11,1.1485443923014982e-07,-0.001260750895970967
1816,-0.003485361771710867,1.815360085836775,2.5481476757767326e-11,-1.391144279412962e-06,0.0006057624011225832
1817,0.0034853617717161157,1.8153600858367798,2.544528199985404e-11,1.3911442813688626e-06,-0.0006057624011200826
1818,-1.3594420329825287e-14,1.8398923239161293,2.3654522093634477e-11,2.9420997667488465e-15,3.1335856595217275e-15
1819,-0.010235577205662894,1.821590577979095,2.223577975764469e-11,-2.791621924484386e-07,-2.5128568603893266e-05
1820,0.010235577205659594,1.8215905779790837,2.2229653735073567e-11,2.7916219072412346e-07,2.512856860126516e-05
1821,0.04888503420404908,1.9120671067294448,1.536717271737598e-11,-4.94887736294386e-08,-0.0038259316383532256
1822,0.04888503421007028,1.9120671067303059,1.5835618883625942e-11,-4.9488349172094326e-08,-0.0038259316382815603
1823,-0.04888503420404137,1.9120671067294424,1.5312866846801757e-11,4.948877437276761e-08,0.003825931638353895
1824,-0.04888503421006725,1.9120671067303034,1.5809308681597716e-11,4.948834839450453e-08,0.003825931638280746
1825,3.474281906514093e-15,2.4932055848855588,7.626786490458215e-12,3.4548913996215063e-16,-2.8828381158270083e-17
1826,2.9614565984625945e-15,1.8331011383593179,2.4392507042673597e-11,-1.6326835080660823e-15,-1.6253871146020464e-15
1827,1.2543063422641522e-15,2.482194441820555,1.2662261094394869e-11,1.3359754534141455e-16,1.4446725454303246e-16
1828,-2.8974635197794342e-15,2.473387896270392,1.2105916381913557e-11,-3.894312560463777e-16,-1.4698246054357587e-16
1829,-2.3548772977462435e-15,2.4803566567918227,1.2815503729496541e-11,9.641135406814468e-16,1.100484183503036e-15
1830,9.233031290234355e-13,2.4484761021776857,1.3355182009386384e-11,1.3024323560641163e-13,1.4830509876406453e-13
1831,-9.243904708409924e-13,2.4484761021776964,1.3333057988072225e-11,-1.307350946491115e-13,-1.4880910002033937e-13
1832,3.605881489701147e-14,2.37850814399051,1.498549916445536e-11,-2.3448060199421247e-15,-4.694288034985998e-15
1833,-3.658694979821399e-14,2.3785081439943574,1.4924404247500095e-11,2.3622944787615822e-15,4.410515695262127e-15
1834,-2.965749345114713e-14,2.3734101920465815,1.4130336756244606e-11,-1.4401799266759252e-15,1.115771758431227e-15
1835,2.0171440739584804e-14,2.3734101920421273,1.3860808015927657e-11,9.678176253936057e-16,-1.0886572232268848e-15
1836,1.460968451449732e-14,2.5040628645110847,1.2225033593192817e-11,-1.4806886000202637e-15,-2.1439460957262297e-15
1837,-5.157452473718428e-15,2.5040628645129352,1.2113984894004675e-11,5.102146280595757e-16,9.569452968614056e-16
1838,1.0048143575648219e-14,2.476110484406794,1.347877372708089e-11,-2.1836184088356706e-15,-3.241496498594287e-15
1839,-5.099880807312678e-15,2.476110484412605,1.391420777250848e-11,1.0844111543954269e-15,1.1841626800332704e-15
1840,-1.2842773741850642e-14,2.48493266253029,8.146117415624427e-12,-1.3582446990958176e-15,6.9980808081809e-16
1841,1.5215824156305885e-16,2.484932662527634,8.304168854355171e-12,1.0395489126530168e-17,-9.071502369593732e-17
1842,-5.621020978691817e-15,1.90684500562732,1.1466930644766437e-11,-8.749967056796108e-16,-5.211883804396468e-16
1843,4.385888755810496e-15,1.9222204043110165,1.710506692860188e-11,-1.5565499243093559e-15,-2.021684438736914e-15
1844,-4.875801022425106e-15,1.9474203152070664,1.962407555040715e-11,-1.1237139373079234e-15,-9.977311532565925e-16
1845,-8.446838901638597e-15,2.2019967539776895,1.1844879896453658e-11,-1.4650944539726139e-15,-1.299231985611372e-15
1846,5.6433144526970056e-15,1.9144077241665365,2.1047408839957843e-11,4.630664069320692e-16,1.121683640617453e-16
1847,-2.5812298764561977e-15,2.2034385214293506,1.2281028805500846e-11,-3.43713425617558e-16,-4.618007785251355e-16
1848,0.027307859353830274,2.0062075726674826,1.6529674948298675e-11,2.242140895343525e-07,-0.003199234622851002
1849,-0.02730785935382222,2.0062075726674795,1.653065287395697e-11,-2.2421408650205588e-07,0.0031992346228542877
1850,1.6156581194496274e-15,2.221244567041885,1.6394642605307216e-11,-4.215296541174384e-16,-5.551962965511113e-16
1851,-1.6363273620711003e-15,2.249661125177004,1.564733273215155e-11,8.747191368951637e-16,8.52019361946716e-16
1852,-0.0077844437603778885,1.961463422312947,1.3567463646025175e-11,-1.6998401124179718e-09,0.001641501615922327
1853,0.007784443760380954,1.9614634223129512,1.3574217499713092e-11,1.6998402824208725e-09,-0.0016415016159219455
1854,-6.020491267075026e-15,2.208732420605564,1.8398369777733065e-11,2.5758778566361176e-15,2.5679566318397552e-15
1855,-1.5743207283130308e-15,2.1644129549746434,1.7640008716982346e-11,3.903967673164017e-16,3.425105341075656e-16
1856,-0.013795353998071027,1.8214072204994731,2.1267203513790415e-11,2.9004933607256617e-07,0.0012704504330368687
1857,-0.01379535399236845,1.8214072204991343,2.1561859778722988e-11,2.900489462238226e-07,0.0012704504321578956
1858,0.009520253384416694,2.1535479284297097,1.2961057405889942e-11,7.351801779636666e-07,-0.0005064001116231445
1859,-0.009520253384412333,2.153547928429697,1.295049239913175e-11,-7.351801762185348e-07,0.0005064001116254335
1860,0.013795353998091106,1.8214072204994542,2.131883510609867e-11,-2.900493396695153e-07,-0.0012704504330431025
1861,0.013795353992370103,1.821407220499139,2.157890444216744e-11,-2.900489481164059e-07,-0.001270450432160195
1862,-4.517497053762022e-13,1.9152275426241518,1.8726850500601093e-11,-9.122483645774077e-14,-1.2060005896966155e-13
1863,-2.6311137043098583e-15,2.2460213029520917,1.4503480543405378e-11,-4.832986738559411e-16,-5.030942700275994e-16
1864,-2.9976593712252966e-15,2.1511729004806726,1.8395913437481866e-11,-5.410532708573125e-16,-4.672982643756835e-16
1865,1.1424072585172494e-15,2.2607530966225404,1.365550767159611e-11,1.892301898770214e-16,5.2354031473930806e-17
1866,1.3843120217193128e-16,2.2607530966203884,1.3562864879084965e-11,2.521341763714312e-17,4.563081978573923e-17
1867,-0.0008753541061708699,1.8268128962223642,2.0790642940376417e-11,-7.434500783154267e-07,0.00013862341944421053
1868,-0.0008753541019739577,1.8268128962193604,2.0999657724981198e-11,-7.434505725838984e-07,0.0001386234186159141
1869,0.0008753541061384207,1.8268128962223675,2.0747190089915165e-11,7.434500758503847e-07,-0.00013862341944513275
1870,0.000875354101971118,1.82681289621936,2.0994696804100286e-11,7.434505697261583e-07,-0.00013862341861865368
1871,3.1299440802084093e-15,2.2461027260118924,1.655522639685835e-11,-1.6039463269549482e-15,-1.6001399720155199e-15
1872,-1.1350041105363122e-15,2.246102726014443,1.7583340032957278e-11,5.839922676660555e-16,3.766743464565771e-16
1873,4.428191205722857e-13,1.9152275426241405,1.8693038163448538e-11,8.952578363884158e-14,1.187183421671921e-13
1874,0.004141362783443102,2.215882088565989,1.4393442350984363e-11,1.0470818748858912e-07,-9.581008250287432e-05
1875,0.004141362784607285,2.2158820885673314,1.4493688970177795e-11,1.0470817271134719e-07,-9.581008247611144e-05
1876,7.838948782169053e-15,1.9317103821343924,2.102825799891864e-11,-2.3896891026226522e-15,-2.996848253118095e-15
1877,-3.5496900958604397e-15,1.9317103821330377,2.091259590170558e-11,1.0702597184640967e-15,1.291718687420379e-15
1878,-0.004141362783431784,2.215882088565988,1.4425592778741443e-11,-1.0470818710694996e-07,9.581008250346239e-05
1879,-0.004141362784611727,2.2158820885673385,1.4507958695427584e-11,-1.0470817322742743e-07,9.581008247532691e-05
1880,-1.4688221496261624e-15,2.0193710417642703,1.2258855440595018e-11,1.0190835068466107e-16,-1.6536296001938177e-16
1881,5.371470867876772e-15,2.1453934322864043,1.6198326316678374e-11,-1.4442467478720528e-15,-1.3757965507528137e-15
1882,1.9106260173801657e-15,2.0124334993522073,2.0847833697964064e-11,-8.694237619307315e-16,-1.0865329602654464e-15
1883,-6.047714231836787e-16,2.1349122620435863,1.7865314543114164e-11,-9.798310185159331e-17,1.0783602873879553e-16
1884,0.00109036130080422,1.994438632293559,1.4645760278829386e-11,1.0439760575795378e-08,-5.29287565604723e-05
1885,-0.001090361300792741,1.9944386322936234,1.466944798765356e-11,-1.0439760744226185e-08,5.292875655949018e-05
1886,0.017308194855861193,2.0954421598872686,1.6237903393113875e-11,1.5494517544012432e-09,-0.0017662917252262882
1887,-0.01730819485586074,2.09544215988727,1.6277596062080402e-11,-1.5494515080705096e-09,0.0017662917252266061
1888,-2.867673286745811e-15,2.05789260817796,1.904570215183981e-11,1.4622356565643465e-15,1.726984142284969e-15
1889,-1.2161891067670642e-16,1.9861875401361804,2.0271535957725684e-11,4.155215158979026e-17,1.8158947935510656e-17
1890,2.341906814603508e-15,1.9991430193655753,1.5363298000587805e-11,4.220467353945705e-16,1.8097893215925215e-16
1891,2.962455198636752e-15,2.1259097692579387,1.1194580805166255e-11,5.264363978993429e-16,8.321373044872608e-16
1892,-0.014146559022940054,2.0880839810946648,1.4772676004681317e-11,-1.4017417114976088e-07,0.0009827748591407842
1893,0.014146559022935854,2.0880839810946608,1.473842254095803e-11,1.4017417263771995e-07,-0.000982774859138742
1894,-4.941206777855333e-15,1.9735437144742778,1.549195433515224e-11,-1.3771116733630628e-15,-4.2648587020055005e-16
1895,-8.446924652927483e-15,1.9735437144767056,1.5617611539424702e-11,-2.3779047564815196e-15,-2.863347421956561e-15
1896,-1.0458859410073253e-15,2.0697433968646206,8.231583939173586e-12,-2.1980338459218255e-16,-1.6508972831084837e-16
1897,-9.208208102160315e-13,1.9801634174455538,2.086461842927593e-11,4.1495979786581623e-13,7.530520061434654e-13
1898,9.243382870457418e-13,1.9801634174455556,2.086676432351594e-11,-4.1600678915352205e-13,-7.581475376765301e-13
1899,2.002269848548553e-15,2.1089605612547375,1.8622664099876972e-11,-5.796889229675724e-16,-6.035174313280601e-16
1900,-3.735140683800941e-15,2.0326309741912314,1.7539705536175568e-11,3.305450469697793e-16,7.902410754708101e-16
1901,-1.0505161808173231e-14,2.0326309741974593,1.832118509784357e-11,9.29685394169692e-16,1.5374770380514887e-15
1902,-0.009667732403838213,2.1439825463932394,1.688184058027102e-11,-4.783934219895411e-06,0.0006664941621491163
1903,-0.009667732406205679,2.143982546397668,1.5871780769305537e-11,-4.783933987709613e-06,0.0006664941625638345
1904,-0.019403353239473484,2.048583572694052,1.625579290495476e-11,-3.441921480103888e-07,0.0008562593052328284
1905,-0.01940335323886427,2.048583572690153,1.679297739454265e-11,-3.4419230608402976e-07,0.0008562593050243199
1906,0.009667732403837238,2.143982546393234,1.6891966560322357e-11,4.783934219202389e-06,-0.0006664941621499299
1907,0.00966773240621281,2.143982546397665,1.584759432663921e-11,4.78393398733578e-06,-0.0006664941625642942
1908,0.01940335323947701,2.04858357269404,1.6301192471596193e-11,3.44192148037277e-07,-0.0008562593052327903
1909,0.019403353238881236,2.048583572690167,1.678486646135279e-11,3.4419230700863737e-07,-0.0008562593050247353
1910,2.4547947722006822e-15,2.0955085839531806,1.7395407976471766e-11,-1.2151474583153746e-15,-1.091158048938092e-15
1911,1.0712570498016967e-15,2.1199512472997344,1.35182893009461e-11,1.5445068228301538e-16,7.51265657136106e-17
1912,5.885323844370325e-16,2.07758659880125,7.685685943437599e-12,1.314237533654583e-16,1.65071613575448e-16
1913,5.88532384436699e-16,2.077586598800073,7.728985936575776e-12,1.3503102525695365e-16,8.76304803713201e-17
1914,-1.2980747603949342e-16,2.11991696103514,1.7510815482370376e-11,4.322535581177235e-17,-5.191291796884342e-16
1915,1.071239724213519e-15,2.1199169610355044,1.749319424839115e-11,-3.697963049711913e-16,-1.8252574399372687e-16
1916,-3.3889936683288424e-15,2.0977407383012805,1.5218358598036395e-11,-2.586970548513563e-16,2.803428235672649e-17
1917,1.5258256144399348e-15,2.097740738295915,1.4668972083570824e-11,1.1650908524996888e-16,-1.4223166190960707e-16
1918,1.2858980425195806e-16,2.100030871619267,1.682236088187121e-11,-1.2540929563300638e-17,-2.5587799608027805e-16
1919,3.3926934807770533e-15,2.100030871614074,1.7229826457133108e-11,-3.6473416102402897e-16,-6.837425241968531e-16
1920,-2.3394298994424227e-15,1.99702862795471,1.5049129625250028e-11,-4.660076065902539e-16,-2.0528495233312708e-16
1921,-1.4525710340050915e-15,1.9970286279533769,1.4395858705730496e-11,-2.7871783789106903e-16,2.0512795506985266e-16
