mode,kz_real,kz_imag,pq_relative_residual,forward_uv_flux,forward_cartesian_flux
0,-6.900995457984637e-14,136.56641915656462,7.99374668553122e-15,-7.549189236571587e-16,-3.61500153868006e-19
1,-7.588011216257056e-15,123.92162738742509,4.8392269872277914e-15,-7.1504125878493505e-16,-2.3077379631604796e-19
2,5.828741028740658e-13,129.46645763387735,4.599451720126966e-15,-2.911983335025629e-16,-4.583904082523858e-20
3,-6.403687597467233e-13,129.4664576338657,6.0921048595953755e-15,-1.1705230883819534e-15,-6.209239539935428e-19
4,2.175624930518616e-13,118.39561067067058,2.405762519644455e-14,-1.1678643054617647e-15,-2.5723919819869297e-18
5,1.9033342510866746e-13,117.81378745028843,2.188555589656444e-14,-4.214354826758099e-15,1.2297624289851551e-19
6,1.2167003064583644e-13,103.86228474799502,2.5877097128216748e-14,-2.4453391401277033e-15,2.4674056347537056e-18
7,1.4482207574543498e-13,103.92685964436238,2.014083289454946e-14,-1.7581968836388446e-15,5.540584811910202e-19
8,3.770762545635365e-13,111.16957970115105,2.666135698316972e-14,1.2047024348146168e-14,-1.7969443656125154e-16
9,-5.617638430602539e-14,111.16957970114926,2.5863036984775365e-14,-8.94512193266514e-15,1.168885532158172e-16
10,2.0352479754943752e-13,110.75641924523383,2.647885836185588e-14,-3.93348548177741e-15,-1.1052340005658287e-16
11,1.543390668409997e-13,110.75641924523406,2.711134662788374e-14,-4.608726594801382e-15,-4.1582117930134485e-17
12,6.877700202964289e-14,94.55623083664143,7.766292826024859e-15,-3.222605224228663e-16,6.454922731341795e-20
13,2.7201613451057874e-14,96.02480520379267,8.980068603344935e-15,-2.837814248336228e-16,1.1291748879521224e-19
14,-9.093207871680132e-14,95.77738380551507,1.0136195862846051e-14,-4.3804806499112654e-16,2.791448673067255e-19
15,1.5473263276035326e-13,95.77738380551871,8.575309612634103e-15,-1.8944222737587448e-16,3.860270973025984e-20
16,5.6000743970164466e-14,58.984737007159225,1.1829245802929842e-14,-4.243763725952013e-16,-8.91702449174913e-19
17,5.471650006983965e-14,57.632062322086014,1.2134974916605243e-14,-3.8972819629840564e-16,-9.999248139069693e-19
18,1.6561566877379792e-14,58.46422441563412,1.35115843550565e-14,-3.2360724343261094e-16,-9.500003899049012e-20
19,8.14698949404698e-14,58.464224415634675,1.1736310872655258e-14,-3.9767180434052696e-16,-8.390126040349862e-19
20,2.660270678005936e-14,52.64510644795816,3.7432982293409623e-14,-1.339511571993947e-15,-4.9278391858700425e-18
21,3.8244991600747796e-14,52.58010886527294,2.2340388258980254e-14,-1.4671268319671e-15,-3.1835895811065416e-18
22,1.462807261611147e-14,51.638768633939634,3.3659897823944943e-14,-1.8016449276946284e-16,-7.021451096731759e-19
23,2.5709998772082385e-14,50.87849267833529,3.026038982208973e-14,-6.785682584407871e-16,1.847549058644468e-16
24,1.4412703966140362e-14,50.87849267833542,2.823259040893604e-14,-1.8464640623785944e-15,1.4578971740067815e-15
25,7.086417545419607e-14,50.853374241004495,3.3521165631818986e-14,-2.588207426157396e-15,-6.629829580904263e-16
26,-1.4405588491953036e-14,50.85337424100448,3.412767535677179e-14,1.959803846984798e-15,9.36591434833392e-16
27,-1.375064768607382e-14,48.54135832262076,3.607393738498204e-14,-1.5358011192699296e-16,-9.899368160104394e-19
28,2.4358608309188072e-14,48.20417478429474,3.3422476004062596e-14,-1.275494160838495e-15,-3.531113244236844e-18
29,1.3631439671050706e-14,48.120540401583796,3.759869829299668e-14,-6.62877527543681e-16,3.30685616306731e-18
30,-5.847479349122799e-14,49.916364941541644,2.4431615871763174e-14,-2.5307670912143177e-16,-1.406526617399928e-18
31,6.955845302396783e-14,49.91636494154275,2.84413003329882e-14,-1.0742241243668488e-16,-4.760542298479963e-19
32,3.46197129623069e-14,47.595991010938164,5.085587885519348e-14,-1.9793115335097612e-15,-1.240317711208951e-18
33,2.3987794302882195e-14,47.47035686885617,4.239646211559086e-14,-7.984052309315317e-16,-6.2855962497187824e-18
34,-2.286970785290565e-14,45.25773314362097,2.92276325770121e-14,-1.9332957479458773e-16,-7.339323279759591e-19
35,3.217240472094047e-14,44.23137440698497,2.3921928205456596e-14,-1.8669396663719606e-16,-9.05461165173473e-19
36,-1.2336189376089983e-14,43.5481587857822,3.245922362243234e-14,-1.605647691819602e-16,-4.583651961844025e-19
37,1.2471006022872522e-14,44.024076961327715,3.15854980231402e-14,-8.516663793149344e-16,-1.9238340487291528e-17
38,2.2191935703852055e-14,43.91646410549686,2.7284115909056302e-14,-9.698766335113604e-16,-3.050453076162797e-18
39,3.280854458524694e-14,45.10595436945305,4.7755480082291006e-14,7.879671041281586e-16,-1.451026062568371e-17
40,2.1076658375726137e-14,41.709399458143245,2.8102441516133023e-14,-1.468318041354712e-16,-3.7843212735561085e-19
41,-2.7619431320518366e-15,45.105954369452625,4.376890001026102e-14,-1.957892940655792e-15,-4.309333058715456e-18
42,-5.220096301281583e-14,44.56077849062468,3.221476792472442e-14,-2.803492708163338e-16,1.260775454763524e-18
43,4.2306482557714e-14,44.56077849062548,3.05570463865349e-14,-6.586274087965263e-17,-1.2125210465496305e-17
44,7.261939965387802e-14,44.950415360333515,3.711126616231033e-14,-3.191891195797325e-15,2.1511248728470211e-16
45,-2.2714413554371448e-14,44.95041536033351,3.816146455133792e-14,1.7234477733829578e-15,-2.389759465076975e-16
46,4.065286907196462e-14,42.819052405336606,2.82656652918811e-14,-1.3278766107516216e-16,-8.764673421713873e-19
47,-2.6219107735359025e-15,42.81905240533644,2.5932778809103295e-14,-1.7081605227509122e-16,-3.74767080534705e-18
48,1.049841942513479e-14,37.06062076281272,5.648845904173531e-14,-1.3690280896246953e-16,-8.086582795456788e-19
49,1.021369052775156e-14,36.055495204495806,5.694382177734038e-14,-1.1083444672980434e-16,-6.225007606910873e-19
50,-1.8354076898799035e-14,36.32157960766461,5.631607839687568e-14,-1.8006056986142466e-16,-1.9447347073366702e-19
51,3.4484098487273394e-14,36.32157960766507,5.0241704014590334e-14,-4.1785829353949144e-17,5.940347938212815e-19
52,1.7792417875630448e-14,35.21009124271634,5.98136987121906e-14,-1.179881432961872e-15,-4.005232712852974e-18
53,2.5561204402566838e-14,35.142141597128216,6.25959922519068e-14,-1.3027625751563592e-15,-1.6141528727094836e-17
54,9.701342984035303e-15,34.24684980298262,6.354398050594433e-14,-6.922679049398098e-16,-5.390846838768602e-19
55,9.637675771412365e-15,34.0220972639104,5.655742181516407e-14,-2.789733032773519e-16,-4.578301460861688e-18
56,1.7572887017120704e-14,34.77565329208193,5.84445138990263e-14,-8.598536379439414e-16,-4.889392470651532e-17
57,9.851140820870598e-15,34.77565329208224,5.5816225906176355e-14,-5.284943489780591e-16,2.7906745850423185e-16
58,9.841086909870941e-15,34.74016183687811,5.5211002641956326e-14,-5.061597842248577e-16,-1.3658637885047108e-16
59,1.7554952419972213e-14,34.74016183687815,5.812655113407593e-14,-7.550383929189053e-16,1.8191938366417422e-17
60,9.598032326527503e-15,33.88215137137997,3.9683006618709694e-14,-8.967177748521405e-17,-3.5208995465763113e-19
61,1.7005467488935096e-14,33.65276524505159,3.843086886841158e-14,-7.656313440916658e-17,-1.77314966965501e-18
62,1.69819801891335e-14,33.60628533575315,4.419069326026403e-14,-4.788107844239109e-17,4.496057501470727e-18
63,1.6981980189133555e-14,33.60628533575326,5.48247152341214e-14,-3.508749280706214e-17,5.584627187590511e-19
64,1.6525351487352718e-14,32.70264546139039,5.2078885504249454e-14,-1.0906398369669826e-16,-9.557581559281702e-19
65,9.132647664379102e-15,32.23929031065509,6.918015669528348e-14,-4.83252275034969e-16,-4.774577433411878e-18
66,9.118790963711089e-15,32.19037457318212,6.892314243891735e-14,-8.172293132989692e-16,-1.7391234803050457e-17
67,8.88581429105228e-15,31.367940284519737,5.660177396820072e-14,-1.984396842558388e-17,-2.1220787072008277e-18
68,8.959654897762175e-15,31.628606067753697,5.537533578853977e-14,-3.0479096744647677e-16,-1.4302170760603242e-18
69,8.961007358750102e-15,31.633380409656073,6.185954491604238e-14,-4.776272184239809e-16,-3.936981949456436e-18
70,5.886102069525008e-14,32.03165394989246,5.3389289158307485e-14,3.709868783702275e-16,-3.564738158519723e-18
71,-4.46361088024517e-14,32.03165394989245,5.921026174563632e-14,-6.217899459204368e-16,-5.992334585350548e-18
72,1.6108743503022384e-14,31.878204104220693,6.476712573467883e-14,-7.902851279200512e-16,-4.400148556423163e-17
73,9.03036026698111e-15,31.878204104220412,7.2036091804878e-14,-8.279984228636017e-16,-5.44421824169331e-18
74,1.6036367914445953e-14,31.734977304168304,5.994474424003815e-14,1.588356182691264e-17,-1.607154358419899e-17
75,8.989787416637036e-15,31.73497730416819,6.329923662367775e-14,-5.502868126450178e-16,-7.619934863279288e-18
76,8.415197840701908e-15,29.706610413337504,7.135744731388207e-14,-4.688603686092572e-17,-4.69475305258741e-20
77,1.8181951658786837e-15,29.69338044478754,8.128480423220333e-14,-7.183190273614322e-17,-1.0705224087328252e-18
78,-8.553383650281204e-15,30.194422118722365,8.317824740285387e-14,-1.1405340986426517e-16,2.1655257564393243e-19
79,1.5257892180572817e-14,30.194422118722915,7.128981190907938e-14,-3.450261655698304e-17,1.7831300854234103e-18
80,8.15656313841452e-15,28.793600346829056,8.418092875043309e-14,-6.322761602479678e-17,-9.142766940122166e-19
81,-1.7412915951164152e-15,28.43744982355354,8.570189755315141e-14,-4.5642929228289045e-17,-2.8619073052850556e-18
82,-8.462010908138478e-14,28.706071902088937,8.075433443982243e-14,6.667843360785852e-17,-5.442631378406188e-17
83,8.462010908138476e-14,28.706071902088926,8.845778275274937e-14,8.251862734787174e-16,3.333964032040289e-17
84,1.7207387675458871e-15,28.10179667711429,6.153422782491531e-14,-5.2384529443546335e-17,-1.0788297876073587e-18
85,0.021687672394248195,27.554525852087625,6.685390542711036e-14,-9.57271700188165e-06,9.337255031044471e-05
86,-0.02168767239423595,27.554525852087618,6.778867277452126e-14,9.572717001687578e-06,-9.337255031046786e-05
87,7.876926846205254e-15,27.806452266969064,9.414693648151462e-14,-4.383913665131434e-16,-7.121434978545127e-20
88,7.894148160595501e-15,27.86724547552826,8.553813087116455e-14,-3.121494281010163e-16,4.416131436834565e-18
89,7.870288769774814e-15,27.783019098296634,9.220744338981257e-14,-4.399231181518313e-16,-7.749322890070472e-18
90,7.943083760484595e-15,28.039993737514102,8.15908021220219e-14,-5.240220150165564e-16,-2.7164081920649395e-18
91,7.943083760484656e-15,28.03999373751432,7.648248760703608e-14,-3.712308238590367e-16,2.310232071054861e-17
92,-3.269808382277617e-14,27.912359968088843,8.278348577639941e-14,2.258609965721803e-15,-1.1073346422750194e-16
93,4.509366170605528e-14,27.912359968088854,8.401858170999361e-14,-2.7070359842618075e-15,1.220701531935535e-16
94,7.835560111602527e-15,27.660422964725992,6.638879307350489e-14,-2.8136389717313626e-17,-1.8637306418587597e-18
95,7.835560111602474e-15,27.660422964725804,5.930281354532747e-14,-7.404846728191819e-17,-5.4301561712799084e-18
96,7.492867978561807e-15,26.450680558110488,9.851617477039351e-14,-3.949565711604926e-17,-1.3156092867354757e-18
97,1.6021874461484326e-15,26.165706671734867,8.837785397959537e-14,-3.0420202313628034e-17,-7.636824337299556e-20
98,7.412570381691942e-15,26.167220861440857,8.800092130048526e-14,-1.5890372950173637e-17,9.728897524882757e-20
99,7.416572948058899e-15,26.18135037829447,8.171311523216257e-14,-3.416901111528731e-16,2.034658130741065e-18
100,7.396811712321692e-15,26.111590957013608,1.006086248989265e-13,-8.489968739494085e-17,-1.5183953102553555e-19
101,7.366285271602157e-15,26.003829131453795,9.93799566035196e-14,-5.101049598315816e-16,5.15526342360172e-19
102,1.302666519359708e-14,25.778962323220387,6.356953694559249e-14,-3.1513947918454395e-17,-3.415013071517592e-18
103,1.3259352082510288e-14,26.239435241903315,8.992255673730564e-14,8.219395961918917e-18,2.5069164301297597e-18
104,7.433027050766078e-15,26.239435241903863,9.947583422014893e-14,-4.135320727613901e-17,-5.362624318890467e-18
105,1.5935234154860339e-15,26.02421231322381,9.90860765455346e-14,-5.933838490013166e-16,-4.355794801105825e-17
106,7.372059357061021e-15,26.02421231322406,1.0561810712351434e-13,-3.5209465551466756e-16,-4.6121579252707094e-17
107,1.5905936977400873e-15,25.976366391477452,8.508542306414126e-14,-1.2442236368807869e-16,-5.598230834508436e-17
108,7.358505710523525e-15,25.976366391477328,8.608437437394816e-14,-5.539891936574663e-16,-1.0988854720825455e-16
109,7.260123409725313e-15,25.629065622475267,6.745430534965267e-14,-5.2089138124350454e-17,-5.4597626197644064e-18
110,7.260123409725278e-15,25.629065622475142,6.744394292998125e-14,-1.0781035352652735e-17,-7.256954775601218e-18
111,7.197946495552864e-15,25.409574007306016,9.042532491654252e-14,-3.110968887675915e-17,-4.711075464666143e-19
112,7.0032254278936215e-15,24.722186377719428,1.245697358162346e-13,-4.935399157047471e-17,7.706869119030042e-19
113,6.996347518614911e-15,24.69790657167462,1.151815808017973e-13,-5.075675365308482e-17,-2.2798077749660302e-18
114,-1.4943581029556808e-15,24.40471985875619,9.388803348358433e-14,9.450924867385823e-17,3.8370138935787225e-18
115,6.941152851314285e-15,24.503063086181864,9.196963537058448e-14,-1.1212090419510448e-16,-9.180209256791111e-18
116,1.2381925813738527e-14,24.503063086181612,1.059702351433585e-13,-8.444325561062296e-17,3.6653928041776256e-18
117,-4.495340780729769e-14,24.463252348390753,1.0062835158055995e-13,3.8740712027252044e-15,-3.500770230343078e-16
118,5.038534101017745e-14,24.46325234839075,9.998641870131592e-14,-4.13991757541865e-15,3.7965329597005985e-16
119,-1.4801992959382323e-15,24.17348899239854,6.876143726214353e-14,-2.3484804741891774e-17,-8.649303296077464e-19
120,6.8646002172503065e-15,24.232823536345716,1.033981368109835e-13,-4.0210522867785217e-16,-1.500310398725112e-18
121,6.856876412466669e-15,24.205557622464713,9.924697050676245e-14,-1.8808987211669474e-16,1.1071199155413927e-18
122,1.2189868059823622e-14,24.12299270527643,1.0640428606700811e-13,-1.714889157158724e-17,-1.3196161793711396e-18
123,1.2164566808851444e-14,24.072923099137885,8.823737355302252e-14,-6.123055570231033e-17,-1.1270923569038585e-18
124,6.867474898846067e-15,24.24297149101585,1.060438144721622e-13,-4.1697138706032403e-16,-4.442746521531779e-18
125,1.765528110903388e-14,24.27289336211665,1.0225303256918761e-13,8.609242875892709e-18,-4.6727948446834884e-17
126,-1.2265616092055427e-14,24.272893362116957,1.0153825505499868e-13,-1.0060040907949874e-16,9.143881717675436e-17
127,-1.485523425615957e-15,24.26043862851291,1.0712909114088386e-13,2.5465198526253285e-17,4.892982434510012e-17
128,6.872422936192122e-15,24.260438628513075,9.726333969100582e-14,-7.071496911799889e-17,-9.800009692717654e-17
129,-6.764387515946917e-15,23.879061244306765,1.2152406801917348e-13,6.608672080148155e-17,-1.892703964633383e-18
130,1.4665386746980793e-15,23.950394117212255,1.0420442205712934e-13,-5.655818983318255e-17,-3.4655021276123488e-18
131,1.2102650273808349e-14,23.95039411721204,9.859947021540983e-14,-3.1856909146234236e-18,-6.24912453471151e-18
132,-1.455314975943316e-15,23.767097206420054,7.591077929119001e-14,-4.743276260512958e-18,-1.3229880795293443e-18
133,6.673358991649031e-15,23.557720147043533,9.545633762972626e-14,-2.6293820871638336e-17,2.9990711737051055e-19
134,6.6444960670438444e-15,23.455830723542554,1.0102239616909796e-13,-5.188116733995936e-16,1.08973524418432e-18
135,6.59915174452707e-15,23.295760081240196,1.1135897639738435e-13,-3.5582043590261677e-16,-4.721856227286217e-18
136,-6.6067868512681965e-15,23.32271288089107,9.633070036992436e-14,7.901038628693388e-17,-3.634624994113103e-18
137,-1.4281042838507759e-15,23.32271288089068,1.0590321696736214e-13,1.6216953994951933e-16,-2.0772358065778644e-18
138,-1.413919494903114e-15,23.091057697411856,1.0352951820380957e-13,-4.3891052919513263e-17,-2.5710561676429625e-19
139,6.5190338776839e-15,23.012934852111755,9.568708256995129e-14,-2.090619775145548e-16,1.1839468023339417e-18
140,6.501318961440358e-15,22.950399172581264,9.396801866587228e-14,-2.7571944695614807e-17,1.3550182617713694e-18
141,1.4030037296891914e-15,22.91278972298,1.159739121504028e-13,-3.1297321049164666e-17,-2.4616762167335315e-19
142,-0.005953821445443283,23.078457959275756,9.364044052521681e-14,5.070023941605619e-06,1.561670565122747e-05
143,-0.005953821445120458,23.078457959275816,9.736260680036453e-14,5.070023940523911e-06,1.561670565087243e-05
144,0.005953821445433027,23.07845795927573,9.24808156099811e-14,-5.070023941602231e-06,-1.5616705651194257e-05
145,0.005953821445130699,23.078457959275788,9.086592059674395e-14,-5.07002394062897e-06,-1.561670565086464e-05
146,1.3907219040280207e-15,22.712212288413205,1.0811399442889343e-13,-1.7716184825207767e-17,3.0242703659116496e-18
147,1.3922446082892235e-15,22.73707993616704,1.1556089900722017e-13,-5.91605576742188e-17,-4.242680568697795e-18
148,6.487237126248762e-15,22.90068868450239,1.3421246352988686e-13,1.015761910347357e-17,9.521881171889815e-18
149,6.5194293797965934e-15,23.014331019783846,1.1959973108465767e-13,-2.592733970227523e-16,-2.9775855073948827e-18
150,1.409221340894776e-15,23.014331019783512,1.2362834415283868e-13,-1.2176098616780567e-16,2.103641396964027e-17
151,-6.4872371262486735e-15,22.90068868450208,1.2025976760352177e-13,-8.368134947456772e-17,-3.2684619154379297e-18
152,6.391431619712318e-15,22.562484293826625,1.1758570645671433e-13,-4.863129856774442e-16,-1.1778008350362262e-18
153,6.3805917047898075e-15,22.524218154917897,1.1219630491250209e-13,-2.8371837471990466e-18,-4.0524429244339975e-19
154,6.3135819870154615e-15,22.28766619054196,1.2303106205962663e-13,-2.8285776194984134e-16,-3.633072712099267e-18
155,6.3118217234331966e-15,22.281452258861087,1.0865829972636758e-13,-3.487647434167738e-16,-2.265642272203803e-18
156,1.3779527510666651e-15,22.503676195063743,1.1646889748787697e-13,-9.9568722949743e-17,-1.1877366474460104e-18
157,6.374772641160402e-15,22.503676195063658,1.1384317114479933e-13,-3.957880030658334e-16,1.0206747014414319e-19
158,6.345631373985581e-15,22.40080419047141,1.155543617295952e-13,-3.747383872936168e-16,3.332576684716915e-18
159,6.345631373985691e-15,22.400804190471796,1.0840237573982948e-13,-2.9038745827424453e-16,-2.0523037557349036e-18
160,6.260801834440402e-15,22.101346218060712,1.5388814762700106e-13,-3.149332269467243e-17,-5.251899605962052e-19
161,6.2475987533649085e-15,22.054737832471922,1.1572161218151762e-13,-2.0741559419432818e-16,-1.8268296443388594e-18
162,-1.3480443337995065e-15,22.015234673998535,1.0190903558413206e-13,-2.6094553188610596e-17,-9.842707866506953e-19
163,-1.3451473332289273e-15,21.96792306427406,1.5761164200466593e-13,-5.591773529206512e-17,7.865318620416046e-19
164,1.342142308676082e-15,21.91884728903932,1.2088018203767566e-13,-3.635220195577515e-17,-1.8027864071934764e-18
165,6.2359276255771874e-15,22.013537417123732,1.1790841201400533e-13,-2.95851667816982e-16,-5.842475928135541e-19
166,6.235927625577082e-15,22.01353741712336,1.0978954028099054e-13,-2.696967727134269e-16,-1.7383006185357927e-18
167,6.160108178777536e-15,21.745886102149523,1.246434346403796e-13,-2.535269701411616e-16,-2.3439886777801783e-18
168,6.186166337000115e-15,21.83787437967559,1.5977005896463382e-13,-1.8153096332167356e-16,7.962111889434661e-19
169,6.1889447405354534e-15,21.84768246178581,1.1570966697568714e-13,-5.816215259792697e-17,-4.644392491997411e-18
170,6.1889447405354944e-15,21.847682461785954,1.1164683698047065e-13,-1.843355451462171e-17,-5.056110061367105e-18
171,-7.412629075805732e-14,21.853904849874414,1.2747777675561308e-13,7.169612126212144e-15,-5.73738190339174e-16
172,7.89788324265169e-14,21.85390484987441,1.227675626440933e-13,-7.34265079294083e-15,5.322437403190803e-16
173,6.122166216991615e-15,21.611946639473967,1.2959826908269628e-13,-3.1972565852148895e-16,-4.120030060532926e-18
174,1.3146081054408814e-15,21.46917962560573,1.1866109328956928e-13,1.0105858558514405e-17,-2.6452011937928294e-18
175,-1.3239662332653528e-15,21.62200945100497,1.230737883144386e-13,1.8877060965804063e-16,-3.667222527692593e-19
176,6.139905006088049e-15,21.67456659290434,1.4105394604946395e-13,5.475009212814984e-18,1.989672121294226e-18
177,-6.1399050060881186e-15,21.674566592904586,1.349457468452331e-13,-7.082794213733893e-17,-3.67780837158174e-18
178,6.075795875049751e-15,21.448254031305257,1.214064573155399e-13,-4.411174765774397e-16,2.1705063146489105e-18
179,-1.3116735275322638e-15,21.421254331379497,1.3044333349663628e-13,-5.1735456834164475e-17,1.8420627287445217e-19
180,-1.3239662332653655e-15,21.622009451005177,1.1872482508540984e-13,2.2787896786571893e-16,3.347785227459315e-18
181,6.055739675803992e-15,21.377453355118618,1.254638060730845e-13,-1.802684577402222e-16,5.07134951431824e-18
182,6.0475564902778556e-15,21.348565774699626,1.3682854313410375e-13,-2.445112394583174e-18,1.1889931561139432e-18
183,1.3024981919406567e-15,21.27140972968707,1.304477631369298e-13,-9.023250208966792e-18,-2.3273464874034733e-18
184,-1.3043645827500623e-15,21.301890204722074,1.1376426599996445e-13,-6.070945415189431e-17,-2.1855156253050314e-18
185,1.304585942031318e-15,21.305505276127313,9.706414728214093e-14,-2.1845125701670417e-17,1.9448948562937455e-18
186,1.0786030610760967e-14,21.344885479100082,1.3220686359530348e-13,-3.14357643648594e-16,-2.5876591840822858e-17
187,6.046513947384103e-15,21.344885479099908,1.460880958340608e-13,-1.7792371749373887e-16,-5.468284234434928e-19
188,-1.07727431925817e-14,21.318590502793747,1.3082714032814891e-13,-1.1343126416450688e-16,5.321473903213301e-17
189,6.03906518683036e-15,21.31859050279382,1.3549626264386437e-13,5.354434072773334e-17,-1.6091256952557355e-17
190,1.2908319530526209e-15,21.080885590055,1.23558276462001e-13,-2.443884088534887e-17,7.974227311324318e-19
191,5.943318966969178e-15,20.980595400859457,1.3503071703381694e-13,-6.012323311529353e-16,8.891330485685225e-18
192,-1.2878645032366892e-15,21.032423456842423,1.2574914383663203e-13,3.1788060848557623e-16,-5.234171643056292e-18
193,5.992894678686802e-15,21.155603330778376,1.2314313999452183e-13,-6.673196609012499e-16,-4.533426212823422e-18
194,5.992894678686823e-15,21.155603330778447,1.2659530907905796e-13,-3.246643405507843e-16,3.871575843662593e-18
195,-7.135440546942808e-14,21.0366979353913,1.3938996169664726e-13,-6.260996495560667e-16,1.4459438715249084e-16
196,6.668332018743688e-14,21.036697935391295,1.6172395875099785e-13,3.624013524168579e-16,-1.413614344463886e-16
197,-1.2043512165024492e-15,19.668547982013514,1.9283244265188754e-13,-1.386584696113202e-16,5.531484921583624e-19
198,5.922530396134937e-15,20.907209369239865,1.2245260816084122e-13,-3.3392476048502634e-16,3.015231167563565e-20
199,1.2808013559205764e-15,20.917073507436108,1.2787672518705635e-13,-3.0018847650692404e-17,-4.7747627739806685e-18
200,1.2808013559206101e-15,20.91707350743666,1.2378035444196853e-13,-1.2197274440461925e-19,7.873912398557569e-18
201,1.277880871209932e-15,20.869378372599225,1.3960858419238947e-13,-1.9666081784263565e-17,4.212476528766353e-18
202,5.907664143018045e-15,20.854729796209085,1.4076311720497253e-13,-2.1903115628785548e-17,1.841740253238968e-18
203,1.2774214965715558e-15,20.861876215427117,1.4271498125319432e-13,-7.691874430280779e-17,-2.4444394784636295e-18
204,1.517422268331998e-14,20.861876215427337,1.3596615925688423e-13,-4.9624695764314067e-17,-2.2063984048667945e-18
205,-1.0124939154102666e-14,20.036626496457778,1.8584812446351086e-13,-6.071675162519171e-17,4.3833775159296475e-19
206,1.4380384328089688e-14,19.770488679637634,1.6221683518948644e-13,-1.079251264908803e-16,8.811971609139655e-19
207,-1.2105932839548352e-15,19.77048867963722,1.568154051502314e-13,-3.326946893467879e-18,-1.173426060957325e-18
208,5.891412178612072e-15,20.79735850391165,1.6025690390746812e-13,-4.655289732866025e-16,6.847339653111362e-18
209,1.2719821388447728e-15,20.77304476246337,1.3375137229521385e-13,-2.5502645263397538e-17,2.3991795233563683e-18
210,1.271812485546502e-15,20.770274113842248,1.382306859936347e-13,3.9607260613611084e-17,-1.1277211371286543e-17
211,5.883739795339268e-15,20.770274113842458,1.4359440719442316e-13,-5.904634382178614e-16,-1.987971437954817e-17
212,1.0480705414035064e-14,20.7406658552937,1.4517950190890405e-13,-5.56909194725162e-16,-1.0558320572699024e-17
213,1.2692583611922378e-15,20.728562097674935,1.2865636615890462e-13,4.158478073431956e-17,-7.330088154677289e-17
214,-5.748056241650333e-15,20.29129565781151,1.604129175580585e-13,7.339000133233483e-16,-3.274972534544478e-17
215,-0.00611524484553154,20.700965071797786,1.1247261204978975e-13,1.0101641925022026e-05,7.75562033346489e-05
216,0.006115244845536137,20.700965071797786,1.2180193334113516e-13,-1.0101641925283102e-05,-7.755620333461937e-05
217,5.863515371294429e-15,20.6988795848834,1.3745886316990414e-13,-2.3158804727211686e-16,-5.245144079435549e-17
218,1.047363768608963e-14,20.72667926012845,1.3105987652483241e-13,3.5396024558099516e-17,-5.226140158884192e-17
219,5.871390378366643e-15,20.726679260128712,1.227450844669185e-13,-2.078195336088426e-18,-9.337833485596766e-17
220,-5.867625636287776e-15,20.713389290200414,1.398711752843629e-13,7.270337896167836e-16,2.0798099926441294e-17
221,1.2683292946868745e-15,20.713389290200812,1.422429435111883e-13,1.0177947894207673e-17,-8.796219443298685e-17
222,1.0278637937165035e-14,20.34078685360253,1.6714313195077122e-13,-7.805748404272431e-17,1.5951945185941054e-20
223,1.0447143532645057e-14,20.674248973997432,1.2272908943796407e-13,6.067126475714515e-17,1.7058574381463477e-17
224,0.017548400864184556,20.313076195385165,1.9958120387342456e-13,-3.3635513918107247e-06,-1.8982385709212093e-05
225,0.017548400863675685,20.313076195386095,1.8996887984915227e-13,-3.363551393083849e-06,-1.8982385709553654e-05
226,5.851583189345024e-15,20.65675761850044,1.2624091688405108e-13,2.46962409823869e-18,8.059651392586875e-19
227,-0.017548400864166532,20.313076195385186,1.6684964745625722e-13,3.3635513927594016e-06,1.8982385709201756e-05
228,-0.017548400863675696,20.31307619538611,1.8400049337736042e-13,3.3635513932233317e-06,1.898238570956521e-05
229,1.2645913164338504e-15,20.652343472653637,1.2829489249506172e-13,-3.840797457293293e-17,4.404266053949922e-19
230,3.751147731818937e-14,20.41341870074713,2.32669437729794e-13,-8.999126285843392e-17,-1.3165405646830245e-17
231,1.2645510804817694e-15,20.651686369689596,1.344778193314159e-13,-5.21569007601308e-17,1.0126920776580502e-17
232,-1.2645510804817854e-15,20.65168636968986,1.384499586701956e-13,-6.577761406845357e-17,5.6076261173419354e-18
233,5.78019658125573e-15,20.404754730941306,1.2421445956336326e-13,-3.787354218679859e-16,-3.3612461618263486e-17
234,1.261197181100709e-15,20.596913036130967,1.4367628968854113e-13,6.357528736127467e-17,-1.182603665988323e-17
235,-1.9403433565828314e-14,20.437343234690378,1.6860828782166976e-13,-5.945989571207033e-17,2.963474698789877e-17
236,5.838277943247404e-15,20.60978857870391,1.580758312774371e-13,-4.188713449444076e-16,-4.901246630573907e-17
237,5.838277943247322e-15,20.609788578703622,1.638146898612445e-13,-1.730556073876316e-16,4.354270720827196e-17
238,1.032599105463271e-14,20.43449573557228,1.5000681858590162e-13,-1.0021690975551398e-15,-3.3867795502749854e-17
239,-5.8285778769538e-15,20.575546235764104,1.2062523871350795e-13,-7.10835417657063e-17,-1.941583752115237e-17
240,-1.2597050271223536e-15,20.57254431235862,1.7052847774594765e-13,1.3626257890098334e-16,5.089515628034194e-17
241,1.0399932965941318e-14,20.58082219114653,1.7389158618698958e-13,-4.8292948212993493e-17,1.1037621815583009e-17
242,5.8300724334757236e-15,20.580822191146016,1.5833862965092687e-13,-3.1836156839026505e-17,2.2529901800494564e-17
243,-0.0012761665364512554,20.561942619545416,1.3296881551491913e-13,-3.4316246560496793e-07,5.0314599224958234e-05
244,0.0012761665364558205,20.56194261954541,1.374505457664225e-13,3.431624660165311e-07,-5.031459922493717e-05
245,1.257793982587754e-15,20.54133458664946,1.3509075703583952e-13,-2.971548263819013e-17,-1.2392557959216594e-17
246,5.8232168324837536e-15,20.55662113590371,1.610108716659605e-13,-4.172929805028274e-16,-4.685156218937575e-18
247,5.819804714960247e-15,20.544575970968307,1.2183097112863906e-13,1.8467786772763613e-17,-3.3406756802726106e-17
248,1.0388922424806176e-14,20.559033013266944,1.5904377168955168e-13,-9.769950866752345e-16,-1.8222860732841803e-16
249,-5.7947471641867154e-15,20.456119952128034,1.9047051607250748e-13,-4.148365035001617e-17,-5.678325657887149e-18
250,-5.794747164187387e-15,20.456119952130404,2.0964491160877215e-13,-6.082448303026565e-17,-1.252227370313401e-19
251,1.2594392184133908e-15,20.568203326710385,1.4321292179912372e-13,-9.56469604039556e-18,-2.1430687954252447e-17
252,5.826497800110639e-15,20.56820332671083,1.323991978082304e-13,5.005964718272915e-19,-1.5473665709251788e-17
253,-1.4951127747758322e-14,20.55516008063039,1.5904137351927727e-13,5.856250272044672e-16,-9.705052046733557e-17
254,5.82280294920951e-15,20.555160080629992,1.4609054162207146e-13,-1.2969768488357847e-16,5.979549681802928e-18
255,5.806700829372734e-15,20.498317756792236,1.4751310097998029e-13,-2.8761779943981343e-16,1.1411260972215636e-17
256,5.808975260126167e-15,20.506346757367545,1.4700574070751857e-13,-2.4739452786314565e-16,-2.0239485802350418e-18
257,1.2563071386210226e-15,20.517052581947915,1.455988731434435e-13,6.335219108196467e-17,3.840735854027345e-17
258,5.799559666500491e-15,20.473108635466783,1.2893165572401649e-13,-2.249669363316516e-16,-2.541937416515857e-17
259,1.0342598812011271e-14,20.467361457180413,1.9899178056661155e-13,-4.494377993954999e-17,-1.4643750851183966e-17
260,5.797931623393487e-15,20.46736145717919,1.709728960964074e-13,-5.582836507000456e-17,-9.010073921220592e-18
261,-5.79967440058233e-15,20.473513659892216,4.12978578816866e-14,-4.2884700880728846e-17,1.909463643614648e-17
262,1.4709466358659276e-13,20.524856738587278,1.559174080591894e-13,-1.0473392986209973e-14,-6.180545306230453e-16
263,-1.4253722988093042e-13,20.524856738587296,1.5021771863072942e-13,1.0352829704629585e-14,5.055448383051511e-16
264,1.2560196835680925e-15,20.512358084675228,1.1687162603694205e-13,-1.1304091265140153e-16,2.2555746008885236e-17
265,5.810449479440134e-15,20.511550920080396,1.1150082041719075e-13,-4.236239115069378e-17,-1.851681663350472e-17
266,-1.254764661389758e-15,20.49186201708728,7.991493573054193e-14,-5.370002002722523e-17,2.2538993365360268e-17
267,-5.8044416420214085e-15,20.49034256716901,6.921740189167213e-14,-1.3276934202207937e-16,-1.5687096125102476e-17
268,-1.2536723360501002e-15,20.474022990513767,1.301283158202945e-13,2.0401968659052637e-16,6.89749440609411e-17
269,-1.2536424000428343e-15,20.47353409841383,4.509939886581811e-14,7.729697523308596e-17,-8.249262264725948e-17
270,5.804574717793538e-15,20.49081233985801,1.3873827683201375e-13,-4.3329269949145125e-16,2.375727400922863e-16
271,1.0351958852635743e-14,20.485884396936374,1.2626333061146386e-13,-2.501932038281862e-16,2.160856487317585e-17
272,0.0008798485944921157,20.477912780124345,1.1964562613739328e-13,-2.6155274414211335e-06,1.0699850021270512e-05
273,-0.0008798485944875684,20.47791278012434,1.217785118303995e-13,2.6155274408094266e-06,-1.0699850021113252e-05
274,0.0008798485944511855,20.47791278012418,1.1788758566115825e-13,-2.615527442300855e-06,1.0699850021056516e-05
275,-0.000879848594437543,20.477912780124147,1.3738048041462966e-13,2.6155274415273853e-06,-1.0699850021144303e-05
276,-0.0008125686874955061,20.512855601507205,1.2392706366119397e-13,5.728932710372787e-07,-3.5350057024701246e-06
277,-0.0008125686873269771,20.51285560150714,1.2039493102204464e-13,5.728932693309071e-07,-3.535005701391919e-06
278,0.0008125686875364991,20.51285560150721,1.235878201820783e-13,-5.728932712728758e-07,3.5350057026301414e-06
279,0.0008125686873315303,20.512855601507102,1.2150422781374942e-13,-5.728932686529012e-07,3.5350057012074014e-06
280,-1.254398637720531e-15,20.4858843969362,1.1600031548470528e-13,6.376464026930373e-17,-7.77502659592155e-17
281,5.805163000961339e-15,20.492889046693595,1.376104787691791e-13,-5.942783157936171e-18,5.054013985694895e-18
282,1.0355498453106789e-14,20.492889046693335,1.414074385750342e-13,6.835894697521105e-17,-1.2252702158947878e-17
283,-0.02116221420919216,19.286725029889862,2.325251287903481e-13,-2.6805508450663054e-06,7.805556552438203e-06
284,5.472103907758791e-15,19.31715237196768,1.952482567252273e-13,-8.022140627777017e-16,-3.81822213457352e-18
285,1.1884755016872693e-15,19.40927788346374,1.0988515090243379e-13,-3.576040496698e-17,-3.5451281602043824e-18
286,5.528287506642258e-15,19.515486899003726,1.4656771639943772e-13,-4.1747532069018987e-16,-3.0598533628873262e-18
287,5.552258792595584e-15,19.600108278845553,1.6496351667113702e-13,-4.887173475538262e-16,4.291114769548194e-18
288,1.878918527040366e-14,19.79036479129645,1.7853394885132505e-13,-1.0029468524218966e-16,-5.587083110641447e-19
289,-1.2639875884446202e-13,19.44438974994788,1.4447206707287379e-13,9.742423881520246e-15,4.3691611133623957e-16
290,1.3071628068449772e-13,19.44438974994791,1.4282033236255318e-13,-9.880984919163893e-15,-4.727662514331858e-16
291,9.840830887538412e-15,19.474393861272276,1.4688834006824113e-13,-5.756063215043433e-16,-9.189936900794735e-18
292,1.848919906969912e-14,19.47439386127164,1.466079782177737e-13,-1.0949022632521352e-15,-4.4770392956991524e-17
293,0.03188135185559455,18.719287725757763,1.935828652049904e-13,1.1695324211432809e-06,1.4581144828463961e-05
294,-0.0318813518555821,18.719287725757773,1.9911748542869938e-13,-1.1695324221871507e-06,-1.4581144828478623e-05
295,5.329577734127631e-15,18.814018685284037,1.3785503251691363e-13,9.143185183589804e-18,3.350725036331174e-19
296,1.169883305774861e-15,19.1056442819167,1.7278834173824785e-13,-1.2947133179594525e-17,4.2703963640765855e-19
297,-1.1573047522433708e-15,18.900220913476954,1.4333009184140987e-13,1.3216683658324987e-16,2.7743844791738906e-18
298,0.02116221420920071,19.28672502988985,2.432634467918827e-13,2.68055084474652e-06,-7.805556552440323e-06
299,5.372049506059523e-15,18.96394889562828,1.6691538908322223e-13,-2.831503451456124e-16,4.060815359585672e-19
300,1.1586913650989845e-15,18.9228660199122,1.6522147923550075e-13,1.1579079773865183e-17,-5.5121533304401996e-18
301,5.46813391969123e-15,19.30313786023532,1.5654938758006327e-13,-2.6933912217743213e-16,5.454584176728602e-20
302,-3.109396371422591e-14,19.246738348365763,1.8982445240956578e-13,2.1848842179927885e-15,1.3934581366927858e-16
303,3.964123253954257e-14,19.246738348365767,1.668073078333458e-13,-1.6566609195578508e-15,-1.627758037815166e-16
304,9.620523753976848e-15,19.038419710465686,2.3054655191116894e-13,6.36815251613544e-18,-1.6875410938367824e-18
305,-1.1657669879622715e-15,19.03841971046548,1.7998641030898059e-13,-1.7581947589452238e-16,-1.2242299535564411e-17
306,-3.903193464549035e-14,18.950910080883528,1.6131278496377497e-13,2.3162895212980317e-15,4.18366513307844e-16
307,5.165577667112908e-14,18.950910080883528,1.6383252337540384e-13,-2.8045599696768786e-15,-4.3296766725261365e-16
308,9.6302746377656e-16,15.727432014635685,1.6509732014951805e-13,-1.3943229789600143e-16,-1.0361242969044777e-17
309,9.636524811296138e-16,15.737639322628308,1.825640457472034e-13,-2.151859187369341e-16,-8.524386853532904e-18
310,-0.03188135185660026,18.71928772575766,2.087417456077112e-13,-1.169532414310205e-06,-1.4581144828345895e-05
311,0.031881351856600286,18.719287725757674,1.7859172830556053e-13,1.1695324144103854e-06,1.4581144828348651e-05
312,-1.1177834910000865e-15,18.254789736572715,1.5222806664260246e-13,-2.3679022108083623e-17,2.2838410792931017e-18
313,1.1177044374954023e-15,18.253498694866007,1.3914834398444605e-13,-2.5391569439854343e-17,-8.869348845580032e-19
314,8.19115540013973e-15,16.20978840752239,2.3472673603397204e-13,1.181615498423951e-17,4.326297206158274e-18
315,4.598579068221901e-15,16.233509825979585,1.8749342500837874e-13,9.280225255949967e-17,2.2971646885281667e-18
316,4.682309273552728e-15,16.529087022936388,1.5861981378814867e-13,6.610790142807801e-17,-6.759060156333567e-19
317,0.023647030624969232,16.468099534384404,2.3652495739702725e-13,-2.250070910643975e-06,5.4727725478801836e-05
318,-0.023647030624969208,16.468099534384386,2.1481720583017433e-13,2.250070909777047e-06,-5.4727725478802114e-05
319,-1.0404409966230525e-15,16.991690948728206,1.3268542576161281e-13,-5.450882824562687e-17,4.748314085989028e-19
320,1.0184063003221586e-15,16.631837049363337,1.5886329400614745e-13,-1.7846754455497755e-16,-1.4847434552005636e-17
321,4.647528661668343e-15,16.406307486822627,1.4724545601064189e-13,-3.337247409650608e-17,8.360242335297144e-18
322,4.744102551851858e-15,16.747224359615107,1.6418674947870665e-13,-2.4738810673228516e-17,-2.09850357340583e-18
323,4.746320907669444e-15,16.75505540925632,2.806767016716499e-13,-3.893209567974117e-17,-1.6988467586349542e-18
324,5.149125972207048e-15,18.17700333623932,1.4094546069669232e-13,1.6693304644972437e-17,4.9869457680387895e-19
325,1.1130204476907941e-15,18.177003336239025,1.1918728980637127e-13,-6.990450417126433e-18,-4.842745439803952e-19
326,-8.646690128150581e-15,17.11126337565792,1.898914957703338e-13,-1.0586725994552598e-16,-1.98716311706023e-17
327,8.64669012815037e-15,17.1112633756575,1.8783481022274766e-13,-3.9786831598428996e-17,1.6877660869633968e-17
328,4.6387315429319554e-15,16.375252651985857,1.7887537991304942e-13,-3.2288048916386675e-17,1.3467294465751341e-17
329,4.789278305823365e-15,16.906699935681704,1.8303231982003666e-13,-5.353248226647178e-18,-9.212224455219364e-18
330,1.0352367980188605e-15,16.90669993568158,1.6810110910195562e-13,-1.1013630599968766e-16,1.1772381538295486e-17
331,8.274768048589826e-15,16.375252651986056,1.7319371073072478e-13,7.04562005526127e-18,5.428025354021972e-18
332,1.2150275650594743e-14,16.70448311561023,1.5821161176423232e-13,2.6860092383791667e-16,1.875847105923254e-17
333,-4.731994942829732e-15,16.7044831156104,1.6607878800702783e-13,-1.0460518085411707e-16,-3.964151250841568e-17
334,-9.25561497314401e-16,15.115566348743377,1.660989191840864e-13,-4.5416720927669935e-17,-1.9678120820756003e-18
335,9.003250024818293e-16,14.703423111196969,2.0382911620824207e-13,-3.460725878676123e-17,5.033764950588442e-18
336,-1.7813649990118322e-14,15.206426577308509,1.9429490046832943e-13,-2.148346604780027e-16,-2.3318287642318854e-16
337,2.119015497179829e-14,15.206426577308509,2.0372644331580003e-13,1.8995222061946038e-16,2.179903346625578e-16
338,4.558052451227506e-15,16.090446234937186,1.675750056548833e-13,-6.671773593661112e-16,-1.2936413919081749e-16
339,4.558052451227484e-15,16.090446234937108,1.8603113997430594e-13,-6.189168101633502e-16,-1.3271238102197493e-16
340,0.009676130380389817,16.212545278288182,1.9733134595484227e-13,4.5009942398449685e-06,-3.7504508715112514e-05
341,0.009676130379922038,16.212545278288534,2.1875102667427418e-13,4.500994243770214e-06,-3.750450871369561e-05
342,-0.009676130380379018,16.212545278288182,2.2590458177991427e-13,-4.500994240091408e-06,3.750450871517067e-05
343,-0.00967613037993285,16.212545278288555,2.38999281253233e-13,-4.500994244118731e-06,3.7504508713788514e-05
344,1.0608339595486536e-15,17.324733307387035,1.5589987457368182e-13,-5.3908334611270277e-17,-1.1450877884724763e-18
345,5.107110154543072e-15,18.02868269658607,1.7949805351899071e-13,-7.141212225243269e-16,9.41216583714508e-18
346,4.926389587481333e-15,17.390718434662936,2.2456090583974608e-13,-4.138751408909589e-17,-9.721119527467156e-19
347,-0.01574742402118547,17.963977870222124,1.3601983324661875e-13,-8.864379463837876e-06,1.6496612161918327e-05
348,0.015747424021189456,17.963977870222124,1.3584411176160123e-13,8.864379463714711e-06,-1.6496612161917355e-05
349,5.084914103852173e-15,17.950328100167663,1.5340341215967893e-13,-7.499175054908591e-16,-4.869368418766788e-17
350,-5.080304191940408e-15,17.93405458410839,1.6053152781288194e-13,2.838542931520721e-16,3.001470513018474e-17
351,5.08030419194034e-15,17.934054584108154,1.4598339808429117e-13,-2.771385924297664e-17,-5.921448846449449e-17
352,1.0742717928182644e-15,17.544189778901384,1.9290202070323192e-13,6.001013761384148e-16,-6.535228656042342e-17
353,5.072213247761041e-15,17.90549262618864,1.742365441421897e-13,-5.654365763017236e-19,-5.214591644831475e-19
354,0.0019629187854125754,17.57032328819063,1.5818764054963739e-13,1.1447056572598535e-06,5.2528606837700454e-05
355,-0.0019629187854125745,17.57032328819062,1.7089486844753435e-13,-1.1447056573465897e-06,-5.252860683763577e-05
356,4.976651491317833e-15,17.568148701207807,1.584188412495007e-13,-8.684038075925454e-16,1.3703560614267346e-17
357,1.0954453698940437e-15,17.889980534089265,1.8113440323342008e-13,-2.9937981974615696e-17,5.362934058260704e-18
358,5.068464590361411e-15,17.89225943701687,1.7940899758729527e-13,-3.391673131335504e-16,6.110240541646777e-17
359,-4.986617222840623e-15,17.603328872777812,1.6092701787870755e-13,-4.845667755121838e-17,-2.538614488956775e-17
360,-5.069221621381139e-15,17.89493184306122,1.6267691996535989e-13,5.44320222778485e-16,5.2872506946115985e-17
361,5.0725004905160265e-15,17.906506625951682,1.6745772472398378e-13,1.1993986533120893e-18,8.208649231400628e-18
362,5.072500490515946e-15,17.906506625951398,1.6425108652045254e-13,-4.206153857828042e-18,-1.611410698979852e-18
363,-1.0779160402415882e-15,17.603704855833946,1.7847270918461163e-13,4.59986747946713e-16,-2.1912374092520754e-16
364,1.0941708714112785e-15,17.869166394311943,1.3822953621453088e-13,-2.418088910556916e-17,1.3175650909987234e-17
365,1.0943218868229815e-15,17.871632663146485,1.3694667118315572e-13,2.266391333626074e-17,2.9297284383205625e-17
366,8.91591365271198e-15,17.644040029778438,1.7355815931825378e-13,-1.5833440242095427e-15,1.4084865993378396e-16
367,-1.0805973711088897e-15,17.64749431201296,1.8251558611888388e-13,-1.618397378086327e-17,1.9815862459160258e-17
368,1.0792560310410517e-15,17.625588566311066,1.6863307186549759e-13,-2.2338808828346413e-17,-4.1818967200025e-17
369,-4.992357740266245e-15,17.623593555553196,1.7045897350446586e-13,-5.504587732967786e-17,-3.142308535503888e-17
370,4.975519518730523e-15,17.56415270856612,1.981750211849407e-13,-8.316128092556762e-16,-2.1565933683867797e-17
371,1.0956674431419273e-15,17.893607265454392,1.7425648963302508e-13,8.179299539778266e-17,1.169318726644966e-17
372,5.068846399083485e-15,17.89360726545463,1.7462559080748374e-13,-4.739432566529549e-16,-3.085097563048911e-17
373,5.0635872563720914e-15,17.875041890451815,1.5666789775551642e-13,1.931362174681893e-17,1.663498923896806e-17
374,1.0945306417883058e-15,17.875041890451364,1.5809402840047489e-13,-1.6945952901006346e-17,-2.306877688234836e-18
375,-1.9607645861072667e-13,17.56412556557091,1.6184380296336805e-13,-1.3159080352069183e-15,-1.2352886039575565e-15
376,1.92176439288666e-13,17.564125565570926,1.5854344328056434e-13,1.1243159588015736e-15,1.2479403115742203e-15
377,1.0742717928182638e-15,17.544189778901373,1.8773772050530224e-13,5.859147124724282e-16,-5.024853552996686e-17
378,-7.141289668706334e-14,17.59789963961472,1.7501454575252995e-13,7.328989845567513e-15,2.6668730700347976e-15
379,7.532041536005188e-14,17.597899639614702,1.6545206849457211e-13,-7.217100181367009e-15,-2.441306502115083e-15
380,1.082577482430708e-15,17.67983198395555,1.6649192435192523e-13,-4.3083361805356636e-17,-2.2791808567306782e-17
381,-1.083454769548818e-15,17.694159169862875,1.629546992572953e-13,-2.896789849086559e-17,-4.33062369189871e-18
382,5.0148270474646926e-15,17.702912778682265,1.8394703466996836e-13,-7.2525625461499245e-16,3.665267616281536e-17
383,5.006039654409503e-15,17.671892276611977,1.7856051751430146e-13,-2.0099234378203398e-16,6.211689505016229e-17
384,4.9931149815165215e-15,17.626266703735414,1.5944800451934495e-13,7.076774985852467e-18,1.0030666731781381e-17
385,-4.993114981516448e-15,17.626266703735155,1.594953153726589e-13,-4.942379013713719e-17,-1.7956997565756436e-17
386,-1.0845714188419588e-15,17.712395436742735,1.6388102434789104e-13,-3.7837557135802504e-17,-3.1749268959251636e-17
387,5.011075893070039e-15,17.689670774832603,1.7893889763888947e-13,-8.430716204513663e-16,2.9300689619683824e-17
388,3.2411643720806574e-14,17.638133748772397,1.8127309089733416e-13,-4.66613509983449e-15,-1.5401777956843866e-15
389,-2.849519128094555e-14,17.638133748772397,1.8108522831544287e-13,4.450053606858129e-15,1.848144575745947e-15
390,0.0005329848830385843,17.668827472255973,1.6719212345638327e-13,-6.634830761058407e-07,-5.4890642035897325e-05
391,0.0005329848829404953,17.66882747225573,1.665582015929609e-13,-6.63483074887848e-07,-5.489064202800895e-05
392,-0.0005329848830032695,17.668827472255796,1.6828244022083703e-13,6.634830754683298e-07,5.489064203324995e-05
393,-0.0005329848829915057,17.668827472255995,1.6742022418457439e-13,6.634830753164331e-07,5.48906420303267e-05
394,5.057180016376207e-15,17.852423600782867,1.666471423500741e-13,3.972500994110332e-17,1.1082322846298845e-18
395,5.055736477695142e-15,17.847327744211608,1.872325463328779e-13,1.4103174368592372e-17,-1.0112769122011493e-17
396,1.0930644941420795e-15,17.851097882313717,1.7269918061717434e-13,-3.3095483073356836e-17,-1.2417639987857482e-16
397,5.056804470898675e-15,17.851097882314363,1.7209721815846386e-13,3.569653596591758e-17,2.7351189844336645e-16
398,1.0852423952348573e-15,17.723353312815505,1.7231717896475352e-13,-8.887281440828933e-18,-6.086886137352669e-18
399,1.0852423952348664e-15,17.723353312815654,1.6979432624121672e-13,-8.440153923797069e-18,-6.421544749929054e-19
400,5.0554159456453856e-15,17.846196229432355,1.680056182863141e-13,-3.228406064345935e-16,6.281073414250283e-17
401,5.054685369049102e-15,17.843617210527068,1.5758497782466388e-13,3.801211432227817e-17,1.671466101255647e-16
402,1.516967885387859e-13,17.84893348304404,1.6335996573067546e-13,-9.536642309182497e-15,-5.2639430019193155e-15
403,-1.5169678853878589e-13,17.848933483044036,1.640951887816871e-13,9.690599017675439e-15,5.681692028208611e-15
404,5.055456162219701e-15,17.846338198537296,1.8606739824676699e-13,-3.65164046595049e-16,2.198014203834448e-17
405,-9.018085464903032e-15,17.846231707988064,1.8562694462344988e-13,8.05806159645539e-16,6.649967259829642e-16
406,9.018085464903067e-15,17.84623170798813,1.8137511982445333e-13,-8.289267709737924e-16,3.3977127904418316e-16
407,5.054229268854301e-15,17.842007124697492,1.7278627472830377e-13,-2.503796564289758e-16,6.019113426229672e-17
408,-1.0918618838756788e-15,17.83145776620452,9.61790845755394e-14,-1.2600781594257622e-17,-1.3715695976963367e-17
409,5.050831566522999e-15,17.830012847038528,1.520347833579034e-13,-3.6497859448357706e-16,8.040371328534309e-17
410,5.046789350180695e-15,17.815743361239104,1.6893453071509824e-13,-2.859142566275565e-16,1.621632210967807e-17
411,1.0909058492048816e-15,17.815844535165777,1.5609274091045522e-13,1.96617523666893e-17,-1.4702012914277218e-17
412,5.050668385402097e-15,17.82943679902668,8.197886744728444e-14,9.939405322241938e-17,-4.750152548279953e-18
413,5.031359652365745e-15,17.761274764010494,1.7092943230761113e-13,-4.1543577931034414e-16,-4.650105663052192e-17
414,1.0875644144261183e-15,17.7612747640107,1.5761500447192664e-13,1.410885839582543e-16,2.3382072531969553e-16
415,-5.05322818416438e-15,17.83847318129685,1.564355354013308e-13,-1.1956780610912748e-16,2.483773240079506e-17
416,9.01416491417128e-15,17.838473181296997,1.4952883850874654e-13,6.951599398116043e-17,4.383294916878518e-17
417,1.0905139236528034e-15,17.80944390516615,1.730570167139286e-13,-1.0497987336107146e-16,1.163188492939401e-16
418,-1.0913084219980339e-15,17.82241904780783,1.0625354755622898e-13,-4.8900166713273195e-17,2.0099626872866903e-17
419,1.0917648960671272e-15,17.82987383508872,1.6124840220379603e-13,6.053110703020613e-18,5.289467047043665e-16
420,0.0007351267970775249,17.77400605711433,1.8883873762523515e-13,-2.0064749252693935e-07,-4.06028827601545e-06
421,-0.0007351267970735785,17.774006057114338,1.88592879366857e-13,2.00647492461833e-07,4.0602882760596296e-06
422,5.033669047423312e-15,17.76942719257656,1.7381760714166558e-13,-3.603499896979361e-16,6.351045253814394e-17
423,5.0379696068569645e-15,17.784608659022542,1.7226937803898995e-13,-1.8499608683557437e-16,1.2958889362813366e-16
424,5.038910566947292e-15,17.7879303557131,1.348736945058426e-13,3.501564685063329e-18,3.8564634202610555e-17
425,5.038836821399839e-15,17.78767002549991,1.6927504644203126e-13,-1.204888261069974e-16,-8.02346774876256e-17
426,1.0879327750037031e-15,17.76729054877152,1.240897880634413e-13,2.7007645523203366e-18,-1.8517649211211455e-17
427,5.049389702483468e-15,17.82492290214333,1.6777499009237331e-13,-5.866465489388559e-16,-7.717089542329356e-17
428,5.0493897024835336e-15,17.824922902143562,1.636108503482803e-13,-2.32179354138929e-16,4.011108639854978e-17
429,-1.0879327750037175e-15,17.767290548771754,1.2225679736395618e-13,-1.893690384352758e-17,8.384111610115989e-17
430,0.00030567181383950087,17.795588074465893,1.5714214811380134e-13,3.8932904026763374e-07,-1.9787975530926756e-05
431,-0.00030567181383554885,17.795588074465858,1.6029260644233298e-13,-3.893290402395529e-07,1.978797553092911e-05
432,5.041139231454163e-15,17.795797796205996,1.7259197915465367e-13,-5.595289486122998e-16,-1.2920486588476738e-16
433,5.0355285682163006e-15,17.77599151355849,1.1501596143950217e-13,8.927650160134068e-17,9.101417290240042e-18
434,1.0884652291773553e-15,17.77598618532604,1.0024125203647064e-13,2.5537364856135928e-17,-2.764519654182311e-17
435,1.0897684245685318e-15,17.797268981183326,1.5116886708734425e-13,-3.902517858945186e-18,8.821692576871719e-17
436,5.049156208690703e-15,17.824098642361577,1.1759534292848698e-13,4.135082499597486e-17,5.079962848305837e-18
437,5.0491562086906724e-15,17.82409864236147,1.1673852121911065e-13,3.898638546327368e-17,1.12193739102401e-16
438,1.0898775181305426e-15,17.799050614256416,1.5987367365150595e-13,-6.837959340330038e-17,-4.7155912360423e-18
439,5.042060679813683e-15,17.7990506142562,1.5475084206570788e-13,-1.3319593095573873e-18,-4.8197207020174155e-17
440,6.826953129587731e-14,17.797105882999357,1.7695599695916805e-13,-5.017362393611169e-15,-3.815176287218564e-15
441,-6.431777995127777e-14,17.797105882999357,1.7602000632363187e-13,4.7608401596010985e-15,4.223538097339693e-15
442,0.00012518000796522398,17.779982346864124,1.1224552597574803e-13,3.404034412003015e-07,-2.8910710219123352e-05
443,0.0001251800080402354,17.77998234686418,1.0974169031726255e-13,3.404034409251852e-07,-2.8910710238056795e-05
444,-0.00012518000796522434,17.779982346864173,1.1231157687091787e-13,-3.404034406820529e-07,2.891071022005469e-05
445,-0.00012518000804023532,17.77998234686417,1.1040236347240055e-13,-3.404034403157552e-07,2.8910710238365468e-05
446,2.0827344365496533e-14,17.77903366631374,1.434668434607405e-13,-1.4114143881416297e-15,-7.125224317523348e-15
447,-1.6879605859111062e-14,17.779033666313733,1.40182804789975e-13,1.4244248142114557e-15,7.811790155172992e-15
448,7.054417762641577e-16,11.520738497913255,2.3648221890871143e-13,-4.749517871275972e-17,-4.615515525328708e-18
449,7.043934733375472e-16,11.503618411904124,3.193053653060587e-13,-7.705582393419516e-17,-4.6867098823973046e-18
450,7.017077951330035e-16,11.459757958320061,3.1835451392985245e-13,-1.0665798373388615e-16,-2.309287453612607e-18
451,-6.875111547833276e-16,11.227909226758273,2.90145039851188e-13,-3.3992478610307915e-17,-5.7383812395264784e-18
452,0.0016346063113642636,11.268585434303672,2.6823269105130856e-13,6.111850163967948e-06,-0.00013648910306939194
453,-0.0016346063113617606,11.268585434303665,2.698102656276788e-13,-6.11185016438561e-06,0.00013648910306922424
454,-0.0016346063109939479,11.268585434303667,2.7678215346677497e-13,-6.111850167526056e-06,0.00013648910304943718
455,0.0016346063109989536,11.268585434303677,2.873649600779503e-13,6.111850167091182e-06,-0.00013648910304961675
456,-6.735169859108783e-16,10.999367105353267,3.7185278181061405e-13,-3.147451585791224e-17,-7.086109424985647e-18
457,6.734724522625604e-16,10.998639815683315,3.1227798659808006e-13,-1.038502543865051e-17,4.2570699930658785e-17
458,-6.871795100072372e-16,11.222493056539703,3.160257443734816e-13,3.947851160562843e-17,2.7256461451459317e-18
459,-3.1790735470205433e-15,11.222493056539847,3.09515369249209e-13,3.118436498611432e-16,3.983476307533175e-16
460,6.709369751315751e-16,10.957232331782642,3.3889155660002187e-13,-1.4031498516754653e-16,-4.012019336305314e-17
461,3.0557154268475808e-15,10.787024789878844,3.838216695540924e-13,-6.407822906661302e-16,1.0854676227373924e-16
462,6.577782433346988e-16,10.742333933223353,3.5046947647517234e-13,-3.78940268750381e-17,9.919070898018088e-18
463,6.574837100271715e-16,10.737523839280637,3.8215081858901387e-13,-8.258930144236093e-17,-2.6680209692876548e-17
464,3.019275196236489e-15,10.658386609930174,3.6003507768356857e-13,1.1267617267145338e-17,4.883230951564101e-19
465,-6.516160693353376e-16,10.641697994703748,3.5933346337979794e-13,1.3715575344925116e-16,-2.671350594690679e-17
466,-5.858498442020125e-14,10.868588641830025,3.425968994629056e-13,-9.49002161576562e-16,4.5656769922901297e-17
467,5.858498442020121e-14,10.868588641830017,3.375570800646997e-13,9.039535613097893e-16,-3.488928709740463e-17
468,-6.407625804201936e-16,10.464447069413279,4.0553850585751335e-13,3.111295848211594e-16,6.865639727014764e-18
469,2.978980175514693e-15,10.51614058020642,3.427963767310612e-13,2.7666232940247286e-17,7.060255620025115e-18
470,3.0084534810723183e-15,10.620184718249002,3.9487708161547253e-13,-8.162890394007583e-16,-9.728046344273551e-17
471,6.502987610778876e-16,10.62018471824939,3.9022407041934923e-13,-7.81370953183147e-17,-4.533344156506657e-17
472,2.987226591838809e-15,10.5452513725709,3.571650799074855e-13,2.5049305349151424e-17,4.957824130111309e-17
473,2.987226591838868e-15,10.545251372571109,3.543158933805337e-13,2.6388464438760473e-17,2.563343382795677e-17
474,-6.42055591889303e-16,10.48556354920173,3.793677493830914e-13,2.1321470996637885e-16,-1.2195927128680199e-16
475,6.420555918892846e-16,10.48556354920143,3.647935624247968e-13,-1.55163730442779e-16,4.6301295821312815e-17
476,-6.211597214059189e-16,10.144308086844216,3.837111679554518e-13,-2.0954218686532102e-17,6.737551525366921e-19
477,-6.211597214059378e-16,10.144308086844523,3.7281529039729716e-13,-2.435553242579095e-17,-1.7399095675452696e-17
478,6.084356311314631e-16,9.936507923020411,4.1450879221015197e-13,-4.895013840290524e-18,9.875886976832684e-19
479,-6.033906400531213e-16,9.854116966185277,4.0026819599543563e-13,-3.047813959940357e-17,1.348980813277932e-17
480,5.678370285260796e-16,9.273482426466632,3.494118853628775e-13,-1.2037104906436288e-17,1.9904573321269242e-16
481,5.674387167693192e-16,9.266977501829787,5.530225340021995e-13,-7.55471903327673e-17,-6.635922599469712e-17
482,5.659701245596256e-16,9.242993570941042,5.290871493776083e-13,-4.802058414445918e-17,6.200057184765109e-18
483,2.590657093364965e-15,9.145315706650477,4.744879135965658e-13,2.95537001255072e-17,2.897008102746437e-17
484,2.6019987859622856e-15,9.185353178115122,5.121366632188969e-13,-3.8635448361586795e-16,-8.635694313844623e-18
485,-4.69093416003609e-15,9.283067705748405,4.770653954785301e-13,9.98035204827219e-16,1.4337874928939311e-16
486,1.087469946368203e-14,9.28306770574864,4.717051849760625e-13,-1.9846049716804037e-15,6.359131615247182e-17
487,-5.672659107667303e-16,9.264155365639839,4.439376885300039e-13,-2.5017806311425405e-17,-3.805640449855379e-17
488,4.681377347022086e-15,9.264155365640118,4.1336762486955313e-13,4.757741713080042e-17,-1.1887593239245342e-16
489,5.629851385463351e-16,9.194245049892055,5.399601264646129e-13,-3.620504690184578e-17,-4.2324168422766005e-18
490,5.629851385463467e-16,9.194245049892244,5.446534183584963e-13,-1.8256101112171935e-17,-3.4392965494983014e-17
491,5.566696576043635e-16,9.091105418998174,5.109302760695785e-13,-7.461098090173622e-17,-4.677962869399304e-17
492,2.5595277836227167e-15,9.035425684519762,4.822806901740527e-13,1.7392758431360647e-17,1.9827558250527022e-18
493,5.52274525633721e-16,9.01932746679673,4.691724969950632e-13,-3.203478606515764e-17,-3.36205905610953e-18
494,2.554967529688022e-15,9.01932746679651,4.400908814826947e-13,2.4658082006638344e-17,-3.6432382603954953e-17
495,5.467147459556225e-16,8.928529374122672,5.532049101244618e-13,-1.013135243061153e-16,4.408093645168918e-17
496,5.435880993060676e-16,8.877467359315924,4.73600672848831e-13,-2.816490448517276e-17,-1.5659534214462136e-18
497,2.5161790371370293e-15,8.882399653743825,5.009851480892401e-13,-4.372608470312479e-16,-3.5943268949462557e-17
498,2.501926827975814e-15,8.832087726074835,5.381430119074854e-13,2.298882888582355e-17,-6.429525622591094e-17
499,2.4946171862321396e-15,8.806283855072525,5.506736576930712e-13,-4.435330430755171e-16,-1.3484173727011678e-16
500,-1.8279769783121777e-14,8.875252446632617,5.587874701960337e-13,4.216662148571679e-15,-6.595879441587127e-16
501,5.360853566200278e-16,8.754938272704772,4.496058517755108e-13,-1.1961712605877473e-17,-5.383884088722338e-18
502,1.8279769783121822e-14,8.875252446632638,5.551215292062255e-13,-4.0312737414720246e-15,5.708544666702467e-16
503,8.960487213720245e-14,8.72042764805084,5.167244630018928e-13,1.8703029576461194e-15,-7.184829920142514e-17
504,-8.573222431342491e-14,8.72042764805084,5.192035293190768e-13,-1.7976072019809664e-15,9.742700014261051e-17
505,-8.56322978471847e-14,8.710263424202088,5.97768377980086e-13,1.7387838131127653e-14,-1.3915307979246033e-14
506,8.756636484800458e-14,8.710263424202086,5.923815591796971e-13,-1.7149964174484333e-14,1.3982365883614262e-14
507,2.440703490258243e-15,8.615962344805324,6.174993414159274e-13,-3.9665479522550976e-16,-1.1001051723443394e-17
508,2.4402956306160233e-15,8.614522553641278,4.425314035290136e-13,3.0716157513249373e-17,-1.934724152561701e-18
509,5.267702955941404e-16,8.602811781501382,5.652919537806127e-13,-1.7020258707592945e-17,-2.5380626914461778e-17
510,-6.858822785214996e-14,8.515159070073816,5.405330031682869e-13,-1.617304380696627e-15,1.1947755474859753e-15
511,7.047897298373835e-14,8.515159070073821,5.293891211321808e-13,1.6039686939750553e-15,-1.192436042485659e-15
512,2.3693496695716018e-15,8.364075200525852,6.409588312795958e-13,-4.228169141495128e-16,7.371581449469297e-18
513,-5.100441456826323e-16,8.329653023839118,5.935344077861619e-13,1.666429273907872e-16,-1.0226952214743332e-18
514,2.345447652263651e-15,8.279698346921073,6.857612541594262e-13,-3.9438630720486195e-16,-2.560893058540861e-17
515,2.3371872213241836e-15,8.250538081362235,6.206436630642958e-13,4.1070947742693375e-17,-2.0097708899543316e-17
516,2.3311769679681115e-15,8.229321199915821,5.570260893103854e-13,4.637147236119435e-17,9.50726172279139e-18
517,-5.034877918798981e-16,8.222579640602431,6.819852473973559e-13,1.4307789377444023e-16,9.815664540759557e-17
518,-0.01154975668813922,8.298160254610925,5.423648764287474e-13,-5.73959449373879e-06,-0.00021751867996475766
519,-0.011549756688388277,8.298160254611146,5.731962649791671e-13,-5.739594477784972e-06,-0.00021751867997013937
520,0.011549756688144744,8.298160254610922,5.413039376460536e-13,5.739594493653789e-06,0.00021751867996477103
521,0.011549756688386426,8.29816025461114,5.655190463709703e-13,5.739594478127146e-06,0.00021751867997012045
522,2.3236437538099258e-15,8.202728092731213,7.39257357840062e-13,-3.295478636430801e-16,-2.9435680437542276e-18
523,5.034877918799188e-16,8.222579640602769,6.972675949214813e-13,-5.063504725171084e-17,1.1210973394811257e-16
524,4.952371187318954e-16,8.087835922597417,6.709082842238454e-13,-3.3080652561055485e-17,1.2175024483870072e-17
525,1.7538945407714094e-13,8.120047910864042,6.574312818421235e-13,-3.6596160130075717e-14,1.036260107670911e-17
526,-1.7538945407714094e-13,8.120047910864042,6.606283695184822e-13,3.6860271779293186e-14,-1.7284554321671253e-16
527,2.281967008218753e-15,8.05560441625809,5.56722727342717e-13,1.6983874379650877e-17,7.985934316219325e-19
528,2.2833498987225734e-15,8.060486177830303,6.106452447557718e-13,-2.3657214483068996e-17,-7.215385270977021e-17
529,4.909589554020793e-16,8.017968213266128,5.652394367089603e-13,-1.3815319454423453e-17,-2.3642709094845777e-17
530,4.922126657529607e-16,8.03844285708595,7.10325696585046e-13,-4.12712366895992e-17,2.10399834571971e-17
531,2.273915519207616e-15,8.027181739592754,5.872325372691314e-13,-1.0429258038061374e-16,3.54317012901485e-17
532,2.2784100480509e-15,8.043047940229554,7.294691319368698e-13,-3.093528643147949e-16,-3.8319564024257335e-18
533,4.931604241530187e-16,8.053920926366299,6.516067859184779e-13,-2.4908443108278544e-17,2.3701892134402438e-17
534,4.931604241530485e-16,8.053920926366786,6.696093501371493e-13,-3.49839297943705e-17,-9.72202744726437e-19
535,4.89010577133428e-16,7.986148781410219,6.907780672284915e-13,-4.8667247737503894e-17,-2.2954408069586038e-17
536,-2.173174917602817e-15,7.671555899139621,7.285892905760617e-13,-6.192370814046596e-17,-1.6174581542162485e-17
537,-4.867374047332833e-16,7.949025058852379,6.294534293731037e-13,-2.175275932693328e-17,1.233406806729984e-17
538,-0.02411952020044623,7.698552533695629,6.424769185896037e-13,8.603644142380859e-06,-0.0002258508519117916
539,0.02411952020044793,7.698552533695626,6.092439024160088e-13,-8.603644142971532e-06,0.00022585085191175765
540,4.807168996397188e-16,7.850702749142243,6.478815031290135e-13,-5.99946517616021e-17,-1.734928451303993e-17
541,4.823202109731104e-16,7.876886810285553,6.591161269533892e-13,-8.818895487013402e-18,4.2045295965434843e-19
542,2.2448426116845213e-15,7.924551052386055,7.095757009646656e-13,4.194746501528717e-17,1.3088199649486674e-17
543,4.914188792165911e-16,8.025479339165155,7.784627320414217e-13,-3.905795974731667e-17,-2.690146861977606e-18
544,2.2734332684156105e-15,8.025479339165477,7.771607207767311e-13,-3.3817705715833216e-16,-6.953867858227908e-17
545,1.9519586197130954e-13,7.9716881013488505,6.505336444609886e-13,5.7147754410624696e-15,-4.788514420053791e-16
546,-1.951958619713095e-13,7.97168810134885,6.43502621082396e-13,-5.955305693028379e-15,5.538892437696903e-16
547,2.237251506810351e-15,7.897753584355885,6.817488325405587e-13,-5.325168168835805e-16,-1.9642133610517474e-17
548,4.761618601494333e-16,7.776313308963135,5.4294151821534e-13,5.229753231761776e-17,1.3350964236233813e-17
549,4.839620824758884e-16,7.903700606784611,7.943315486473741e-13,-2.75946104438787e-17,-2.0096702395799583e-18
550,-2.2135597049079e-15,7.814118815164603,5.510464545083301e-13,-4.370059147423395e-17,7.049102159827293e-18
551,-4.774301476020627e-16,7.797026014920681,6.230336498498382e-13,2.143555653908589e-17,2.5309731248484664e-18
552,4.839594642783489e-16,7.90365784837392,7.76027514354316e-13,-2.6438791797331923e-17,-5.439834222572901e-19
553,2.243903468044714e-15,7.921235767973492,7.108730783316389e-13,-3.0855716202579653e-16,2.2097064655725166e-17
554,2.243903468044773e-15,7.921235767973699,6.970924204714006e-13,-3.441223814151101e-16,-2.1567596271797324e-17
555,1.8571774228126146e-13,7.870076000010266,5.975519136956705e-13,3.8634324689076904e-15,-1.767948343332857e-16
556,-1.8222272644895695e-13,7.870076000010266,5.847753977652501e-13,-3.8739492299808e-15,1.8877992702046043e-16
557,2.1923275924660888e-15,7.739167030964071,6.437079140642259e-13,3.11856355355352e-17,5.177948140768e-17
558,4.738873066268569e-16,7.739167030964286,6.048745022445566e-13,1.9668105035244854e-18,-1.1028170449903978e-18
559,5.666611185480949e-15,7.790589579419229,7.009988070911219e-13,-1.177803336563604e-15,-5.36338668163022e-16
560,-2.206894414890516e-15,7.790589579419169,6.980338519845257e-13,5.011749953302662e-16,4.792541002926801e-16
561,4.780412637801642e-16,7.807006299497866,5.912555648298746e-13,4.2295319671722606e-17,-6.935043543591917e-17
562,4.780412637801776e-16,7.8070062994980844,5.929349161326701e-13,4.323478508934603e-17,1.2626041856617562e-17
563,-7.781289224868597e-14,7.91489667245208,7.103395051472557e-13,1.0960416602090461e-14,-6.197391944518394e-15
564,7.429797203937185e-14,7.914896672452081,7.086045082121923e-13,-1.046992353925802e-14,6.189623381842651e-15
565,2.1580682867659727e-15,7.618227765277136,4.5366490013538303e-13,8.112228196335332e-17,2.477499599536468e-17
566,4.680153636680918e-16,7.643270925036384,5.350442128985488e-13,8.512681119905718e-20,-3.9267388643525296e-17
567,2.1651624365528843e-15,7.643270925036772,5.474641132920453e-13,4.50265774101441e-17,-1.2834934078044763e-16
568,4.659248860814612e-16,7.609130835206629,7.399766482973562e-13,-6.653287689385973e-17,7.381881012938004e-18
569,4.631501165555388e-16,7.5638154099288375,7.481117178607451e-13,-6.38493575683585e-17,-2.0761085966047396e-17
570,4.610254622855211e-16,7.52911717250239,5.189891209400583e-13,-3.300721886133236e-18,2.595857949337737e-17
571,4.60660497172878e-16,7.52315683989225,5.921054356009935e-13,2.107990205554537e-18,-8.257453000106572e-18
572,1.7482670260297352e-13,7.6237582505905035,7.117165593358541e-13,-3.765347408868358e-14,-3.4468098270316536e-14
573,-1.7313388821417722e-13,7.623758250590504,7.092072091652773e-13,3.659052227877879e-14,3.4446985127073275e-14
574,2.120732977242418e-15,7.486429854440959,6.269144936189316e-13,-2.253874413823948e-16,-2.0701725687737675e-16
575,2.117568297092453e-15,7.475258171721497,6.435188917895589e-13,2.8847632523974775e-17,-1.2328059973961725e-17
576,-4.558738281288855e-16,7.444984602030277,7.393548627699743e-13,1.5459926190107434e-16,2.0531285778106035e-16
577,-0.006661601279053231,7.428887337187437,8.506578042734165e-13,-5.872505955668069e-06,0.0006607456623859866
578,0.006661601279053231,7.428887337187437,8.463959857497264e-13,5.872505955789933e-06,-0.0006607456623858789
579,-2.1027196875983465e-15,7.422840882696191,8.030810527762667e-13,4.130031918449805e-16,1.0398582957684641e-16
580,-3.7426756898940627e-13,7.4163264932399535,6.706309444122976e-13,-8.320817992957252e-15,8.63243802612032e-15
581,4.550187785563111e-16,7.431020582801717,7.40076792938773e-13,-3.9406513805111815e-17,-9.608932336065915e-17
582,4.550187785563413e-16,7.431020582802211,7.2589403983708e-13,-5.109726254311567e-17,3.947167247632384e-17
583,4.509152068054582e-16,7.3640041703355275,7.252660861723063e-13,-3.0134278048519913e-18,8.933080674335371e-18
584,3.742675689894062e-13,7.416326493239952,6.70276281165428e-13,8.025481321172201e-15,-8.945518344084455e-15
585,1.028590015863463e-14,7.381342220100321,6.936580602005136e-13,-3.6777492943423917e-16,3.5819077810583637e-16
586,-1.3563874592792985e-14,7.381342220100918,6.876551672667316e-13,4.89459682636792e-16,-2.476793192285763e-16
587,-3.742761352158818e-15,7.4066925378209625,7.056391060706433e-13,-1.128950923088949e-16,3.824212937625685e-16
588,5.3873774705202735e-15,7.406692537820718,6.879952529165951e-13,1.2181265517758819e-16,-7.511507234492449e-16
589,-2.7210792160270637e-13,7.370076615683996,7.131205683575394e-13,-3.650020823781075e-15,3.86883608912492e-15
590,2.786538646042932e-13,7.370076615683991,7.052413887095375e-13,3.4200615429968995e-15,-3.809159097510167e-15
591,2.064624188895664e-15,7.28835941715194,7.346379727536947e-13,-1.206572836936182e-16,3.594009923304588e-17
592,-4.451912664074432e-16,7.270525129652121,7.064148834950772e-13,-1.907686805959833e-17,1.3438482335516112e-17
593,-0.0050130584975305575,7.254256154989392,7.811425480697905e-13,-4.3211619368138405e-07,0.00010338629979812682
594,0.005013058497530578,7.254256154989421,7.801131075613753e-13,4.3211619446916535e-07,-0.00010338629979807882
595,-4.452372076137426e-16,7.27127540648837,7.62004331001483e-13,9.271888142811429e-17,2.557019349907707e-17
596,1.384168567601037e-13,7.3100968092182255,8.496745867407153e-13,-2.483999334348952e-14,-7.866769369713374e-15
597,-1.4166319187603684e-13,7.310096809218223,8.486006997671691e-13,2.5396947999495323e-14,8.038871218002397e-15
598,2.0489933737646107e-15,7.233180852805512,7.457508168039029e-13,-5.651460711609816e-16,-2.4220019570254058e-16
599,1.9731108175572895e-15,6.965306754407481,8.771017320619122e-13,5.112957552656444e-17,-5.491419152679056e-17
600,1.9746214831301155e-15,6.970639576580685,9.748438960245416e-13,2.9268835491691473e-17,-4.890481727159258e-17
601,-4.42743092654593e-16,7.230543418116112,7.639956898443725e-13,-2.5208652204178113e-17,-8.60486920534303e-18
602,-4.288843763305563e-16,7.004213404700233,9.488193705459245e-13,1.4194593709406077e-16,-4.8595286310365364e-17
603,1.9838076617777957e-15,7.003067837382119,8.388102373510238e-13,5.2461210420318055e-17,-2.5859519788969554e-17
604,2.0322139036617295e-15,7.173947405092896,7.31964920537175e-13,3.360916252478342e-17,-1.8442206858968732e-19
605,4.397155844299576e-16,7.181100456655825,8.47380141119851e-13,-2.2521433225100195e-17,8.26628921489217e-18
606,-0.024661138959007206,7.227338419205057,7.550001669403457e-13,-9.807464130502067e-06,6.513637837032363e-05
607,-0.024661138960629565,7.227338419204556,7.516021744321686e-13,-9.807464089786589e-06,6.513637837987052e-05
608,-2.0277371914693136e-15,7.158144099270482,9.522547785913981e-13,4.1047943319115897e-16,5.986066048638563e-20
609,-2.008618274855059e-15,7.0906521379243435,1.010940542698392e-12,5.204123572569905e-16,-4.5464850769357224e-17
610,4.348443856710869e-16,7.1015477437877195,8.836904851716387e-13,-1.1018640962399534e-16,8.046368867973107e-17
611,0.02466113895901039,7.22733841920505,7.687954270618136e-13,9.807464130264789e-06,-6.513637837040708e-05
612,0.024661138960631167,7.227338419204556,7.59802064868504e-13,9.807464089714706e-06,-6.513637837982122e-05
613,-5.190609997470504e-15,7.136172014189613,9.33494024539716e-13,1.5326178861781723e-15,1.6982993952560457e-16
614,-6.774777996786489e-15,7.135771243239904,8.281393141976649e-13,-1.9062886113718748e-16,1.3261044166400816e-17
615,4.3203725032143845e-16,7.055703744495794,9.061840892685104e-13,-3.7830897114278475e-18,-2.8068369666926745e-17
616,-4.320253770323639e-16,7.055509838970008,9.506386363195467e-13,1.0290152126630465e-16,5.164858477579786e-18
617,2.0360214207009657e-15,7.187388375521382,6.863326520548978e-13,1.6039521768325838e-17,-6.072264055324812e-17
618,2.036021420701114e-15,7.1873883755219055,7.307102263727834e-13,2.8068501350080174e-17,1.2219558686164103e-17
619,4.310953941830234e-16,7.0403220664630615,9.825756327852482e-13,-8.02445132910834e-17,-3.240467476531175e-17
620,1.9943609259758953e-15,7.0403220664634185,9.762450173761957e-13,-4.2144293697227164e-16,-9.304940400384411e-17
621,-5.1776472073234704e-15,7.118350467142512,8.657169545372702e-13,5.390111100511685e-16,-4.1889293104967277e-16
622,-5.177647207323705e-15,7.118350467142833,8.543110674198432e-13,5.393702520208044e-16,1.526911420080702e-16
623,0.003414577077213657,7.131821888718761,8.184992320021269e-13,-5.195068638536634e-07,-6.525755607942312e-05
624,0.0034145770791700497,7.131821888720156,8.259042213884022e-13,-5.195068573317536e-07,-6.525755612336181e-05
625,-0.003414577079160543,7.131821888720145,8.405887402632194e-13,5.195068563863293e-07,6.525755612291455e-05
626,-0.0034145770772136632,7.131821888718774,8.210067802497499e-13,5.195068633737955e-07,6.525755607917868e-05
627,-1.9317217790374844e-13,7.057106007558653,8.490726235422809e-13,-5.747138875911162e-15,3.4094499142336976e-15
628,1.9317217790374842e-13,7.0571060075586525,8.56775335379009e-13,5.434834440126712e-15,-3.540240271619234e-15
629,-0.0023731579225472164,6.953447751700267,8.776917917062436e-13,-4.2502395435894675e-07,4.8366676983679934e-05
630,0.0023731579225472203,6.953447751700279,8.899327361096494e-13,4.2502395413755267e-07,-4.836667698372561e-05
631,1.9686563446439155e-15,6.949581955782507,8.760774649733865e-13,5.865368862531225e-17,-5.784719503823175e-17
632,-1.9676084281574654e-15,6.94588269078625,1.025603108706385e-12,1.6518462306822342e-16,-1.733205787004643e-16
633,-4.265020310931974e-16,6.96530675440698,8.170064603269847e-13,-3.1739517328061935e-17,1.3353502537604872e-17
634,-1.9640654344031565e-15,6.93337551779418,1.1556660767634935e-12,5.610359610776756e-16,3.7431834239734003e-17
635,-0.010332616810455593,6.767449930447196,7.856792654157609e-13,8.29126780704792e-08,0.0006119050144845145
636,0.010332616810454076,6.767449930447188,8.049313183876541e-13,-8.291267820838971e-08,-0.0006119050144844233
637,-1.9598278783872655e-15,6.918416460615524,8.380378736792558e-13,-6.08531214013136e-17,-1.2120620246208946e-16
638,1.9594529360997602e-15,6.917092871476771,7.754394551722875e-13,-1.8663472849886236e-16,-7.261122388225708e-17
639,3.4306264727144976e-14,6.935863908523253,1.0146350738626543e-12,-5.503464437645045e-15,4.945147752660056e-16
640,-3.430626472714498e-14,6.935863908523254,1.0190631110738553e-12,5.5953912293446595e-15,-4.3748489396032084e-16
641,1.961057948421e-15,6.922758748457711,8.955323768969902e-13,-2.576411645333933e-16,-6.563795951127502e-17
642,1.9610579484213043e-15,6.922758748458784,9.149409137298831e-13,-2.6320362989801227e-16,3.1000020176545244e-16
643,1.9566240144771697e-15,6.907106454743263,1.0309047930515707e-12,-3.407500259688603e-16,-1.2404099283864616e-16
644,3.4873931664718e-15,6.90133473983207,7.846180157074976e-13,5.507012417443054e-17,-1.5319963262741176e-16
645,-0.0038877379874101884,6.891401242099404,8.662624402131454e-13,-1.2540282747787977e-07,-0.0005205307542418035
646,0.0038877379874071214,6.891401242099392,8.662186694508353e-13,1.2540282754228138e-07,0.0005205307542414939
647,-0.011087453376409928,6.904903747411014,9.418688828208728e-13,-2.6047941690406605e-06,3.6958245524560367e-05
648,-0.01108745337680468,6.904903747411462,9.537322773233576e-13,-2.6047941605286977e-06,3.695824551056251e-05
649,0.011087453376408402,6.9049037474110175,9.383400449448943e-13,2.6047941683825498e-06,-3.695824552457782e-05
650,0.01108745337680318,6.904903747411482,9.524318504533712e-13,2.604794161095627e-06,-3.69582455105629e-05
651,-1.945817978926873e-15,6.8689599138915804,9.260624451468542e-13,2.6481474100610047e-16,1.223716812560659e-16
652,-4.2174573173936205e-16,6.887630491224047,1.0275564184165243e-12,1.2589435272852883e-16,-1.6296366129691461e-16
653,-0.002501141520316628,6.872655236894495,8.911420734696911e-13,1.0373598403122346e-06,6.875325664203833e-05
654,0.0025011415203181468,6.8726552368944756,8.93761065326769e-13,-1.037359839969193e-06,-6.875325664214169e-05
655,4.153006185122761e-16,6.7823738044540605,7.961948091690799e-13,1.4153474670774629e-18,7.975454741497342e-18
656,3.4605198191100767e-15,6.84815405246189,7.286153436429637e-13,1.3290106505346372e-16,-3.0047474443471285e-17
657,-4.156668169875412e-16,6.78835427940439,4.588303550968845e-13,-3.742884792160455e-17,3.0893655967969163e-17
658,3.4418176424909825e-15,6.811143605101747,1.0671729845509534e-12,1.588012917137017e-16,2.609354194640947e-17
659,-1.9399988412251733e-15,6.848417692553675,1.0229863540160897e-12,4.471131415593872e-16,5.990974152950391e-17
660,-1.9357999285398268e-15,6.833595050749592,1.0256742377338813e-12,4.0788588426767967e-16,1.6078259589025667e-17
661,3.4546726415478024e-15,6.836582850789406,1.1562248579324834e-12,-4.864307105967182e-16,-8.886139313766523e-17
662,-3.433699889627352e-15,6.795079075760531,1.1355525737780002e-12,8.040925450293089e-16,2.4488127128049777e-16
663,1.9491976150048135e-15,6.8808904156108195,1.041147251568545e-12,-2.056998601281183e-16,3.2067153311654594e-16
664,4.213330211381264e-16,6.880890415611666,1.0206922054184937e-12,-2.5264875234227643e-17,8.45932585281368e-16
665,7.662500302265455e-05,6.802231251801843,7.393773384217178e-13,6.514319958103847e-07,-2.6360239643564716e-05
666,-7.66250030211442e-05,6.802231251801848,7.396025555533324e-13,-6.514319958472476e-07,2.6360239643766323e-05
667,-1.9270897711645456e-15,6.802847199459057,9.90067479023289e-13,2.9666685471150166e-16,-3.2777783059857264e-18
668,1.926982890626268e-15,6.802469898940223,1.1464669380995106e-12,-3.8182991959847547e-16,5.3244532186368306e-17
669,-4.1562187029183667e-16,6.787620244158704,9.015748027385278e-13,-2.5318238309904664e-17,2.073594888393651e-17
670,3.4299307812826385e-15,6.78762024415885,9.180101720525747e-13,1.0790860934840885e-16,-8.761124353664877e-16
671,1.9504605100287264e-15,6.885348579420929,8.430342779767395e-13,4.051993861427759e-17,-3.5302745054783136e-17
672,3.4793150151170835e-15,6.8853485794203575,8.024769873942036e-13,9.238037784286939e-17,-1.962078236327294e-16
673,1.9407163731017723e-15,6.850950662107187,9.73719586385947e-13,-1.1941571075553613e-16,-2.6939303860994235e-17
674,3.4619330062300247e-15,6.850950662106753,9.61680030601791e-13,-2.205034284775021e-16,-8.150373364629532e-17
675,9.745981142120233e-14,6.828700739039462,7.21214028566041e-13,3.200347972742712e-15,-4.3174963387446197e-16
676,-9.594353526345115e-14,6.828700739039469,7.242664110024865e-13,-2.935423171895879e-15,4.0527646614097607e-16
677,-4.18687640257939e-16,6.837688067276959,1.0474358117716833e-12,1.3594116473778992e-16,3.829712067425162e-17
678,-1.9369593857571865e-15,6.8376880672774325,1.097071421179806e-12,5.023074783807452e-16,-1.3831875975095314e-17
679,0.0016587978113500718,6.798152903783055,8.987472029911344e-13,-7.442003401417251e-07,-0.00015765395586101578
680,0.001658797811090513,6.7981529037833575,8.901481254213129e-13,-7.44200342935172e-07,-0.00015765395587272223
681,-0.0016587978113425212,6.798152903783041,8.947918529897791e-13,7.442003403522772e-07,0.0001576539558614331
682,-0.0016587978110905138,6.798152903783361,8.861574527097653e-13,7.442003429943694e-07,0.00015765395587216834
683,-1.9273584157617546e-15,6.803795545598982,1.0727396974585178e-12,3.330130149162779e-16,2.7825308740384966e-16
684,4.1661232184851045e-16,6.803795545598489,1.1162716945951573e-12,-4.3158869761448365e-17,1.3892595002523646e-16
685,-1.8838889679689085e-15,6.650343425410054,9.154991763411e-13,7.144633537835413e-17,1.7291406268697747e-17
686,1.8856130076530545e-15,6.656429482589406,1.0697972393501082e-12,7.074274514977899e-17,1.0105352396258628e-16
687,1.885948406916052e-15,6.6576134803310385,9.921543036817137e-13,3.0528474967248076e-17,3.819928877975937e-17
688,4.089425889501227e-16,6.678539301859842,9.49995771935751e-13,1.2994556208395287e-17,8.68449724645362e-17
689,-4.081344923777773e-16,6.665342083316372,8.238415322921745e-13,-4.472773359844094e-17,7.42842468437203e-17
690,1.8881377419580024e-15,6.6653420833165695,7.881581179939633e-13,1.4326132934708e-17,-8.110134005679033e-17
691,1.898935087026942e-15,6.703457945775557,1.0158710014285908e-12,-2.091915146731827e-17,2.679197569029111e-17
692,1.902233385366104e-15,6.71510131597828,8.654864396094691e-13,7.208282805901239e-17,-9.92622046088379e-17
693,1.9058165870588797e-15,6.727750427589757,8.339830150694975e-13,-2.0551602750878452e-16,-1.0780086411054014e-16
694,4.893537958515376e-15,6.7277504275894,8.253484521410876e-13,-6.099009914727754e-16,3.5520522519478137e-16
695,-1.912607104566566e-15,6.7517217306921165,6.698835384554419e-13,-5.058971867028398e-17,3.016113586670941e-17
696,-4.1317522163912247e-16,6.747663439398056,8.720958431016502e-13,-3.26285296914033e-17,-2.4666735970206874e-17
697,1.9114574842074833e-15,6.747663439398555,9.135253802980708e-13,5.4870159048423135e-17,1.3921251185920443e-18
698,1.91467520188052e-15,6.7590223506377765,9.652349389628745e-13,-2.939149435423767e-16,-7.362432041997148e-17
699,-1.915158913600161e-15,6.7607299083066215,3.3497961962758444e-13,-9.900172019404629e-17,-2.3287440981567715e-17
700,-4.1397625811465523e-16,6.760745357810621,9.357901532569525e-13,9.720409467577199e-17,6.909982099591136e-17
701,-1.3921400099145027e-14,6.759162820779674,4.735269562291988e-13,-6.5721625190640065e-16,1.1233325535498113e-15
702,1.542223573730896e-14,6.759162820779652,4.843761811502052e-13,7.851656607868462e-16,-7.822366208552409e-16
703,4.139502548861449e-16,6.760320692861863,8.463983334730577e-13,7.309206120534968e-18,-1.5721672654868662e-17
704,4.91722846712526e-15,6.760320692861913,8.355799701937813e-13,-5.222957618700522e-16,-1.706070680711799e-15
705,-0.022313753999834207,6.543621097304675,9.572467623380523e-13,-5.083671193152617e-06,-0.0003099378897154291
706,0.022313753999834186,6.543621097304669,9.557580354759725e-13,5.0836711928147794e-06,0.0003099378897155875
707,4.0166514449798673e-16,6.5596896146324255,6.826602190477128e-13,-1.7092975833495744e-18,1.401939503101886e-18
708,4.767016106415184e-15,6.553805226431767,9.376246174389973e-13,7.939832737677635e-17,-2.782119949321744e-16
709,-1.8565419218978093e-15,6.553805226431482,9.648344700881312e-13,-3.8451060640608964e-17,6.461461665604974e-16
710,-1.8648779681047865e-15,6.58323242252906,9.868094370784816e-13,-7.389577669838464e-17,2.799717706601933e-17
711,-1.877712026753494e-15,6.6285381167642035,8.615043123108629e-13,-2.700051920702903e-17,-7.693131876880157e-17
712,1.879827015171357e-15,6.636004267667309,9.615298167904814e-13,6.781551178234829e-17,-7.590350203510401e-17
713,-4.053084544751554e-16,6.619189381907452,9.13470763274973e-13,2.2614069157264267e-16,2.7577850084243875e-16
714,-1.873425869332904e-15,6.613407491070786,9.002729013890658e-13,3.5505002727472944e-16,-2.4565057882726654e-17
715,6.910068499449381e-14,6.582692273346345,1.0051500743109744e-12,2.1358782797964437e-15,1.8059149011276365e-15
716,-6.763903368931558e-14,6.582692273346345,1.0004089043429647e-12,-1.7843799354766432e-15,-2.2736735996557733e-15
717,3.396621115478946e-13,6.614191299979255,9.698006300381268e-13,-7.906088977938097e-14,-7.253986094527681e-14
718,-3.4113075704199713e-13,6.614191299979256,9.723006117281156e-13,7.911748513278472e-14,7.250835809590253e-14
719,1.7719097588598375e-15,6.255044015655552,9.770453640223869e-13,1.749910913588524e-17,1.374151675772164e-17
720,1.774736981276334e-15,6.265024433997293,1.0395256054330953e-12,-4.458227527266094e-16,-1.915854024881255e-16
721,1.7871285503826723e-15,6.308768089561929,1.0398260252347516e-12,-1.5715523902172454e-16,-3.376182846220957e-17
722,-0.016595846686989803,6.398823351194701,8.944655506087114e-13,-1.2108248587196224e-05,0.00018229288055322202
723,0.016595846686988377,6.398823351194699,8.970959608000037e-13,1.2108248587034678e-05,-0.00018229288055321243
724,-1.8185988858185404e-15,6.419861971377595,9.483605906961869e-13,1.274800443010616e-16,6.662062504497651e-17
725,1.8107639892405458e-15,6.392203890762361,9.285708425489701e-13,1.1040510688393439e-17,-1.196469938540956e-16
726,3.917320340132741e-16,6.3974696097848485,1.0798736739092166e-12,-2.3678434490473726e-17,-2.00342510686763e-17
727,-1.7797195390204672e-15,6.282613432446149,1.0348992119023688e-12,-4.2916662178428987e-17,-8.005285212078629e-17
728,-1.7795807923685165e-15,6.282123640903077,9.518907506288056e-13,-3.868775340980734e-17,1.5441701796021514e-17
729,-3.8838432489702956e-16,6.342797370922585,8.77376162097727e-13,1.4819053170450798e-16,9.480257443466146e-17
730,1.7967682612429404e-15,6.342797370922154,9.33942513403942e-13,-3.119118360133972e-16,-2.5773253821257834e-17
731,1.8145643641438817e-15,6.405619648634621,1.003626323931269e-12,-2.4178555479374003e-18,-5.287383474064276e-17
732,-3.236897648324734e-15,6.405619648634147,9.956420044625406e-13,-6.666191646538706e-17,-2.308785894646322e-16
733,1.8412626059946804e-15,6.499867494543445,9.734651577198457e-13,-1.4110637165014664e-16,5.205942844372551e-16
734,-4.727783625777201e-15,6.499867494544293,9.907093261621853e-13,3.669782949473465e-16,1.0743548850780812e-16
735,1.8492188055790475e-15,6.5279537886386825,9.361455233295617e-13,1.8553441440393717e-16,-5.098900114454473e-17
736,1.8492188055789027e-15,6.527953788638171,9.356011998903891e-13,1.6982592369931015e-16,1.6942935346131753e-17
737,3.846691304339598e-16,6.282123640902527,9.170710809572846e-13,2.9584743265224575e-18,-6.444826203218695e-17
738,-0.022473780144368065,6.186926335587095,1.1037411836924002e-12,-4.783279747416162e-06,0.00022448414938948912
739,0.022473780144368093,6.186926335587103,1.10277335408022e-12,4.783279748013557e-06,-0.00022448414938939409
740,1.7617977861317286e-15,6.219347595912298,1.0607819301586666e-12,-2.12344720870802e-16,-7.974057230717444e-17
741,3.803481092205033e-16,6.211556009215334,1.0565405809647707e-12,-8.637105179813356e-18,-3.9876328587273654e-16
742,-3.7985498485084883e-16,6.2035026771036135,1.0473201065655848e-12,1.368566694164731e-16,1.1796277168715492e-15
743,-0.012938740569282398,6.241915918997828,1.0357337140656606e-12,-9.77165785049142e-07,0.0005761686103784396
744,-0.012938740569047875,6.241915918999694,1.049075041760881e-12,-9.771658072279068e-07,0.0005761686103495083
745,0.012938740569279617,6.241915918997824,1.036482829456963e-12,9.771657855253235e-07,-0.0005761686103779079
746,0.012938740569053371,6.241915918999671,1.0452138231740654e-12,9.7716580640516e-07,-0.0005761686103499788
747,3.1241534635156717e-15,6.182505900859037,1.1508927377765961e-12,4.6216978302857804e-17,-5.645783735427804e-17
748,3.2077513544122824e-16,5.2386555154443615,1.5347319751245258e-12,1.8489573648432885e-18,1.2613575649134818e-15
749,-3.233295309410783e-16,5.280371959755137,1.6050070971969426e-12,-2.1562240801577432e-17,1.4235652083154078e-17
750,-1.4543514901226872e-15,5.134027023365611,1.614878269003409e-12,-1.0556277957702854e-16,-4.571393421047644e-16
751,3.2124920964679713e-16,5.246397734766683,1.5856984463166965e-12,8.159558800926394e-18,2.5566816125288143e-17
752,3.16036188640654e-16,5.161262640962124,1.6198481021610476e-12,-1.3748948130739775e-16,1.7572978191592146e-16
753,3.81704048817014e-15,5.2477565299613325,1.5652956191193861e-12,1.3531240369965646e-16,2.346083504993191e-15
754,-3.7643587808508345e-16,6.147664426137769,1.2108924883940725e-12,-2.709945206060479e-17,-3.719157165333562e-18
755,-1.4494811724512561e-15,5.1168342452048154,1.581710527653316e-12,5.277310551642498e-16,4.559370400538082e-16
756,-3.7479072980812175e-16,6.12079711585521,1.1323294640817955e-12,2.5027598278221117e-16,6.206618498531272e-16
757,3.3554776687076604e-16,5.47991089519668,1.3312103046549338e-12,-7.878589645540951e-17,1.296046691903785e-15
758,3.066355766109677e-15,6.068127843109432,1.115628723257165e-12,8.382221218723131e-17,4.133103988152543e-17
759,3.788818515634831e-16,6.187610204465082,1.0494541952056553e-12,-3.247016100004635e-17,-6.062471560361164e-16
760,3.126732778124371e-15,6.187610204464696,1.0487149911995153e-12,-4.411737224456133e-16,-3.7890462472380546e-16
761,-3.739772645201435e-16,6.107512219531722,1.2654802769416012e-12,1.6217423190064859e-16,2.0018153358647941e-16
762,-0.022455187699463662,6.036370670203408,1.1383536242324717e-12,-9.789194943250843e-07,0.0019492911515356444
763,0.02245518769946234,6.036370670203413,1.13605722080293e-12,9.789194943192296e-07,-0.0019492911515356798
764,0.008358233079310952,5.418712789370161,1.1566470959532427e-12,-8.376604740884582e-07,0.00012373423296300245
765,-0.008358233079309767,5.418712789370174,1.146447732752608e-12,8.376604736134692e-07,-0.00012373423296308916
766,-0.0029641020009954435,5.431911743145009,1.386943207118689e-12,-3.653191387403918e-07,-0.0011885014313644607
767,0.002964102000997861,5.431911743145019,1.3947350241608539e-12,3.6531913851972956e-07,0.0011885014313653224
768,4.397368130757338e-15,6.045604544762974,1.2167139169878202e-12,1.304417963626722e-16,7.186258801232538e-17
769,1.7290301419333257e-15,6.1036740658549675,1.1784461794370187e-12,-7.026374195084367e-16,1.91622074687749e-16
770,1.5496348610074953e-15,5.470388215499918,1.14077372392695e-12,3.784350090738361e-17,-4.428882377489476e-16
771,-3.29262575067316e-16,5.377265923473796,1.463444902215075e-12,1.4253526203652293e-16,-1.0215086966189186e-15
772,0.008095002612454414,6.032098306756763,1.1454191596900136e-12,1.05381910879207e-06,-0.0002676641143207262
773,-0.008095002612453064,6.0320983067567555,1.1124509369379997e-12,-1.05381910895199e-06,0.00026766411432077575
774,1.7471465122944327e-15,6.1676269243151856,1.0541157529846485e-12,2.234282332443712e-17,6.7794101730845544e-18
775,1.7471465122946505e-15,6.167626924315954,1.0330924217252669e-12,3.686377383701361e-17,1.0045876598012761e-16
776,-1.549157128389265e-15,5.468701764742591,1.3543864816597515e-12,5.371608786611899e-16,3.6445961685018473e-17
777,-1.5246991350422974e-15,5.382362252160227,1.368763726349701e-12,5.125649073393119e-16,6.057307702127823e-16
778,0.0044652662378592035,6.104151302884741,1.181760004892503e-12,-5.487222033965687e-07,-0.0005484728337980748
779,0.004465266236386057,6.104151302884971,1.1563017614313968e-12,-5.487221675737157e-07,-0.0005484728335206626
780,-0.004465266236383344,6.1041513028849685,1.1440468379511167e-12,5.487221673460604e-07,0.0005484728335207581
781,-0.004465266237855136,6.104151302884739,1.1678625748801785e-12,5.487222032994512e-07,0.0005484728337980364
782,-6.78365923566794e-14,6.076662310892954,1.1732952369261087e-12,6.735226525805826e-15,8.983111360349495e-14
783,6.918588243876468e-14,6.076662310892973,1.1806085113527608e-12,-7.096265849243499e-15,-9.111095328174189e-14
784,-3.06122946015669e-13,6.039428582828482,1.1070681715314322e-12,-8.866198790771773e-15,-2.0285117715342776e-15
785,3.0612294601566885e-13,6.03942858282848,1.11371244835745e-12,8.464149520159836e-15,1.9421652328911743e-15
786,-1.4574262120859898e-15,5.144881143402027,1.665469160723689e-12,6.088273772121306e-16,9.077523981991065e-16
787,-3.150331112129803e-16,5.144881143400997,1.7037832211126018e-12,1.4043213342413222e-16,-2.7313022076512223e-16
788,2.7016056524671886e-15,5.3463099950847655,1.4267911104276269e-12,8.492098219287439e-17,4.546348759224971e-16
789,1.5144863618018202e-15,5.346309995084675,1.4466593058060383e-12,5.075971991363483e-17,3.978834037586629e-16
790,-3.6635483652751963e-16,5.983028523531685,1.0965768269587854e-12,1.6418822329291164e-16,4.7818208165763255e-17
791,1.5262878737350314e-15,5.387970681372119,1.3814141441006854e-12,-3.979513252131209e-16,1.1421780175397049e-15
792,-0.00887843298766466,5.468189544881558,1.276650714144585e-12,-1.9815709887763006e-06,-2.1748259336929355e-06
793,-0.008878432988051329,5.468189544882649,1.2902000163218867e-12,-1.9815710183767547e-06,-2.174825947532234e-06
794,0.01230894143026177,5.425330280054473,1.321274518521866e-12,-3.6611894168895806e-06,0.0009403059023065965
795,0.012308941430222946,5.425330280054883,1.3269144938304597e-12,-3.66118942514166e-06,0.0009403059022809349
796,3.299180524421426e-16,5.3879706813726935,1.3155399730133659e-12,-7.86768670639525e-17,2.309350250199765e-15
797,0.008878432987675582,5.468189544881555,1.2906519126649723e-12,1.981570987820468e-06,2.1748259337122343e-06
798,0.008878432988034302,5.468189544882632,1.2838371745003121e-12,1.9815710185565154e-06,2.174825947550232e-06
799,-0.012308941430265393,5.425330280054477,1.319657720615316e-12,3.6611894166900874e-06,-0.0009403059023078095
800,-0.012308941430212087,5.425330280054876,1.3128530970844876e-12,3.6611894255094216e-06,-0.0009403059022822367
801,-3.6409748296387077e-16,5.946163142178947,1.327639862654939e-12,6.066874092987816e-17,1.8890004784423968e-16
802,-3.6370510388441607e-16,5.939755105515186,1.0631884139867115e-12,-1.8740490655302164e-17,4.665372049098915e-17
803,-3.6498219203397043e-16,5.960611537760688,1.3575791557058007e-12,1.5702563855883968e-16,-2.0735430870526904e-17
804,1.6815683820231079e-15,5.936128627485737,1.012762357024079e-12,4.851776670616454e-17,5.61576581095525e-17
805,3.6233404726438285e-16,5.91736405168664,9.625783214426168e-13,-5.1654268608665e-18,2.6066457987313062e-17
806,-1.6997821060029353e-15,6.000425155349622,1.2367791025710914e-12,3.7348880193817987e-16,4.307222887885609e-16
807,1.6997821060026891e-15,6.000425155348753,1.2092093027864002e-12,-3.449395564509737e-16,-5.42433381238427e-16
808,3.659732126574576e-16,5.976796132766809,1.0643107455342366e-12,-1.2337034876758884e-18,-1.202762896125016e-16
809,1.6930885486748254e-15,5.976796132765774,1.1319194190778656e-12,4.490354587455541e-17,-8.093383267402589e-17
810,-1.6788934230160875e-15,5.926685716386386,1.1576435544725837e-12,-4.209256033796531e-17,1.493895616342916e-16
811,3.607564737380004e-16,5.891600320830024,1.1699418436156999e-12,-7.03132261139896e-17,2.6822554440245866e-17
812,2.9896842686079036e-15,5.916399705785797,1.2348324920428134e-12,-1.2010408522635119e-16,-1.4902327591747014e-16
813,-3.5864853731369204e-16,5.857175106543325,6.982750805203009e-13,-2.1833047213261875e-17,2.683242307807454e-18
814,3.5853054581220905e-16,5.855248159090964,7.99806519389875e-13,1.2080446429849548e-17,-2.040823884445726e-17
815,3.587329063732676e-16,5.858552957849257,1.337183343327632e-12,-5.748650703003936e-17,1.6801882989166655e-16
816,1.6608069403826307e-15,5.862838365021575,1.039185074428093e-12,-2.4604336263201837e-17,-4.044176249846308e-17
817,2.927279467256567e-13,5.9578574552611565,1.2153997327710164e-12,-4.836739732685946e-14,-2.732564371445926e-14
818,-2.900821265159505e-13,5.957857455261157,1.2161259433820301e-12,4.834747511194004e-14,2.6728936108172917e-14
819,1.6534272860000625e-15,5.836787341400037,5.493286533840808e-13,9.110339111015411e-17,-3.213099496732723e-17
820,-3.55880458331632e-16,5.811968946138753,3.2493805566339133e-13,-1.5870842193335545e-17,5.645082543714035e-18
821,-3.558953932718895e-16,5.8122128522228245,1.240259832521581e-12,1.422816728801289e-16,1.5565089817051864e-16
822,3.5591856924157284e-16,5.812591344530965,1.2996274657942227e-12,-5.964737348107413e-17,-4.9872806083442445e-17
823,1.6532413251551305e-15,5.836130878358158,1.2156288370307106e-12,-2.834559453628155e-16,-1.3351098351613158e-16
824,-3.6042623793152157e-16,5.886207160831423,9.213246478701398e-13,-1.7953286833528523e-17,5.87038301676961e-17
825,1.6674267814652862e-15,5.886207160831638,9.318323390262623e-13,5.818195199306904e-17,-6.32415974243742e-18
826,-1.6610434203325797e-15,5.86367316627957,9.771974351672102e-13,-2.109952344565093e-17,1.3160611070432033e-16
827,1.646522450502329e-15,5.81241248272384,2.6856925332305256e-13,1.3813586823168788e-16,-3.64916098085429e-18
828,-3.5692796570212534e-16,5.829076039730516,6.228265090952e-13,-2.5436301577753514e-17,3.549540806465703e-17
829,1.678129178412386e-15,5.923987845565946,1.0169025768263707e-12,2.684078003259427e-17,7.512041394644811e-17
830,1.6781291784124867e-15,5.923987845566302,1.0589116338894117e-12,5.953667531308389e-17,-1.1427628540851146e-16
831,1.6517448359796481e-15,5.83084810048824,1.197983895937117e-12,-3.8538553715941044e-16,-1.7703142432410992e-16
832,1.67129990971885e-15,5.899879746347454,1.3339719703623777e-12,-3.6473624423089806e-16,-2.6524981541234643e-16
833,-1.6712999097186683e-15,5.899879746346813,1.2800234983206756e-12,4.1542317969525374e-16,3.5413653431314246e-17
834,-3.560725947163337e-16,5.815106771425775,4.6756010669053e-13,-1.3460306443936493e-17,8.08856907623753e-17
835,-1.6611694429338706e-15,5.864118040469184,1.123440123849998e-12,3.185072580571928e-16,7.250316419574909e-16
836,1.661169442933794e-15,5.864118040468914,1.150988492724072e-12,-2.5957218789489627e-16,1.0966018745654703e-16
837,-1.6514598515190134e-15,5.82984207276243,1.260861233285649e-12,4.509450945251389e-16,2.235405974587804e-17
838,-3.569748716971467e-16,5.82984207276231,1.2541959406204487e-12,1.748809633889646e-16,-2.4526453086635026e-16
839,-1.2764202194489687e-13,5.849341971029146,8.343925684395653e-13,-4.610786578929105e-15,8.179770066580466e-15
840,1.3023965159895404e-13,5.849341971029147,8.366763159336749e-13,4.52868536941764e-15,-8.225211690134765e-15
841,-3.560725947163426e-16,5.81510677142592,4.676285942061231e-13,-1.9366481896683518e-17,-2.241882633347972e-16
842,-2.7478697224809787e-14,5.816620229392133,1.0937751020476876e-12,4.173798893308822e-15,2.549648387344858e-14
843,2.4895598943141137e-14,5.816620229392131,1.0949517603173213e-12,-3.627144157941631e-15,-2.4715849150715275e-14
844,-5.600237729083902e-14,5.8280259170609074,6.696328556725397e-13,-2.49759522959192e-15,5.398649192620009e-16
845,5.4708295578592453e-14,5.8280259170609146,6.652128080149743e-13,2.5181882946055667e-15,-2.1011838102769076e-16
846,-1.3912573529721951e-15,4.91129750622582,1.5625443226452791e-12,-8.104862208987709e-17,3.7111384790550414e-17
847,-0.003377027709702906,4.920002540518063,1.6647494991739328e-12,-4.436779915226879e-07,-0.0017333060367286863
848,2.489876338522626e-15,4.927310817184576,1.8322871557858344e-12,-1.0864778286906667e-15,-6.90591462074455e-16
849,-1.412444176505845e-15,4.9860894154030575,1.8033312788581661e-12,-7.788240309898717e-17,-1.12325356772748e-16
850,1.412444176505982e-15,4.986089415403542,1.805535399697421e-12,5.745720942757458e-17,8.555022179356593e-17
851,0.003377027709701812,4.920002540518061,1.6668961333365852e-12,4.4367799150295544e-07,0.0017333060367277567
852,0.003377027709403209,4.920002540519125,1.5987500270662597e-12,4.436779909814813e-07,0.0017333060367419981
853,-2.9494933796009806e-16,4.816888235292875,2.1120373003406498e-12,8.869790210468131e-17,-1.6105491076538167e-16
854,2.4420869788350753e-15,4.832738638923502,1.7509919129810329e-12,1.0817271142427401e-16,3.5906588650413163e-16
855,1.3671643411361428e-15,4.826246420102117,2.0822593551702202e-12,5.997655795627761e-17,2.5913412528093504e-16
856,-3.511154144488242e-15,4.827216831087925,1.7733828472442166e-12,5.185107936819054e-16,-2.172948443197076e-16
857,-2.9666799616081243e-16,4.844956053735073,1.885718516688345e-12,1.201964420229103e-16,1.2064298317218976e-16
858,2.9919300723841287e-16,4.8861926140128356,1.813686402284392e-12,-8.166822075443613e-17,1.0050742409506009e-16
859,-1.3932050181054213e-15,4.918172986805557,1.8726168685866647e-12,5.758630270654182e-16,3.1885860289393275e-16
860,0.004980621980456403,4.869087544839022,1.999987029916605e-12,3.6000091845473075e-06,-0.0003797338949627822
861,0.004980621981209334,4.869087544839459,1.9894893933134305e-12,3.6000091410541037e-06,-0.0003797338949911625
862,-0.00498062198044343,4.869087544839023,1.9762444526561854e-12,-3.6000091855694933e-06,0.00037973389496181884
863,-0.004980621981215832,4.86908754483947,1.996426709080973e-12,-3.6000091406709466e-06,0.0003797338949912338
864,-0.0033770277094010196,4.920002540519119,1.601434358653336e-12,-4.4367799101297737e-07,-0.0017333060367426107
865,1.9687708124793564,3.683293244979692e-16,3.251310910297738e-12,1.8824143400431366,1.8824164584206182
866,1.3203629653320093e-15,4.6610322131232795,2.2846017328188152e-12,-3.9558891911298585e-16,-6.486637190444198e-17
867,-3.4700891711228738e-15,4.770759745343438,1.7043928026466179e-12,-1.4983281386087326e-16,-1.6942050846107896e-16
868,-2.90576560688898e-16,4.745475363038693,1.939326561613936e-12,-1.6664506724383513e-17,-4.253457892194667e-17
869,2.360425930115585e-15,4.671136489261351,1.6804697840319935e-12,1.3727016588912585e-16,3.661470423326939e-16
870,1.3392448465018156e-15,4.727687412252333,2.0477563526523834e-12,-4.1921673723011854e-16,-2.2369967176441805e-16
871,-1.364701478733777e-15,4.817552234264339,1.835537968196432e-12,-6.739285282405664e-17,-1.7410715572163448e-16
872,2.8802014625642337e-16,4.703725947055987,1.9114233180352603e-12,1.0525659131784434e-17,3.264148497797566e-17
873,-1.3643004470320256e-15,4.816136546510724,2.116201927937328e-12,3.886401828960051e-16,1.957378832472507e-16
874,1.3299826124770523e-15,4.694990667275051,1.8432940819818243e-12,-2.5121694902406145e-16,-2.505139182952853e-16
875,2.874852646352714e-16,4.69499066727533,1.8541148539561965e-12,-5.822366836572132e-17,-1.4691840071429533e-16
876,2.8823334451032834e-16,4.707207738770193,1.9205122925381915e-12,5.169759714448215e-18,7.189728152857808e-17
877,-1.3334434271651838e-15,4.707207738768703,1.95471913522447e-12,-7.821121070119945e-17,3.989048725534924e-16
878,-2.9494933796005087e-16,4.816888235292104,1.9873770008511974e-12,1.0125516554772632e-16,-6.827424368048562e-17
879,3.382720854958754e-15,4.65064374105086,2.0062985315689014e-12,-3.603142266195392e-16,-2.4969300600915605e-16
880,-2.3496903586855996e-15,4.649891459370826,2.307285929801848e-12,6.512061742613048e-16,3.7029935809316654e-16
881,-1.3045371052136064e-15,4.605165117673725,1.5949261875599566e-12,-4.2967007375102643e-17,1.1628590632308553e-16
882,-2.760076519677684e-16,4.507547027599071,2.0961242646433516e-12,8.731439400249192e-17,9.837697927168563e-17
883,1.3013923904501183e-15,4.594063915050993,1.9155553698824582e-12,-3.914787750894474e-16,-2.501183886185252e-16
884,2.7764440417842805e-16,4.534277219713225,2.500013305289281e-12,4.373652003341746e-18,-6.861355997783714e-17
885,0.0055706070583758874,4.527441688873232,1.8159995054756225e-12,-6.242575219723469e-07,-0.00011829846530411726
886,-2.77153077628621e-16,4.526253248227746,2.340734558280268e-12,6.233966495558339e-17,6.913851598627951e-17
887,-0.005570607058372864,4.527441688873226,1.819787240599878e-12,6.242575219892604e-07,0.00011829846530415607
888,-1.2798475588171781e-15,4.518008196355339,2.254491884198962e-12,3.9444806749262246e-16,-6.141800006552469e-16
889,0.00905405578798075,4.643672405331155,1.8459853505490957e-12,-2.203287264878652e-07,0.0005737761668524271
890,0.009054055787244225,4.643672405331521,1.88680349162326e-12,-2.2032874491713372e-07,0.0005737761667988714
891,-0.00905405578798278,4.643672405331138,1.8452178033141654e-12,2.2032872598089226e-07,-0.0005737761668532942
892,-0.009054055787242206,4.643672405331543,1.8861467116522797e-12,2.2032874630014201e-07,-0.0005737761667982148
893,0.027566420927024014,4.5081854569499304,2.1720903108882217e-12,8.778900468386138e-06,3.9946066211819136e-05
894,0.02756642092587561,4.50818545694908,2.1887719190722893e-12,8.778900504483565e-06,3.994606622473654e-05
895,-0.027566420927023997,4.508185456949928,2.166255991163909e-12,-8.778900467997126e-06,-3.994606621129308e-05
896,-0.027566420925877747,4.508185456949102,2.1745617257244327e-12,-8.778900504131416e-06,-3.994606622455092e-05
897,-0.007376057246756111,4.560021760014429,1.999964567706519e-12,3.114468297432324e-06,0.0002173445285231969
898,0.007376057246756109,4.560021760014427,1.9974358238592566e-12,-3.1144682976738843e-06,-0.0002173445285233445
899,-2.8117850354015944e-16,4.591993442287635,1.590021924416308e-12,-3.3875097491965615e-18,-7.226549766953361e-17
900,-1.3008058732514461e-15,4.59199344228832,1.6350028644451528e-12,-8.829662024591959e-17,-8.592465270789969e-16
901,-0.007376057247049334,4.560021760013549,1.9992090293041456e-12,3.114468373349895e-06,0.00021734452857290903
902,0.007376057247048303,4.560021760013537,1.999920720063399e-12,-3.1144683727921812e-06,-0.00021734452857237701
903,2.2833726307574273e-15,4.518652789748593,2.258061720117455e-12,-6.350083185788138e-16,-3.2619858191605786e-16
904,-1.280030157264205e-15,4.51865278974822,2.391282032233771e-12,3.753440158509036e-16,2.878783349262405e-16
905,-1.968770812479246,3.268955459457167e-16,3.4507433882489594e-12,-1.8824143400432618,-1.882416458420746
906,1.925348056691126,2.1140027675325879e-16,6.088636059909933e-12,1.3217312837865354,1.3217239833299934
907,-1.2159883080267745e-15,4.292577740597936,1.658514350255089e-12,-7.500714422831379e-17,1.1674329845398581e-17
908,-2.666916650160712e-16,4.355405414879659,2.2471366583742725e-12,-2.4297465176329033e-17,9.115090874072223e-17
909,-3.1747267683293437e-15,4.36468860652042,2.1079774728322696e-12,-1.6271052690998868e-16,1.0828408766184417e-16
910,2.1824020595501857e-15,4.318838292928262,2.6824379137853107e-12,-4.5314545699902955e-16,-6.344648839188548e-16
911,1.2488018160330847e-15,4.408413175140386,1.8885595236174576e-12,5.3144201862627944e-17,1.0516416127855179e-16
912,2.7029483055753584e-16,4.4142495737665035,2.0057432249426997e-12,-5.4216119818241744e-17,-2.365226666404714e-17
913,3.231568750534743e-15,4.442836292985577,1.970107302128104e-12,1.441185176190777e-16,1.9613907655139356e-16
914,-2.6349412294189574e-16,4.303185589924387,2.83569381182281e-12,9.304546397639976e-17,7.161285349905573e-17
915,0.0032242202963656515,4.4583209890048545,2.2850052356058326e-12,1.372860543984297e-06,-0.00031929168176768503
916,-0.0032242202963676287,4.458320989004851,2.2809505130793877e-12,-1.3728605442184846e-06,0.0003192916817670293
917,-3.249213118910253e-15,4.467094183266435,2.124277892522422e-12,5.890497940261867e-16,8.47263906701285e-16
918,-1.2696958389136313e-15,4.482171464538843,2.346222757264665e-12,-8.314557607493755e-17,-7.194693114151937e-17
919,2.2791140173628705e-15,4.510225258019182,2.4554561792494412e-12,-3.852352273561023e-16,-1.6194377999420837e-16
920,2.2732980321572534e-15,4.4987157840855385,2.3346606583586323e-12,-1.1405891297960034e-15,-3.5091660785175605e-16
921,2.7542982761447116e-16,4.498110439781268,2.26106963454296e-12,1.806882300689651e-17,-1.6584250316929396e-16
922,2.216952715578042e-15,4.387211897895283,2.3066082076108886e-12,1.1031248885271655e-16,7.726655720677409e-16
923,1.2427959829874416e-15,4.3872118978951224,2.299498409941955e-12,5.459635564822318e-17,4.43942249633714e-16
924,1.2558124757053998e-15,4.433161605250805,2.4329787898907613e-12,-4.117130695071615e-16,-6.351357705675959e-16
925,-1.2558124757052731e-15,4.433161605250358,2.573975819282609e-12,4.1618963863340047e-16,4.2877795112791826e-16
926,0.0022581725808205806,4.305700296813375,2.1441650090879516e-12,-1.1340899547911403e-06,0.0003173416607319845
927,0.0022581725822088256,4.305700296813468,2.07884269018977e-12,-1.134090051479531e-06,0.00031734166081309875
928,-0.002258172582210734,4.305700296813462,2.0840729258419965e-12,1.1340900511749245e-06,-0.00031734166081360865
929,-0.002258172580822494,4.305700296813377,2.145676438167422e-12,1.134089954931707e-06,-0.00031734166073109837
930,-4.6939973833214274e-14,4.471611288478555,1.8094046603095688e-12,-1.866275739498399e-15,-3.586425590101222e-15
931,4.2968385185500124e-14,4.471611288478552,1.8073180034522034e-12,1.7348479898200535e-15,3.1474456829889974e-15
932,2.1677821349760694e-13,4.493286571978381,2.243261116287216e-12,-5.489673386011029e-14,-5.816932696699022e-14
933,-2.157805034559171e-13,4.493286571978382,2.234995298514813e-12,5.4500512176175464e-14,5.822356079253702e-14
934,1.9151876710857918,2.9705168197212244e-16,4.907512882888762e-12,2.57579051981124,2.5758158598641474
935,-1.9194158623530062,3.4914456816351984e-16,3.1222354541715506e-12,-1.7572359024066229,-1.757231606047919
936,-1.9194166102986445,6.777819575781085e-16,6.235141558899522e-12,-1.790596079343164,-1.7905945676010124
937,-1.8588873280500242,3.844805768040672e-16,8.306539917947891e-12,-1.2905327227352292,-1.290532158525104
938,1.8588873280501197,2.303271847017126e-16,8.364394545626224e-12,1.2905327227390475,1.2905321585289227
939,1.852160063345221,4.0625073477643816e-16,6.921459975151734e-12,1.685837464401192,1.6858393833655612
940,-1.8521600633454685,2.705402357447144e-16,6.762559318565796e-12,-1.6858374644004401,-1.6858393833648138
941,-1.8268004533919504,7.14704375365652e-14,7.853597994299325e-12,-2.152424776853147,-2.152480060482459
942,1.8268004533919495,7.046766354051649e-14,7.854258423321194e-12,2.152424776853125,2.1524800604824375
943,-1.7779733907868034,1.0469449374112148e-15,1.0229414651645452e-11,-1.2267781811815495,-1.2267912034926054
944,-1.7779646434926732,2.35541743012765e-16,9.724859502155442e-12,-1.1693348901451097,-1.1693322553540328
945,1.7656736231440358,3.0561451230407547e-16,9.2678263822609e-12,1.6276875984052648,1.6276737475391807
946,1.7656750340689893,2.215050139163655e-16,9.397325728228728e-12,1.61689144965551,1.6168372518115097
947,1.7392717896912704,4.9805626838070624e-17,1.2189982404911071e-11,0.9655618029411707,0.9655403264732916
948,2.612337644374011e-16,4.266271134163453,2.3147346959171545e-12,9.029972043355515e-19,1.202996772356211e-17
949,-2.597976038220791e-16,4.2428168514049975,1.5497733912315538e-12,-1.1460228873089074e-17,1.2758932583380854e-16
950,2.5971139194485534e-16,4.241408904602968,1.9535482298151917e-12,3.529293998128742e-17,2.132151405240521e-16
951,-1.2093798118367924e-15,4.269248993555972,2.1703053570771287e-12,-1.1085247235659117e-16,-3.24753279010246e-16
952,2.157343517936897e-15,4.269248993554748,2.212480466136672e-12,2.0537753762190844e-16,4.0514205260015865e-16
953,-1.1705455116066958e-15,4.132159474159261,2.54315381524888e-12,-6.554812346278493e-17,-4.584388691618352e-17
954,0.02324436191396348,4.153861667162813,2.5896199578782903e-12,-7.566222247639754e-06,-0.0001740272260176124
955,-0.023244361913964402,4.153861667162813,2.605086688449851e-12,7.566222247735164e-06,0.00017402722601761716
956,0.006099984439968063,4.179167977101011,2.220645200218178e-12,2.568467178407389e-06,0.00036734524422300086
957,-0.006099984439967143,4.179167977101017,2.2193831977647976e-12,-2.5684671783037395e-06,-0.0003673452442232093
958,-2.1138932006799724e-15,4.183263511096137,2.398887141299321e-12,-1.3074904912846546e-16,-1.444702443133805e-16
959,0.005461089692145771,4.169609123034739,2.4461927483419686e-12,9.553844091091113e-07,0.00020556739456076717
960,-0.005461089692142986,4.169609123034733,2.439042146157601e-12,-9.553844092695732e-07,-0.0002055673945607778
961,2.5442761980599885e-16,4.155118357115558,2.790739409054031e-12,-4.5535823220505427e-17,7.425917761715127e-17
962,1.1784872501443198e-15,4.16019471910629,2.7968648431329346e-12,-3.32057298472757e-16,-1.5792398008549865e-16
963,2.5538102892897467e-16,4.170688709704396,2.6110954536319048e-12,4.005438734568178e-18,-1.0679131347963574e-17
964,2.553174972481363e-16,4.169651158618114,2.544520668252571e-12,-4.5855999065310514e-17,-3.669614911494489e-17
965,3.040211026384571e-15,4.179753218656174,2.5125917082952205e-12,-1.1217308142465535e-15,1.8515383191282397e-16
966,3.968302678506263e-15,4.179753218657285,2.4745205460954257e-12,-1.474882461000276e-15,-9.14133242974561e-16
967,0.002683625213768072,4.147579796011967,2.598661951544362e-12,1.35345041101919e-06,-0.0001539619312609492
968,0.002683625212689362,4.147579796012958,2.5594652381095205e-12,1.3534504155442162e-06,-0.00015396193116613984
969,-0.0026836252137699143,4.147579796011968,2.600906539456216e-12,-1.3534504112980468e-06,0.0001539619312609787
970,-0.002683625212693042,4.147579796012952,2.5698732100187955e-12,-1.3534504153672744e-06,0.00015396193116625607
971,-3.953499307383119e-15,4.164161051649946,2.415959946408234e-12,-1.5906071727485923e-16,-7.069484149758976e-16
972,-1.1796108207095018e-15,4.164161051649337,2.436662485385905e-12,-5.329610713462863e-17,-1.9539686899507221e-16
973,-3.9622905234602485e-13,4.166607486109054,2.4388609306400697e-12,4.3647919480138686e-14,-7.963481219938617e-14
974,3.999297431985478e-13,4.166607486109053,2.4358075003091705e-12,-4.379276889038275e-14,8.039104321469481e-14
975,1.7018246640729264,1.024522904572901e-17,1.0989724748077826e-11,2.9244502636154976,2.924417762145006
976,1.7127975156778021,6.100136024079507e-16,1.426468314726559e-11,1.9598443798606962,1.959869676384646
977,-1.7127681719602978,9.946330530805709e-16,7.420094985116042e-12,-1.9852279649020423,-1.9851046913319128
978,1.6793748274020048,1.6914825687915682e-16,1.2250376169172079e-11,1.0805108300505442,1.0805064536237468
979,1.6793748274028786,1.3096269354335803e-15,1.2120801711639086e-11,1.0805108300592485,1.0805064536324496
980,1.6572389131290077,3.391151937195103e-13,1.2154356601931233e-11,1.5853146983420294,1.5851538434024608
981,-1.657238913129007,3.388073582416796e-13,1.2149074628431198e-11,-1.585314698342024,-1.5851538434024541
982,-1.6051286899707986,1.3416348349854183e-15,1.5588389842856744e-11,-0.8458490873893287,-0.8457153707020695
983,-1.6051286899721005,6.394199486357278e-16,1.5414671480201306e-11,-0.8458490873941016,-0.8457153707068448
984,0.034157189358000065,4.00196898803726,2.6684163235590004e-12,-4.755846441286261e-07,-0.00029385810094127046
985,-0.03415718935799385,4.00196898803726,2.6872899415920184e-12,4.755846445468571e-07,0.00029385810094173276
986,-2.008012092290269e-15,3.9737313658115103,2.9686824288143948e-12,-1.5417251718759396e-16,-8.420864368490747e-16
987,-1.1269791524656603e-15,3.978365245832202,3.405048397557267e-12,4.892750559968745e-16,4.1317947817620924e-16
988,-1.1433383203364398e-15,4.036114978616036,2.4586974136004476e-12,-2.6366472743962893e-17,-1.1602600852962817e-16
989,1.148090359246882e-15,4.052890219228769,2.608476202056925e-12,-4.0054087854562e-17,-4.643337541107673e-17
990,2.454355499583529e-16,4.0082667121530005,3.05944166077241e-12,3.3187542872993258e-18,7.61670666878783e-19
991,-2.0257130593522562e-15,4.008760481567077,2.8077261839520693e-12,1.4112679031017328e-16,2.0864930181510167e-16
992,2.055972795518773e-15,4.068642622311023,2.424086190194609e-12,1.1482096488955946e-16,8.544284638510948e-17
993,-1.1526207638829255e-15,4.068883065515375,2.6309381688433967e-12,5.177160116807894e-16,3.565357214911277e-16
994,1.1379602249432434e-15,4.017129687047642,3.3676246397433566e-12,-4.117380649601432e-16,-4.376928452160837e-16
995,-2.502485543344383e-16,4.086869038626828,2.6926576868042638e-12,-2.241021538330304e-17,4.396091731826958e-17
996,-2.9726502175202507e-15,4.086869038625594,2.890695621696163e-12,-2.0950936433861492e-16,-2.0734577749353142e-16
997,-0.010497417356341254,4.06433730855728,2.457269259254852e-12,2.463937255752901e-06,-0.00046261723486015153
998,-0.010497417355086512,4.06433730855786,2.560894308029446e-12,2.463937192102969e-06,-0.0004626172348751261
999,0.010497417356341276,4.064337308557289,2.476193281253868e-12,-2.4639372558264098e-06,0.00046261723486028163
1000,0.01049741735508292,4.0643373085578665,2.567039556591785e-12,-2.463937191921799e-06,0.000462617234875362
1001,1.124385470591732e-15,3.9692092523043665,3.0169941008661966e-12,-1.672684665337534e-16,-3.6799754028068944e-16
1002,1.1243854705912478e-15,3.969209252302657,3.127232988399262e-12,-1.6664499734501503e-16,9.134824172686042e-17
1003,2.0173476505949127e-15,3.9922058565752647,2.847598033516008e-12,1.294689859878198e-16,1.748011834732451e-16
1004,-1.130899878392646e-15,3.992205856576621,2.876866026146375e-12,-8.858357912658159e-17,-2.176376645540346e-16
1005,1.138247579476133e-15,4.018144081399462,2.9840734339058786e-12,-2.63464886622681e-16,-3.594764814755398e-16
1006,-2.4604036438987194e-16,4.018144081398405,2.7797522897271348e-12,6.70133755814935e-17,-1.008376147006769e-16
1007,-1.560416221163801,2.1218197042690805e-16,1.5693539942575685e-11,-0.9785253741843258,-0.9784818141506237
1008,1.5605019907222701,9.605140211366995e-17,1.5211460099997723e-11,0.9365461140264553,0.9365073666922183
1009,-1.570254734843051,5.273057379751838e-13,1.5433383209425452e-11,-1.8771052666434023,-1.8766289693075242
1010,1.5702547348430498,5.253996986964683e-13,1.5432796700350076e-11,1.877105266643381,1.876628969307503
1011,1.5218997366166238,7.261032224617844e-16,1.555748529753941e-11,1.5802951185203036,1.5797320734495928
1012,-1.5219079744233606,9.90067445627217e-16,1.6078604640554413e-11,-1.576937939323917,-1.576401924601191
1013,1.5380222771259933,1.1811852059850822e-15,1.5671920836840653e-11,2.7351016717764725,2.734429805842832
1014,1.538022277125138,8.820123050165507e-18,1.555690278595894e-11,2.735101671789929,2.7344298058562373
1015,-1.4466281558344027,1.2249661958484492e-15,1.9810452989171156e-11,-0.7766358645006612,-0.7764960697197629
1016,-1.4442671185870237,3.766874128157196e-16,1.8490216284681524e-11,-0.6953609013000079,-0.6947139095568635
1017,-1.4054397040988325,2.155288317512602e-15,2.0768160735491888e-11,-0.6421307905953604,-0.6415167744018759
1018,1.3898138281685166,4.10411230874926e-16,2.0350308274820764e-11,1.7613270905226563,1.7593522913822799
1019,-1.3895213616842905,1.9533588908019515e-16,2.3002061237223214e-11,-1.7967681572854266,-1.7953617762829264
1020,-1.4164859277597828,2.208792613386396e-15,1.916023773653615e-11,-0.8295284522129045,-0.8294389038633238
1021,-1.4164859277620083,7.484148525294491e-16,1.9108008873890697e-11,-0.8295284522121731,-0.8294389038625883
1022,-0.011989303752378219,3.95879383907731,3.217447763215986e-12,1.038834253330994e-06,-0.00021257118217859664
1023,0.01198930375237998,3.9587938390773107,3.219966401646107e-12,-1.0388342533453054e-06,0.0002125711821782767
1024,1.9906201877100058e-15,3.9393138655349222,2.4375986171711483e-12,1.3835023885470073e-16,9.975691862432469e-17
1025,2.837829383571273e-15,3.901514203138965,2.082189317980105e-12,1.9580910464536175e-16,1.2163610326588563e-16
1026,2.3924223962191633e-16,3.9071222786600366,2.713200654966527e-12,-3.2907437264152573e-17,-1.6562784593490333e-17
1027,-2.3570470585640747e-16,3.8493499680155003,3.1510027634161677e-12,1.2583655222469299e-16,2.1080219399970075e-16
1028,-1.9651977415868226e-15,3.8890044217107445,2.972071988846355e-12,-1.5993882493544308e-16,5.621129148229286e-18
1029,2.3876991708868062e-16,3.899408666317856,2.3825198030619974e-12,2.5744179556388642e-18,-5.26831792847263e-17
1030,1.9800044090501797e-15,3.9183058981053285,3.001750317592629e-12,-4.0454336895607517e-16,-3.7471698730434085e-16
1031,1.1085639655460293e-15,3.9133575307593214,3.045421155484113e-12,-2.2619948182085456e-16,-2.4692966952178415e-16
1032,-7.053421344585667e-15,3.838410360607039,3.1830016235375715e-12,-1.503501269345415e-16,7.138600711445967e-16
1033,-2.3521135930116033e-16,3.841293007337685,3.2496072358855772e-12,7.325597646374469e-17,1.6320838668186184e-16
1034,-1.1187011305037498e-15,3.9491428819531116,2.59612793499363e-12,-6.515949177519475e-17,6.988458566211406e-17
1035,-2.4181525948789385e-16,3.949142881951842,2.5459497233514124e-12,-1.5337397629501027e-17,-1.4150975620202547e-16
1036,0.016740954874161846,3.906424490745489,2.7569030260860278e-12,-2.5803145540376216e-08,-0.0008066847477548427
1037,0.016740954875847713,3.9064244907456,2.7195566054179614e-12,-2.5803190679182103e-08,-0.0008066847479383603
1038,-0.016740954874161884,3.906424490745498,2.763044085595862e-12,2.5803145493105e-08,0.0008066847477544489
1039,-0.016740954875849465,3.906424490745603,2.7214364814528527e-12,2.5803190668773762e-08,0.0008066847479383675
1040,1.1110029210658765e-15,3.921967322568746,2.9905081057787177e-12,-1.8421865459949602e-16,-6.143617316708126e-17
1041,1.1110029210655394e-15,3.921967322567556,3.0237350974447553e-12,-1.921669768572364e-16,2.1009130244315822e-18
1042,-1.1013482731517975e-15,3.887885311700946,2.4330093415069335e-12,-9.836246862351408e-17,-2.455231000812088e-16
1043,-1.1013482731514508e-15,3.8878853116997223,2.6078959581779186e-12,-8.84652327419824e-17,-2.6515150127423174e-16
1044,0.003460761438002969,3.8397543873762436,2.672209130665549e-12,5.459137338713511e-07,-0.0001370426880485077
1045,0.0034607614394838236,3.839754387377071,2.686722930355955e-12,5.459136643583794e-07,-0.00013704268815494186
1046,-0.0034607614380021156,3.8397543873762428,2.6724802224218772e-12,-5.459137333635108e-07,0.00013704268804904242
1047,-0.00346076143948638,3.8397543873770696,2.693493033951672e-12,-5.459136637703081e-07,0.0001370426881559519
1048,-1.349929329319024,1.2297504175560143e-15,2.2186924102958277e-11,-1.6095283110146281,-1.6080297162856065
1049,-1.349929329320113,9.259495404665687e-16,2.1624403256196768e-11,-1.6095283110129794,-1.608029716283935
1050,1.3316892214338332,3.58584248979501e-16,2.7006735101790124e-11,2.1149779110495524,2.1132310122824154
1051,1.3242638162959877,1.2038786363245497e-15,1.4174068041453808e-11,2.566018196878888,2.5632740576792985
1052,1.3133926282606423,2.1043966031373068e-16,1.945204006669433e-11,3.353909438173253,3.3516577689594573
1053,-1.2383080494048608,1.743648492952315e-15,2.401711096129407e-11,-0.7160125475890506,-0.7159294599341898
1054,1.238444810579485,1.0062592144663193e-15,2.535826826259962e-11,0.6800935634697487,0.679898711044407
1055,-1.2488378080184817,1.7105532253525234e-15,2.6014419197808745e-11,-0.6191771569479511,-0.6185461047724801
1056,1.2488378080213947,9.575879461328005e-16,2.6202349539595556e-11,0.6191771569470795,0.6185461047716195
1057,-3.5004533381248513e-15,3.68697458135788,3.457463001541815e-12,6.36188466938283e-16,7.911328689868732e-16
1058,-2.266062081960503e-16,3.7007602249697196,3.1103938423713347e-12,4.0797773105845026e-17,-6.504905787308088e-17
1059,3.5282237031214564e-15,3.7162246869777316,2.365970688237853e-12,1.4271753646677851e-16,-7.99124668647418e-15
1060,-3.527136966632407e-15,3.715080043863047,2.8824819099884357e-12,3.073190748732693e-16,1.5651808654554172e-14
1061,-1.057934711838548e-15,3.734630477174005,3.3540585725786355e-12,3.182178346815369e-16,2.760574555467104e-16
1062,2.290332797404178e-16,3.7403973112881155,2.5434052635785264e-12,1.0570139959583408e-16,-1.1074325853751056e-16
1063,-1.0603213882995395e-15,3.743055717929063,2.66793186200913e-12,-1.4217291024650835e-16,-2.1106843584218473e-16
1064,-2.2963461564297055e-16,3.7502178718443733,2.2514802425090348e-12,-1.8881430007772412e-17,-3.303046384740912e-16
1065,2.315605402613349e-16,3.781670607763093,1.836556152523682e-12,2.5257940043519796e-17,2.84095768854442e-17
1066,-1.90843091959129e-15,3.776666402449216,3.199437313857212e-12,-1.2684508014507367e-16,-1.1712258994362706e-16
1067,-2.3258372787442503e-16,3.798380529575693,3.445416099010963e-12,9.489593556548623e-17,9.711939601611078e-17
1068,-0.001101775460470654,3.8350591354154355,2.9455817126879867e-12,1.337810188984604e-08,-5.963944863601166e-05
1069,0.001101775460470653,3.835059135415433,2.9473739104737686e-12,-1.3378102017781897e-08,5.963944863586235e-05
1070,4.4948133462767236e-15,3.83694802394674,3.204536895084551e-12,-1.4204230670848242e-16,-8.337367208772944e-16
1071,2.3414369587153823e-16,3.8238567403198735,3.2994510074725544e-12,-7.343309301478137e-17,-2.8399970691435975e-16
1072,-0.00203474514728371,3.8209256341211626,2.957127442782592e-12,-4.860920630985269e-07,4.975855622413165e-05
1073,0.002034745147285404,3.8209256341211573,2.961217635621414e-12,4.860920634250886e-07,-4.975855622390673e-05
1074,-1.938323847528868e-15,3.8358226524626375,2.189307999275831e-12,-1.5094972403903712e-16,-2.692558466099672e-17
1075,1.924598526674984e-15,3.8086610939280483,3.2592731036336803e-12,-7.228345241697684e-16,-6.2492933429383075e-16
1076,-1.931412203780954e-15,3.822144938241766,2.1540290883531004e-12,-1.3359852035264588e-16,-1.2785636315327153e-16
1077,-0.008438956560594204,3.8368527369075434,2.6891084010701168e-12,-3.647006248607386e-07,0.00047340481010196833
1078,-0.00843895655861469,3.8368527369065784,2.6153034572627293e-12,-3.6470067583775634e-07,0.00047340480993500076
1079,1.06762645420452e-15,3.76884343569767,8.314728218786856e-13,1.4718415960222458e-16,1.212422311292514e-16
1080,0.008438956560594199,3.8368527369075416,2.6932323620725504e-12,3.6470062472846593e-07,-0.0004734048101021609
1081,0.00843895655860787,3.836852736906577,2.6036808705131407e-12,3.6470067639069945e-07,-0.0004734048099344556
1082,1.0679748074006132e-15,3.77007316230404,2.9723334880364865e-12,-3.187442908958298e-16,-3.350650067186907e-16
1083,2.7739268754633985e-15,3.813659540542822,2.755884291013371e-12,1.1746930845208455e-16,1.4452698185873512e-16
1084,-1.080321823467764e-15,3.813659540546987,2.5400058784018936e-12,-3.0489003875977744e-17,-5.371132268537269e-16
1085,-2.339632515561943e-16,3.820909861016068,2.9494816289289946e-12,7.934242320225757e-17,5.383975140902216e-16
1086,2.3396325155620466e-16,3.8209098610162373,2.9880682856263947e-12,-7.830226674302929e-17,1.1327118775877532e-16
1087,-0.008118070907165289,3.800528699835357,3.009293125690266e-12,2.1659358807879503e-07,0.002000145787561443
1088,-0.008118070909461084,3.800528699833181,2.927816095416528e-12,2.1659369426468844e-07,0.002000145787596222
1089,0.008118070907163589,3.8005286998353514,3.0037653860724e-12,-2.1659358813083673e-07,-0.0020001457875604162
1090,0.008118070909458559,3.8005286998331833,2.923109973278411e-12,-2.1659369355865599e-07,-0.002000145787595823
1091,1.008254629395221,6.991424694541861e-15,3.469460030259133e-11,0.5610764956759294,0.5610111447373454
1092,-1.1190061745357005,1.0385226416283573e-15,3.2782953945358234e-11,-1.6881030652821887,-1.6837019941655071
1093,1.1189725297660686,6.668705175423597e-16,3.360056418138503e-11,1.7037589483300066,1.6994097207061247
1094,1.159513623926845,1.0173334226719287e-16,2.8326287470482593e-11,0.5157188629454091,0.5146431746257009
1095,1.1595136239271375,9.778743505790762e-16,2.7604801419439145e-11,0.515718862941984,0.5146431746222795
1096,1.1496143584014382,9.987437024174807e-17,3.093090131916594e-11,1.3777533880591397,1.3738935511427317
1097,-1.1496143583991185,2.034378761910213e-15,3.254411624248757e-11,-1.3777533882104933,-1.3738935512937958
1098,-1.0724942003047437,3.0845086786928894e-15,2.7302823097509692e-11,-1.3351236384562823,-1.3329482214244723
1099,1.0724942003063969,9.147131344677296e-16,2.7777458787926023e-11,1.3351236384616425,1.3329482214297061
1100,-0.03474482641225056,3.4921050415675605,2.9266498446744846e-12,-8.265801793461841e-07,0.0017005771543420868
1101,0.03474482641225524,3.492105041567564,2.9497355470883317e-12,8.265801793617966e-07,-0.0017005771543419264
1102,1.7821479510191353e-15,3.5267602414705697,2.8873773568237136e-12,-4.3677139341804895e-16,-1.588784820170458e-16
1103,-1.7963427838223634e-15,3.5548509350272517,3.6946889723711115e-12,-3.649652363528783e-17,-4.883209224174786e-17
1104,-2.1848729319470836e-16,3.568168280794556,3.552683499025836e-12,-2.655915493702872e-17,6.095898207666183e-17
1105,-1.0118045441152712e-15,3.5717857114539155,3.449228779845122e-12,3.299881431114591e-17,-4.587484096314287e-17
1106,2.2081917605600728e-16,3.6062508179460426,3.049171528947505e-12,9.216478998800934e-18,-1.8806463199817787e-17
1107,2.2009265544863822e-16,3.5943858360120697,3.0334584163018515e-12,1.0522266777165971e-17,1.1651192639214114e-16
1108,-1.8163390140359765e-15,3.5944222341757506,3.4905446130523e-12,2.25202993518397e-16,3.8639496066040896e-16
1109,-1.0236643497814961e-15,3.613652181283109,3.2227360585077047e-12,1.5507791877621437e-16,2.443755476103834e-16
1110,0.0034419240930404433,3.631621647054363,2.860825768288827e-12,1.7756454842895834e-06,0.00037412105333452976
1111,-0.003441924093037233,3.631621647054379,2.8716292319548905e-12,-1.7756454837130047e-06,-0.0003741210533350424
1112,-0.0038882604737218176,3.6669021189765276,3.32461424621067e-12,-7.433779827372214e-07,0.0007364910224964207
1113,0.0038882604737210066,3.6669021189765307,3.3260799613524706e-12,7.433779823221888e-07,-0.0007364910224973821
1114,-1.040283628424317e-15,3.6723201348284293,3.0881029944668942e-12,3.4102294831016255e-16,7.376658262292549e-16
1115,1.0355665312276739e-15,3.6556682424599862,2.291409586919442e-12,4.9515590475599945e-17,8.105221438545628e-17
1116,-0.01254165412509862,3.5971784501880664,3.1982872849928416e-12,-2.6414799527991334e-07,0.0013523904445975118
1117,0.012541654125096956,3.5971784501880473,3.1860797794506327e-12,2.641479948089359e-07,-0.0013523904445981987
1118,0.012541654125828987,3.5971784501890736,3.120452361330935e-12,2.6414801995722215e-07,-0.0013523904445995024
1119,-0.01254165412582974,3.5971784501890602,3.134959338430206e-12,-2.641480200439583e-07,0.0013523904445995592
1120,2.2323456284514513e-16,3.6456970777299986,3.0050222951164183e-12,7.697766584133785e-18,-4.922710823613772e-18
1121,-0.01836117585172997,3.672795918916279,2.884201388587632e-12,1.5258263560308542e-06,0.0010307039268690813
1122,-0.018361175853498283,3.672795918918442,2.830943279971672e-12,1.5258264985376288e-06,0.001030703927301354
1123,0.018361175851731627,3.672795918916284,2.8637998756759704e-12,-1.525826355891751e-06,-0.0010307039268690325
1124,0.018361175853498286,3.6727959189184425,2.820505696822281e-12,-1.5258264982759024e-06,-0.0010307039273003645
1125,1.068228961853613e-15,3.7709703565783763,2.9286013600813088e-12,-3.154525052762571e-16,-1.7871115346447494e-16
1126,0.006031761098258885,3.707295370886673,2.8081755574512285e-12,-2.487687995669785e-07,-0.0002294236703935463
1127,0.006031761095422438,3.707295370886831,2.863886037546816e-12,-2.4876879972050153e-07,-0.00022942367034036167
1128,-0.006031761098258875,3.7072953708866674,2.8034706459836645e-12,2.487687997504255e-07,0.00022942367039400293
1129,-0.006031761095426562,3.7072953708868357,2.875091957343352e-12,2.4876879947503816e-07,0.00022942367034022363
1130,2.7143771328848484e-15,3.7317891617918977,3.128908785721262e-12,-6.307349844203566e-16,-6.436030394718725e-16
1131,1.0571298326974855e-15,3.731789161791291,3.15911990107133e-12,-2.456054616276201e-16,-5.575759745249494e-16
1132,-0.002664130358509148,3.6426667674344952,2.8151649276639286e-12,-1.9104263830784082e-07,0.00014691200868390897
1133,-0.0026641303630495863,3.6426667674340014,2.6791471537826028e-12,-1.9104264491876357e-07,0.00014691200893778337
1134,0.0026641303585107252,3.64266676743444,2.814395546105953e-12,1.9104263749197868e-07,-0.00014691200868694772
1135,0.002664130363044744,3.6426667674340156,2.6961935510080998e-12,1.9104264510036743e-07,-0.00014691200893709783
1136,-2.3081115182649663e-16,3.7694321658652328,1.1320137926539416e-12,-1.0387826776669527e-17,-3.128013926615816e-17
1137,-2.3081115182648154e-16,3.7694321658649868,1.1104639907072502e-12,-1.4879192509705853e-17,-5.905274818496077e-17
1138,-2.3091870431156567e-16,3.7711886312419263,3.2892135724007924e-12,1.3075647606764634e-16,-9.259836971277916e-17
1139,-2.7430349734772695e-15,3.7711886312420013,3.5448183588369903e-12,1.1964077799753343e-15,1.1048101995420708e-15
1140,-9.589717258158865e-16,3.385279822944994,2.4375963413568447e-12,-6.200554402974177e-17,-6.109752917034421e-18
1141,-0.02981031044357119,3.4714883360290125,3.5759387432920567e-12,-9.378408244520645e-07,0.0008917437932479885
1142,9.761405609396817e-16,3.4458877736941194,2.709479853189303e-12,4.582349477144063e-17,-1.1357501997980402e-17
1143,0.02981031044357283,3.471488336029025,3.5648715326628833e-12,9.378408244642075e-07,-0.0008917437932478792
1144,2.1006896990291537e-16,3.430686628163705,3.110411888972601e-12,4.042074746237877e-18,1.1679867356159175e-17
1145,1.7312251055244819e-15,3.425987089179599,3.589037502541748e-12,-2.657421353429674e-16,-3.5222785934904923e-16
1146,-1.7273786371066096e-15,3.418375166792085,4.008334294039164e-12,2.634590360560713e-16,3.5623563213742153e-16
1147,-0.014279800149146982,3.4986781649780325,3.732635457450617e-12,4.308270569918426e-07,0.0010230385079009726
1148,0.014279800149143117,3.4986781649780374,3.726341825201483e-12,-4.3082705729444344e-07,-0.0010230385079011506
1149,-0.038690390028432955,3.47636065854943,3.2753312289104574e-12,-1.4645304241946502e-06,0.001367548931751274
1150,-0.03869039002921799,3.476360658549213,3.2192397863573197e-12,-1.4645303908359178e-06,0.0013675489318047576
1151,0.03869039002841213,3.476360658549431,3.2699397139352274e-12,1.4645304246716992e-06,-0.0013675489317501528
1152,0.038690390029244834,3.476360658549197,3.2386201566444004e-12,1.464530389673653e-06,-0.0013675489318064127
1153,-0.01628318983623096,3.512578514139576,3.840174379303249e-12,-5.450944688288259e-07,0.002084922058783869
1154,-0.016283189838089726,3.5125785141395998,3.8079966697721075e-12,-5.4509438761818e-07,0.002084922059093535
1155,0.016283189836234085,3.5125785141395767,3.837039501225181e-12,5.450944691102848e-07,-0.002084922058783637
1156,0.016283189838088175,3.5125785141396015,3.816190718490452e-12,5.450943877920861e-07,-0.0020849220590933365
1157,-1.0043226438270948e-15,3.5453737480967056,2.64818314530849e-12,-5.962587847034161e-17,-1.599073267056399e-16
1158,3.366015983450708e-15,3.5453737480972136,2.6503969960203714e-12,1.8659945245599104e-16,4.7625486250557104e-17
1159,0.004544226581935325,3.4164337555831965,3.375592220577851e-12,3.4880707122414596e-07,-0.0003510676426190431
1160,0.004544226580534704,3.4164337555835855,3.426003605298095e-12,3.48807065845419e-07,-0.0003510676425453503
1161,-0.004544226581930779,3.416433755583201,3.3911979137332483e-12,-3.48807070863974e-07,0.0003510676426192478
1162,-0.004544226580537745,3.4164337555835904,3.4286120001749784e-12,-3.488070652105102e-07,0.0003510676425461886
1163,0.9479966417024931,4.671174194312373e-17,1.5731007717658058e-11,0.9009455480137684,0.9006287197737028
1164,1.0584467131576554,3.101648333360734e-13,1.7366079936721565e-11,1.721761245507718,1.7166897292418728
1165,-1.0584467131576583,3.1354889751961576e-13,1.7276116715537226e-11,-1.7217612455077438,-1.716689729241899
1166,-0.9243689108481994,7.128578692760891e-16,1.8358937903059837e-11,-0.4622030881644928,-0.4619862665678411
1167,-0.9523895261438033,3.3033428767866316e-17,1.339744669637883e-11,-0.6407515210029553,-0.6405732609266717
1168,0.9347522133339795,1.0844330944032157e-15,3.677563054729081e-11,0.7399424818289566,0.7393200206477988
1169,-0.9363785265165564,1.1105790639559893e-19,1.766405348147627e-11,-1.1947032825004853,-1.1942326311520102
1170,-1.0039074081446702,5.65593126496339e-16,3.907512015190653e-11,-0.5956944835898051,-0.5951016590080906
1171,1.0021817127409478,1.843009930260147e-16,3.511477827489344e-11,0.48383552183575973,0.4831592909922975
1172,1.0082546293929717,3.7774156601144157e-16,3.538865296554007e-11,0.5610764956727439,0.5610111447341524
1173,-6.206954405826805e-13,3.3627393813727586,3.783308684481451e-12,-2.6442037578608413e-14,1.6868017399529478e-15
1174,6.236821531322894e-13,3.362739381372747,3.779863404020887e-12,2.6559172070818315e-14,-1.8255796180310924e-15
1175,0.9479966417027235,3.945228969892091e-15,1.5846656223919082e-11,0.9009455480108925,0.9006287197708259
1176,-0.03768757071735891,3.3300587442150085,4.025897470140675e-12,-2.9143211656857543e-06,0.0023630369134231993
1177,0.037687570717361896,3.3300587442150107,4.027225806602934e-12,2.9143211657724905e-06,-0.00236303691342327
1178,0.00384190674809331,3.3453890090470906,3.643382177662001e-12,-4.297030747571484e-06,-0.000324627771358601
1179,-0.0038419067480933117,3.345389009047092,3.6483522470344626e-12,4.297030747792228e-06,0.00032462777135885187
1180,2.0493396894302823e-16,3.3468256984089004,4.182309563440344e-12,-4.1261366963227046e-17,-2.664523175080738e-17
1181,9.45946658004653e-16,3.339299844529734,3.981148903515113e-12,-3.5878199269707355e-16,-4.973094551419227e-16
1182,9.447645493589607e-16,3.335126865870341,3.357180034069124e-12,8.644573537944282e-17,1.128346769629116e-16
1183,2.0261811295551885e-16,3.309004899969354,4.484847442403119e-12,1.23786508733387e-17,-9.977915398681306e-17
1184,9.371332052165265e-16,3.3081873486229973,3.3300804725884112e-12,6.33291234155101e-17,1.6804045599096183e-17
1185,2.0315399817194706e-16,3.317756569704682,3.9599422337154115e-12,-3.9128406200955233e-17,4.361944626215665e-17
1186,1.6827842846226927e-15,3.3301257095882297,4.267921238753966e-12,-6.123702052862367e-16,-6.308258756917606e-16
1187,2.4353613629632763e-15,3.3481917561300967,3.954469497035414e-12,-2.9040926937263633e-16,-3.08548559347426e-16
1188,-3.922257194370067e-15,3.3481917561305083,3.8311939537857365e-12,4.455401772887092e-16,1.6514008449554016e-15
1189,-2.4226812658338823e-15,3.3307588620548176,3.57827442100593e-12,1.1218591397380625e-16,2.2461092946675463e-16
1190,-1.683104230209469e-15,3.3307588620569857,3.5229563975978616e-12,7.084160054361341e-17,2.4213954839124333e-16
1191,0.8597488673841935,7.70623623692079e-17,2.5664547383488302e-11,1.1854449818326058,1.1832463681850318
1192,-0.8376939849045533,1.2197920085109523e-15,4.5577438398050685e-11,-0.8275720722835741,-0.8250770699012768
1193,-0.458259023669097,9.538232554355829e-15,1.1596248813712978e-10,-0.35297556691431076,-0.35291224112589503
1194,-0.8594776281155829,3.5587481660790547e-13,2.6393021391833906e-11,-0.6638844449696765,-0.6629323853517067
1195,0.8594776281155837,3.5777609880643425e-13,2.6362721146471466e-11,0.6638844449697141,0.6629323853517441
1196,-0.7937410650356208,4.338217756844392e-15,4.388739162401346e-11,-0.40366085117007117,-0.40233255954831154
1197,0.8207909519859192,2.7109836596382527e-15,1.699491805044143e-11,2.0062508818256597,2.000512076666042
1198,-0.8192663113807533,6.998827716641376e-15,5.501884978874179e-11,-0.8219962125764774,-0.8198949479859561
1199,1.0168723071959373e-14,3.2079439813759505,4.056185211810517e-12,7.651411686485947e-17,-6.092766145633118e-16
1200,-3.727927945766264e-15,3.182304728353692,4.2174061174704694e-12,4.432245962512516e-17,2.7223326457765377e-16
1201,-0.7504872546852533,7.596362823537783e-16,5.320305118029297e-11,-0.4868789770005586,-0.48613413869814603
1202,0.769204019680178,4.260110996890026e-15,5.89753531856295e-11,0.755337056078276,0.7510192168579006
1203,-0.7465903220369343,2.161370831172449e-15,4.3315949579231886e-11,-0.6112006994885661,-0.608506295425606
1204,-5.202576716953504e-15,3.2203238457724126,4.066281277550796e-12,1.3727707052311464e-16,3.9749950204383915e-16
1205,1.944716114585033e-16,3.1759624341304287,4.8215249883058455e-12,1.2245407939836685e-17,4.129805356383682e-17
1206,-0.7810689490125502,1.290743562528712e-16,4.653418313603461e-11,-0.3668419864143325,-0.36520500933359634
1207,-0.8194209324768261,7.451218650098118e-16,2.1851710603677247e-11,-0.9290404615678437,-0.9266127481006969
1208,-0.8194209324764232,3.5705829187308444e-16,2.277359071336029e-11,-0.9290404615588137,-0.9266127480917004
1209,-2.000102671925574e-16,3.266415546618214,2.705283590969501e-12,-2.5191045769972154e-17,-5.3300757486942094e-17
1210,3.1153908462092817e-15,3.2813940799798633,2.318199193110276e-12,3.4068488317044e-16,2.443922479486074e-16
1211,0.7823533493886059,1.4649923072501478e-15,3.490334851496247e-11,0.8668908486841812,0.8661904315635172
1212,0.7823533493897111,2.8317808450283594e-15,3.5107948113875564e-11,0.8668908487023076,0.8661904315815968
1213,-9.268989537468788e-16,3.2720592709430565,4.1721692888945384e-12,1.8947746150562775e-16,2.382075567897155e-16
1214,3.830956663919552e-15,3.270254061523551,3.943066933026406e-12,-1.2742137038274884e-15,-1.3124419043898912e-15
1215,0.7593852398385622,2.0181058182459e-15,6.715054953983205e-11,1.5278361068472543,1.5163031895425414
1216,-0.7593852398365001,3.3222668888185996e-15,6.664386883057919e-11,-1.5278361068380433,-1.5163031895333685
1217,0.014261919420553555,3.3086590010934707,4.025595113803863e-12,8.602992682227133e-07,-0.0009539505059010761
1218,0.014261919424557191,3.308659001092869,3.938021307488489e-12,8.602992457823304e-07,-0.0009539505061904089
1219,-0.014261919420554922,3.3086590010934467,4.031522508770699e-12,-8.602992696261046e-07,0.0009539505058998236
1220,-0.014261919424557198,3.3086590010928707,3.921750688998539e-12,-8.602992460130486e-07,0.0009539505061903705
1221,9.42649439791616e-16,3.327660287295714,3.286422924788217e-12,2.2474854585090385e-17,6.327786102242852e-17
1222,9.426494397920566e-16,3.3276602872972694,3.294239240570073e-12,3.032420302817758e-17,4.949478208602894e-17
1223,0.00335609962169001,3.2738468672703758,3.1651178610368808e-12,-5.599842015178297e-08,-0.00015548738229055332
1224,0.003356099621200503,3.273846867270816,3.0918550828750528e-12,-5.599842034780672e-08,-0.00015548738226687023
1225,-0.003356099621692925,3.273846867270383,3.1596197317821125e-12,5.599841942016334e-08,0.00015548738228988545
1226,-0.003356099621201936,3.2738468672707954,3.1102556009499693e-12,5.5998420405486277e-08,0.0001554873822667913
1227,0.41680619088922943,3.997049779520951e-15,1.9202504164598218e-10,0.32418351297924886,0.32354081840392324
1228,0.7285826178774187,9.26931308692563e-16,5.6886703138985704e-11,0.9164687029383839,0.9140701607495169
1229,-0.6847080539046654,3.675682140930516e-15,7.41952896483194e-11,-0.43663339902538256,-0.4369279772126007
1230,-0.6965162982476888,2.94753709055754e-15,6.47236258856305e-11,-0.5254940783295788,-0.5257815113435722
1231,-0.5886369528171009,1.1031555808878373e-15,5.0123367622914515e-11,-1.1749526537194939,-1.1718251784872704
1232,0.6333729411607518,9.875218118849898e-16,7.35716549918917e-11,1.0778107984385903,1.0741131635483154
1233,0.6523625753151153,1.111325873476364e-15,7.383351750235388e-11,0.4618258380946294,0.46129467181993244
1234,0.6431206095068408,1.2175974114051624e-15,5.7673038384168786e-11,0.6870223506959509,0.684569949614178
1235,-0.7380703728311554,1.5967688243209688e-16,3.724731059926519e-11,-0.5991189803454022,-0.5986142072585441
1236,0.738070372832883,2.821849834615274e-15,3.918495868483832e-11,0.5991189803470054,0.5986142072602154
1237,-0.7116681872940471,3.772506526231676e-16,5.121712659032804e-11,-0.6389190502135913,-0.6386567403950058
1238,-0.7116681872958037,1.2526930110252884e-17,4.968377472938962e-11,-0.6389190501781274,-0.6386567403594312
1239,0.5871922377051316,4.3504371901873255e-15,8.566373222159842e-11,0.31791910881164265,0.317292377663897
1240,0.5871922377025867,2.1949628586023853e-15,8.605867101809645e-11,0.31791910880743707,0.3172923776597739
1241,1.8651419603129017e-16,3.0460079781558016,4.294244282940817e-12,3.6206052527465545e-17,8.146563045054371e-17
1242,8.770904778388406e-16,3.096229656822091,5.273584894793285e-12,8.047398274779243e-17,3.5636338293875785e-17
1243,1.5566890683373743e-15,3.080591098738225,4.904158984562729e-12,1.3224619526362984e-16,1.465966274560122e-16
1244,8.726604348827444e-16,3.0805910987391685,5.052667425836975e-12,7.632359777824324e-17,4.187794418696305e-17
1245,0.013154103994296696,3.1279960433568985,4.796426660385739e-12,4.6408147826373924e-07,-0.0004965494523610078
1246,-0.013154103994296718,3.127996043356904,4.775652869545935e-12,-4.6408147799398974e-07,0.0004965494523611648
1247,0.6478981912354567,7.770212007480698e-13,5.4969562539383046e-11,1.2992589001293982,1.297687279714114
1248,-0.647898191235465,7.786250011231292e-13,5.4921272054781503e-11,-1.2992589001294412,-1.2976872797141579
1249,2.3043458306433228e-15,3.168068538315345,4.008247624614067e-12,1.5906721934449795e-16,1.8634663064148056e-16
1250,-1.9778579836562437e-16,3.230087213771849,1.2848443221612214e-12,-1.725689949321719e-17,-1.9297610430590973e-17
1251,-0.007825128479383478,3.151427550837142,4.625937448575345e-12,1.594700166248058e-06,0.0006242600076465567
1252,0.007825128479384187,3.1514275508371465,4.624372942204573e-12,-1.5947001652388826e-06,-0.0006242600076454565
1253,-1.9773284387702082e-16,3.2292224013436384,1.1676122231538871e-12,-1.7976063535129344e-17,6.927355029573761e-17
1254,8.895463654151947e-16,3.1402003639388494,5.374756713028067e-12,-1.971883036721608e-16,-1.218625943230896e-16
1255,-0.01657242902175823,3.1634350516285092,4.8294168105649014e-12,-1.6052937631700487e-06,0.000260476035128329
1256,-0.01657242902334289,3.163435051628499,4.773772999474997e-12,-1.6052936896559372e-06,0.0002604760352010612
1257,0.01657242902176039,3.1634350516285195,4.843122697958798e-12,1.6052937637130171e-06,-0.0002604760351276952
1258,0.016572429023346418,3.163435051628502,4.801825261430813e-12,1.6052936902084466e-06,-0.00026047603520067326
1259,1.976842576585207e-16,3.2284289281800462,4.599120721843244e-12,-6.390366649552827e-17,-9.381144397256495e-17
1260,-0.007378253935265454,3.1363044052416647,4.664012848604679e-12,1.4233125378701125e-06,0.0010777774935760865
1261,0.007378253935271723,3.136304405241665,4.66743392194668e-12,-1.4233125377651618e-06,-0.0010777774935760397
1262,-1.5884386246394254e-15,3.1434215011110314,5.084823063401575e-12,3.928829372620049e-16,3.973189787405738e-16
1263,-0.00013815954037228628,3.2287470124596394,2.480819509052119e-12,3.2978419366083006e-07,9.013619118108804e-05
1264,-0.0001381595402769319,3.228747012459563,2.463351686990863e-12,3.297842184498117e-07,9.013619123334453e-05
1265,0.00013815954037156952,3.228747012459643,2.477150495157596e-12,-3.297841928399806e-07,-9.013619117909273e-05
1266,0.00013815954028123252,3.228747012459541,2.4462846838412903e-12,-3.2978422052345677e-07,-9.013619123993415e-05
1267,0.007728804743751352,3.13692674569494,4.567561283504109e-12,7.023943393328833e-07,-0.00053395313558115
1268,0.007728804746626344,3.1369267456950873,4.625119669231513e-12,7.023943621327876e-07,-0.0005339531357132939
1269,-0.007728804743747187,3.1369267456949457,4.570980873040408e-12,-7.023943390904556e-07,0.0005339531355812259
1270,-0.007728804746625664,3.136926745695094,4.616807916902607e-12,-7.023943620937563e-07,0.0005339531357132343
1271,2.0779536624060043e-13,3.1480101682712136,5.1833731122559875e-12,-3.6015244606057983e-14,-4.678326953264089e-14
1272,-2.0779536624059901e-13,3.1480101682711923,5.173096554189654e-12,3.6087777731397264e-14,4.745444827564983e-14
1273,8.517674267289163e-16,3.0068363914420333,4.867721550008287e-12,1.0202897936793613e-16,7.656754077667888e-17
1274,0.38536008129679006,3.313103146838415e-15,2.209518190665988e-10,0.31450085166784336,0.3148169280781926
1275,0.012158277790249918,2.96661321684784,4.999153078388557e-12,1.447700339184555e-07,-0.0006299345425931765
1276,-0.01215827779025056,2.966613216847836,5.00975377998276e-12,-1.4477003435842475e-07,0.0006299345425926899
1277,-0.33279725362632406,9.010155753309385e-15,1.715652059484662e-10,-1.8775968147581237,-1.8744572121427545
1278,0.28141071493188724,2.682070952752194e-15,3.2308840115577576e-10,3.038421716174983,3.0338896943843814
1279,0.30672671819985675,8.429502164958e-15,3.70330555830862e-10,0.3240130572453165,0.3241263454102363
1280,-1.831455426044401e-16,2.990993692743951,5.7814771953998e-12,3.2309991088671464e-17,5.358474631358872e-17
1281,-2.7775495732078362e-15,2.9255509745959256,4.547539704415934e-12,-2.1695952017501546e-16,-1.7027986233206355e-16
1282,-1.7871192592942295e-16,2.918587237623928,4.021558088128877e-12,-2.1948910362218788e-17,-9.236402188606816e-17
1283,-6.828254298760391e-15,0.13182562445405338,1.2144756220874503e-09,-4.020702130351267e-13,-4.012687502656977e-13
1284,8.454910734041406e-16,2.9846801466852235,5.824746503157112e-12,-2.962092740270912e-16,-3.5567078938333064e-16
1285,-1.9916612108271657e-14,0.06788624235853599,6.159381992001888e-09,1.095305416995295e-14,1.1041802539389046e-14
1286,-1.5058927228230786e-15,2.9800682820610946,5.533387865525016e-12,5.971829938699722e-16,6.190685465775939e-16
1287,0.4136433859525327,1.9455718193630474e-13,1.2299229156057905e-10,1.9892496648945832,1.9847205909540395
1288,-0.4136433859525271,1.9817935785041364e-13,1.2306311645192992e-10,-1.989249664894637,-1.9847205909540961
1289,-1.847833540427223e-16,3.017741183357939,4.352727746425336e-12,-2.4080193778374098e-17,-5.18991529356205e-17
1290,-0.35744643728093967,8.892516379253058e-15,2.419760720993689e-10,-0.2799048424820779,-0.27939375659410426
1291,8.548565028673155e-16,3.0177411833575265,4.1098834091589894e-12,6.774018940724179e-17,4.8625683268754174e-17
1292,0.35744643728417114,5.088325219122578e-15,2.372103558127469e-10,0.27990484246683034,0.27939375657888493
1293,-0.14932270982471071,2.0471447812759912e-14,1.5107334429525582e-09,-0.18012927635762527,-0.17933257873710834
1294,-0.14932270978212278,8.889154667780442e-14,1.4937857230082063e-09,-0.18012927617779506,-0.1793325785580651
1295,-0.09855814041173687,8.926522832505574e-12,3.5211468048736425e-09,-0.15241408795569292,-0.1526785541794781
1296,0.0985581404118949,9.00312871381048e-12,3.515688197795932e-09,0.1524140879544116,0.15267855417819415
1297,1.8239243492255096e-16,2.9786945109322898,5.61278956085101e-12,-6.316451742617406e-17,-9.129590766386541e-17
1298,-8.437954807952759e-16,2.97869451093372,5.358521596226269e-12,3.436751480189598e-16,3.9566495167791e-16
1299,8.445445142512651e-16,2.9813386846637786,5.6186286649403035e-12,-1.854879864105158e-16,-3.4123243073053153e-16
1300,-2.830515025405313e-15,2.9813386846663112,5.733604356971858e-12,6.414987085371499e-16,8.910827897971418e-16
1301,-2.1329117252241756e-15,0.7235575327160967,5.196362103637812e-11,-3.461548526252453e-15,-3.357134019265041e-15
1302,4.73635068953429e-15,0.326777126123243,1.9321281831898202e-10,4.727311369884835e-14,4.707041068534592e-14
1303,0.08987327223249598,0.6289296729314443,9.089076051769127e-11,6.408663089287753e-07,-0.007446104618137585
1304,-0.08987327223248993,0.6289296729314527,9.075507207672032e-11,-6.408663077274793e-07,0.007446104618138008
1305,0.07795265815770767,0.6273838033406877,9.029073402694385e-11,6.321862083169712e-07,-0.006186306468491727
1306,-0.07795265815772133,0.627383803340678,9.010215201106184e-11,-6.321862026782525e-07,0.006186306468499013
1307,-8.642758475116066e-15,0.2590139774276194,5.578195045144029e-10,6.3568650080198885e-15,6.179822601837988e-15
1308,-2.0030264421056522e-14,0.2590139774395298,5.587431409687069e-10,1.577028361101379e-14,1.5751865577716182e-14
1309,1.54946626589033e-14,0.6504894778721633,6.853066802982608e-11,7.013447563610673e-15,6.198550982127257e-15
1310,-5.5030680535962915e-15,0.37967559441668863,1.8303048748829078e-10,2.657587412317972e-15,2.7316020305989356e-15
1311,-6.199346102157725e-15,0.6451502864703557,7.172003202413854e-11,-2.5032185533118163e-15,-1.8081705410276083e-15
1312,-3.3547083485971915e-15,0.6223599001529024,7.176300928011662e-11,-9.480779350167378e-15,-9.510069804636718e-15
1313,-7.184600519241608e-16,0.4447169476437993,1.6417183841970204e-10,6.384834673342688e-16,7.581489239339863e-16
1314,6.334790593279434e-15,0.5789734570158601,9.708869356018129e-11,-2.510512400707992e-15,-3.0167022609000484e-15
1315,9.484818109012387e-15,0.47317043344943155,1.3349845741013363e-10,1.3193190383218855e-14,1.26712872767867e-14
1316,6.748421302081485e-13,0.5405673596711865,7.896452601764961e-11,1.705191977202647e-12,1.6676437791449117e-12
1317,-8.741547717782875e-15,0.53726399905324,1.1426738881484718e-10,3.5901056347478464e-15,4.101894709953409e-15
1318,0.04724539438771299,2.847677288490157,6.028258887934533e-12,1.4287698048842667e-06,-0.004606747632667057
1319,-0.04724539438771165,2.8476772884901527,6.014677430688892e-12,-1.4287698049987585e-06,0.004606747632667385
1320,-1.512439970920156e-12,0.388596355991302,1.6836825099292604e-10,-5.300700091533106e-12,-5.211877194470464e-12
1321,1.5028622555182911e-12,0.38859635599130976,1.6931397875502827e-10,5.266740385825863e-12,5.178521118322753e-12
1322,3.607189217775712e-13,2.9362095752249195,5.780127931546915e-12,3.616226242064702e-14,-6.056461755721276e-15
1323,-3.6202286076778736e-13,2.936209575224922,5.784843569604649e-12,-3.6241111023641026e-14,6.2174386732810616e-15
1324,-0.034663588667000346,2.8630143103127987,5.116049238248118e-12,5.035220702858789e-07,0.0017972597454763131
1325,0.03466358866699897,2.8630143103127903,5.107187591215814e-12,-5.035220702563886e-07,-0.0017972597454764343
1326,2.1039944819777197e-15,2.8926208186736524,5.304156823514686e-12,1.9504028031471414e-16,9.506576675584715e-17
1327,0.025148483232542467,2.8781271005824167,5.311518391221754e-12,3.0026281389126247e-06,-0.0013763786563776412
1328,-0.025148483232541218,2.8781271005824203,5.311641565362539e-12,-3.0026281384451167e-06,0.0013763786563780328
1329,2.908384719320701e-12,0.427566835209606,1.666243146490143e-10,-1.5212115421492367e-12,-1.5443172296039924e-12
1330,-2.889112120792932e-12,0.4275668352095872,1.6643322361747295e-10,1.5113396645283217e-12,1.534572398454836e-12
1331,1.4064890411297978e-15,2.7833545623886167,4.929599789740543e-12,1.4467951579465736e-16,1.0686295554822735e-16
1332,0.009836128167594257,2.875935945267031,5.681715139591176e-12,-1.7399224422343096e-08,-0.0012489268508596215
1333,-0.009836128167593628,2.8759359452670337,5.667568879293684e-12,1.7399224408465308e-08,0.0012489268508598514
1334,-1.7613635401581667e-16,2.8765249562314565,6.1620574068019165e-12,6.472349468506479e-17,2.4773902893663516e-16
1335,0.025148483233756742,2.8781271005819717,5.324872182772964e-12,3.002628002600656e-06,-0.0013763786565566373
1336,-0.02514848323375353,2.87812710058197,5.316046973894047e-12,-3.0026280034524053e-06,0.0013763786565557678
1337,8.130093557369159e-16,2.8700159699704213,5.750042589551931e-12,-2.1306329023385836e-16,-2.013765503628115e-16
1338,-1.7439909958333543e-16,2.8481534382772056,5.309343760344276e-12,-2.49941674957704e-17,2.265762339746749e-16
1339,-1.753267914524862e-16,2.86330379623832,5.357753345628567e-12,1.047431376333045e-16,-7.12658924502018e-18
1340,8.02193828539699e-16,2.8318359225200123,6.348017716734225e-12,-2.5134717302823995e-16,-3.4299543306056405e-16
1341,7.9831367879563775e-16,2.8181385503400347,5.98841691135205e-12,1.1078876196704133e-16,1.233873159296592e-16
1342,8.021497303467387e-16,2.831680250857503,6.062836625291629e-12,-2.671481585629273e-16,-3.1713258143637536e-16
1343,1.4568033981264259e-15,2.882923553688913,5.956486621300255e-12,-3.9732065624433085e-16,-3.6016832210498934e-16
1344,-7.96810372018631e-16,2.81283170555734,4.984681676223783e-12,-6.190407946110046e-17,-2.1212881372799884e-16
1345,-1.4213844768012075e-15,2.8128317055602987,4.965219121943741e-12,-1.0932161912310663e-16,-1.9575047878077128e-16
1346,-0.018953136334400798,2.8322629889641386,5.304789433286905e-12,3.154014384864831e-07,0.0008870856228192225
1347,0.018953136334402654,2.8322629889641338,5.295457986652848e-12,-3.1540143835811357e-07,-0.0008870856228190872
1348,0.018953136331751712,2.8322629889625275,5.327961059048347e-12,-3.1540162507746015e-07,-0.0008870856228028016
1349,-0.018953136331751056,2.8322629889625235,5.333777939732641e-12,3.154016244165305e-07,0.0008870856228018285
1350,1.4459431331622511e-15,2.8614317630294535,5.13195015121421e-12,-1.5268360473832862e-16,-2.4497121923858385e-16
1351,-8.105776478207954e-16,2.861431763030707,5.345682871249769e-12,8.385456771228122e-17,3.6222887533297323e-16
1352,7.978278126359631e-16,2.8164233872515725,4.502405849323805e-12,8.367669079335782e-17,9.533167885911978e-17
1353,2.6739426676095847e-15,2.816423387253616,4.6415183858370375e-12,2.5410459022036976e-16,2.623086734147891e-16
1354,8.166657766189134e-16,2.882923553690358,5.854186350763757e-12,-2.2126575813003098e-16,-2.1645974612686928e-16
1355,-6.73281739352577e-13,0.5405673596711903,7.868790360901388e-11,-1.7009722623473333e-12,-1.6634302442419813e-12
1356,1.676995071788524e-16,2.7387407911507435,5.236749602729003e-12,2.511270956909699e-17,-1.6618752606340442e-16
1357,7.823660468540092e-16,2.761841586433391,6.371342860398031e-12,-2.68215713153641e-16,-3.799078336909374e-16
1358,7.836931424634598e-16,2.7665263856499376,6.056076444945856e-12,-3.1306464766845134e-16,-4.613127261535544e-16
1359,-1.6797451527741883e-16,2.743232014232499,4.170918047136805e-12,-1.986287629099904e-17,-2.584869269312267e-17
1360,-3.8825277458511155e-15,0.6654554065950151,7.298408767680706e-11,1.8085934310650914e-15,1.5590719243640779e-15
1361,2.257159134476409e-15,0.6654554065962155,7.162257133665933e-11,-1.1635551835996027e-15,-4.440112894363601e-16
1362,2.1038246361842262e-13,2.7681725644399027,6.3807064575727914e-12,-6.124598441251128e-14,-1.4001411419433275e-14
1363,-2.0976780583498737e-13,2.768172564439904,6.3944612480799225e-12,6.144642628914954e-14,1.3833315189951817e-14
1364,1.6797451527744558e-16,2.743232014232936,4.211661415251138e-12,4.527041701983493e-17,8.29152081737762e-17
1365,3.163094548863698e-15,2.7001409054889103,4.931002715357441e-12,1.9887327453855228e-16,9.324891887871329e-17
1366,0.027267302913407124,2.6560645591105705,5.46779738888154e-12,5.921195163384463e-07,-0.0010347357417141182
1367,-0.02726730291341345,2.656064559110554,5.478046619502531e-12,-5.92119516440795e-07,0.0010347357417142032
1368,7.619229065044334e-16,2.6896749639147015,6.1733851561947086e-12,-2.0165430275988426e-16,-1.8971547079471093e-16
1369,-2.5369856530548507e-15,2.6721686343328233,6.0178747869763725e-12,1.526409118812304e-16,6.78768699687237e-16
1370,-0.17370237171026826,1.1007519049346057,2.8197437982884077e-11,-2.4658335021155234e-06,0.012859455495336816
1371,-0.17370237171083147,1.1007519049338301,2.7284536878661484e-11,-2.4658334741647914e-06,0.012859455495399017
1372,0.17370237171082425,1.1007519049338368,2.737327027194547e-11,2.4658334772265783e-06,-0.012859455495395827
1373,0.17370237171026245,1.1007519049346008,2.8140344445641947e-11,2.4658335060967138e-06,-0.012859455495332968
1374,-0.0030177180894239565,2.689159824296534,5.155951523761428e-12,3.316451810324132e-07,0.00013136161075072948
1375,-0.0030177180895676592,2.689159824295822,5.107223224967402e-12,3.3164506108322375e-07,0.0001313616106551948
1376,0.0030177180895676566,2.6891598242958197,5.112457168131065e-12,-3.316450602839499e-07,-0.0001313616106542138
1377,0.003017718089422761,2.689159824296533,5.158945388477609e-12,-3.3164518130649953e-07,-0.00013136161075085265
1378,7.538100328178664e-16,2.6610355923275257,5.093133064832932e-12,9.959551825280513e-18,4.584548780167931e-17
1379,0.02502247475797774,2.6379932602639693,5.395543967451086e-12,5.86008035954183e-07,-0.0022387380327303467
1380,0.02766341440723094,2.6352788198959107,6.057908032328609e-12,2.025749098327756e-07,-0.001077900369549328
1381,-0.02502247475797894,2.6379932602639724,5.395486072755523e-12,-5.860080357061176e-07,0.002238738032730756
1382,-0.027663414407226843,2.6352788198959107,6.064555273972011e-12,-2.0257490982063253e-07,0.0010779003695491937
1383,0.024005005569495613,2.61382286776649,6.112248071891409e-12,1.255111415091048e-06,-0.0024330748358289862
1384,-4.283449848679942e-15,2.651396882803051,5.583195592327983e-12,-2.011834656132021e-16,3.2204193478407344e-16
1385,-0.06762597440052702,0.7705130668816964,5.453284839663429e-11,1.8455985428302013e-07,0.0038866187060953884
1386,-0.06762597440871243,0.770513066882267,5.485324466081069e-11,1.845553569638364e-07,0.0038866187018683617
1387,0.06762597440053253,0.7705130668816844,5.467083804932303e-11,-1.8455984509939405e-07,-0.00388661870608655
1388,0.06762597440870595,0.7705130668822716,5.480478172518448e-11,-1.8455536066747102e-07,-0.0038866187018719526
1389,-0.02400500556948852,2.6138228677664763,6.122573655664271e-12,-1.2551114143832809e-06,0.0024330748358292655
1390,0.025285504151627943,1.011597122896759,3.1680667636452245e-11,1.8110161196377428e-07,-0.0017941674196630848
1391,0.010528809984028983,0.7719956995521312,5.908654580303564e-11,1.467405393029697e-07,-0.001176815446060065
1392,-0.01052880998402615,0.7719956995521121,5.901727371387331e-11,-1.46740529866074e-07,0.001176815446069162
1393,-2.7937286150803577e-15,1.02493279913009,2.1799225410664055e-11,-1.6566146776557894e-15,-1.5594174227167824e-15
1394,-0.02528550415162657,1.011597122896758,3.167869138254103e-11,-1.8110161326828633e-07,0.0017941674196617716
1395,-4.578960604137089e-17,0.7478010161501487,6.428755354821896e-11,1.9923200467109738e-17,8.608665186412683e-17
1396,-1.6177626630631828e-15,1.0013729665313476,3.4721795732871166e-11,5.867565924977091e-16,6.319875303327838e-16
1397,-2.602137920574164e-15,0.8209007779978386,5.236096045906803e-11,9.53770880387264e-16,1.2395848366931748e-15
1398,3.7787937889755364e-15,0.7639770656223357,4.419944555913634e-11,9.779010951980158e-15,9.408127086739077e-15
1399,-2.935507667261026e-15,0.9260694864865121,4.37144959535827e-11,1.8449094462135362e-15,1.9306261239490806e-15
1400,-2.2589893121255918e-15,0.82875345385516,4.603525170912474e-11,1.3457651179704686e-15,1.5732993852239097e-15
1401,-1.914658400897584e-15,2.6323171465158834,6.865020323212248e-12,1.5133398465538306e-16,6.59031970855214e-16
1402,5.324356399893875e-17,0.8695333876838447,2.141262024324734e-11,5.810015014837593e-17,5.741643880178567e-17
1403,1.9901045439016837e-15,0.9662419402363892,3.8940352124087716e-11,-1.2555531238243078e-15,-1.3056984886656577e-15
1404,2.4915701289375506e-15,2.62433314936983,6.167064238307444e-12,-2.972230915129638e-16,-1.1995992863873659e-16
1405,0.028841734205275294,2.5967100263663627,6.357771049154034e-12,-1.2446905264746136e-06,-0.001548594628060796
1406,0.028841734208555347,2.596710026363562,6.353580377926828e-12,-1.2446903492032216e-06,-0.0015485946279671292
1407,-0.028841734205274087,2.596710026366358,6.356417915759865e-12,1.244690527168503e-06,0.0015485946280614756
1408,-0.028841734208561138,2.596710026363564,6.336890204658858e-12,1.244690349611749e-06,0.0015485946279680364
1409,1.337388768407684e-15,0.9597336187099448,2.2119017907076083e-11,1.128821260686073e-15,1.1117549344758282e-15
1410,1.3279744062249564e-15,2.6279789704813212,6.500655681171115e-12,7.122914932342667e-17,1.3408301540407295e-16
1411,-2.998320975561266e-15,0.7388602628247292,6.047125285040265e-11,1.2404691368723026e-15,1.3800408568755918e-15
1412,2.1780212997851537e-15,0.7388602628221838,6.097165507366239e-11,-9.101102666090215e-16,-7.914827001585708e-16
1413,1.0044549727845828e-15,0.8574419505454604,4.966077210432332e-11,-7.15446135992238e-16,-6.096562023242363e-16
1414,0.00836982209810973,2.6383698594844245,6.209187851903551e-12,9.88198893309318e-08,-0.0006834623524329701
1415,0.00836982209347807,2.6383698594871956,6.366428094535719e-12,9.882005995963394e-08,-0.0006834623520811309
1416,-9.97320630085128e-16,0.8513517972923765,3.4877267393116907e-11,-7.027110888033853e-16,-5.148832075153351e-16
1417,-1.2240623707837721e-15,0.7576778692186124,4.732455478821714e-11,-1.7352367779428432e-15,-1.537947557934266e-15
1418,-2.9064452020987295e-15,0.7576778692196796,4.787566803268356e-11,-4.103566097696048e-15,-4.025200991696244e-15
1419,-0.008369822098106793,2.6383698594844223,6.2006683514071125e-12,-9.881988902084998e-08,0.000683462352433876
1420,-0.008369822093473946,2.6383698594871885,6.381360332718837e-12,-9.88200592804897e-08,0.0006834623520820791
1421,2.4967030644601765e-15,2.6297395927563336,6.610417218401394e-12,-2.284450770420604e-16,-2.349998977526695e-16
1422,-3.6645420423253085e-15,2.6297395927610316,6.774202603096272e-12,3.2790805322229465e-16,6.947943474875518e-16
1423,-1.1208773310474184e-15,0.9568246174252398,2.5945092143450963e-11,-7.48727845260628e-16,-6.971545965232698e-16
1424,-1.75825056352848e-15,0.9568246174278883,2.6380120569905016e-11,-1.1833362732347162e-15,-1.081209509129904e-15
1425,-6.929789912644939e-16,0.9527237234723742,3.5421945066758197e-11,3.3322580547449595e-16,5.591951177082954e-16
1426,-6.929789912660741e-16,0.9527237234745467,3.589237127295738e-11,3.0657642841820155e-16,5.66766447438781e-16
1427,1.19060877433559e-15,0.8544017225607371,2.19546513380908e-11,1.2990741024131863e-15,1.2309876882887543e-15
1428,-3.0877617036728236e-15,0.8544017225620052,2.195752618466021e-11,-3.358951080467817e-15,-3.5037461747241378e-15
1429,1.9264341331343215e-15,0.8443057278564492,4.532451145584666e-11,-9.728386216243637e-16,-1.4297540808177838e-15
1430,-5.1698815356105474e-17,0.8443057278572108,4.4435125723612534e-11,-2.2902076827861773e-17,-2.6431496690331196e-16
1431,-1.8667785173378017e-15,2.5664907628599196,4.619204118126458e-12,-1.203913407582627e-16,6.392331834417293e-17
1432,3.0484211151723566e-16,1.0761275035770714,2.8225955335815173e-11,-2.1626335604382122e-16,-2.0941189050020806e-16
1433,2.1032046679467515e-15,1.1445456316204403,2.7371691174740737e-11,1.4290284507752923e-15,1.4189047699751025e-15
1434,-6.533245191033881e-17,1.0669599096788691,2.6659478479270997e-11,-3.9249160983697075e-17,-3.128917076570282e-17
1435,1.5869709681556286e-16,2.5917202727521755,4.317282299192707e-12,2.0066819325385214e-17,5.604703191929418e-17
1436,1.8851296089347617e-15,2.5917202727533373,4.308858520940416e-12,1.6431496852579606e-16,2.712965003134351e-16
1437,0.011742395621387744,1.0498564242808128,2.880683313412545e-11,3.1321822319824166e-08,-0.000137760440478121
1438,0.011742395623579226,1.0498564242805977,2.8320502356094592e-11,3.1321940773682e-08,-0.00013776044039543606
1439,-0.011742395623580195,1.049856424280601,2.829540722876898e-11,-3.132194084827511e-08,0.00013776044039561495
1440,-0.01174239562138887,1.0498564242808093,2.8855186126093313e-11,-3.132182292697738e-08,0.00013776044047769708
1441,-2.1278499068726707e-15,1.157957355635127,2.454597874651287e-11,-1.4805391467142953e-15,-1.4503911896119833e-15
1442,1.9032434505387095e-15,1.1780816702053354,2.7472132774466792e-11,-1.0779347952870993e-15,-1.131024617131325e-15
1443,-2.4213021120380613e-15,1.1755983663286906,2.7201803984680416e-11,1.1158377349292678e-15,1.1780333915298519e-15
1444,0.006694545371648562,1.1666941788706644,2.8464160740474395e-11,2.679923601302432e-06,-0.00022833571058789243
1445,0.006694545370406833,1.166694178873505,2.8096635479878303e-11,2.67992400310689e-06,-0.0002283357101139482
1446,-0.006694545371650113,1.166694178870664,2.8518509967881725e-11,-2.679923601003626e-06,0.00022833571058812098
1447,-0.006694545370404263,1.1666941788735086,2.805426996021527e-11,-2.6799240064887334e-06,0.00022833571011061276
1448,0.008160358810305246,2.5552930472958186,5.932666873757923e-12,9.102066546473771e-08,-0.0008447339309143927
1449,-0.008160358810302934,2.555293047295805,5.926786735331505e-12,-9.102066422572502e-08,0.0008447339309156096
1450,1.289106146088332e-15,2.55106109482089,3.923388663980406e-12,1.1121899677739813e-16,2.579475438141613e-16
1451,-0.010231585947405709,2.5464795522647647,6.6716679094759836e-12,8.12487394774488e-08,0.0003566867536870504
1452,1.463552437625272e-16,2.3901625164810856,7.23694660624878e-12,3.707790651932755e-17,4.821304743212492e-17
1453,0.010231585947404032,2.546479552264769,6.7065022952077185e-12,-8.124874003711396e-08,-0.00035668675368737937
1454,1.5560507735103955e-16,2.5412237627923067,5.6768794152349624e-12,-3.7844499725920946e-17,-1.0862525836222119e-16
1455,-0.013464846180275178,2.4259273165254096,6.94574634830943e-12,-4.38007427185777e-08,0.0010565494689028137
1456,0.01346484618027355,2.4259273165254074,6.938782297194778e-12,4.3800742746333277e-08,-0.0010565494689026228
1457,-0.01688650999335053,2.529913881993188,5.911811335987213e-12,1.9310865931919732e-06,0.0007077251288128104
1458,-0.016886509992966467,2.529913881990692,5.976069075511631e-12,1.931086700143747e-06,0.0007077251289216574
1459,-1.8314351965052035e-15,2.517899938826324,6.809573971777861e-12,-2.1331555409648348e-16,-2.0423092599941952e-16
1460,-3.511698928726212e-15,2.5200566957796204,7.2638204841548944e-12,1.4593509474777957e-15,1.5704677910089841e-15
1461,6.922405793079842e-16,2.4436883827427764,7.93857482261989e-12,-3.2072035386334536e-16,-3.8966229083012685e-16
1462,-1.789011374365438e-15,2.459574676008218,7.71960059436488e-12,4.1793894365713434e-16,4.895625321376657e-16
1463,1.5093134354236774e-16,2.464895897289766,7.890848369622012e-12,-3.881578526995084e-17,-2.5111515687719916e-17
1464,1.2333702419301834e-15,2.4407631980076854,7.616069604235412e-12,1.3706790328063926e-16,1.198968518010509e-16
1465,0.016886509992970974,2.5299138819906943,5.9730647592119235e-12,-1.9310866998358336e-06,-0.0007077251289214007
1466,0.016886509993353914,2.5299138819931897,5.883162931666484e-12,-1.9310865936022353e-06,-0.000707725128813441
1467,-0.03771295198903137,2.4669667701561897,7.352050984581071e-12,7.43633273850991e-07,0.0019884277445361854
1468,-0.037712951991686706,2.4669667701579225,7.378329253193796e-12,7.436333083008645e-07,0.0019884277448320668
1469,0.03771295198903471,2.4669667701561924,7.371449446548186e-12,-7.436332734953727e-07,-0.001988427744535986
1470,0.03771295199168026,2.466966770157931,7.401775989696575e-12,-7.436333076815682e-07,-0.001988427744830835
1471,-7.186419646037309e-16,2.536888291075264,6.3527144937231314e-12,1.9814726438414573e-16,-3.3382627242476044e-17
1472,7.020437331438028e-16,2.4782946364916945,6.396077579833963e-12,1.0318354627888452e-16,3.9251597331612714e-17
1473,-7.186419646036438e-16,2.5368882910749564,6.318978027740997e-12,1.7895265076641603e-16,5.688266962642995e-16
1474,1.2225802178967408e-15,2.419410409792826,7.012255606002098e-12,1.0392810550199917e-16,-6.280739874031654e-17
1475,-1.4814616070858406e-16,2.4194104097888336,7.002831461351995e-12,-1.6137539362190922e-17,8.32130461338545e-18
1476,-3.4003026040889157e-15,2.440116740935802,7.532304616395495e-12,6.2988345161057e-16,7.361551168488507e-16
1477,2.316673088665582e-15,2.440116740936599,7.613752009102796e-12,-4.300091929260912e-16,-6.205447016088546e-16
1478,7.097523596226435e-16,2.505506969221564,5.961358091014804e-12,9.771297964142724e-17,1.902659338298548e-17
1479,-1.2660866647399185e-15,2.505506969220694,5.865209613487769e-12,-1.8895642751084454e-16,-1.0669135352003296e-16
1480,3.8077212527952426e-13,2.4842900274475386,5.397552360098459e-12,5.2115917918010846e-14,5.769490381323308e-14
1481,-3.807721252795249e-13,2.4842900274475426,5.393879347811127e-12,-5.165480673405276e-14,-5.727144154971456e-14
1482,-7.062867564031414e-16,2.4932729936647435,2.390358239133859e-12,-9.456174750187175e-17,-9.356352092261596e-17
1483,1.5275954892308971e-16,2.494752756949136,3.144318935561022e-12,2.7474740983070932e-17,3.649145820225634e-17
1484,-7.068395749579431e-16,2.4952245063620833,6.676708660290103e-12,2.1239031763679857e-16,1.1337238817957228e-16
1485,7.06822661691672e-16,2.495164800598601,6.9376206876692175e-12,-2.63433372945481e-16,-2.411819583938738e-16
1486,-7.063327832210401e-16,2.4934354735937676,6.706924967867379e-12,1.743471738135168e-16,1.7719731064085195e-16
1487,-7.063327832208446e-16,2.4934354735930775,7.036788610344077e-12,1.7044166371240482e-16,-1.8604072834815842e-17
1488,0.15817328925861826,1.5042021157844936,1.3789648657911873e-11,7.970901223786075e-07,-0.010859970519105429
1489,-0.1581732892586144,1.5042021157844925,1.376808756914554e-11,-7.970901211643011e-07,0.010859970519106617
1490,-0.15186979990045563,1.511478556997061,1.2802661381935841e-11,-9.25833596811948e-07,0.010592396628044752
1491,0.1518697999004576,1.511478556997064,1.2849690826405236e-11,9.258335973930804e-07,-0.010592396628044143
1492,-0.07518522972947217,1.3144939170004977,2.0764011703368858e-11,-9.507944514035305e-07,0.004444047334192314
1493,0.075185229729464,1.3144939170004981,2.0745060051662283e-11,9.507944499255461e-07,-0.004444047334193584
1494,-0.080096865995506,1.3422463143735546,2.0511009400992294e-11,-6.020446172601279e-07,0.006067691425858963
1495,0.08009686599550389,1.342246314373549,2.0478460250664302e-11,6.020446181812661e-07,-0.0060676914258580225
1496,2.0201118130758555e-15,1.2504215885131869,1.6006712305379663e-11,7.436053585350638e-16,7.222868540807058e-16
1497,6.610832652689732e-16,2.3336995022430034,7.20202018414613e-12,9.115701278023153e-17,1.0397466371798515e-16
1498,-7.836465349867926e-17,1.27979191311715,2.0778860630919656e-11,4.1136179340260253e-17,4.8396998706691443e-17
1499,3.622278795681689e-16,1.2787058252077168,1.4286240058259732e-11,1.9325531592237873e-16,2.0685295849775113e-16
1500,-3.572249928197509e-16,1.261045063049699,2.355570460904167e-11,2.0516966001172336e-16,2.2571416842195797e-16
1501,0.006440427093435965,1.2627867875587757,1.947628475492315e-11,-3.1517022382535065e-08,-0.0002483120258911448
1502,0.006440427093148549,1.2627867875605894,1.9162361334676563e-11,-3.151755060193037e-08,-0.0002483120264218626
1503,-0.006440427093434571,1.2627867875587773,1.9455832245650154e-11,3.151702341903234e-08,0.00024831202589218563
1504,-0.0064404270931471466,1.2627867875605892,1.9187443122829714e-11,3.151755101089143e-08,0.0002483120264220912
1505,0.10107063993624547,2.123582964317443,8.808206075564897e-12,7.676162113346048e-07,-0.007133964293766439
1506,-0.10107063993624994,2.123582964317438,8.82540926017872e-12,-7.676162116772127e-07,0.007133964293766306
1507,0.11554684624743033,1.7318500494180333,1.1656826991630795e-11,2.1921730177830792e-06,-0.007098280397099116
1508,0.08103534039088046,2.102528843223073,8.815962508558455e-12,-3.482319161384785e-07,-0.004860342140258864
1509,-0.08103534039088181,2.1025288432230838,8.804949965511159e-12,3.482319153678276e-07,0.0048603421402578124
1510,0.11554684624466298,1.7318500494177527,1.195580144141195e-11,2.1921728670952403e-06,-0.007098280397174842
1511,-0.11554684624742739,1.7318500494180298,1.1678526839412926e-11,-2.1921730187315393e-06,0.007098280397098276
1512,-0.11554684624466266,1.7318500494177596,1.1988798555576772e-11,-2.192172866378149e-06,0.007098280397175461
1513,0.08545575242576199,2.040503883768133,7.37823985133458e-12,3.68591112496347e-07,-0.007034655479278026
1514,0.08545575242575038,2.0405038837661538,7.473888288712686e-12,3.6859093478606997e-07,-0.007034655479454606
1515,-0.08545575242575718,2.0405038837681264,7.372284582432059e-12,-3.685911108735132e-07,0.007034655479279839
1516,-0.0854557524257534,2.04050388376615,7.454599396264184e-12,-3.6859093513561675e-07,0.007034655479454309
1517,6.690819543600625e-16,1.3240716819123162,1.688686994548292e-11,1.9235440520701175e-16,9.568632118965949e-17
1518,-3.90133625082418e-16,1.377216297091809,1.6501388801799885e-11,-1.6301329630855385e-16,-1.1681236768506597e-16
1519,-1.849528886234198e-15,1.3272543428097792,1.1027956078932559e-11,-1.2324227299467348e-15,-1.1596029365253129e-15
1520,-3.7734821287371056e-16,1.3320823303511862,2.246400318125165e-11,1.8500879997945613e-16,1.0632653560894685e-16
1521,0.03553334394611946,2.1662518768966796,7.870841142451766e-12,2.771612069782381e-07,-0.0022934888526401596
1522,-0.010946250478995504,2.2850496646490384,8.102151595860145e-12,9.781265305347508e-08,0.0015598609131199093
1523,0.010946250478995504,2.2850496646490384,8.094724669744686e-12,-9.781265337092948e-08,-0.0015598609131204488
1524,6.469348027939844e-16,2.2837538122368417,7.369374686794169e-12,5.162811992935746e-17,9.355082959653942e-17
1525,6.473043660874542e-16,2.2850584129117157,7.85066933007502e-12,7.527065148727518e-17,6.295122716166519e-17
1526,2.546374210596838e-15,1.3857146304523822,1.321998537662212e-11,1.7226940859820378e-15,1.6909788155869044e-15
1527,-0.016744440397767592,2.21762774168656,7.46818501669238e-12,2.9221717834197747e-07,0.0008434232706030541
1528,0.01674444039777002,2.2176277416865555,7.457284649387393e-12,-2.922171784096317e-07,-0.0008434232706030741
1529,-0.004796833561307295,2.304850361075283,6.936855869044969e-12,2.1000258406973088e-07,-1.1267342269265148e-05
1530,0.004796833561306789,2.3048503610752853,6.974813716150724e-12,-2.100025839968725e-07,1.1267342269344512e-05
1531,-0.030746966753807146,2.256781945068136,8.695736758944062e-12,7.330276864479096e-07,0.0017283675223374768
1532,-0.03074696675758359,2.256781945071992,8.715230423035022e-12,7.330276550661114e-07,0.0017283675224466308
1533,6.398453511211682e-16,2.2587272373570566,9.26312392311538e-12,-2.646051538164755e-16,-3.11466795530223e-16
1534,0.030746966753812707,2.25678194506814,8.673777750139825e-12,-7.330276858169039e-07,-0.0017283675223368415
1535,0.030746966757589124,2.2567819450719937,8.7294082689787e-12,-7.330276535445421e-07,-0.001728367522445662
1536,-1.673609484489287e-15,1.4286583467785112,2.0254275777404813e-11,1.0334906871768359e-15,1.0317149783287673e-15
1537,8.768528733902867e-17,1.4320094152873886,1.1675514738568793e-11,1.9349102900502288e-17,-1.6388979801536206e-16
1538,-6.532741446478733e-16,2.3061324137023465,8.176270579930366e-12,2.879154304052554e-16,3.439772860032307e-16
1539,-4.0761612595007214e-16,1.4389315237754063,1.7947419002784597e-11,1.5458452246948944e-16,1.9790912382082507e-16
1540,1.166552685542053e-15,2.308535398869506,8.917444829488205e-12,-2.3054117213286905e-16,-2.0880668968666113e-16
1541,1.9637348880833527e-15,1.4092105712620222,2.0638011842434668e-11,-5.758610606665903e-16,-8.3600487344295e-16
1542,0.00715826492608255,1.3315216401577317,1.890252969040808e-11,3.747626966480594e-08,-0.0003910266568004008
1543,-1.6755365574307065e-15,2.3035668439192074,8.676992435535167e-12,3.234145434371106e-16,3.67809631315297e-16
1544,-1.1640419676552044e-15,2.303566843921067,8.909330290363502e-12,2.2031665771263254e-16,2.5666135917165687e-16
1545,0.0001166744368880872,2.308848175390614,7.287117034221153e-12,-7.392612503100485e-08,1.6781431769521938e-05
1546,0.00011667443553252296,2.3088481753790444,7.356227274825101e-12,-7.392652562435457e-08,1.678143164728107e-05
1547,-0.007158264926075761,1.3315216401577337,1.8940291044010598e-11,-3.747626948504522e-08,0.0003910266568003197
1548,-0.007158264926572718,1.331521640159098,1.875844715382919e-11,-3.7476144299376096e-08,0.00039102665695612583
1549,-0.00011667443690090422,2.3088481753906205,7.295838859267593e-12,7.392612486338719e-08,-1.6781431771033316e-05
1550,-0.00011667443551970681,2.308848175379055,7.351346810839835e-12,7.3926525246998e-08,-1.6781431645216858e-05
1551,0.007158264926568581,1.3315216401590984,1.8785332628848322e-11,3.747614146266953e-08,-0.00039102665695885173
1552,3.1565942619848106e-15,2.2652273635142666,7.965887212548152e-12,2.897523953220406e-16,6.436420724706177e-17
1553,1.144668201999025e-15,2.265227363517822,7.93947367019736e-12,9.608445292121244e-17,2.262685067700823e-16
1554,-0.03553334394612091,2.16625187689668,7.875962216536256e-12,-2.771612070693111e-07,0.0022934888526401527
1555,-0.012477986113836088,2.0668241628057054,7.762317148342337e-12,-6.749915782452813e-07,0.0018025375755085452
1556,0.01247798611383837,2.066824162805703,7.719182419262025e-12,6.749915783931665e-07,-0.0018025375755084446
1557,0.014119771882216511,2.014957026967255,6.387134439320682e-12,8.728116014655729e-09,-0.0016339865352992117
1558,-0.014119771882215148,2.014957026967252,6.415436539797256e-12,-8.728116108330797e-09,0.0016339865352991978
1559,-5.648690302574028e-16,1.9940522533237053,1.2268620633779055e-11,1.4016440836753875e-16,1.6196383181532947e-16
1560,1.0380595925278695e-15,2.054255538722734,1.1113462381028365e-11,-4.1140624470803863e-16,-4.373081995938034e-16
1561,-2.62449637454273e-15,1.8833845941670113,1.148046664152517e-11,-8.58243035082116e-16,-7.991457518323747e-16
1562,-9.863565605971649e-16,1.951938445872829,6.9995536846998915e-12,-1.434892591043319e-16,-3.284034399743657e-17
1563,1.867625311949674e-15,1.967141506404914,8.734314551092645e-12,-5.352353477334936e-16,-6.212956588188319e-16
1564,-2.742845001520364e-15,1.968313643013318,1.0621970647715209e-11,-3.0475493127569455e-16,-1.0773316379502532e-16
1565,1.2060756706757904e-16,1.9696710455871966,1.1261125023203006e-11,2.4847617206200426e-17,-9.0594906876456e-18
1566,0.008255584720507839,1.8774827863602828,1.0878376926104606e-11,1.1787528166433414e-06,-0.001595698807839498
1567,-0.008255584720509496,1.8774827863602805,1.0890586787794138e-11,-1.1787528168410999e-06,0.001595698807839419
1568,-5.030393573467656e-16,1.7757864395056928,1.383112595401548e-11,1.7007836972096697e-16,1.7449581508247747e-16
1569,9.11569500916277e-16,1.8039394940976912,9.716445035983382e-12,1.827278952677531e-16,1.3783091665860298e-16
1570,0.009902747418937704,1.8650354695759754,1.1206215033845568e-11,3.920999518784718e-07,-0.0009286028111103479
1571,-0.009902747418936056,1.865035469575977,1.119128701900025e-11,-3.9209995186806346e-07,0.000928602811110452
1572,-1.1134336504305266e-16,1.8183751449082994,1.3871820228127073e-11,-3.94488658310262e-17,-7.805523630499564e-17
1573,4.441585719394513e-15,1.4011944346864327,1.3939780232816686e-11,4.497088499386213e-16,-1.1814612086416524e-16
1574,-4.130458054736759e-15,1.4011944346916392,1.516466905143825e-11,-4.411000305792022e-16,-2.0930565953224516e-16
1575,-1.7260953844988184e-15,1.8180701734637181,1.3573673111097116e-11,5.234181924172738e-16,5.919065204697256e-16
1576,4.254039046275421e-16,1.5017244160273842,1.886209606797693e-11,-2.5703614728775326e-16,-9.482298793110271e-17
1577,-0.0026680912211815636,1.4955232646136876,1.5202178392501957e-11,-3.91431580136839e-07,0.0001360062205117557
1578,0.0026680912211825576,1.4955232646136862,1.5217047723476267e-11,3.914315801541862e-07,-0.00013600622051211653
1579,5.29359646932003e-16,1.868700070709122,1.1098427925371665e-11,-3.0273213462341427e-16,-2.943077063125382e-16
1580,2.2789122057203868e-15,1.4106154926247012,1.768686651640117e-11,-2.677983601203932e-16,-7.625006076004279e-16
1581,-6.6639860423935905e-15,1.410615492628825,1.605806988035375e-11,7.562996249773669e-16,1.4994235862857442e-15
1582,5.423265177651879e-13,1.9550699452462337,1.088946034247435e-11,9.446935421431046e-14,8.308094880463135e-14
1583,-5.39287728630037e-13,1.955069945246234,1.0889034048639434e-11,-9.389971439288658e-14,-8.279038262240523e-14
1584,-1.1075416793262273e-15,1.522674202147337,1.69936008375796e-11,3.9459976298314593e-16,4.839572926376722e-16
1585,-4.312587592446352e-16,1.522392722159829,1.6901531656191057e-11,1.9938248660156162e-16,1.473589473471082e-16
1586,-1.2985439421388827e-14,1.5688804417375066,1.5030610421124017e-11,-9.113836643425526e-16,-1.132087854485367e-15
1587,-1.12198248110314e-15,1.5425277541485627,1.2127598953162403e-11,-2.565468421503713e-16,-2.7852235321978973e-16
1588,7.510625615074196e-16,1.4863062178797581,1.1967371486952589e-11,2.93732366424832e-16,2.525751855201688e-16
1589,5.192969425781496e-16,1.8331775739594098,1.3205405542362038e-11,-2.9216909224352016e-16,-2.6367773181409096e-16
1590,-1.4837133482427114e-15,1.5627728389953914,1.5356675323338105e-11,4.737565729560155e-16,4.556606066828936e-16
1591,9.841578597864437e-15,1.5675094282070807,1.5184774172062866e-11,-7.574477031381551e-16,-3.4751649855012613e-16
1592,1.0604746312960719e-16,1.7318865031687758,1.1046009938785906e-11,3.358828867129725e-17,5.571617176254674e-17
1593,-4.3846936271814136e-16,1.5478469767462713,9.120037784159141e-12,-9.464224585842846e-17,-1.8034674144610772e-17
1594,-1.4790685705793936e-12,1.4808190982305733,1.7378837389432247e-11,-1.7846639964458344e-13,-2.4055067562433335e-13
1595,-0.010146989331744679,1.4446061340782141,1.6799381026332604e-11,2.6368224683576136e-07,0.0013912247715428105
1596,-0.010146989331713995,1.4446061340766774,1.640129308058659e-11,2.636826382223373e-07,0.0013912247719532072
1597,0.010146989331742112,1.4446061340782141,1.6776179713047363e-11,-2.636822467871891e-07,-0.0013912247715423458
1598,0.010146989331713678,1.4446061340766778,1.6376866797230173e-11,-2.636826373445672e-07,-0.0013912247719521254
1599,-8.398059023825704e-16,1.661923784375724,1.3972209963280078e-11,3.959255898826594e-16,3.706335474723785e-16
1600,1.9495382860316136e-15,1.664201936303717,1.6267290160442128e-11,-6.47013770492304e-16,-7.537811177490183e-16
1601,0.030609422231998508,1.7356729993807416,1.2823510836449633e-11,7.690279010155558e-07,-0.0013714674881298177
1602,0.03060942223157564,1.735672999382012,1.2585559799045029e-11,7.690280693771912e-07,-0.0013714674880195197
1603,-8.421854430346725e-16,1.6666327477140357,1.1596682534384947e-11,-2.2229800599950496e-16,-2.1661111389485387e-16
1604,8.461313818173691e-16,1.6744415157830017,1.1903887201983851e-11,2.800328853087899e-16,2.279789961239667e-16
1605,0.006682394007944071,1.6912480825554614,1.2491711144574843e-11,9.217212064340646e-08,-0.001051019292655147
1606,-0.0066823940079395305,1.6912480825554528,1.2507043419518283e-11,-9.217212110484291e-08,0.0010510192926547791
1607,8.630472049065274e-16,1.707916880321887,9.411254851975007e-12,2.24969144973433e-16,2.659070425220847e-16
1608,-1.2420056599752026e-15,1.7075384273716099,1.1338127255241017e-11,-1.712552706374716e-16,-2.162506355963471e-16
1609,-4.497178416332851e-16,1.5875553932565292,1.1751926038817934e-11,-1.5854345476805022e-16,-9.318278274171522e-17
1610,4.497178416339107e-16,1.5875553932587378,1.149903491638319e-11,1.6471081084484964e-16,5.999452309085444e-17
1611,0.008200046969183685,1.8364440519325549,1.0768535400297702e-11,1.9766322899034822e-07,-0.0006030546057119845
1612,0.00820004697165633,1.8364440519322502,1.0794430174501318e-11,1.9766303961752524e-07,-0.0006030546060427928
1613,-0.008200046969182863,1.8364440519325536,1.0753506720110958e-11,-1.976632292375463e-07,0.0006030546057116254
1614,-0.030609422232006883,1.7356729993807358,1.2814510355903602e-11,-7.690279000896472e-07,0.0013714674881310012
1615,-0.03060942223156647,1.7356729993820168,1.255607598196172e-11,-7.690280708965921e-07,0.0013714674880182212
1616,4.405505454892998e-16,1.555193789851808,1.684628338728693e-11,-2.5502135862916535e-16,-3.7305146741242e-16
1617,1.1311953267869502e-15,1.5551937898499337,1.771920082501798e-11,-5.557422606907071e-16,-5.176857387325063e-16
1618,8.557322328091123e-16,1.693441004317385,1.6362172450637883e-11,-5.022394744903763e-16,-4.835604956455568e-16
1619,8.60450147261714e-16,1.702777464348428,1.4145795597971414e-11,-2.00112759320074e-16,-8.330406573247002e-17
1620,-0.008200046971660407,1.83644405193225,1.0777600677078066e-11,-1.97663040261975e-07,0.0006030546060417502
1621,-8.412789964940346e-13,1.6521274202566376,1.0759352989448146e-11,-1.5503136968630926e-13,-8.364057500255279e-14
1622,8.387110746318169e-13,1.6521274202566358,1.0794753370044229e-11,1.5438843779802536e-13,8.345182218058664e-14
1623,-3.0979611377708476e-15,2.223151205999399,5.460056924558755e-12,-2.702710255273225e-16,-2.0856021522898627e-16
1624,1.1296271653194978e-15,2.2354620849832747,8.522143472256298e-12,1.2897177764778153e-16,4.318923589260743e-16
1625,-5.596977824682449e-15,2.235462084982464,8.544913547464493e-12,-6.412268109610812e-16,-2.0247644977756246e-16
1626,-1.2715786647887729e-16,2.076645553108203,1.0176257984157794e-11,7.383562181737739e-17,3.541012951950536e-17
1627,-4.270600603889405e-15,1.871692620699442,1.1400276270270901e-11,1.2431775511909278e-15,1.3635032565732233e-15
1628,1.4833430731706256e-12,1.4808190982305889,1.738877326260932e-11,1.7940184927900393e-13,2.4182216016958857e-13
1629,1.0233912501805397e-16,1.6713247458664238,1.2789449785724167e-11,-3.423611881595316e-17,-1.6072097464337156e-16
1630,-1.1413384137933973e-16,1.8639470818656312,1.1502923129776888e-11,-2.3614484476061843e-17,1.0734670886702402e-16
1631,4.666807168716371e-15,1.8639470818667583,1.1600354401705425e-11,7.670245443972641e-16,6.102940147603014e-16
1632,-0.008119797385189623,2.1804676738248525,9.792773325928892e-12,-3.9016940561915903e-07,0.0004622846340899059
1633,6.144881062006461e-16,2.1692132639165105,5.858332398786281e-12,1.4420537347768549e-16,-3.1848939878456264e-17
1634,0.008119797385188648,2.1804676738248507,9.786410686204763e-12,3.9016940500159747e-07,-0.0004622846340900568
1635,0.019143919564262916,2.129468043263906,8.260889689420839e-12,1.763253338871694e-07,-0.0010344081401577505
1636,-0.019143919564262018,2.129468043263911,8.283058301935723e-12,-1.763253335740518e-07,0.0010344081401580142
1637,1.290027172598816e-16,2.1067742527837137,3.6164135643578513e-12,2.2350502072672634e-17,9.5594456450845e-18
1638,-1.2810468704418687e-16,2.0921083063848016,7.232460204219477e-12,-1.354257553156608e-17,-1.2075225661741688e-16
1639,1.6625778715261827e-12,1.4870258215692516,1.86675697921748e-11,-2.6032930151853595e-13,-2.093125477629909e-13
1640,-1.6688514066863942e-12,1.4870258215692533,1.869067671718752e-11,2.617307412466907e-13,2.1104328679598383e-13
1641,-5.302073673496551e-16,1.8716926206958637,1.1379056342677909e-11,1.7056967156655863e-16,3.335356077749542e-16
1642,-0.005254837187952092,1.529456763395795,1.4977828905958796e-11,3.1675271419326356e-06,0.0010754715167559789
1643,-0.005254837188067629,1.5294567633941345,1.4880831299736452e-11,3.1675275196617336e-06,0.0010754715170729328
1644,0.005254837187949378,1.5294567633957956,1.4970789174914017e-11,-3.1675271439397107e-06,-0.0010754715167578923
1645,0.005254837188071376,1.5294567633941378,1.4882148123845773e-11,-3.1675275190216207e-06,-0.001075471517072382
1646,-1.2068333916120599e-16,1.9709084977845108,1.163581155051725e-11,5.137138358067084e-17,9.165140011263865e-17
1647,-0.006308470792593123,2.0318909463347983,8.601036981662637e-12,7.133971303020098e-08,0.00033413104301901943
1648,-0.006308470794150408,2.031890946336197,8.50870572491533e-12,7.133984031206658e-08,0.0003341310432834312
1649,0.006308470794149941,2.0318909463361923,8.470711087231769e-12,-7.133983959736051e-08,-0.0003341310432827902
1650,0.006308470792595819,2.0318909463347947,8.575031772941794e-12,-7.133971212727741e-08,-0.00033413104301810437
1651,1.2068333916108142e-16,1.970908497782477,1.1667140702731154e-11,-7.037477951055788e-17,6.696743066154985e-17
1652,1.9578823395033168e-15,1.6713247458652036,1.3414177899414296e-11,-5.995623720163855e-16,-6.894122521642224e-16
1653,-0.006253186846901796,1.698396583733758,1.2275701819590566e-11,-1.9900319872881433e-09,0.0005450581887058632
1654,-0.006253186846481854,1.6983965837332935,1.2631221400671902e-11,-1.990155793635262e-09,0.0005450581885607124
1655,0.006253186846901811,1.698396583733762,1.2257117929276192e-11,1.990033071490316e-09,-0.0005450581887045912
1656,0.00625318684648223,1.6983965837332933,1.2577103085874716e-11,1.990155344341882e-09,-0.0005450581885616812
1657,-6.262527687636484e-16,2.210743867714452,7.933634659063602e-12,1.0728312448611063e-16,1.6112400042119237e-16
1658,-1.3537563939521117e-16,2.210851969555058,8.651311028867852e-12,2.856011400889941e-17,1.4026897866388932e-17
1659,5.973880131787451e-16,2.108847980645752,6.795132563128233e-12,1.0423358778657962e-16,8.411701249844537e-17
1660,1.3404137657321914e-16,2.1890618040490364,8.572311140953407e-12,-4.680131490061107e-17,6.804603057938453e-17
1661,-6.007083719840317e-16,2.120569226815874,1.0031674531308759e-11,2.171345337531454e-16,9.656526165782519e-17
1662,-6.222408823914845e-16,2.1965814501769803,5.819895913129675e-12,-7.499848924296047e-17,-2.2512144337674665e-16
1663,-0.016402293382822238,2.0911728546305968,6.8269913472155975e-12,5.647163294419336e-08,0.0009007003554982696
1664,-0.016402293382462955,2.091172854630259,6.602294901299789e-12,5.647163784446192e-08,0.0009007003555037228
1665,0.01640229338282085,2.0911728546305977,6.796408710385935e-12,-5.647163310758263e-08,-0.0009007003554985966
1666,0.01640229338246437,2.0911728546302615,6.605357296038869e-12,-5.6471638614353885e-08,-0.0009007003555047341
1667,-1.0721362618937138e-15,2.121691153488877,9.89981262350136e-12,5.13880732110525e-16,5.88244435874058e-16
1668,-1.305386580861482e-16,2.131858070049818,7.583897916743645e-12,-2.186626141248817e-17,-1.507209764599812e-16
1669,-6.03906241006987e-16,2.131858070051185,7.707432668797466e-12,-1.192000879309007e-16,-1.8031031223196667e-16
1670,3.55991151475745e-15,2.203536548044653,8.626755799362105e-12,-4.529449393136063e-16,-1.0960832918784037e-15
1671,-8.452745537232557e-15,2.2035365480422247,8.29758383219335e-12,1.1245959031906411e-15,2.324331463857501e-15
1672,-1.0144892868056195e-12,2.185765939819459,9.253036435034065e-12,2.5140301082235417e-13,5.330148486210745e-13
1673,1.0193426621512776e-12,2.185765939819459,9.287908110881278e-12,-2.527778062821201e-13,-5.359326806127218e-13
1674,-0.0037724200775859583,2.115923828417877,6.907313724499748e-12,1.7449753737103224e-07,0.00026443340341819523
1675,-0.003236489467877764,2.193740770046222,8.228825065404777e-12,1.7880785996293724e-07,0.000562262616463438
1676,-0.0032364894663818615,2.1937407700432576,8.278968117040507e-12,1.7880841405703424e-07,0.0005622626169607895
1677,0.0037724200775836134,2.115923828417879,6.896823745037681e-12,-1.7449753734327667e-07,-0.00026443340341790206
1678,0.003236489467869983,2.193740770046231,8.25481118045182e-12,-1.788078594065247e-07,-0.0005622626164611694
1679,-0.003772420078746085,2.1159238284176776,7.02217186462956e-12,1.7449745524748816e-07,0.00026443340342158315
1680,0.0032364894663872066,2.1937407700432487,8.276932012995011e-12,-1.7880841433459e-07,-0.0005622626169622842
1681,0.003772420078746566,2.115923828417684,7.026649769312579e-12,-1.7449745454579252e-07,-0.00026443340342094737
