mode,kz_real,kz_imag,pq_relative_residual,forward_uv_flux,forward_cartesian_flux
0,-3.797184783208338e-15,62.01273356288664,2.1404165294342057e-15,-5.088150350167735e-16,-2.4682700268729263e-19
1,1.726200172059879e-14,60.936839486760995,2.751613624226445e-15,-4.99333332179532e-16,1.380884274495477e-19
2,-4.4917721912109144e-14,61.75393454845406,2.71874970008052e-15,-6.041448732005904e-16,1.0473760916146436e-19
3,4.491772191211041e-14,61.75393454845581,3.034502505831652e-15,-3.8888817855661827e-16,1.8190942440959908e-19
4,5.3530282618708145e-14,56.38263741398887,1.3137243907364164e-14,4.881175569922416e-16,-2.4835113978607557e-18
5,5.340715678166034e-14,56.25295083123703,6.789399708735699e-15,-2.2885734533459427e-15,-4.079130257249685e-18
6,3.516160859322202e-14,48.34100179730674,1.1216041796282919e-14,-8.251293204299079e-16,2.393171852224876e-18
7,3.494456777238576e-14,48.04260900101821,9.024191887219584e-15,-1.7117038530905843e-15,1.7192154744321277e-18
8,2.879103781637136e-15,47.019332980606,6.6071007933557e-15,-2.150517771389489e-16,6.338315853581254e-19
9,3.790923360994331e-14,52.1185009273452,9.289543707219967e-15,-8.888441875966671e-16,-3.3604536495010263e-16
10,3.7909233609943003e-14,52.118500927344776,9.024633740366706e-15,-2.7811780486843973e-15,1.2326106249223895e-16
11,9.596193235929815e-14,52.22164640349286,8.822479065267058e-15,1.0984844847000818e-15,4.5407853078610615e-17
12,-1.4793188449910235e-14,52.221646403492365,9.0007792476706e-15,-2.6801722019907393e-15,-6.267335846475054e-17
13,2.615639076479765e-15,42.71662781956193,5.6726938192967025e-15,-1.9448702108740455e-16,-2.123828884724216e-19
14,-2.2538038094684965e-14,44.60137926687243,4.81612460593921e-15,-2.993501463268944e-16,8.151213014989819e-19
15,4.234502937153377e-14,44.60137926687292,4.6850877304761424e-15,-1.0031682840445841e-16,-2.1750838284173746e-19
16,1.5348408718368445e-14,30.373548731926174,6.27383832797027e-15,-2.9491363051951197e-16,-1.9903294784886425e-18
17,1.4513691790775856e-14,28.72169571297085,7.745834487643683e-15,-3.568105114485059e-16,8.451899888495322e-19
18,2.7268686945502892e-14,28.721695712970725,7.47012698081e-15,-3.0553791308530857e-16,3.7174158472623106e-19
19,1.966221488338003e-14,27.03207285003816,7.793271153179452e-15,-2.8762807727708206e-16,-2.4775924746610855e-18
20,7.482507672048253e-15,26.414107491714795,1.4431032347210837e-14,-5.850346913477747e-16,-5.508062723920432e-18
21,7.469616978899482e-15,26.368601871219898,1.3432234419231302e-14,-4.83007107316515e-16,-4.4735999085683685e-18
22,1.5380908720641273e-15,25.11893017864426,1.2328423536882708e-14,-1.1625430822552672e-16,-2.9461959625310724e-18
23,7.209549453772098e-15,25.450533776284217,1.5853015320902567e-14,-3.4109677972751773e-16,1.1763646511026927e-16
24,7.209549453772072e-15,25.450533776284125,1.5869102110258436e-14,-1.0616406029024389e-15,-1.0559229849246846e-16
25,7.18158020045827e-15,25.351799114607324,1.4310779020500447e-14,-3.168932367761997e-16,-1.4023722320203512e-18
26,7.181580200458248e-15,25.351799114607246,1.4035979795458287e-14,-6.261223076874057e-16,-2.4537005926017732e-17
27,6.899270318778379e-15,24.35521295826802,1.2022585334688094e-14,-1.3855155804702018e-16,-1.6029229052704399e-18
28,6.8205099189760555e-15,24.07717974298105,1.8620701169420792e-14,-7.933682477090744e-16,-2.5661293994626698e-18
29,6.797940878355813e-15,23.997508449471397,1.7976431121550315e-14,-3.9514257239037e-16,-2.142052694056807e-18
30,1.2504491261829534e-14,24.745612504740375,1.5814966593493923e-14,-6.133450274363114e-17,-1.7268470621840772e-18
31,-7.009861509586518e-15,24.74561250474029,1.3522000382519257e-14,-2.345842924344208e-16,-1.1368687620867557e-18
32,6.608818604393047e-15,23.32988520169428,2.2397005157143333e-14,-1.2642311188839712e-16,-1.4591649404464878e-17
33,6.584150665024847e-15,23.242804555655685,1.8095452805005377e-14,-6.820678139725993e-16,-1.5041005689234268e-18
34,1.1081272348661218e-14,21.92915056340682,1.377316309218949e-14,-1.1729112136750083e-16,-1.7848168976203322e-18
35,-1.336957480380226e-15,21.834172617134474,1.4999078393714225e-14,-8.913084496075521e-17,-2.721195492603003e-18
36,-6.145368108805869e-15,21.693851970046797,1.648015565558448e-14,-9.609029447394668e-17,1.61190434106388e-17
37,6.104793428709189e-15,21.5506187107587,1.6753621315988676e-14,-5.1147085456539e-17,7.603801157596915e-19
38,0.017273007287268178,22.148946392236258,1.56656074837968e-14,-2.1119222945010813e-05,-5.480239495696151e-05
39,0.017273007287268112,22.148946392236173,1.845780350688841e-14,-2.1119222945679115e-05,-5.4802394956905446e-05
40,-0.017273007287263244,22.148946392236237,1.660692163646633e-14,2.1119222945217408e-05,5.480239495697348e-05
41,-0.017273007287268095,22.14894639223615,1.6997686400548287e-14,2.1119222945601486e-05,5.480239495691171e-05
42,6.122975624189872e-15,21.61480393941623,1.588373100674033e-14,-1.6381627492129323e-16,-1.0686278562382015e-16
43,6.1233178647186195e-15,21.616012087608063,1.453639185827997e-14,-4.729890340683355e-16,-2.453982714920266e-18
44,2.576815398712238e-14,21.996701510095924,1.7019832386695417e-14,-1.3693778370352933e-15,-2.935816195183405e-17
45,-1.1115407297733115e-14,21.996701510095924,1.833415246742684e-14,7.668257034128961e-16,-6.0154162331632274e-18
46,-5.987215168928058e-15,21.135554012041542,1.466346097793962e-14,-1.7011883828038253e-16,-4.9678945577607745e-18
47,5.987215168928043e-15,21.13555401204149,1.4386161433214e-14,-6.497907375742958e-17,-1.4802727933881451e-18
48,5.406362433158933e-15,19.085077450984787,2.1234558691127982e-14,-6.752791455281549e-17,-1.6112037679580715e-18
49,1.1785529358407895e-15,19.247230085627038,3.8019512035865124e-14,-1.119074518923964e-16,-2.7345441269951646e-18
50,9.726040136369182e-15,19.247230085626896,2.1343211995226012e-14,-2.4559243849605608e-17,-9.80094047770193e-19
51,1.150878983628474e-15,18.795280148198824,2.636929662094077e-14,-9.561520727016406e-17,-2.1694299575753384e-18
52,5.170466545978755e-15,18.252338001333815,1.824163517218942e-14,-3.3775040359717316e-17,-9.837644619368802e-19
53,5.167394159694374e-15,18.24149212651101,2.6258672642387597e-14,-3.328665995743389e-16,-5.9477906892085894e-18
54,5.1418586856795584e-15,18.15134898399224,2.685746059980857e-14,-4.308082753928842e-16,-1.1160707588772738e-17
55,5.075740373108154e-15,17.91794378188921,2.886802651928666e-14,-3.66333429728914e-16,-1.889033917011418e-18
56,5.180863440235693e-15,18.28904022664641,2.4424249519427312e-14,-3.7059300804975423e-16,-2.5759421707054722e-18
57,5.180863440235705e-15,18.289040226646453,2.5258544488419968e-14,-4.0917281769834585e-16,-3.7373424317633176e-17
58,5.038137574530109e-15,17.785201604111013,2.5136826124084634e-14,-3.4742144616300597e-16,2.4576302169947636e-18
59,5.040794146539403e-15,17.794579607006366,1.9568724313631187e-14,-6.735174800440962e-17,-7.211476118535588e-18
60,5.1466643437695426e-15,18.168313506438565,2.3127334963641535e-14,-2.5606187160323764e-16,2.4698296219298222e-17
61,5.146664343769525e-15,18.168313506438505,2.3130501153425264e-14,-2.521052748274944e-16,4.6984594983757144e-17
62,5.040794146539366e-15,17.794579607006234,2.0136547036054626e-14,2.7109289476873882e-18,3.5542958304668536e-19
63,4.86265347947243e-15,17.165722687002066,2.5052481179705025e-14,-4.7381098248880885e-17,-9.177339953288716e-19
64,-0.025198569635602974,16.795149117955205,2.9669085668215953e-14,-2.7601093386197574e-05,0.0005210697985935537
65,4.767316994760461e-15,16.829173996985844,3.5223694281738086e-14,-1.2669452260659455e-16,-2.5420742657966436e-17
66,0.025198569635614163,16.795149117955205,3.3860986707855315e-14,2.76010933859996e-05,-0.0005210697985934759
67,8.497600010684913e-15,16.816223281835512,3.960906565394073e-14,-6.891308653426937e-17,5.669071992238846e-19
68,4.761241880178072e-15,16.807728147995515,2.5540610095073915e-14,-2.479247419850839e-16,3.8063142319652475e-19
69,8.428986023543792e-15,16.680440457676777,3.059497884920059e-14,-9.301725079714712e-16,-1.5459392608413648e-18
70,4.6762080284906045e-15,16.50754893036533,3.5938879061790846e-14,-1.0109672209694247e-17,-2.1743786150774938e-19
71,1.2099542868605687e-14,16.634734500474686,2.602660859143334e-14,-7.635711910713083e-16,-9.858312070627382e-18
72,8.405889818415023e-15,16.634734500474735,2.5169072205576784e-14,-5.565573975535414e-16,2.251688859509788e-17
73,0.029938799178559065,16.687417758932114,3.5099434503943864e-14,4.2546450072225225e-06,-0.0006893466341408126
74,0.029938799178547918,16.687417758932096,2.7958597858208726e-14,4.254645007380708e-06,-0.0006893466341406958
75,-0.029938799178562764,16.68741775893211,3.136176950512497e-14,-4.2546450067157664e-06,0.0006893466341412211
76,-0.02993879917853316,16.68741775893213,2.9920763078584444e-14,-4.254645008200473e-06,0.0006893466341405272
77,4.602479159877386e-15,16.24727759538667,2.2442485312665466e-14,-1.0329133837671926e-17,1.5611620647375095e-18
78,4.593711746963013e-15,16.21632762549762,2.459973401514304e-14,-1.677876977304203e-17,-9.825931258368381e-18
79,4.585434448175425e-15,16.18710781450656,3.003015053058472e-14,-9.333707485721904e-17,1.1479702712682754e-19
80,4.593711746962996e-15,16.21632762549756,2.526471924212424e-14,-3.297965131781981e-17,-4.0210010582366224e-18
81,4.460686026809263e-15,15.74673162569264,4.184685776576046e-14,-1.0718769258549652e-17,-8.100410239250665e-19
82,9.599234002234488e-16,15.676738809782295,2.9864876866852817e-14,-1.3272879228532798e-16,-3.380515109936813e-18
83,7.9217939512855e-15,15.676738809782336,3.260706141741457e-14,-6.528082924488893e-18,-1.2327638105000282e-18
84,4.386654761223283e-15,15.48539279482974,3.7025302000544776e-14,-3.982624340456316e-16,4.857438762708845e-18
85,9.489144771059402e-16,15.496949451329337,3.238607038603558e-14,-1.14267921801254e-16,1.0442937422940866e-17
86,0.014073601884539176,15.291995607270591,2.7276167300868776e-14,-1.3893781641965844e-05,-2.140306610497372e-05
87,-0.014073601884532392,15.291995607270598,3.0080651790466173e-14,1.3893781641867832e-05,2.1403066104977576e-05
88,7.830942514033159e-15,15.49694945132936,3.284763834498214e-14,-5.762534546760456e-16,-2.366744521108892e-16
89,4.312212819331932e-15,15.222604229659867,2.782159000864081e-14,3.134599333890189e-18,-2.840358364385551e-18
90,4.29212057659741e-15,15.151676315837362,3.2046701124663834e-14,-1.1841988346218477e-16,-6.673896340807008e-18
91,4.3007365539285095e-15,15.182091700805156,3.123048335044456e-14,-3.302428492063954e-16,-4.69298399518314e-19
92,4.379264572166467e-15,15.459304582603773,2.8998691895452654e-14,1.7715694091823692e-17,7.977454235425527e-17
93,9.466093937064929e-16,15.459304582603885,2.7018058065725263e-14,-7.067812318479333e-17,8.223361796647741e-17
94,9.221185257193709e-16,15.059338355538685,2.9313736399881816e-14,-4.361702355318143e-17,2.7843938754122804e-18
95,4.3459392596507104e-15,15.341662419632865,3.197443262323513e-14,-3.0289474677340153e-16,-3.368713155450848e-18
96,-9.394058887901272e-16,15.341662419632797,3.071492164659033e-14,1.4360596587749408e-16,-2.1213682704018295e-19
97,9.149826524481808e-16,14.942800701152812,3.0503431565454295e-14,-2.34357255835095e-17,-2.8584099802554237e-19
98,4.218672107654593e-15,14.892394823750847,3.460152032347296e-14,7.222639744073421e-17,-4.27004659560806e-18
99,4.2351375737692445e-15,14.950519801487696,2.968323187559344e-14,-3.393878822546456e-16,-3.718927149453735e-18
100,7.477111158242971e-15,14.796739147761214,3.531829818862845e-14,-1.9367408338969577e-18,-1.8244444482979838e-18
101,-2.764389043556164e-14,15.04356400554413,3.721534278599371e-14,-2.848775089523553e-16,-3.2138018205604257e-18
102,3.432457488811257e-14,15.043564005544129,4.060739417222052e-14,2.3994071703462017e-16,6.596904351453305e-18
103,9.060389617562077e-16,14.796739147761253,3.277647585361137e-14,-3.520438335378323e-17,-8.91048882009472e-19
104,4.155267327761061e-15,14.66856870221507,3.5157862285190766e-14,-4.194396358723117e-17,-1.8534233099429104e-18
105,4.159040725158411e-15,14.681889226407097,3.731951191842482e-14,-3.0571009010465396e-16,6.905230321284382e-19
106,4.101049757449218e-15,14.477174480795634,3.361028620486296e-14,1.7161754302901462e-17,3.30438832921488e-18
107,4.090414913477891e-15,14.439632265788545,3.6152868405972545e-14,-3.1672912935449827e-16,1.7292661843618994e-17
108,4.130350728153355e-15,14.580610257103874,3.814030864740938e-14,-1.388922275260239e-17,-1.3742097100131258e-17
109,8.92804884048874e-16,14.580610257104,4.6846520235436464e-14,-4.750732515441513e-17,2.6342013284281945e-17
110,4.062258903760536e-15,14.34023833265698,4.0638210812224736e-14,-3.4469458834635077e-16,6.113602106389104e-18
111,4.050425751350969e-15,14.29846595187082,3.646579111855482e-14,-3.350637432982638e-16,1.3550963644868879e-17
112,4.117871154834369e-15,14.536555936607842,4.1895195188659314e-14,-2.096665683596694e-16,1.646139297971462e-17
113,4.117871154834401e-15,14.536555936607956,3.8126089984670073e-14,-2.391721405141053e-16,-2.838587731622697e-18
114,4.09728961312514e-15,14.463900741467365,3.374582004667139e-14,-2.743933586477152e-16,-3.236346855630227e-17
115,-8.856584873111553e-16,14.463900741467421,3.391859072770362e-14,1.4295205644221376e-16,5.885859896902722e-17
116,8.735074584235817e-16,14.265459380316866,4.000754501420656e-14,-2.1758733204562454e-17,-5.53929991768467e-19
117,4.020010720312457e-15,14.191097415221506,3.743744594542442e-14,-4.0410277940876393e-16,-1.0229236535474741e-17
118,0.005501164742699382,14.021460894335629,3.9719386521648685e-14,1.9498947398877077e-06,1.5417709026311724e-05
119,-7.11794715280991e-15,14.085975861354898,3.4573731693453614e-14,5.814726040996323e-16,4.941695063303923e-18
120,-0.005501164742690044,14.021460894335636,4.2026706575017865e-14,-1.949894740030253e-06,-1.5417709026308143e-05
121,7.0702401609478e-15,13.991566683910774,3.934317996198419e-14,-2.2636417353842547e-16,-6.669629177902155e-18
122,0.014460132992492365,13.875093174413268,3.585708206953706e-14,-1.672177376616261e-05,2.9876751246081277e-05
123,-0.01446013299248929,13.875093174413273,3.5823099224111297e-14,1.67217737660981e-05,-2.9876751246085275e-05
124,-1.3053039603678565e-14,13.748569279315465,4.716004168800749e-14,-4.466111364863553e-17,-2.8710739493865473e-17
125,1.9148474902650723e-14,13.741281178081076,5.362864577083656e-14,-6.500698748534523e-17,3.735559021650511e-17
126,3.957743992450825e-15,13.971288747461827,3.60692829583348e-14,-2.6310537407613077e-16,8.093672780616982e-18
127,-0.005081487276770925,14.076350388835596,3.866260217757215e-14,0.00046777110036248706,0.00021963289462677754
128,-0.005081487276777165,14.076350388835566,4.0209537694260524e-14,0.00046777110036290946,0.00021963289462706675
129,0.00508148727677716,14.076350388835552,3.931305326419373e-14,-0.000467771100362723,-0.00021963289462706542
130,0.005081487276764666,14.076350388835573,3.9209861365453974e-14,-0.00046777110036165786,-0.00021963289462706268
131,-3.8873455493399044e-15,13.722774195244575,3.556724032442593e-14,-5.723793377335413e-17,2.1285466471551412e-18
132,3.887345549339889e-15,13.72277419524452,3.286845273445476e-14,8.151209809664946e-18,-1.3312926019836695e-18
133,3.7705142089937415e-14,13.832852845918161,3.939039600494602e-14,2.697698293051276e-16,6.490601882009012e-17
134,-4.077665243509538e-14,13.832852845918152,3.5000417873967703e-14,-5.663770505110605e-16,-6.133878919356539e-17
135,1.922901759378177e-14,13.799080024793293,3.7100416839123735e-14,-1.8918243707699567e-15,-1.0117723851657892e-16
136,-1.3100995048913541e-14,13.7990800247933,3.8791706644859604e-14,1.492241660100424e-15,8.000003840668212e-17
137,3.95774399245084e-15,13.971288747461879,3.536228079923751e-14,-1.353355361805031e-16,-9.980364224370806e-18
138,3.844858365333803e-15,13.572789578516447,3.894165861239214e-14,-2.704139792917067e-16,-2.1336233379265283e-18
139,6.888328061069057e-15,13.631573922968624,5.1245293866968943e-14,-1.0592138888425288e-15,-2.264483631503524e-17
140,8.255227521180062e-16,13.481809656347728,4.323616441214632e-14,-2.563348653264398e-17,-2.869652818584222e-19
141,3.816871718132811e-15,13.473993514429372,4.3283349493357147e-14,1.2696836478099345e-17,-5.666582533766631e-19
142,-8.23997789935039e-16,13.45690513393312,3.033623690813999e-14,-2.6180733699325084e-17,7.054708251760703e-18
143,8.236921425121215e-16,13.451913532711767,4.069798369266691e-14,-3.236297941033402e-18,7.205507734172592e-18
144,-8.193493247246834e-16,13.380989935957802,3.9255034603875326e-14,-8.884891412481331e-17,2.5724896868957633e-18
145,0.021651229564411525,13.445991059505559,4.1810791853353506e-14,-4.472507227279638e-05,-5.928271682295735e-06
146,0.02165122956451298,13.445991059505523,4.0966867400663814e-14,-4.472507227483227e-05,-5.928271682254237e-06
147,-0.021651229564408545,13.445991059505563,4.198748732355967e-14,4.47250722723936e-05,5.928271682313109e-06
148,-0.021651229564506998,13.445991059505518,4.2938348075395014e-14,4.472507227455273e-05,5.928271682247488e-06
149,8.161965729388904e-16,13.329501591922801,4.3996832842373295e-14,-3.6747677383680566e-17,-1.102150006544435e-17
150,3.7737776697401366e-15,13.321866597039168,4.256440198494733e-14,-2.8711835654577454e-16,-2.090965785261104e-18
151,3.767656590687597e-15,13.300258488214496,4.144973230666187e-14,9.189725256923721e-18,-2.194757341720437e-17
152,3.7696637844255475e-15,13.307344111574293,5.4527098839991557e-14,-9.581161302205274e-16,2.0929312821249604e-17
153,3.768849077263268e-15,13.30446810215313,4.646433047809687e-14,-2.0611453518716877e-16,-9.206297814052614e-19
154,8.161965729388859e-16,13.329501591922728,4.224808398919672e-14,3.84485195417672e-17,3.627618443452534e-17
155,1.8513781247284208e-14,13.285813887621925,3.8251646525386394e-14,2.1776751205787072e-16,2.554404670573082e-16
156,-1.5563737951499706e-14,13.285813887621925,3.856602651678384e-14,-2.575793311282437e-16,-2.2312303668556364e-16
157,-6.481105240803421e-15,12.825705223284587,5.6263086257043685e-14,-8.642165987761299e-17,3.501740910248297e-19
158,7.897306277700399e-16,12.89727990666176,3.7558335648183374e-14,-4.153937107676879e-17,-2.2774642337611994e-18
159,3.742031062389368e-15,13.209797443780161,4.575997450907799e-14,-4.2330010774163414e-16,-2.3830917288581258e-17
160,3.737390975969195e-15,13.193417408256623,3.883806816246104e-14,2.9632292475181876e-17,-7.21862398893253e-19
161,3.735506745551885e-15,13.186765859476006,4.8036201651422465e-14,-4.039178496870408e-16,-2.414346583405282e-17
162,3.747435765699212e-15,13.228876664336175,4.5624652824072154e-14,-2.6132829895279125e-16,4.744512448107359e-17
163,-6.684836458233758e-15,13.22887666433628,4.461550591019627e-14,7.515418409126395e-16,-6.511590266563565e-17
164,-3.736269379227975e-15,13.189458043537815,3.628587715254393e-14,-1.0317877737094083e-16,2.7263459399441516e-17
165,6.664917379680615e-15,13.189458043537833,3.972240988126307e-14,1.231247092128851e-17,-6.984428542267047e-18
166,3.725980313692782e-15,13.153136465940086,4.246576214398284e-14,-3.1792933200005826e-16,-2.5480695027481487e-17
167,6.643704652217045e-15,13.147479371795743,4.428054572879632e-14,-2.2141162690390977e-17,1.114990281262669e-18
168,6.643083248742101e-15,13.146249652866912,4.3019680687359047e-14,-5.983279803144399e-16,9.459859169560589e-17
169,-3.724029438325443e-15,13.146249652866935,4.398248209127743e-14,4.0501557999322174e-16,-3.7892640935241766e-17
170,3.710688354498238e-15,13.099154101787958,4.2006877181550137e-14,2.7962439786899994e-17,-4.7809103708995556e-18
171,-3.705982891238448e-15,13.082543278546614,4.845946567237973e-14,7.442854778836236e-16,9.902947238288915e-18
172,0.0003021655490488163,13.081777198326128,3.653259692406575e-14,-2.8076019670812864e-06,-8.331033507170567e-05
173,-0.00030216554904300693,13.081777198326133,3.673114835170332e-14,2.8076019671488322e-06,8.331033507273133e-05
174,-8.007963807727619e-16,13.077997367572554,3.388104993538706e-14,-5.892996363040806e-17,-7.881980694448619e-17
175,-0.001992777509288523,13.01097635081284,4.430655168885666e-14,-6.173414175005107e-07,5.5074626575992244e-05
176,3.703932340100102e-15,13.07530459860675,4.974387334190495e-14,-3.659476492877075e-16,1.7832020343019748e-17
177,0.0019927775092942997,13.01097635081283,4.952611807003204e-14,6.173414173727375e-07,-5.507462657602652e-05
178,7.964975031306062e-16,13.007791367848409,2.750250179207327e-14,-6.929245537900106e-17,8.333586938084815e-18
179,3.687810428359756e-15,13.018392407086754,3.239159123039562e-14,6.086294467876226e-17,-2.497582760956479e-18
180,3.684917838562938e-15,13.0081812344196,4.2819246395763575e-14,-2.36846425903266e-16,-1.989556638002552e-16
181,6.5976576971190354e-15,13.05635530412921,4.04698132398368e-14,-4.87551050890393e-16,3.8625830132077746e-17
182,-3.716749710456973e-15,13.120551381263885,3.7878230783297626e-14,-1.2730301686257215e-16,5.2442667673530105e-18
183,3.716749710456988e-15,13.120551381263937,3.7908524284454414e-14,5.75261367336574e-17,-2.445802279202326e-17
184,7.99242311390482e-16,13.052617488519067,4.935814611162543e-14,-7.68249476207913e-17,-3.191121872217542e-19
185,-7.952029201424192e-16,12.98664922320575,4.5416983376709176e-14,-1.3180916100443235e-16,3.441190898437329e-18
186,6.585778321736249e-15,13.032846757170717,3.5012479364679885e-14,6.414162941981341e-17,5.726064538166013e-18
187,3.690572675144838e-15,13.028143454021508,4.455997920865611e-14,-3.2364791444542923e-16,4.262575247346324e-18
188,8.031329380088464e-16,13.116156243057489,4.620188430404502e-14,1.1054457588026423e-16,-5.183322829516125e-17
189,8.031329380088497e-16,13.116156243057542,5.1059219700581514e-14,-9.709030454607692e-17,7.067321634939966e-17
190,-3.681177937531863e-15,12.99497895622987,5.383025399281865e-14,-7.479806497045864e-17,-1.1722873951453575e-17
191,3.681177937531886e-15,12.99497895622995,4.682564063784428e-14,-8.130775139812436e-17,1.0516699034563452e-17
192,7.952029201424214e-16,12.986649223205786,3.835335659141518e-14,3.7108950170574326e-17,-2.1725306217193954e-17
193,7.953736552371739e-16,12.98943753890418,3.803247203234103e-14,9.760360651211303e-18,1.547693462234255e-16
194,-6.563842708285881e-15,12.989437538904195,3.61180422338592e-14,6.480346265164008e-16,4.441037875641904e-16
195,7.97704898895478e-16,13.027509637078564,1.3499334809139434e-14,7.269798709471536e-19,-1.802616604866822e-17
196,-7.977049016831355e-16,13.027509682604466,4.1719149359407975e-14,2.7008744866593847e-16,-8.509283043842153e-17
197,7.985291066283629e-16,13.040969970841061,3.6119718339513966e-14,-5.64163616101441e-17,-6.708197475448292e-16
198,7.984269312222366e-16,13.039301319827603,4.140159825235862e-14,1.5833586883024636e-17,4.945341519718547e-16
199,-3.693733441281778e-15,13.039301319827537,4.487592363294689e-14,2.812073151919024e-16,4.0167035096065037e-16
200,3.845892823097617e-14,13.046600519196746,2.809073250686171e-14,-8.71236913722092e-16,-1.062411289064388e-14
201,3.8458928230976616e-14,13.046600519196897,2.775210567793953e-14,-9.157756001546176e-16,-1.1230895553482396e-14
202,-3.266482287883135e-14,13.046500333854395,2.7206416870583096e-14,3.7109529858747603e-16,1.1843915645348943e-14
203,-3.556172789111664e-14,13.046500333854505,2.7126244249436437e-14,2.775345803326078e-16,9.847906556247674e-15
204,3.694206131642969e-15,13.04096997084108,3.5510230551568877e-14,4.801909187323434e-18,-7.842222202493916e-16
205,7.342840641947444e-16,11.991768805601446,4.8359009471723597e-14,-2.9749712578265373e-17,2.5562671888265364e-19
206,3.4047685290926457e-15,12.019222144979425,4.5087796058307296e-14,-3.2687610606244636e-16,-1.534623705508888e-18
207,-3.4303263662186987e-15,12.10944423183744,4.5890688470351003e-14,-4.3656333387039604e-17,4.891323770579813e-18
208,-3.443156031017428e-15,12.154734415279849,6.378063683565158e-14,-5.214710412776893e-17,3.1970566830161053e-20
209,8.894414978571618e-15,12.228249720861902,5.5351385170073566e-14,-5.227084602581461e-17,5.76686756385581e-18
210,7.491716981992453e-16,12.23490231993172,6.26583219609796e-14,-3.546797045114219e-16,-1.0236406605798918e-17
211,3.4009534372155454e-15,12.005754434507313,4.664568003091493e-14,-3.49028396245607e-16,-3.273679108997424e-17
212,-3.400953437215557e-15,12.005754434507354,4.637612185084776e-14,3.113582999823665e-16,3.6488862496180074e-17
213,-0.038790364874241666,12.522502508240114,4.675894021523072e-14,2.4682456091203696e-05,-2.924349078122278e-05
214,0.03879036487424444,12.522502508240114,4.9950028630679084e-14,-2.4682456091373048e-05,2.9243490781229375e-05
215,7.668588214020049e-16,12.523754962425443,4.613991076697132e-14,-1.0005721358431022e-17,-1.8910338442872996e-17
216,9.133737737000297e-15,12.557276246046738,5.3016484681099766e-14,-2.0517653931871058e-16,-2.63260578932424e-17
217,6.371697674199468e-15,12.609194435953933,6.070965178164848e-14,-5.531266841368608e-17,-4.376825808027771e-18
218,3.5067100620733715e-15,12.379087410481516,7.631718544177569e-14,-1.190074514628714e-15,-1.9305638461291057e-16
219,1.7250257929037317e-14,12.379087410481487,6.419782683143828e-14,-2.0942720214273125e-15,-1.7416680873531083e-16
220,-3.574430161521792e-15,12.618147103378638,7.576270826989817e-14,-5.58556514107935e-17,1.006598643970904e-17
221,3.5501672221360298e-15,12.532496153578132,4.683356763018172e-14,-1.9401120250270298e-16,3.4535121446333927e-18
222,6.332940379281751e-15,12.532496153578112,4.6380689016371435e-14,-4.1688674674899076e-16,4.498719037809677e-17
223,6.458332664167243e-15,12.78063970679344,3.8240442147489403e-14,-5.185158204132926e-16,-9.813273961491452e-18
224,3.586283224811619e-15,12.659989771848347,5.175061623633275e-14,-2.2677613096839383e-17,1.985696691270296e-18
225,3.586283224811553e-15,12.659989771848114,4.662204689544635e-14,-7.63074512126862e-17,2.7155615727079915e-18
226,7.844484073581415e-16,12.811014700798712,4.1594799867727915e-14,-2.4246067852534018e-17,-9.425555560940944e-18
227,-1.2101422868607668e-14,12.74624575876236,4.968425142955385e-14,3.092957747558023e-16,4.0793920685489857e-17
228,1.7761893076171155e-14,12.746245758762358,5.191477992432882e-14,-1.035846755592651e-15,-5.1646765241479545e-17
229,7.853479424251401e-16,12.825705223284459,5.634099824188329e-14,-2.752105336835788e-17,-1.4428854704716671e-18
230,4.342640488999951e-15,8.59381613678431,7.166988671703653e-14,5.884846104343977e-17,-8.131817387384253e-18
231,3.3690505390948958e-15,11.893133556963276,4.538114003765676e-14,-1.3498784434020171e-16,1.4984707050735335e-18
232,7.256297207133815e-16,11.85043265076254,5.26897021966451e-14,-2.077389143209013e-17,-8.613027223540868e-20
233,3.3455720484250014e-15,11.810251800808919,4.8162479524073515e-14,-2.3286161044464274e-16,-7.408076248648072e-18
234,3.3300934222254873e-15,11.755610480789247,5.014080160884627e-14,-2.3797648074061483e-16,-4.357012910035055e-18
235,7.289317518326511e-16,11.904358911323031,5.174944340297908e-14,6.51774912253239e-17,-2.9321739535102115e-17
236,7.28931751832646e-16,11.90435891132295,4.722640393895724e-14,-9.111025193846156e-17,2.9453400218840955e-17
237,7.045003775091542e-16,11.505364289518493,4.399754242437954e-14,-7.6693460831276e-18,-1.4580659053311655e-19
238,3.333664591151574e-15,11.768217115358711,5.431082551532069e-14,-1.2434994237108844e-16,-2.276693205938286e-17
239,-7.011670992125836e-16,11.450927723826387,5.822799995065251e-14,5.607599696250829e-17,-1.0172339755334017e-17
240,8.517090664279284e-15,11.70949542931651,6.0761504423289e-14,7.305743873363066e-17,-3.069996801940327e-17
241,3.3170300913311816e-15,11.70949542931646,6.355276744537196e-14,-6.009539942091651e-18,-4.68177857414297e-18
242,-7.205954710997542e-16,11.768217115358661,5.2526368071792176e-14,-1.2146452463626667e-17,2.381880470480734e-17
243,7.123469184405617e-16,11.633508027563954,4.552443041409583e-14,-1.9307904274424963e-17,1.0400155076519018e-17
244,3.295504612313199e-15,11.63350802756402,4.811516522385935e-14,3.05662691626351e-17,2.3455268751757636e-18
245,-6.941095587705812e-16,11.33566934162319,5.763584680957158e-14,-1.9921691965131626e-17,-3.651488733560065e-18
246,2.889432833778096e-15,10.20002822671513,7.961878500958396e-14,-6.471757150454359e-17,-8.621799929485572e-18
247,6.244492519340696e-16,10.198030197259087,7.291689381828632e-14,-2.612297505533959e-17,-3.991987160035245e-18
248,3.1988618447255874e-15,11.29234800966093,5.833337692738696e-14,-5.772776396008959e-16,-2.638986927746988e-17
249,2.951905817112381e-15,10.420564999872651,5.538940099548803e-14,-8.609631753381633e-18,-7.13053329996114e-18
250,6.87729691559665e-16,11.231478203160114,5.249445527993967e-14,2.888552023005371e-17,-1.6122273684009155e-17
251,2.9671779927585758e-15,10.474477525837427,6.124913623276316e-14,7.603677955222144e-17,1.3237251622292943e-17
252,3.212288073517731e-15,11.339744132200016,5.099603793829325e-14,2.050243248829034e-17,6.570169874055591e-18
253,5.7302170793029814e-15,11.339744132199929,4.8980546192826786e-14,4.5741420278067524e-17,6.079188549668616e-18
254,5.135956818426476e-15,10.163739940209762,7.100355538545942e-14,2.5903008680865352e-17,-5.3939041537541595e-18
255,6.223495792571944e-16,10.163739940209673,7.111939805102342e-14,-6.981917883671826e-17,-5.7873129074456045e-18
256,2.9274374697969746e-15,10.33418893659802,6.296899359856802e-14,2.3708452193647866e-17,-1.0471616863998699e-17
257,6.327865701494424e-16,10.334188936598096,7.665106219641452e-14,-4.303245009407066e-17,-5.49850775965639e-18
258,-6.822738679100098e-16,11.142377841268772,5.3042601296389197e-14,-6.851141290571683e-17,-1.6529154788314352e-17
259,3.1563787535999707e-15,11.142377841268818,5.607633546633041e-14,-4.585700851163221e-16,-1.2903388898561691e-17
260,6.52398888768718e-16,10.654482406240616,4.5573578560194105e-14,-6.031500597208226e-17,4.0140861101024105e-18
261,6.471472695827585e-16,10.568716956322879,5.802351040083541e-14,-1.3476294190815918e-18,7.992152904038349e-19
262,2.9938738507139428e-15,10.568716956322847,5.724294819175524e-14,3.07566133477509e-17,-5.373464520817974e-18
263,3.037137588358105e-15,10.721442896169886,5.147071729000256e-14,7.131932133402534e-18,-4.3506743506572835e-18
264,3.0423606699601944e-15,10.739880971334308,7.052380189192219e-14,-2.680695754908918e-17,1.465452975506266e-17
265,-6.766105206739768e-16,11.049888362016858,5.2015921867527754e-14,-2.3759669791733302e-17,3.90783561792478e-18
266,3.1247282245807746e-15,11.030647855504055,4.614438886791772e-14,2.3392599001338526e-17,6.83066241347721e-18
267,-0.015118821158631588,11.019682403123875,4.8066431803359294e-14,2.6738962920606207e-05,0.00011582289766622886
268,0.015118821158634043,11.01968240312388,4.870581740632892e-14,-2.673896292084213e-05,-0.00011582289766623985
269,1.538938025572954e-14,11.043688979173744,5.063833372879413e-14,2.3527187142935446e-16,-1.3514410673442362e-18
270,-1.5389380255729545e-14,11.04368897917375,4.975795774306974e-14,-2.2021501375896202e-16,2.892935152228656e-18
271,6.729227594901328e-16,10.989662651446078,5.241509353845251e-14,6.869616400043633e-18,-5.223012932296161e-17
272,6.723443206243841e-16,10.980216027878347,5.510623681990841e-14,9.50251526765853e-18,-1.0273741558082581e-16
273,3.112554654969139e-15,10.987673763077686,5.387536291411498e-14,-2.1587884034373044e-16,-9.35867430113004e-18
274,3.1125546549691772e-15,10.98767376307782,5.203306192058594e-14,-2.529257321160286e-16,-1.0102081990351606e-17
275,0.002176891655750879,10.955792233120723,5.540160917571906e-14,-5.0502670240612155e-06,-3.1080835559929684e-05
276,-0.0021768916557460124,10.955792233120716,5.5486666130837806e-14,5.050267023880696e-06,3.108083555988122e-05
277,-3.1038389269408753e-15,10.956906246745278,5.3556803542413364e-14,-5.957129677318425e-17,1.1673043576916597e-17
278,-0.0006076828049673393,10.96971629731549,5.6272694279252094e-14,2.98133231137589e-06,4.287362118808924e-05
279,-0.000607682804392496,10.969716297315445,5.779501739712923e-14,2.9813323062545527e-06,4.287362114806796e-05
280,0.0006076828049600318,10.969716297315486,5.868014647813682e-14,-2.9813323115346173e-06,-4.287362118810901e-05
281,0.0006076828043949318,10.969716297315445,5.840107489801641e-14,-2.9813323063174364e-06,-4.287362114852074e-05
282,6.697294877028711e-16,10.937512565568502,6.193729188980735e-14,2.8638001918232115e-17,4.6611971397511785e-18
283,3.100820251627278e-15,10.946249977789645,5.597639880147501e-14,5.180133789475007e-17,2.1079114348232185e-17
284,6.698974975586316e-16,10.940256374736624,6.180651787642812e-14,-7.517911956438305e-18,-4.0794901227517734e-17
285,3.070544595781435e-15,10.839373451503992,4.8662339514792154e-14,-3.3301367303655754e-16,-2.8207177101184185e-16
286,3.0969964642174554e-15,10.93275157109294,5.09184319981028e-14,-1.7662095421894342e-16,5.066962712321879e-17
287,6.639760470758688e-16,10.84355174958453,3.2718180785740333e-14,1.0613026310984111e-17,5.7022995891017e-17
288,6.6442699706907e-16,10.85091632185982,7.471056887394064e-14,-4.545864575231101e-17,-2.088156660858976e-17
289,3.0732485803410745e-15,10.848918826122325,4.981959062552396e-14,-2.151951832529203e-16,-3.1665427830916114e-17
290,-6.707200000446568e-16,10.9536888597045,5.3455613555218595e-14,-4.067748674246689e-17,5.907149269217728e-17
291,6.638497623977386e-16,10.841489364279344,4.761290801180076e-14,-3.153020117091246e-17,-1.0245609868829047e-16
292,-6.640021318867867e-16,10.843977746875114,2.428048140271005e-14,-3.546551599825356e-17,2.6675930360110457e-17
293,3.094667817078295e-15,10.924531180477928,5.137999925946187e-14,-3.090139142716798e-16,-1.3612799012227792e-16
294,-6.647897534168223e-16,10.856840582601853,6.330172581253744e-14,-4.1458871015206096e-17,1.4337266826058707e-17
295,-6.647272060877708e-16,10.855819107200212,4.227975540943288e-14,-5.457354653706369e-17,-1.2844051684282939e-17
296,3.1029275153694825e-15,10.953688859704581,5.419497877800008e-14,3.178350844739873e-17,-1.8386785141176595e-17
297,6.689089453764014e-16,10.924112092435498,6.45502999587585e-14,-4.06780571299032e-18,-4.8525603350202695e-18
298,-2.4981871158310006e-14,10.948901158232486,4.8402829693868486e-14,1.9674474723008206e-15,3.5771730455542244e-15
299,2.984416002239593e-14,10.948901158232493,4.8550018785481137e-14,-2.252375803230011e-15,-3.4991191579880877e-15
300,-7.885592129892357e-15,10.8412964757658,5.161258134927575e-14,1.0290027293788362e-15,-1.2777700855892178e-15
301,1.0292843522728907e-14,10.8412964757658,5.1985533322559965e-14,-1.2882693501380105e-15,1.1903335743616757e-15
302,-6.644440914744973e-16,10.851195494686454,4.885530642016035e-14,9.116935714929293e-17,2.080381023759748e-16
303,-6.681179665766882e-16,10.911194428334078,4.94080234855124e-14,-3.4840340897454835e-17,-2.4516026895928223e-17
304,-6.680320247698104e-16,10.909790892115511,4.869685179025192e-14,-3.1353585902409497e-17,8.325178215846763e-17
305,-3.0805931436034792e-15,10.874845974078026,5.73328894255171e-14,3.5558498875134643e-16,2.4061665479985313e-16
306,3.0774710494385974e-15,10.863824624754388,6.539039270180882e-14,-8.997504819428086e-17,-6.742198357821711e-17
307,-6.640471993188034e-16,10.844713753894412,3.2242405308168676e-14,-7.928588375302834e-17,5.883105716335165e-17
308,3.0720573803273376e-15,10.844713753894398,3.5119570264299896e-14,2.72016160681246e-17,4.888020674323674e-17
309,6.686929918041215e-16,10.920585302957418,5.14143296548597e-14,-6.98306534861756e-18,1.6387015794165996e-17
310,-6.686929918041278e-16,10.920585302957521,5.538075396791193e-14,-3.8492287322338607e-17,2.4662619671324626e-16
311,6.649702618378666e-16,10.859788508831196,5.436394409035789e-14,9.514568895274846e-18,4.3459864759732044e-17
312,6.649702618378687e-16,10.85978850883123,5.2961074289245006e-14,-2.9390508022507323e-17,1.1874591697095295e-16
313,3.092557967166872e-15,10.917083169089993,5.920490180706543e-14,-1.3148872612438034e-16,-1.6472227060505595e-16
314,-5.5166373863811575e-15,10.917083169089972,6.15084538434504e-14,5.160397882798687e-16,-3.6165702221445818e-16
315,-6.67441957766964e-16,10.900154366657604,6.03697938765179e-14,2.979526481443889e-16,3.7369703816486975e-16
316,-6.662146479670814e-16,10.880110876555198,6.17165500178457e-14,3.134205247587468e-16,4.944796395243746e-16
317,6.652117119354699e-16,10.86373168816701,4.864743551069145e-14,-1.741960313719911e-17,2.5853565200520913e-17
318,3.077444722646036e-15,10.863731688166935,4.8905849085891314e-14,8.225902233745014e-17,-1.5553890648140856e-16
319,-6.666590136628046e-16,10.887367919092403,3.446895264399851e-14,-4.680107412747783e-17,6.951011669085509e-18
320,3.08253790009466e-15,10.881711186818823,5.65414055652227e-14,-2.2940455602974127e-16,-8.761170878109576e-17
321,6.669686318398348e-16,10.892424367649584,5.915655226423499e-14,-7.290344383147556e-18,8.996983673890317e-17
322,6.667592842279963e-16,10.88900546169263,5.771944178437507e-14,-3.78400392486895e-17,-1.6304876451383788e-16
323,-3.0845473814062614e-15,10.888804885575125,3.1102966442800485e-14,-1.1640169259707473e-16,-1.615439708678586e-17
324,3.0850432137205133e-15,10.890555230328587,5.507543885776949e-14,9.816601318422886e-18,3.841027187958954e-17
325,3.0881772065722437e-15,10.901618583377074,5.615438282030638e-14,-1.964477854197086e-18,2.321208734001997e-16
326,3.088177206572174e-15,10.901618583376827,5.6587405505330584e-14,8.184568349407984e-18,-9.023817361662038e-17
327,-3.0874410879291397e-15,10.899020000412937,5.6464561950505124e-14,1.6642200268676054e-16,4.872231264675624e-17
328,-6.673724978674431e-16,10.89902000041308,5.6673099383363836e-14,5.717403572539563e-17,-1.8229565737147663e-16
329,3.085413016016237e-15,10.891860674708742,3.697392308078989e-14,6.755649575425091e-17,-2.2332237563266035e-16
330,3.0821455902572115e-15,10.88032628824329,5.324835591093298e-14,-4.890658123163187e-16,-8.875842327050712e-16
331,3.082145590257217e-15,10.88032628824331,5.916229883211845e-14,-5.899628946855933e-16,-9.691829200682427e-16
332,6.663559806881441e-16,10.882419015051312,3.249390394695164e-14,-1.2658272122005078e-17,-1.1161408236198712e-16
333,6.663559806881457e-16,10.882419015051338,3.3729723615811143e-14,-1.6157126999096177e-17,1.3591151362155234e-16
334,-3.0850901927212137e-15,10.890721071571758,5.183875421094477e-14,7.317941147803528e-16,2.438690904078631e-15
335,3.0850901927212244e-15,10.890721071571795,5.551927683503107e-14,-4.224658880747588e-16,2.244876663205944e-16
336,-3.0854130160162513e-15,10.891860674708791,3.656034725046119e-14,-1.3202386172947993e-16,-1.0236830517603616e-15
337,2.4215342072859427e-15,8.548292584457343,7.066294331719543e-14,-7.395178930726901e-16,-3.739526707594356e-17
338,5.181650499763218e-16,8.462277455623752,7.446148430186597e-14,-1.9196633208062213e-16,6.111971590474671e-18
339,5.264515742736518e-16,8.597606667329517,5.755482787172643e-14,-2.576039410667466e-17,5.754175744479845e-19
340,5.035841532166425e-16,8.224153340657198,7.213308220472155e-14,-5.024010368479718e-17,1.3482375379533116e-17
341,2.305430713729312e-15,8.138433979109736,8.754047881503597e-14,-6.812190001747763e-16,-2.503525455869086e-17
342,5.112605858404263e-16,8.34951899921489,7.407990314287605e-14,-1.2479167005308156e-16,4.439511434796602e-18
343,-5.262194712186856e-16,8.593816136784255,6.69099905495044e-14,-7.364273850018338e-17,-2.7346280031092775e-17
344,-7.927123175819185e-15,8.349518999214792,7.358234919009536e-14,1.7886438993331213e-15,-1.6321218456803017e-16
345,2.337385058007672e-15,8.251236467471879,7.721245739801292e-14,-6.445660795369537e-16,8.179785921978448e-17
346,2.3373850580076608e-15,8.25123646747184,8.48090389971269e-14,-6.199834364021802e-16,1.1964393981270686e-15
347,4.928573744859999e-16,8.048971749718309,7.179626631985605e-14,-8.133022013649832e-17,9.678544464286434e-18
348,2.26728114946037e-15,8.003761655935751,9.139149350402098e-14,3.9288861297325844e-17,-2.1351551780104488e-17
349,2.2205239397660394e-15,7.83870336037364,9.349640426477118e-14,3.3082050373251115e-17,-9.874506325771895e-18
350,-4.71077349685406e-16,7.693276951581278,9.415383681593063e-14,-3.111914344917574e-17,7.778409433754647e-19
351,2.1793279909781444e-15,7.693276951581364,9.051239822322013e-14,1.136982913011288e-18,-2.7079908021516e-19
352,3.8174608964576764e-16,6.2343867621514075,1.3183636566141104e-13,-6.870392109477584e-17,2.1861172681175164e-17
353,3.8219241548428966e-16,6.241675816249827,1.3757972128634876e-13,-8.73738317252192e-17,-1.8977644569036685e-17
354,1.7328852376985718e-15,6.117282994625526,1.0775204691098708e-13,3.158575018022749e-17,1.382714831382353e-17
355,3.7016529723706804e-16,6.045258069425267,1.1909120477538386e-13,-4.082703744294308e-18,3.881457089597461e-17
356,-5.8252366634783565e-15,6.135633711987691,1.3118360291024476e-13,1.2734496616928492e-15,-8.000453826921441e-17
357,3.1004679363923743e-15,6.135633711987766,1.3972300636253001e-13,-6.739671754713017e-16,8.494565202746317e-17
358,3.0893167818536654e-15,6.11356626890532,1.2119721412976352e-13,1.0385725076169153e-16,2.581814524397333e-16
359,1.731832374991554e-15,6.113566268905207,1.2466396820894463e-13,3.314937554462589e-17,2.3751918880476303e-17
360,-1.7174357299571754e-15,6.062744466091868,1.3295902091776352e-13,3.423648939286758e-16,9.781278890849911e-17
361,1.7174357299571837e-15,6.062744466091897,1.362480215868444e-13,-3.058737616488949e-16,-4.3525788552331167e-16
362,-3.646172245543719e-16,5.954651166495231,1.6134824094582179e-13,1.493499235855767e-16,-2.1666603826320133e-17
363,1.69026797269238e-15,5.966839177096062,1.352798711920254e-13,4.8058415615377056e-17,-1.3407997174582096e-17
364,1.678118680607656e-15,5.923950787115127,1.6409482194575945e-13,-5.185246560445436e-16,-4.810786170237948e-17
365,3.610454126384881e-16,5.896319051172338,1.4856276348250733e-13,-4.99305982902642e-17,3.8594261296265816e-18
366,-1.6444790975013005e-15,5.805199213031607,1.5745014968991674e-13,-6.312799913720396e-17,1.2923059695481962e-17
367,-1.6426908919907235e-15,5.79888664314944,1.376713957735411e-13,-7.135926228082128e-17,2.4370573134212093e-17
368,-1.628765664524424e-15,5.749728998244449,1.6532087703472882e-13,5.036575343258413e-16,-4.1571259767462643e-17
369,-3.5820884649943996e-16,5.849994410614373,1.4235623434860225e-13,1.4437784883526303e-16,2.7508704249726067e-17
370,1.6916671892564592e-15,5.971778571527402,1.306106404815531e-13,4.079480080566161e-17,-3.804713180388707e-18
371,1.6916671892564363e-15,5.971778571527321,1.331976124626014e-13,4.846637820894381e-17,4.858594220340468e-19
372,3.483222763244828e-16,5.6885344667049855,1.578077746830201e-13,1.5799529356527014e-18,-2.808479486965064e-17
373,1.6042351934957027e-15,5.6631336311597575,1.7746600489356518e-13,-4.887109055114192e-16,2.8202205500804265e-16
374,2.8617034632642485e-15,5.663133631159797,1.6900698311511467e-13,-8.803145658178163e-16,-9.094677457964148e-17
375,0.002640667759303184,5.839447029533419,1.519013947894567e-13,2.9270086441069224e-06,0.0005054284122933795
376,0.0026406677592837663,5.839447029533489,1.4794159585542004e-13,2.9270086417476984e-06,0.0005054284122913292
377,-0.0026406677592992985,5.83944702953343,1.501363247555159e-13,-2.9270086437166096e-06,-0.0005054284122921336
378,-0.0026406677592915443,5.839447029533486,1.4486549320621936e-13,-2.92700864134611e-06,-0.0005054284122919727
379,1.5878974811515745e-15,5.605459638837824,1.6319737220914176e-13,-4.025723079728527e-16,-2.5539117280741464e-17
380,-3.4103475592937056e-16,5.569520226841115,1.527835471164349e-13,-4.182288218331642e-17,-4.643825494625094e-17
381,-3.377659742879563e-16,5.516136971461847,1.6542156114483484e-13,-3.2055417129426386e-17,1.500064560565223e-17
382,-3.2790136126186744e-16,5.355035615006141,1.849878564179498e-13,-2.4910021368887295e-17,3.7494111933558617e-19
383,-1.516958128755366e-15,5.3550356150060985,1.7435671072714972e-13,-7.574846240705757e-17,-8.743717297203209e-17
384,1.4894502387311947e-15,5.257929618485305,1.9614577423161137e-13,-3.134481930051258e-16,1.7699897118906778e-17
385,3.2021727898032895e-16,5.229545028056688,2.1974366994346787e-13,-5.2392419887239e-17,1.421303887253095e-17
386,3.1920277935983177e-16,5.212976991930623,1.8938408244614944e-13,5.6821407236347645e-18,1.919027534307765e-17
387,1.4714494954161963e-15,5.1943849367164745,1.9157216721596516e-13,-3.099614712266906e-16,-9.529125847328513e-17
388,2.6641894647984434e-15,5.272265680760541,1.8576530005389085e-13,-4.74690816168466e-16,-5.033608167902151e-16
389,5.00554576508703e-15,5.2722656807605786,2.0255316348256396e-13,-8.910515554572118e-16,-6.300188710030123e-17
390,3.168196264860535e-16,5.174057151933695,1.8822418210565886e-13,1.6651313501281075e-17,1.0042950035033737e-16
391,3.1548803886450255e-16,5.152310675766394,2.149317681268809e-13,-3.64879329775974e-17,5.707498858739861e-17
392,-3.209814265100568e-16,5.242024504265827,1.538415234889481e-13,-1.4129541881606196e-17,4.408277094866599e-18
393,1.4849446865671148e-15,5.242024504265895,1.6711749391230056e-13,5.891532370671366e-17,3.057471302232804e-18
394,-0.008418170538549609,5.113606808071023,1.9548025010283627e-13,-1.6972455711575327e-06,0.0029926714205197125
395,0.00841817053855074,5.1136068080710215,1.980577839312978e-13,1.697245571079687e-06,-0.0029926714205189267
396,1.4620072153914393e-15,5.161052608776137,2.2333139561450313e-13,-3.7490313520185774e-16,-1.226339760426819e-16
397,-4.218501169808935e-14,5.096727006295011,2.1790171325798758e-13,1.0298131705027691e-14,-4.301643270103808e-15
398,4.3316712432612896e-14,5.096727006295016,2.1599161805781424e-13,-1.0359063867121376e-14,5.0916624296784216e-15
399,1.4620072153914578e-15,5.1610526087762025,2.1329755184056025e-13,-3.4857523361882595e-16,-1.0641431088055425e-16
400,3.1112883148408245e-16,5.081119416646538,2.0596399344968835e-13,-7.820622509832435e-17,1.7307202858002362e-17
401,1.424374203342484e-15,5.028203773991582,2.1974313637440136e-13,-2.5887936639051486e-16,-1.1836557901953654e-16
402,1.942902033837867e-14,5.064929048164628,2.206248792936979e-13,1.3113255869622725e-15,4.3360048556750734e-15
403,-1.830438016890564e-14,5.064929048164628,2.1886143793387944e-13,-1.5665806596832504e-15,-4.4555288278291805e-15
404,-3.07564043494026e-16,5.022902010737529,2.2189086938181033e-13,-3.086702834577908e-17,9.687554112481217e-17
405,1.4167715821341425e-15,5.0013656519852265,1.606895726885975e-13,3.445750704837283e-17,1.0279623943159283e-17
406,1.4122719533527472e-15,4.9854814479838625,2.36401774276631e-13,-2.4290398744742315e-16,-8.514089940915161e-17
407,-3.045653974553141e-16,4.973930404543815,2.0068821308896742e-13,-2.6591001253322112e-17,-1.3984334190480155e-16
408,1.4039003531362687e-15,4.955928742168167,1.6643365039366985e-13,1.6368302212140502e-16,1.5608308309067814e-16
409,-1.4056762640819456e-15,4.9621979108307075,1.727996971827779e-13,-1.2504160833892228e-16,-1.85489083144242e-16
410,3.0408149713345936e-16,4.966027712564516,2.59512247632103e-13,-4.885746663149849e-17,-2.1536476464160572e-17
411,-0.013390044931745752,4.994018673021479,2.1818484783290547e-13,-4.394605235978535e-06,0.0007452388344563062
412,-0.013390044931828729,4.994018673021408,2.1553912319417683e-13,-4.394605235256239e-06,0.0007452388344580672
413,0.013390044931744633,4.9940186730214755,2.2070450739762115e-13,4.3946052358917985e-06,-0.0007452388344561244
414,0.013390044931826498,4.994018673021404,2.1209748335042898e-13,4.394605235095994e-06,-0.0007452388344579632
415,2.955495564224322e-16,4.82669054666546,2.324929045721462e-13,-3.906534951728498e-18,1.1782118260910355e-16
416,1.3870367992704146e-15,4.896398469159698,2.0978647370899883e-13,-2.854060732520539e-16,-1.55466041269567e-17
417,3.009223809564706e-16,4.914435430133562,2.329941036401899e-13,-3.184060038596443e-17,6.633151469968356e-17
418,3.004809392585829e-16,4.907226140104877,2.2826754108034333e-13,-2.3944584365771228e-17,6.768028635283427e-18
419,3.0230328227053097e-16,4.936987260016624,2.288360309090265e-13,-3.903297227537267e-17,-2.597146747184922e-16
420,1.3985346679408634e-15,4.936987260016724,2.3105698220748716e-13,-3.0365792345887765e-16,4.755338257092208e-16
421,2.917895511278436e-16,4.765285000230252,2.0211760448273274e-13,-7.299730785360522e-18,1.9392279380153174e-18
422,2.910910035728207e-16,4.753876852909583,2.272009678231837e-13,-4.7668199073379006e-17,2.560318621472893e-17
423,1.358192267735813e-15,4.794573975300602,1.5086239788529825e-13,1.2218444832730065e-16,9.754011307620078e-17
424,3.007284654704243e-16,4.911268549916649,2.336256522525855e-13,-2.760173325658385e-17,1.4202075860595868e-16
425,3.0072846547041737e-16,4.911268549916535,2.388568370758978e-13,-4.6292256391578836e-17,-2.9160586222931064e-16
426,1.3838360532974022e-15,4.885099469961789,2.0736293434472616e-13,8.520804033520989e-17,-3.429789266409862e-16
427,2.9912607147025204e-16,4.885099469961711,2.0959000172848456e-13,1.1444275385242653e-17,-1.9253942319984453e-16
428,1.3578428442885753e-15,4.793340470585338,2.0292120078738594e-13,4.9113934897119724e-17,-2.8484996714667974e-17
429,2.9350745322629327e-16,4.79334047058539,1.9637363504642017e-13,4.865780765502328e-18,-4.9658497672865434e-17
430,2.8582717935027766e-16,4.667912079618086,1.840057329515865e-13,1.2307149260283174e-17,-1.8083205332656325e-18
431,-2.866503601727596e-16,4.681355642660998,2.390156991801644e-13,-1.477936427076498e-17,-4.224987112590001e-17
432,-1.3317374459512989e-15,4.70118543005384,2.491715926638559e-13,2.7740474291044577e-16,1.8002939878836524e-16
433,2.8968125064236034e-16,4.730853840373366,2.4486939216228306e-13,-7.040453154283019e-17,1.607622741169951e-16
434,1.3401418225861621e-15,4.730853840373474,2.325284147311331e-13,-3.601346922500054e-16,-1.394382461396477e-16
435,2.373736502400081e-15,4.697477286105595,1.905413236800286e-13,1.136078043595604e-16,1.164959517904036e-16
436,-1.3306870142624015e-15,4.6974772861054035,2.0829186142106967e-13,-7.799394675022872e-17,-1.1861419259430694e-16
437,0.0013453987289849276,4.5813179283938235,2.2797132711282537e-13,-2.096549780407006e-07,0.00012766902470221652
438,-0.0013453987289839095,4.581317928393821,2.304254798121261e-13,2.096549778863102e-07,-0.00012766902470204815
439,1.29725111578737e-15,4.579444742055932,2.5410802528444404e-13,5.1622716136355557e-17,-1.1465622819619128e-17
440,2.743263876171784e-16,4.480089897073591,2.7742804131519123e-13,-1.3437213936989682e-16,1.9464592319908209e-16
441,-1.2952157103126137e-15,4.572259528040011,2.484734899447218e-13,-6.609666654482063e-17,5.919870407157571e-16
442,1.2941646098193732e-15,4.568549023135784,2.5052682339593395e-13,-3.687337166616872e-16,-3.856575170267746e-15
443,-0.005198570410559373,4.529579121930347,2.23225675176615e-13,-1.8260839814000871e-06,0.001591962785914901
444,0.00519857041056138,4.529579121930342,2.2368061480179703e-13,1.8260839809698757e-06,-0.0015919627859154947
445,-1.2815803515522749e-15,4.524125152805205,2.5796176785130654e-13,3.269437518752106e-17,1.414395330183452e-17
446,2.767393754287724e-16,4.519496978581075,2.5657589816688356e-13,-1.2898349171317617e-18,2.6489466350271047e-17
447,-1.2777921117146491e-15,4.510752233102197,2.48021074174441e-13,6.670907954126518e-16,2.2204350709309304e-16
448,0.0010948530981640665,4.56513472254552,2.2576595269400974e-13,3.018838742204627e-06,-0.0006982816347406381
449,0.0010948530982695227,4.565134722545666,2.2560859044823392e-13,3.0188387408719257e-06,-0.0006982816347206049
450,-1.2745842063848596e-15,4.499427960556398,2.591140035689485e-13,-1.4786865918455135e-17,-6.667803722290899e-16
451,-0.0010948530981600116,4.565134722545519,2.269361490704288e-13,-3.0188387421100846e-06,0.0006982816347364993
452,-0.0010948530982705371,4.56513472254567,2.255360118721854e-13,-3.018838740973407e-06,0.000698281634721332
453,-3.270512709281375e-15,4.496377358229334,2.706781779156713e-13,1.5811754608809157e-16,1.0429594765392025e-16
454,-5.26730537748557e-15,4.496377358229691,2.731191540152693e-13,2.186375737133785e-16,1.1278521228330133e-15
455,2.295601527141181e-15,4.542853017085847,2.340846197234865e-13,1.2757927533483016e-16,1.7859794579358594e-16
456,2.2956015271411608e-15,4.5428530170858075,2.4136702776796616e-13,1.239828065280129e-16,-1.0402941020822096e-16
457,-5.2859079739785375e-15,4.5122572603201965,2.5575646471092326e-13,3.4734788287825447e-16,-1.3729598599598929e-15
458,1.229936463879324e-14,4.512257260319972,2.4861956872342577e-13,-7.838078669723976e-16,1.2639951593449355e-15
459,3.2727316141653725e-15,4.499427960556045,2.6547078056437064e-13,6.227216821624165e-17,-1.045025748066761e-15
460,-1.9253488789912425,2.640215329247611e-16,8.64961546532635e-13,-1.321720150863984,-1.321702124723724
461,2.7124238701048076e-16,4.429724345000212,3.19657018916018e-13,1.1380116787411273e-17,1.1711258953116108e-16
462,1.2481566167471527e-15,4.406135547901079,3.1607756053746367e-13,-2.2198020304860905e-16,-9.633963937299999e-17
463,2.6952276269473745e-16,4.401640748702233,2.7673703783843884e-13,9.56603791971146e-18,1.3309628455955598e-17
464,2.2366006533495373e-15,4.426093947906772,2.7163888808954583e-13,9.595819565407654e-17,3.1517326744250205e-17
465,-1.968770814428264,5.988075438767253e-16,4.780128937689018e-13,-1.882415305889353,-1.8824149718986702
466,1.9151884334762777,2.5998284186828647e-16,6.939733929628745e-13,2.5758299498847244,2.575848309634423
467,-1.9687708144282352,4.654735135724232e-16,4.644018481323045e-13,-1.8824153058892716,-1.8824149718985885
468,1.2406106027711326e-15,4.379497255896226,2.8776680541985874e-13,-2.724920654953755e-16,-1.485510577630893e-16
469,1.9194164179368944,1.7463343649949561e-16,4.681795588522935e-13,1.7572375943325649,1.7572113943274035
470,-1.2538334756429663e-15,4.426175508788719,2.939555497509757e-13,-9.642781890220565e-17,2.4962694575933447e-16
471,-1.2538334756430245e-15,4.4261755087889245,2.89878679073231e-13,-8.371988947366779e-17,1.3483536322514943e-16
472,1.243142613763594e-15,4.388435544162193,3.2586128381181074e-13,-2.5464097383421855e-16,2.729236506051106e-16
473,1.2431426137636156e-15,4.388435544162268,3.4897060253508433e-13,-2.8963783411592448e-16,7.014478359559874e-18
474,1.919417163273759,3.303374319866001e-16,8.701129543230708e-13,1.7906001533626223,1.7905913408082201
475,-2.6533230262372193e-16,4.33320534228247,3.1355924315012967e-13,-2.8029117796815764e-17,-6.199743875071648e-17
476,2.6470902589780333e-16,4.323026460888218,2.82223824928921e-13,3.50458371284241e-18,7.21984782168059e-17
477,1.9598672515838594e-14,4.35320542196103,2.744035681052646e-13,1.3925357178132258e-15,2.2618269968554747e-15
478,-2.1531884071992275e-14,4.35320542196103,2.7343405518361535e-13,-1.5707311211247965e-15,-1.8493846319807272e-15
479,1.212407548041811e-15,4.279937248494176,3.48877903721712e-13,-1.3186882537766472e-16,-2.7714416365592374e-16
480,1.8521507287893928,6.556196611371165e-18,9.666678064261415e-13,1.6857847235107295,1.685688712961238
481,-1.8521507287892456,7.185506423802646e-16,9.98040860034358e-13,-1.6857847235111887,-1.6856887129616993
482,2.1564222848063374e-15,4.267425930337058,3.167196300013123e-13,9.78156311889876e-17,-2.330939891217554e-16
483,1.2117881280913422e-15,4.2777506252561786,2.399938974443883e-13,7.989466091412867e-17,9.60205633682463e-18
484,1.8588785653708324,6.569796165485629e-15,1.1004610800152653e-12,1.290163524571072,1.2901247556828268
485,-1.858878565370832,7.0745313711592034e-15,1.1052154764433631e-12,-1.2901635245711034,-1.2901247556828586
486,1.1702757241962947e-14,4.293380420989821,2.780453398215976e-13,3.951391758282366e-16,-2.961370120410883e-16
487,-1.551604507944876e-14,4.293380420989714,2.80166687376546e-13,-5.758045272140008e-16,4.610558753536073e-16
488,2.627315703674451e-16,4.290732161311638,3.656714975711641e-13,-5.753768537700547e-17,-1.211019608302611e-16
489,-1.17449011752794e-13,4.290732420252875,2.9524715314419045e-13,5.161246186295362e-15,6.311262818782526e-15
490,1.1935447972298246e-13,4.290732420252886,2.936261794812147e-13,-5.260047497394893e-15,-6.4458936235509134e-15
491,-1.201049067995435e-15,4.239840515415205,2.453622873549959e-13,-1.1016742279207422e-16,1.375182125612614e-16
492,-0.006857968387870822,4.216762670898705,2.7263271273007674e-13,-4.590242441547803e-06,0.0003994166262174456
493,0.006857968387868015,4.2167626708987065,2.8050885494608697e-13,4.5902424416124216e-06,-0.00039941662621757073
494,2.5957120145166206e-16,4.239119420103586,2.9740799091228526e-13,-1.5783188422663005e-17,-3.417421129542071e-16
495,1.200844798318622e-15,4.239119420103696,2.892089916570717e-13,6.2308696512092e-17,3.072654367812337e-17
496,-2.576053753063136e-16,4.207015042797131,3.1411095273347655e-13,7.005733077802066e-17,5.115690049073378e-17
497,1.186681006435471e-15,4.1891196155342465,2.832307201905877e-13,-2.758029424364282e-16,-2.4410253100833246e-16
498,2.1230781346972893e-15,4.201439925739085,1.8391676019855992e-13,1.9862219945081127e-16,6.566989959527734e-17
499,1.159810615513951e-15,4.094264063725485,3.06354359651608e-13,7.111207990743635e-17,6.40831591429452e-16
500,-2.082661082779722e-15,4.12145708722177,2.6009391841950746e-13,-6.913403239900851e-17,5.863903637872365e-16
501,1.1817904456601379e-15,4.171855376902459,2.3802878415555293e-13,7.324225361273788e-17,4.6996442415223965e-17
502,2.0892906135925163e-15,4.134576517444606,2.7896731236145794e-13,-2.351969394152688e-16,-9.630387137785583e-16
503,-1.1792267685909256e-15,4.162805303765458,1.8181031515911373e-13,-1.0144566183859525e-16,9.430728487593328e-17
504,-1.1778456101682185e-15,4.157929656637589,3.4267741712497393e-13,3.83174311103978e-16,-1.349452556360571e-16
505,-2.5452290156817675e-16,4.15667442637968,3.3642430341418697e-13,9.922782282586033e-17,3.453663836312019e-16
506,0.0027913171379672723,4.2040449836225,2.5789140094670526e-13,-9.455659570038353e-07,5.7926010577901864e-05
507,0.0027913171380353576,4.204044983622411,2.5937031473605495e-13,-9.455659588405822e-07,5.792601058316306e-05
508,-0.0027913171379626007,4.204044983622493,2.6055354784948405e-13,9.455659570187973e-07,-5.7926010578263337e-05
509,-0.0027913171380325574,4.204044983622411,2.6012868892673784e-13,9.455659590427859e-07,-5.792601058307188e-05
510,-0.020950290230040185,4.164409164868389,2.438564785633244e-13,-8.860002019366736e-06,0.0029275498252549566
511,-0.020950290230204963,4.164409164868241,2.4475936109791103e-13,-8.860002010068618e-06,0.002927549825274022
512,0.020950290230038342,4.164409164868391,2.4346803635933646e-13,8.860002019273061e-06,-0.00292754982525462
513,0.02095029023020691,4.16440916486826,2.3714366563407575e-13,8.860002009423301e-06,-0.002927549825273917
514,1.1745708529264997e-15,4.146369389200088,3.3628343569890133e-13,-3.4666646064411165e-16,-4.136154813497274e-17
515,3.0191870590166247e-15,4.15084897664387,3.3754606665205945e-13,-9.441710230119833e-16,-2.4467193241836475e-15
516,2.096291572216026e-15,4.148430980263731,9.642588509016794e-14,2.887495038181222e-16,4.742218814506018e-17
517,-0.005849981117595419,4.149716951932261,2.1836810963795367e-13,2.2123898851290902e-07,0.0003779611941034575
518,-0.005849981117670902,4.149716951932208,2.138223057587383e-13,2.212389818984084e-07,0.00037796119411457403
519,0.005849981117598152,4.1497169519322386,2.117380794961954e-13,-2.2123898707482326e-07,-0.00037796119410192877
520,0.005849981117675523,4.149716951932218,2.1487004678774168e-13,-2.2123898267209507e-07,-0.0003779611941157515
521,3.987321852076243e-14,4.149505113484708,3.1868377892960437e-13,-5.948488771868876e-15,-2.495735992272697e-15
522,-0.02440951287766648,3.709851289740198,3.893995972393159e-13,-1.3339880752821168e-05,-0.0020848915141285385
523,0.02440951287766721,3.7098512897401843,3.9080390377000796e-13,1.3339880752917012e-05,0.0020848915141288616
524,0.002031945482609471,3.7132612001865652,3.199397607481729e-13,-8.047558633139705e-07,-0.000259196548362235
525,-0.00203194548260947,3.713261200186564,3.1934260354082453e-13,8.04755863260953e-07,0.00025919654836272
526,1.8962067027464345e-15,3.7524754356291505,3.5295609518880586e-13,9.170870021425758e-18,-3.9509678864678163e-16
527,0.029137946043475783,3.8242016969605195,3.5445383389908757e-13,8.34530172959258e-06,-0.0027369543943801316
528,-0.029137946043476557,3.8242016969605097,3.539181422499432e-13,-8.345301729020121e-06,0.002736954394380448
529,-2.744962068820835e-15,3.7738380469881525,3.278349683360615e-13,-4.588868973227211e-16,-8.324097678661333e-17
530,1.9108807371950002e-15,3.7815144395152065,2.7853886909595925e-13,4.598891640664276e-16,5.918386648144e-16
531,0.019206266227379705,3.882621001583543,3.4431081324464253e-13,9.991543300915534e-06,-0.0015296722194055963
532,-0.019206266227379743,3.8826210015835505,3.4422521262279553e-13,-9.991543301120231e-06,0.0015296722194051782
533,0.023872731900940216,3.9318396132055162,3.1258358672082723e-13,-4.320300653464296e-06,-0.003314015698575001
534,-0.02387273190093755,3.9318396132055087,3.096003044592392e-13,4.320300653662163e-06,0.003314015698575069
535,-1.049740746382899e-15,3.70570484237146,4.134504781967834e-13,2.4008725373449516e-16,-8.59632363821361e-17
536,-1.8725725140758947e-15,3.7057048423711616,4.0082822979790156e-13,4.1379857050242e-16,4.0774683111419833e-16
537,-1.9215618764446706e-15,3.8026517514975287,3.500242853946456e-13,9.6266815082988e-16,4.275614786920333e-16
538,1.9326872296944304e-15,3.824668135429699,3.297323479406808e-13,1.055365824198017e-16,-1.5336467449704387e-17
539,-1.9035820630666436e-15,3.7670708161804445,3.6775870297086067e-13,-1.2626863743274194e-16,-1.0083456074985535e-16
540,-2.306665608598352e-16,3.7670708161803756,3.7298656743571345e-13,-1.9081402370373242e-17,3.9082841340142265e-17
541,2.3994560927076203e-16,3.9186091767491087,3.955199965562051e-13,1.2347769724325359e-17,-3.3493088673066906e-16
542,0.0022735698857185163,4.07942792533082,2.866158456035573e-13,1.732764555390301e-07,-0.0010341113358228473
543,-0.0022735698857185168,4.079427925330821,2.8493099306387604e-13,-1.7327645549045784e-07,0.001034111335823223
544,3.0020802767659196e-15,4.127330172339596,3.183743452537414e-13,1.1318996565365782e-16,-3.982914883507823e-16
545,3.0020802767660127e-15,4.1273301723397235,3.0985724162355536e-13,9.95983691028969e-17,-3.6866066119927115e-16
546,-1.1531561741811993e-15,4.0707731250770385,3.367326191321649e-13,4.1355011574527335e-16,-1.6700116420381663e-17
547,-4.3558719414994867e-14,4.149505113484708,3.138889647095672e-13,6.078471059822732e-15,2.6584882908899272e-15
548,2.0619276419804542e-15,4.080426894056311,3.1192360848533783e-13,-7.44774922312726e-16,-2.8146083781729173e-16
549,0.008668514388921748,3.9660346364767514,3.9212845586221126e-13,2.1148424159818727e-05,-0.0027148646176775337
550,-0.008668514388919125,3.96603463647676,3.8756669008253687e-13,-2.1148424159217645e-05,0.002714864617677784
551,2.472919495852598e-16,4.0385840187952,2.9602230123130893e-13,1.0321253336936366e-18,4.641774060889809e-16
552,-2.468422152779976e-16,4.031239300177958,3.5736257629898353e-13,9.757666256713454e-17,1.9075143574006915e-16
553,-1.1462547729382282e-15,4.046410389712761,3.524158906316774e-13,3.3437307455268647e-16,2.4033744788516675e-16
554,-2.5035960352825126e-16,4.088682609590967,3.4605575281601044e-13,4.904511347015531e-17,5.014657129196316e-16
555,-1.1582295182386493e-15,4.0886826095907045,3.346816223888034e-13,1.4318901390920815e-16,1.810042009606129e-16
556,-2.9168176264582125e-15,4.010109086710353,3.0123029611560573e-13,-3.475532773545649e-17,4.46786104113459e-16
557,-1.1312104803883718e-15,3.993302317129932,3.505470133262122e-13,3.0088584418051946e-16,1.151200410962804e-16
558,3.805377510488116e-15,4.008146602278802,3.091581920231987e-13,-5.106180995730483e-17,-1.0669289737292259e-15
559,2.0244940013391876e-15,4.006348041382143,3.8047692199174223e-13,-3.03382449880017e-16,-1.9611496256517735e-16
560,2.374771252471306e-16,3.878295773319645,3.370477421330224e-13,1.0685002992257778e-17,-4.636909022082868e-16
561,-2.820941083554826e-15,3.878295773319861,3.364042796770021e-13,-1.72066908179949e-16,4.0371813727626497e-17
562,-7.975040386878771e-14,3.8505595265119847,3.1659969834192965e-13,-5.146667055207221e-15,3.0720529744197866e-15
563,7.547542402476443e-14,3.8505595265119883,3.147315589009914e-13,4.907342978158202e-15,-3.3366516675819267e-15
564,0.024608391400612224,4.029352485090438,3.2884501615133275e-13,9.276543932691325e-06,-0.004327819690016072
565,0.024608391400763104,4.029352485090531,3.2519674712734437e-13,9.276543921934305e-06,-0.004327819690049044
566,-0.024608391400759617,4.029352485090546,3.2841371247720556e-13,-9.276543922104308e-06,0.0043278196900515915
567,-0.024608391400608668,4.029352485090442,3.33253049061289e-13,-9.27654393304174e-06,0.0043278196900157105
568,-0.021428552009606607,3.9756384733255343,3.21986334955382e-13,2.444353822747894e-06,-0.0019322712107712455
569,-0.02142855200934141,3.975638473325468,3.13752385946353e-13,2.4443538129753292e-06,-0.001932271210809347
570,0.021428552009338766,3.9756384733254686,3.1085572363392905e-13,-2.444353812998748e-06,0.0019322712108101406
571,1.0810809093164964e-15,3.816339200372631,3.453457404126613e-13,-1.6127147326719295e-16,-5.1613396775569156e-17
572,1.081080909316453e-15,3.8163392003724783,3.3728007084776653e-13,-1.5073311285392858e-16,-3.4633066248305106e-16
573,0.021428552009611877,3.9756384733255294,3.151247980746352e-13,-2.4443538228667225e-06,0.0019322712107712478
574,-1.1513318589700646e-15,4.064333083823797,3.5600795760539687e-13,2.6632867481233075e-16,-6.595598961996855e-18
575,1.1150381815299855e-15,3.9362122533229384,3.009254417468345e-13,-6.791605462291546e-17,-6.567557836204495e-16
576,1.9890528762199495e-15,3.936212253322552,3.003995395103995e-13,-1.3968081519991765e-16,-3.1671144232989527e-16
577,2.884531134493797e-15,3.9657208624929488,2.816342700688172e-13,9.477525762211251e-17,8.901687552202707e-16
578,2.0039642123386282e-15,3.9657208624930127,2.8586838782394087e-13,6.573632121227493e-17,-2.61860765039259e-16
579,8.688535472186844e-14,4.0643338156285385,3.362863659996519e-13,-1.6384686847299018e-14,-3.0029045927377346e-14
580,-8.959274491099249e-14,4.0643338156285385,3.3324781053076505e-13,1.6818591332991295e-14,3.0743528382781715e-14
581,2.449247550771831e-16,3.9999247986882303,3.732750044628444e-13,-3.330787658488085e-17,-2.834830809629379e-16
582,3.797571641695324e-15,3.9999247986881112,3.448906800593531e-13,-7.001201647507255e-16,2.118278629218394e-15
583,-1.777804295938271,1.2539387369783922e-15,1.4307466130360017e-12,-1.2214813003680143,-1.22143714913765
584,-1.777610120162522,3.0915263055022577e-16,1.2739188407306894e-12,-1.1663440614402751,-1.1660959802892004
585,1.7654553144161007,4.465920967957731e-16,1.2073426345998863e-12,1.6261518630634448,1.6255988063377795
586,-1.765408652809867,2.8420050129121263e-16,1.3190068047015276e-12,-1.6169698523481506,-1.6164811402413632
587,-1.8267474053451622,6.723339074673629e-16,1.1846175333681398e-12,-2.1532179509059706,-2.153104363294241
588,1.8267474053451938,3.557529520973962e-16,1.1357383074040933e-12,2.153217950909192,2.1531043632974622
589,-1.7385596442046447,5.313173573333573e-16,1.6786448393061662e-12,-0.9575207528073468,-0.9570679365435122
590,0.05401741650518871,3.624114692698686,3.865517419054358e-13,1.4846212764858466e-05,-0.0018023885841895256
591,-0.05401741650519114,3.624114692698687,3.9298213264340894e-13,-1.4846212764534072e-05,0.0018023885841898487
592,-2.232945468398631e-16,3.646676690705099,3.4712672957499287e-13,-2.1906427152740715e-17,-5.228822569560747e-17
593,-1.7120921433497311,1.4881439283322172e-16,2.0129967372898975e-12,-1.9379081966633827,-1.9368795964858438
594,-1.71094300908797,1.0199748201907768e-17,1.04212022674315e-12,-2.009811099148911,-2.0085856768889756
595,1.699983477618784,2.718868275644954e-16,1.5508152700023865e-12,2.9547030026021415,2.953435260381748
596,-1.6773187416459039,2.2297871724344894e-15,1.7508431119853408e-12,-1.06255482310081,-1.0621193159436764
597,-1.6773187416457092,3.037717691087525e-17,1.694005325819268e-12,-1.0625548230982211,-1.0621193159410853
598,-1.655343052993869,2.528189173975135e-16,1.6116813784449573e-12,-1.5802234991477357,-1.578626719060218
599,-1.6553430529940338,3.3724471649732315e-16,1.6342787935055105e-12,-1.580223499147794,-1.5786267190602743
600,-2.0384517018650802e-16,3.329044265308707,4.191550409614972e-13,-2.4502297816203637e-17,1.2402332841743247e-17
601,9.406553152802376e-16,3.3206207997998067,4.6566089126069e-13,6.220446677503623e-17,1.3333879836808187e-16
602,9.609647552431615e-16,3.392315444668825,3.732701958442164e-13,-3.079225726358806e-16,-1.5867759875009396e-16
603,-9.945286178030676e-16,3.510799716566914,4.221589907539717e-13,2.903300664202515e-16,1.6935560674805284e-16
604,2.1565109665391142e-16,3.5218496762340963,3.420335480893462e-13,1.0405858376761173e-17,-2.941579148500356e-17
605,2.1861478402760685e-16,3.5702503641019594,2.974010751295638e-13,8.578407443514773e-18,3.251609378098029e-17
606,1.020815095349555e-15,3.6035939874081215,3.897956166605941e-13,-5.517509335113808e-16,-4.481943702858832e-16
607,-2.1996806383921732e-16,3.592351100617217,4.592463277184528e-13,-2.0651216534318514e-17,-3.6740428641797475e-17
608,1.8162634195018444e-15,3.5942726372821276,4.5063129635157305e-13,-1.6786712502998325e-16,-2.675319194122412e-16
609,1.0175272854124698e-15,3.5919876424637778,3.656319682335624e-13,6.420375994850065e-17,1.1546951893044697e-16
610,2.202842123494397e-16,3.597514197608815,4.423176958129324e-13,-1.0597148281229086e-16,-2.698322176209956e-16
611,1.033492216985119e-15,3.648345676045638,3.5577441211484466e-13,3.3799473331643567e-17,-3.792062610972566e-17
612,-1.8435876912530378e-15,3.648345676046467,3.4678891083682323e-13,-7.944544358446737e-17,1.3636158424720367e-17
613,-0.020033825882344387,3.6157677417390195,3.891569889785453e-13,-1.2426989121905319e-06,0.0007326486240495305
614,-0.020033825882369318,3.615767741738882,3.955832331014053e-13,-1.2426989102667235e-06,0.0007326486240622639
615,0.02003382588236124,3.6157677417390186,3.93409986035104e-13,1.242698912377882e-06,-0.0007326486240492895
616,0.020033825882348356,3.6157677417388663,3.93328748208334e-13,1.2426989105182584e-06,-0.0007326486240636797
617,-1.3600532151034663,1.4454265924141646e-15,3.095919897327309e-12,-1.7123094186947827,-1.701016027209823
618,-1.386418801794215,7.904492760124611e-16,2.4824268593438764e-12,-0.7355399758746071,-0.7340237444025941
619,1.5983798593852696,8.508760900483795e-14,2.0476420430105047e-12,0.8110402930866023,0.8095281675323522
620,-1.598379859385271,8.157991573565883e-14,2.0413936473426545e-12,-0.8110402930865945,-0.8095281675323445
621,-1.5511749495327691,2.1580672349328915e-16,2.123026528516769e-12,-0.9348942139652195,-0.9339367669486496
622,1.5511975565275822,7.959103509235972e-16,2.026560187484697e-12,0.8818224445151375,0.8807907510324247
623,1.5613067974359585,2.4842518013785113e-16,2.1979286599390175e-12,1.7977413247360168,1.7930891457039035
624,1.561306797435726,5.398917735488046e-16,2.1889723253121062e-12,1.7977413247381693,1.7930891457060802
625,1.5129858477047269,1.1729814482295155e-16,2.0694587412394396e-12,1.5637765182885532,1.5588014251820579
626,-1.5130128344960263,3.696782457021386e-17,2.187796590373155e-12,-1.5583675209339107,-1.5534586548812244
627,1.5207361093860787,2.569798285554096e-14,1.8697651158719824e-12,2.8610205219829496,2.8512177375941787
628,-1.5207361093860703,2.2004354105264018e-14,1.8639605566215937e-12,-2.8610205219828106,-2.8512177375940384
629,9.407060486530926e-16,3.320799894405886,4.2774702101292696e-13,6.917437500562093e-17,-5.97738842429845e-17
630,9.407060486531058e-16,3.3207998944059325,4.2428719798481213e-13,5.131674995557294e-17,5.5016030695085637e-17
631,-2.0744852479812918e-16,3.387891511945533,3.8020355888377404e-13,7.809785292730852e-17,-2.5007937460164312e-17
632,2.5614588369968758e-15,3.5215535123971042,4.238175418329818e-13,-5.390040683731741e-16,-6.516133850592285e-16
633,9.691275439177366e-16,3.4211310218700115,3.8999752349592477e-13,-2.336701543909454e-16,-2.073177994721224e-16
634,1.774317611934647e-15,3.5112644861688764,2.881797479550338e-13,1.6113449224078592e-16,2.997258076855419e-16
635,9.684518381722371e-16,3.4187457033408952,1.3465953317539377e-13,1.5439992463054362e-16,1.2106565716614904e-16
636,1.7281374348261936e-15,3.419876780407957,3.858657143497703e-13,-4.0662581470746595e-16,-3.1467765862381385e-16
637,-1.7284234513532431e-15,3.4204427893722658,1.3432930158808612e-13,-2.965854810493384e-16,-4.686592438259251e-17
638,2.0738612556930214e-16,3.3868724552041036,3.8355310759876145e-13,-6.269240243719819e-17,-3.0718033643981426e-17
639,-3.215533150558525e-15,3.3868724552042715,3.7627040140064437e-13,1.0891623974246256e-15,1.037013067021461e-15
640,9.786398433335511e-16,3.4547105262654845,4.776238184740004e-13,-3.783428787691386e-16,-3.9830602702770383e-16
641,-9.788114660558852e-16,3.455316374095442,2.2007175609088208e-13,-1.0773828445615019e-16,-4.309295991666588e-17
642,-2.1168227122333527e-16,3.457033838176309,4.844486040127918e-13,1.2214774936150252e-16,3.079874796291017e-16
643,-1.7468425508507626e-15,3.4568930446691923,2.2700924692510244e-13,-2.0074106836336447e-16,7.570296574376812e-17
644,-1.462715352769363e-14,3.417495489942706,1.745244416966412e-13,-1.9261580042539625e-15,-2.611214111554244e-15
645,3.4041343837349333e-15,3.585523282844404,3.4094576161695764e-13,2.429861181173546e-16,-1.9250315166085633e-15
646,-4.200280484523683e-15,3.585523282844458,3.3476125685237913e-13,-3.4008018137213496e-16,1.6553098027453067e-15
647,-0.005878372378657275,3.513071529048358,3.3498059487360096e-13,-6.356057663077334e-06,0.00033564759421516536
648,-0.005878372378746455,3.5130715290485095,3.341919090437471e-13,-6.356057653169895e-06,0.00033564759422570066
649,0.0058783723787503624,3.513071529048514,3.304965866282167e-13,6.3560576536543165e-06,-0.00033564759422539763
650,0.00587837237865806,3.5130715290483616,3.376165853046733e-13,6.356057662772457e-06,-0.0003356475942157143
651,1.0191661815039738e-15,3.597773133027383,4.099239970349998e-13,-3.682650438733442e-16,-2.874059022999094e-16
652,-1.818032295436908e-15,3.597773133027337,4.159027336373833e-13,7.155556461485406e-16,6.171962215496807e-16
653,-0.0014628117805278891,3.4587665486078634,3.040796783871983e-13,1.9172599757624233e-06,0.0003641892578881315
654,0.0014628117805248152,3.458766548607859,3.073030035128627e-13,-1.917259975965386e-06,-0.0003641892578884769
655,0.0014628117804587908,3.458766548607915,2.987725730863068e-13,-1.9172599706619026e-06,-0.00036418925786288784
656,-0.0014628117804610988,3.458766548607924,3.001014458721598e-13,1.9172599700137665e-06,0.0003641892578627147
657,-2.1280230847399252e-15,2.925655903693581,7.199617180125017e-13,-2.3946772479763656e-16,-1.331742968029598e-16
658,-1.9130247342211467e-16,3.1242064823148503,5.926702260339735e-13,1.1796304390168976e-16,-1.7554361431351305e-16
659,-1.5749798102289444e-15,3.1167873422955013,5.333142134454549e-13,-1.2489432547464948e-16,-1.4191497844972563e-16
660,-1.909326236523612e-16,3.118166377200282,6.280869541533757e-13,-3.289285094756444e-17,2.3033632521921866e-17
661,-1.4934617856057029e-15,2.955468228447484,7.250788952867089e-13,-2.1446855254036057e-16,-1.7592074356922436e-16
662,2.2716216082805247e-15,3.123078512109308,5.260018381044013e-13,-7.659140802698371e-16,-7.573203494919575e-16
663,2.2645557163845493e-15,3.1133641586849663,5.919281151962848e-13,1.6230328099249874e-16,4.1065827360545225e-17
664,-2.1675913537447384e-15,2.9800552852806543,6.831457798509627e-13,-3.027644407437493e-16,-2.8364803286285856e-16
665,1.906385725756685e-16,3.1133641586847487,5.76030571788133e-13,1.8861137408140172e-17,7.606953504336187e-18
666,-1.9119853319502718e-16,3.122509009587859,5.647016640699216e-13,4.894323128846838e-17,1.8132446544145873e-16
667,-2.2712073714211666e-15,3.1225090095875543,5.369989305461633e-13,6.512298068470115e-16,6.5359633583794e-16
668,1.904657773915689e-13,2.9652729508468108,6.818894844639658e-13,1.4127222070121903e-14,3.17135370673293e-14
669,-1.8519839450464387e-13,2.9652729508468147,6.840864863288325e-13,-1.3704627168341366e-14,-3.161963637122523e-14
670,8.479441508663594e-16,2.993339790565657,6.004150314313815e-13,-2.668760284591681e-16,-9.309173140476463e-17
671,-4.842180224248688e-15,2.997243344987472,5.910383688811985e-13,-3.255752975250512e-16,8.520629095514976e-16
672,1.522365574323452e-15,3.012667033305032,7.446960453934192e-13,-7.04291087179333e-16,-7.163226385599886e-16
673,2.186874005273347e-15,3.0065655255539334,7.080004819886731e-13,-5.442949449585516e-16,-1.1251834021834787e-15
674,8.517270428115853e-16,3.0066938315971163,6.209023863468721e-13,-2.8183641158913477e-16,-2.504269276829371e-16
675,-4.2000763006539e-15,3.014048362080806,6.813595142502667e-13,7.034162875858472e-16,6.612919560729066e-16
676,8.538104117379458e-16,3.01404836208044,6.796491992788595e-13,-1.2302539459981953e-16,-5.552975783195659e-16
677,1.5385989963591044e-14,3.417495489942709,1.753756654173498e-13,2.0560801528685634e-15,3.025449221661855e-15
678,-2.092576948073405e-16,3.417437500396585,4.1470505304199263e-13,3.4566001752961756e-17,-3.7859187745357136e-15
679,-9.680812544388737e-16,3.417437500396539,4.1129328025073334e-13,3.032063283393574e-16,-3.8468026704338613e-16
680,-2.0384777628433908e-13,2.987703135311728,6.80021855141168e-13,2.9350111750703345e-14,2.473557705098264e-14
681,2.0318437292202489e-13,2.9877031353117185,6.822641700701814e-13,-2.899046833756275e-14,-2.5200928905391154e-14
682,-4.852687786395625e-15,3.0037473822720067,6.836135789784244e-13,-3.482622549448155e-16,-2.3953769478784963e-16
683,4.1857218856040286e-15,3.003747382271711,6.463388140315848e-13,2.8311684509236884e-16,8.031590228666917e-17
684,-1.4291480378937131,8.393809921942057e-16,2.703540717262456e-12,-0.6911993058330903,-0.689113861524981
685,-1.4005676712910224,8.947957194165262e-16,2.3051427309710856e-12,-0.6184834192058473,-0.6149056454820616
686,1.2876979130197816,1.1861777861196845e-16,2.9986715970183224e-12,1.4523477038675972,1.4394776651008958
687,1.3864188017945638,7.476076316582787e-17,2.533566509898682e-12,0.7355399758748153,0.7340237444027987
688,-1.3698646267601342,4.727874434516211e-15,2.45616801541079e-12,-0.7640086582178339,-0.7600887903536246
689,1.3386832935560418,2.2406949918402964e-16,2.665671387636337e-12,0.8393549747664562,0.8295627543579636
690,-1.3180502134626126,5.8014945136402944e-15,2.904789358169502e-12,-1.56548598137134,-1.549768315274752
691,1.318050213462658,3.3279954774394696e-15,2.8072116218217635e-12,1.5654859813715225,1.5497683152749202
692,1.4015131653816836e-15,2.7735076129561014,7.815486409563566e-13,1.5411264527044087e-16,1.5460504958687765e-16
693,0.00882086979422862,2.813357169209804,7.06301031841922e-13,3.90908066744914e-06,-0.0013588323010196041
694,-0.008820869794230506,2.8133571692098074,7.046098900518196e-13,-3.909080667882821e-06,0.0013588323010188252
695,-7.96217169954496e-16,2.8107376344553616,7.395887414445198e-13,2.356131001241057e-16,2.4087794080167473e-16
696,7.923912696541616e-16,2.797231769013602,7.069932238533641e-13,-2.9952802579660054e-16,-1.962111286695265e-16
697,-1.4177021591397812e-15,2.805544627336879,6.496428384741616e-13,-8.648723454485118e-17,-8.468454624795054e-17
698,2.0376456870291395e-15,2.8014029437190713,6.382472826545659e-13,-1.963344853819242e-16,-1.0975367098793744e-16
699,-1.418935186708655e-15,2.8079847124061654,7.073171750099782e-13,2.478419330108369e-16,1.0655018191361099e-16
700,2.04243304281008e-15,2.8079847124057125,6.732428326259412e-13,-3.676332896435905e-16,-3.3914965281384956e-16
701,0.0037720005641202117,2.7909124371968717,6.766223984318964e-13,-6.858107037461571e-07,0.00021586080869268444
702,0.0037720005633866895,2.790912437197029,6.988836131515279e-13,-6.85810676385231e-07,0.000215860808681685
703,-0.0037720005641208314,2.7909124371968717,6.822886556777229e-13,6.858107038055714e-07,-0.00021586080869251726
704,-0.0037720005633854474,2.790912437197027,7.077303663087793e-13,6.858106764693651e-07,-0.00021586080868174896
705,1.2238156239375806,3.3358938223490688e-15,1.980428160580109e-12,3.0270443287955997,2.9729690266520974
706,1.2220714504190044,1.128913471485726e-15,1.842322090955347e-12,3.486021397455877,3.4305085033662
707,1.1602986553861594,2.7393721503448267e-15,3.3629310621250666e-12,0.6025710918709355,0.601482560626452
708,1.157939726669413,2.9020007839548343e-15,2.942957149382158e-12,0.5291793987282203,0.5283488023807128
709,1.1764674049547974,5.310001380702176e-15,3.2792767645862463e-12,0.5182902150224035,0.5153914199670202
710,-1.1764674049551622,1.0144673777355955e-14,3.6145238460727355e-12,-0.5182902150237063,-0.5153914199683289
711,-7.8223235412676e-16,2.7613696358222866,6.646378683087622e-13,-9.419012829308391e-17,-4.401974293644471e-17
712,1.379279969423511e-15,2.7295094973668386,8.681133632232472e-13,-6.325799550230218e-16,-6.515174956506521e-16
713,7.6769650274091385e-16,2.710056418674027,7.015119899436799e-13,-3.148033276121903e-16,-3.788612921469851e-16
714,-3.1487955409233954e-15,2.687934714478467,7.841298014394874e-13,-3.422146001186334e-16,-3.8109563035409103e-16
715,-7.670988818727545e-16,2.7079467486886792,6.789069661409337e-13,-7.382579598229219e-17,-9.938271660800806e-17
716,0.0019829496408989137,2.733298277989301,7.293500902889253e-13,2.4891760787905956e-06,-2.321442914925945e-05
717,0.0019829496382465055,2.7332982779890362,7.418108734108753e-13,2.489176075086419e-06,-2.321442911831903e-05
718,-7.390757836990387e-16,2.6090220085007707,7.240752435255226e-13,-1.1877352537754357e-16,-1.7221883767360835e-16
719,-1.3314030869666893e-15,2.634764116974756,8.795555529449093e-13,4.967962887609153e-16,5.698109000280341e-16
720,1.6177568312372217e-16,2.6419974026201953,8.749946225407361e-13,-5.1041227283454835e-17,-2.495155515576803e-16
721,7.574164744425986e-16,2.6737667435556265,8.388759918007433e-13,-2.8911894402398465e-16,-3.491000216408769e-16
722,-7.570108367435544e-16,2.672334796105005,9.217982958202782e-13,2.285783387837277e-16,2.0949762690737614e-16
723,-0.0019829496409025614,2.7332982779893094,7.321984230847237e-13,-2.4891760789835836e-06,2.3214429148602856e-05
724,-0.0019829496382428335,2.7332982779889945,7.464700872598475e-13,-2.4891760743569677e-06,2.321442911848567e-05
725,7.668597030705846e-16,2.7071024201738076,7.580913615984973e-13,7.090978669586738e-17,3.449819279506711e-17
726,3.772347139966596e-15,2.7071024201742135,7.53791335401543e-13,2.8012240495281257e-16,1.0449311028882533e-16
727,0.004206568742460612,2.669490952646507,7.446218510546351e-13,-2.5346682411028602e-06,-0.001396655965705428
728,0.004206568742552156,2.669490952646297,7.591880969823025e-13,-2.534668246925026e-06,-0.0013966559657416508
729,-0.004206568742460019,2.669490952646507,7.501622131431177e-13,2.534668240938495e-06,0.0013966559657050473
730,-0.004206568742553333,2.6694909526462918,7.518602044640345e-13,2.5346682464293287e-06,0.0013966559657411517
731,-0.011470876792635589,2.6374729047078964,8.111457515829066e-13,1.2057381931888673e-06,0.0003126046277714188
732,-0.011470876792685913,2.6374729047081567,8.317635804022641e-13,1.2057381701803625e-06,0.0003126046277474832
733,0.011470876792636763,2.6374729047078973,8.142247346151935e-13,-1.2057381935826495e-06,-0.0003126046277717263
734,0.011470876792681182,2.637472904708146,8.287852933710263e-13,-1.2057381706929732e-06,-0.00031260462774793097
735,0.4462119364500122,5.487882194775698e-15,1.4173205044377022e-11,0.8087997031775476,0.801657899850252
736,-1.0606293017019195,1.4327510681792931e-15,3.793687390435632e-12,-1.186012754654658,-1.1693537896149442
737,1.060629301702011,2.845430968469995e-15,3.800459985784087e-12,1.186012754655665,1.1693537896158948
738,-1.0153686401018938,6.270575681743691e-15,4.541106307623082e-12,-1.4924561448437914,-1.4514499671382906
739,-1.0177173466888927,6.165341214419876e-16,4.973222384487957e-12,-1.5664759298803141,-1.5234795266279109
740,-0.5778697552527735,1.2496293750718842e-15,9.423261797871707e-12,-0.3378262913100013,-0.3369128821122055
741,-1.0295373134306907,1.6930422296722703e-13,3.5386577702544763e-12,-0.5006949329991917,-0.49581116788737456
742,1.0295373134306787,1.5957192607373072e-13,3.6103150287957108e-12,0.5006949329991344,0.495811167887319
743,-0.6806782689141574,1.923621344452454e-15,7.805215184488055e-12,-0.4114160886810062,-0.4097302904161759
744,-0.7043013334287224,2.2722898098170435e-16,5.125154168914183e-12,-1.5568588846221036,-1.552983548389073
745,0.7034335493888252,4.3805265554198985e-16,7.401375741945968e-12,0.4705684268801063,0.4688732051918968
746,0.7702489738068496,2.4688107883325873e-15,4.403438623578391e-12,0.7406686638538424,0.7370410182183329
747,0.8341383686324816,1.4223070112042755e-14,5.963526284704427e-12,0.4306401063205925,0.43220921783196165
748,-0.8578734295265772,1.1201993003593278e-15,4.576506920023969e-12,-0.47207484925542376,-0.47076887386081046
749,0.8888470540823427,5.5621209502889365e-15,5.5119198656267614e-12,0.5993467919557012,0.5985372193639718
750,-0.9892325197395346,2.3428167975262654e-15,2.5722257423935805e-12,-0.8548845804040031,-0.8491071909642707
751,0.9892325197395938,7.78483892101829e-15,2.374197327124435e-12,0.8548845803985855,0.8491071909588672
752,0.9298191842762917,1.964076257496141e-15,2.003864442242227e-12,0.5895117564576814,0.5889866326303251
753,0.9171407427263127,7.812073974294322e-16,1.898029303583527e-12,1.2578607236448365,1.254351214102477
754,-0.9085349598899929,8.127831593546821e-16,2.0765053717618736e-12,-0.4488763619762434,-0.44817729227724046
755,-0.9049203273108694,1.9653829306143726e-16,2.880344964985547e-12,-0.9709800658494422,-0.9702828872434841
756,0.9689268837869952,3.0641932624784034e-15,2.4687875225082535e-12,0.932638002450439,0.9265662355589198
757,0.9689268837871831,3.156292535999135e-16,2.642714626670043e-12,0.9326380024468625,0.9265662355553355
758,-0.9247155904429344,7.310867803150223e-16,2.6059577748170855e-12,-0.8366151995415757,-0.8340685855004325
759,7.351756216711175e-16,2.5952539906709386,7.832742992774393e-13,1.1562112385446125e-16,1.7079443726861403e-16
760,0.9247155904428797,3.5892960991638714e-15,2.5448244719883212e-12,0.8366151995425537,0.8340685855014057
761,7.336250905505127e-16,2.589780438556599,6.300492301125319e-13,1.7333924108076223e-16,7.27987213710268e-17
762,-0.004929735133355069,2.5517834206879733,8.737836511026104e-13,1.8162583173379765e-07,-0.0003339296683211718
763,0.004929735133352801,2.5517834206879724,8.726678523613543e-13,-1.816258316294974e-07,0.0003339296683212258
764,1.8474168318757216e-15,2.5398718648865852,7.022954895881233e-13,2.0368517653982468e-16,1.544067133945857e-16
765,-7.251867079906838e-16,2.5599919834342377,9.116848433937483e-13,2.7351074629443717e-16,2.8259116569042527e-16
766,1.2899316823040329e-15,2.552694779780527,6.049942959534883e-13,3.0177880761750967e-16,2.597343837106037e-16
767,-1.5748091921866027e-16,2.5718585853211655,8.247599270210249e-13,5.358810850830475e-17,6.629574511490576e-17
768,-1.299615566219983e-15,2.57185858532106,9.337434084900253e-13,4.3757891461746606e-16,7.034661698855066e-16
769,-7.132615733433412e-16,2.5178948948332107,7.523047667528945e-13,-1.3532555045614835e-16,-7.956546749134882e-17
770,1.2723465505093017e-15,2.5178948948331454,7.573832929467384e-13,2.0856912467993814e-16,2.7306383952096485e-16
771,-1.4512223222743174e-16,2.3700259099761904,6.9120963378023e-13,-2.01370706960106e-17,3.5759373183172405e-18
772,0.02244983660902285,2.4668732256190022,8.61110114089618e-13,1.0142185187597338e-05,0.00010577158602351156
773,-0.022449836609026313,2.4668732256190213,8.641080037110276e-13,-1.014218518868848e-05,-0.00010577158602435681
774,0.02914111367160357,2.4483995260403546,8.171080303804188e-13,8.432440364119359e-06,-0.0023140267838788926
775,-0.029141113671607415,2.4483995260403577,8.170270106025314e-13,-8.43244036454957e-06,0.0023140267838788857
776,7.047393116011847e-16,2.487810336608063,8.608464899760625e-13,-1.2938466135679628e-16,2.1210959948209409e-16
777,-1.18638964704394e-15,2.3477915151175592,8.116888382981984e-13,-1.3607830962898998e-16,-1.4963845966799377e-16
778,-6.650752076234142e-16,2.3477915151178887,7.759265969217998e-13,-9.786454890814901e-17,-1.1583454065414804e-16
779,-6.988769121442697e-16,2.4671153963285115,1.008461406557091e-12,4.214316206345261e-17,3.3185525840566566e-17
780,2.2651758319930675e-15,2.385875459016545,1.1139027720777287e-12,2.500030101001155e-16,-8.835488272971872e-17
781,0.018948918328235514,2.3957001313506865,9.432445714153677e-13,-1.8471530858029566e-06,-0.0016988452846988201
782,-0.018948918328233904,2.3957001313506847,9.343514424308446e-13,1.8471530862818487e-06,0.00169884528469924
783,0.016248097947497764,2.4387173779090308,7.853241212292025e-13,-1.3429684966592692e-06,-0.0017506444278550214
784,0.01337811684597422,2.421301572146241,9.091158991785176e-13,8.739277358759887e-06,-0.0006847496838741822
785,-0.016248097947497733,2.438717377909026,7.886970284059471e-13,1.3429684973219336e-06,0.0017506444278557406
786,-0.013378116845977998,2.421301572146244,9.265447222931804e-13,-8.739277358898664e-06,0.0006847496838739216
787,-6.790853369539939e-16,2.3972488733098727,1.082096871560064e-12,3.0329504057793264e-16,2.677995657808807e-16
788,4.470259048847423e-15,2.432675975165532,7.526334750593962e-13,3.2278850485280106e-16,-2.579678427186278e-17
789,1.808518762991138e-15,2.4863938900983698,1.000504389159077e-12,-4.83089571356966e-16,-1.7199457686020941e-15
790,-1.8085187629912216e-15,2.4863938900984848,9.645335954350816e-13,4.623398052480774e-16,4.617507070681518e-16
791,-9.397809387313551e-15,2.4499041601647087,7.862348818523389e-13,-4.4262500752161515e-16,-1.472213440331143e-16
792,-3.9579293738358e-15,2.4499041601658735,7.590463421205189e-13,-1.977723464258673e-16,-1.3878150443795e-16
793,0.02727583138204784,2.4017907792491218,9.242702941351415e-13,2.3260697302445593e-06,-0.0012962718707699352
794,0.027275831382050548,2.401790779249219,9.177559838740057e-13,2.3260697277396186e-06,-0.001296271870769388
795,-0.027275831382048903,2.4017907792491213,9.308681949399327e-13,-2.3260697308968153e-06,0.0012962718707696889
796,-0.027275831382052616,2.4017907792492132,9.26277721145044e-13,-2.3260697284612636e-06,0.00129627187076876
797,3.876275926875053e-15,2.3993617930576026,1.0047811551930313e-12,-5.801887168094299e-16,-7.407574505154223e-16
798,-0.009746860617605485,2.4483138093633072,8.112217056920029e-13,-9.03158799552689e-06,0.00029407406565212053
799,0.009746860617618518,2.4483138093633032,8.157535812508143e-13,9.031587994614426e-06,-0.000294074065653651
800,-0.009746860617479888,2.4483138093639853,8.434216440314497e-13,-9.03158801575767e-06,0.00029407406563570744
801,0.009746860617483187,2.448313809363995,8.472770541972046e-13,9.031588015927239e-06,-0.0002940740656356337
802,2.8107452440509556e-15,2.3993617930569906,1.013342458918779e-12,-4.270316603582555e-16,-2.395084423726673e-16
803,0.7798013803045007,6.240661192237609e-16,3.4072662199315608e-12,0.8755196210352645,0.8708252833550159
804,-0.8341383686320013,8.769999736009669e-15,5.946196711643278e-12,-0.43064010632075267,-0.4322092178321242
805,-1.422439630647297e-16,2.323020207357182,7.303419620568082e-13,-2.232757402579884e-17,8.265475233018527e-18
806,0.5125408299824125,1.7566780105748008e-16,1.1333559639799415e-11,0.2531247379566475,0.2505763262182109
807,-0.5409760804329241,3.446670980644627e-16,1.264091505901827e-11,-0.3031309944885421,-0.3020601434794348
808,-0.6526970473066858,7.201335580935417e-16,5.221934162111192e-12,-1.6977036077989822,-1.6967465040228005
809,-0.7261367789872217,7.281779659119977e-15,5.425252326290354e-12,-0.9891551556559852,-0.9881258748602478
810,-0.781131923583003,7.501800560103447e-15,5.424090196898956e-12,-0.5352599726499909,-0.5326312745337317
811,-0.7811319235828165,1.230712104821328e-15,5.4683971658969545e-12,-0.5352599726503071,-0.5326312745340617
812,-2.1808188603074775e-15,2.297023536044846,5.979926456103984e-13,-3.1765350055635436e-16,-2.8593700744004333e-16
813,1.6751225351052276e-15,2.3029976363436484,1.0886754898470686e-12,-4.3890433182305055e-16,-4.725782462546056e-16
814,1.6769290360950204e-15,2.3054812561519653,1.0926189370926982e-12,-7.246524681099338e-16,-6.707258357897714e-16
815,0.7260627458331759,6.13169365085396e-14,5.3416487197365815e-12,0.5474531546128385,0.5453181710688374
816,-0.7260627458331577,4.8650487829456395e-14,5.328380226940948e-12,-0.5474531546139048,-0.5453181710699021
817,0.00271528588687207,2.3015969745120866,9.010106404675224e-13,-4.513701159242797e-06,0.0006214918050199488
818,0.0027152858869311574,2.301596974511921,8.844339687776565e-13,-4.5137011623803155e-06,0.000621491805022638
819,-0.002715285886875137,2.301596974512087,9.036129421846074e-13,4.513701159558408e-06,-0.0006214918050197697
820,-0.002715285886932692,2.301596974511922,8.824046751023472e-13,4.513701162781633e-06,-0.0006214918050221514
821,0.6326171989452765,1.542601793231688e-15,7.564171285794852e-12,2.33765241807511,2.3357572413431074
822,0.7038389844569712,1.5114524701463348e-15,5.994994812429566e-12,0.6071274323718565,0.6035760253085105
823,-0.7038389844567383,3.0782460544634504e-16,5.896895542581251e-12,-0.6071274323741969,-0.6035760253108292
824,0.6568485384209843,1.4631026020114364e-14,7.638985869136769e-12,0.5012814718382708,0.49655855639066027
825,-0.6568485384205549,6.313756501531594e-15,7.672253703201903e-12,-0.5012814718333488,-0.49655855638574253
826,-0.5931848969018926,4.636672453270704e-15,7.10498094811245e-12,-0.9981536343575292,-0.9900946780499966
827,0.5931848969024417,2.464857817588669e-15,7.132321318207862e-12,0.9981536343438158,0.9900946780363602
828,0.485073385623209,1.2468092676070678e-13,1.16524649128914e-11,1.4749802450671925,1.4603651770204271
829,-0.48507338562319613,1.3279623748385546e-13,1.181012702218119e-11,-1.4749802450671394,-1.4603651770203814
830,-0.019773979567902993,2.2009076237170624,1.1353538514095085e-12,-2.6314188918859227e-06,0.0010200556802782814
831,0.019773979567902503,2.2009076237170624,1.141674863498479e-12,2.6314188921183757e-06,-0.0010200556802780394
832,-1.6374287971040578e-15,2.251175403818911,5.784953245477153e-13,-3.178759124005273e-16,-2.955710763963911e-16
833,1.5999977472453636e-15,2.199714321095778,1.1643267245663914e-12,-4.3478201872403856e-16,-3.8780166006000156e-16
834,-6.214919724253653e-16,2.1939377123802806,1.1628684993914073e-12,2.43161956341536e-16,5.1414839098658374e-17
835,6.302416900278664e-16,2.2248252157954758,1.098666619369847e-12,1.2317442328701298e-16,5.394623009748622e-16
836,1.359870896201013e-16,2.220837709530304,1.0961450710463922e-12,-7.79148168340476e-17,-1.871504854756062e-16
837,6.374948785267293e-16,2.2504298003897993,4.625774794073676e-13,1.4045941671501992e-16,1.4209890075747635e-16
838,6.273566190410346e-16,2.2146405853871327,1.0725545190558178e-12,8.996136058369153e-17,9.439528911961789e-17
839,1.375918979326451e-16,2.2470462181984545,1.025715759572284e-12,-5.62498813570996e-17,-9.381957140181283e-17
840,-2.131498709934456e-15,2.2450753672766575,1.1152948753599318e-12,9.887430855773904e-16,1.0284220344729497e-15
841,1.3225983293810828e-16,2.159966988525879,1.1410510898483778e-12,1.385256210785404e-17,2.3252849384059784e-17
842,-2.0506958994120643e-15,2.1599669885265134,1.1917597186110852e-12,-3.045288850868919e-16,-3.4470048801905605e-16
843,0.026314826481168705,2.2200298190829835,9.940615479452858e-13,1.0428935394222842e-06,-0.0005964764385313305
844,0.02631482648143035,2.22002981908347,1.024499137041273e-12,1.042893561543478e-06,-0.0005964764385197026
845,-0.0025026208045350316,2.2451289120973397,7.798342410437581e-13,-4.864053645943847e-07,-5.684303966528928e-05
846,-0.0025026208045869957,2.245128912097446,8.224225578127455e-13,-4.864053607328903e-07,-5.6843039660530933e-05
847,-0.026314826481168736,2.220029819082986,9.91569790933035e-13,-1.0428935394300905e-06,0.0005964764385315948
848,-0.02631482648141989,2.2200298190834613,1.0326746785706042e-12,-1.0428935601296783e-06,0.0005964764385212357
849,-1.6046369002580941e-15,2.2060923371507553,1.065830816996114e-12,3.772349904358692e-16,2.7129181521414436e-16
850,2.5843387031199744e-15,2.2060923371510315,1.0599512370489047e-12,-6.358180820763889e-16,-6.814355372421489e-16
851,0.0025026208045854973,2.245128912097443,8.200872578596279e-13,4.864053610095787e-07,5.684303966066971e-05
852,0.002502620804534031,2.2451289120973366,7.760924162922584e-13,4.864053647886737e-07,5.684303966528581e-05
853,-0.06199740428477245,1.922439397600525,1.3414040715317254e-12,-5.0504229968228315e-06,0.00452592641376613
854,0.06199740428477407,1.9224393976005223,1.349536027629565e-12,5.050422997421311e-06,-0.004525926413765931
855,-1.28357008494068e-16,2.0962290283767557,1.0819955472202354e-12,-2.965926390450374e-17,-5.2183604554143023e-17
856,0.37068005801430126,2.7954298962513134e-15,2.6146931484536648e-11,0.31494544994460455,0.3196298007758852
857,5.902549210714973e-16,2.0836673500433958,1.057189258990084e-12,1.3723075317095393e-16,1.5455207400906502e-16
858,2.8473940143702452e-15,0.3635221597360837,3.203284477857211e-11,-2.1882922764390135e-15,-2.2398024359368052e-15
859,-1.2110705163840784e-15,0.3351102949789852,2.7069601287938737e-11,-8.134193640748793e-15,-8.078972438738297e-15
860,0.285145642474953,9.963621660381099e-15,5.6721759467577005e-11,0.3959492657724617,0.3796235796110379
861,0.27184473549118754,6.296004367574695e-15,4.298615018820549e-11,0.14818074854846602,0.14508312219109876
862,-0.03273813593318752,2.0179838246256447,1.366242872123002e-12,-2.7444329973660975e-06,0.0019889988497097254
863,0.03273813593318707,2.0179838246256443,1.3684641118621427e-12,2.744432997883045e-06,-0.0019889988497092895
864,1.4577591610568898e-15,0.21684550035173125,7.55064008921842e-11,-8.094391124213172e-16,-8.419798058975426e-16
865,2.0263172643400246e-14,0.16922180177430182,1.1346778725988167e-10,2.494195000660834e-13,2.4665782649045475e-13
866,4.081158060067177e-14,0.1442380245295727,2.0893744788243802e-10,-2.464767374564624e-14,-2.6378155948542734e-14
867,1.970514832132815e-15,2.075513482534886,1.2265751053504835e-12,3.021159761842658e-16,3.8462012186988207e-16
868,0.03331544604048276,3.2742283138721266e-14,3.6723555788990674e-09,0.04702044501432067,0.05229041565929838
869,0.08502280083215252,2.243887349643329e-14,5.864454447255222e-10,0.09239017736684015,0.08266371013660193
870,0.3461997001854436,9.882049844826777e-16,3.2882403584145744e-11,0.2507867549561102,0.25110057566781724
871,-0.3461997001843206,6.582883262316116e-15,3.230164807109382e-11,-0.250786754958474,-0.2511005756703968
872,-0.11797259600610951,1.9045890929716144e-14,2.382200683293376e-10,-0.8414075271320177,-0.8427521465561337
873,-0.08120082797860595,0.4430434876276525,2.3546688962191843e-11,-4.356565911457083e-06,0.026861031955882922
874,-0.08120082797941167,0.4430434876253828,2.4312281874106426e-11,-4.356568513951692e-06,0.026861031953568662
875,0.08120082797858479,0.44304348762759194,2.3578401481227277e-11,4.356565948621799e-06,-0.02686103195583935
876,0.08120082797945032,0.4430434876253707,2.3951498904739197e-11,4.356568533817745e-06,-0.026861031953560887
877,-1.8711568082177467e-15,1.9708611780350802,1.1969199168575768e-12,-3.9649129050733624e-16,-3.6376718428525347e-16
878,-1.2060793698227853e-16,1.9696770867526943,1.0915240830807948e-12,-5.118131688953228e-17,-6.182011922342858e-17
879,-1.0443845544750322e-15,2.066772246054082,1.4170104844145851e-12,5.239177216535263e-16,4.774827640641799e-16
880,-0.17203543190061446,4.956663568292981e-14,1.3104002402966092e-10,-0.20468863186083597,-0.20674534556164503
881,-5.697002902389661e-16,2.0111071533741454,1.4803629154796076e-12,2.5556486021826644e-16,2.8053779593313057e-16
882,5.693157149428519e-16,2.009749558613746,1.2193337490530898e-12,1.1624417357659548e-16,-6.635230081341219e-17
883,0.0020134440500969913,2.0597624228871694,1.423773714663539e-12,1.5603790610033488e-06,-7.140977161461176e-05
884,-0.002013444050095169,2.0597624228871774,1.4110940178908224e-12,-1.560379061751882e-06,7.140977161385629e-05
885,-5.773761398417672e-16,2.0382037799845025,1.3670494055189175e-12,2.480640080306841e-16,2.4120104810730167e-16
886,0.23610318454480533,1.0822735743737672e-12,6.985318671935731e-11,0.5219338715356474,0.5085582497374957
887,-0.23610318454477883,1.1344879515479895e-12,7.015459102702057e-11,-0.5219338715350779,-0.5085582497369371
888,5.725735059306031e-16,2.021249933235139,1.4590295047602316e-12,-1.0967448270192517e-16,-2.0433330176498389e-16
889,2.3964333223225645e-14,0.30378025331311453,4.249404189682868e-11,-1.4469144733442773e-14,-1.2142727485694245e-14
890,1.0541232723351423e-14,0.3037802533125996,4.3197280300827814e-11,-6.423641485691392e-15,-6.300728542987126e-15
891,-0.012169273780707764,2.047330639730994,1.2369832572321018e-12,-7.930529344036229e-06,0.0005209427426761636
892,-0.012169273781025905,2.0473306397304434,1.2085361664431106e-12,-7.93052927610359e-06,0.0005209427427813927
893,0.012169273780702754,2.0473306397309927,1.2286291331162054e-12,7.930529343074325e-06,-0.0005209427426766319
894,0.012169273781030889,2.0473306397304407,1.2036479048205524e-12,7.930529275806085e-06,-0.0005209427427820155
895,-1.620269338670903e-13,2.0197990227279794,1.399603599850699e-12,3.156858844835129e-14,4.07898693798427e-14
896,1.597845064869434e-13,2.019799022727993,1.4040535977931824e-12,-3.1388754036286784e-14,-4.081105706198532e-14
897,2.8485372356550615e-15,2.0441602425450336,1.0825569141672825e-12,1.8519560122503545e-16,4.618988451896927e-17
898,-5.790634683583698e-16,2.0441602425455594,1.0829120050789395e-12,-2.3670388650580626e-17,-1.0920193601463756e-17
899,-1.0408115160411634e-15,2.0597014246429812,1.3875136028792098e-12,4.424467070862181e-16,5.262511542708235e-16
900,5.834659269427647e-16,2.0597014246428973,1.4198661498918068e-12,-2.3729490374475295e-16,-7.577975905436721e-16
901,0.06433294029485236,1.8999558129645122,1.533568656111672e-12,1.742268331600752e-06,-0.005690855857259114
902,-0.0643329402948373,1.8999558129645044,1.547991230291024e-12,-1.7422683298859779e-06,0.0056908558572595375
903,1.1996139152131594e-15,0.5257594238028124,1.2530862472741964e-11,2.909369447932813e-15,2.684778520985299e-15
904,5.311364916960594e-16,0.5594380370069441,1.1335586305971155e-11,-3.393093232401883e-16,-4.543559035220771e-16
905,5.409571795215361e-16,0.5697820190248218,1.127618848434401e-11,-3.468995754797748e-16,-5.088249196574791e-16
906,4.544348348385297e-16,0.6247676385295643,7.041016057300064e-12,8.516917235800298e-16,1.0027148360473702e-15
907,-2.8381787124468497e-13,0.6189013981843581,9.918761144070385e-12,1.4986557959176835e-13,1.6762267061894409e-13
908,2.883528538874494e-13,0.6189013981843589,9.9709477784834e-12,-1.526630808123793e-13,-1.7025432247084527e-13
909,-4.7733712543488456e-14,1.9854260845054679,1.4645622803458264e-12,-8.665853475889503e-15,-5.5342519676953705e-15
910,4.376603418861172e-14,1.9854260845054714,1.4678995501278165e-12,7.905887045283472e-15,4.948734937191678e-15
911,-0.16677805895396766,1.1394538472891567,3.049238345296032e-12,2.4575624173262325e-06,0.017837535280256618
912,0.16677805895396344,1.1394538472891578,3.0944262877337396e-12,-2.457562415974883e-06,-0.017837535280254672
913,-0.010781755289064731,1.4694652084959012,2.0679681679156196e-12,-1.1279727978167654e-06,0.0011946114170609283
914,0.010781755289061484,1.4694652084959032,2.0801410439572104e-12,1.1279727982796113e-06,-0.0011946114170607123
915,-4.040704850592529e-15,1.482409891433642,2.7947196553517215e-12,2.0046099563965907e-15,2.022780366108472e-15
916,-0.05120146282842486,0.8143420998924952,7.095952081099669e-12,6.328732460314512e-06,0.0075173333976082815
917,0.051201462828436996,0.8143420998925034,7.133632067980847e-12,-6.32873246588124e-06,-0.00751733339761472
918,-8.328956087547238e-16,1.6482487419587124,1.3983956221378673e-12,-1.8205988454928448e-16,-2.375801522402071e-16
919,-0.09710185344032568,1.784790219576272,1.3039093166553772e-12,-3.1986112008514783e-06,0.008180786946172653
920,-0.09710185344032263,1.7847902195759675,1.281111625038386e-12,-3.1986111766225955e-06,0.008180786946193503
921,0.09710185344031615,1.7847902195762722,1.309447344542315e-12,3.198611199291962e-06,-0.00818078694617426
922,0.0971018534403226,1.7847902195759815,1.2713881013693906e-12,3.198611178232419e-06,-0.00818078694619114
923,1.3601108776834482e-15,1.86991224273244,1.2878981013568643e-12,2.9704186998096464e-16,-1.2778316176317423e-17
924,-1.153744066041869e-16,1.884207049485861,9.782632385478813e-13,-3.5776858332663527e-17,7.940812916985464e-17
925,5.399497003105325e-16,1.9060841698031232,1.6139247159476786e-12,-2.722009748467308e-16,-2.1090518814752571e-16
926,-2.2298391344009975e-15,1.9034776755626994,1.4442321689854373e-12,7.683743725751257e-16,9.045868648679776e-16
927,9.163260578740583e-16,0.5671932996314207,9.568994105380792e-12,1.6668865130553415e-15,1.913186627726494e-15
928,5.324303482527187e-15,0.5671932996320278,9.69087854307873e-12,9.471338927685387e-15,9.5861876683999e-15
929,-2.6510246357855676e-14,0.19889447882524264,7.239108243129492e-11,-4.71414209819482e-13,-4.721189229806845e-13
930,-1.1845288836755407e-16,1.934482472007857,1.380949171648435e-12,4.68430825789228e-17,8.565711131309095e-17
931,-1.1845288836754503e-16,1.9344824720077094,1.3360500114996304e-12,5.141037687474659e-17,2.9736777903758964e-16
932,7.398595077793973e-14,0.19889447882423178,7.404766021628802e-11,1.3149732826806134e-12,1.3142936653189279e-12
933,0.17159958196494593,9.436088485830705e-15,1.3326451464150185e-10,0.18119076428178335,0.18042967696773046
934,-0.17159958196621194,5.085220386899224e-15,1.3689490277718424e-10,-0.18119076427427078,-0.1804296769602875
935,-0.001811702768395795,1.9002287680828969,1.2145464156560721e-12,-1.0474924861199244e-06,0.0003741452392219875
936,-0.001811702768568992,1.9002287680826675,1.2222423160861912e-12,-1.0474925305503126e-06,0.0003741452391776987
937,0.15270920933772927,1.1341043992580218,2.8899908133001413e-12,4.525532448992897e-07,-0.017983526952562962
938,-0.1527092093377249,1.1341043992580213,2.9333445717246333e-12,-4.5255324691850785e-07,0.017983526952561012
939,-4.450250968795856e-16,1.5709894677956782,2.0054147172322372e-12,-1.0742066505309754e-16,-1.558556322209144e-16
940,2.8592389192823966e-15,1.5559728754399422,2.349113258173405e-12,-7.678654975779907e-16,-1.0047193860733273e-15
941,-3.7771780659293215e-15,1.5086245861786054,1.99858827697973e-12,-7.00215865325163e-16,-4.2517763679068366e-16
942,4.317364675878974e-16,1.5240790872237437,2.6667809610983556e-12,-2.905130611917881e-16,-3.5750347614170533e-16
943,-3.992376921046559e-16,1.409354694468332,2.324460723671518e-12,-2.0745939521990004e-16,-1.6430992282043482e-16
944,-5.297747935141197e-15,1.6712893529618358,2.174011905062145e-12,-1.3981330317046455e-15,-9.00198687637927e-16
945,-0.01575081510659485,0.8594532117532451,5.3297001691959595e-12,2.4846562317612855e-06,0.001592694427053769
946,0.015750815106591712,0.859453211753251,5.322546588742196e-12,-2.484656233365471e-06,-0.001592694427054688
947,-4.749920633749019e-16,1.676776285384229,1.8953389269056295e-12,-1.5010668831449552e-16,-1.8606144085977274e-16
948,-0.02287507530945972,1.7270710292477147,1.3308542129098712e-12,-2.8038789880689696e-07,0.0029654989387874146
949,0.0228750753094582,1.7270710292477163,1.2843521618611814e-12,2.8038789925098617e-07,-0.002965498938787208
950,-0.0380839538404739,1.7751621318454045,1.6208965467051386e-12,-4.958322917998116e-06,0.0032438211126663207
951,0.038083953840478274,1.775162131845406,1.626215329294049e-12,4.958322918301693e-06,-0.0032438211126660003
952,8.614492849331177e-16,1.7047546958197246,1.8763194683294515e-12,-3.715337872356137e-16,-2.1880115652980666e-16
953,-2.8509148478813972e-15,1.3841853195636638,2.085920948068611e-12,-1.0101376865751694e-15,-8.799480768087752e-16
954,4.345351317270276e-16,0.8599180697768021,5.531458806216399e-12,-2.7340266819610346e-16,-2.7636575060557397e-16
955,1.7563508724834168e-15,1.2603881671444084,2.92578507851569e-12,9.506556803398083e-16,9.61266138507989e-16
956,4.786722804953117e-16,1.689767872546176,1.8399237746127016e-12,-2.7001063309239895e-16,-2.1150089818203945e-16
957,-1.695931058113e-15,0.9229108862655914,4.897506747479474e-12,-2.5719367063421703e-16,4.454514334028506e-17
958,0.013277197905385842,1.8338636072686882,1.5438407599268395e-12,4.187848273960737e-07,-0.0011084711269404722
959,-0.013277197905396549,1.8338636072687045,1.5468182720766586e-12,-4.1878482599615185e-07,0.0011084711269425994
960,-8.635419349485716e-16,0.9095556650949489,4.6297203368645645e-12,-1.1824162467641327e-15,-1.0988071946140614e-15
961,-4.098726255938599e-15,0.9103982601916794,4.545051165395524e-12,-2.0014876309900707e-15,-1.930311688975813e-15
962,0.008704691804280643,1.7869962377726845,1.3868467795180602e-12,1.291000015710142e-06,-0.000993598122309012
963,-0.008704691804281009,1.786996237772678,1.4104622083777033e-12,-1.2910000152109753e-06,0.0009935981223096295
964,-0.00724881941996851,1.8352331287951673,1.1130126834368342e-12,-6.25774601727136e-07,0.0011252864341813676
965,0.007248819419966872,1.8352331287951653,1.1160261656386022e-12,6.257746012153925e-07,-0.0011252864341825047
966,2.970097772679785e-15,0.8756438971271823,5.2288025670934745e-12,-1.6148488864100557e-16,-6.233522058456176e-16
967,1.3354097257771574e-15,1.8359525214207213,1.550657387902144e-12,-4.529750723294793e-16,-6.53081140015814e-16
968,0.0018117027684025366,1.9002287680828869,1.2110460256551328e-12,1.0474924874354953e-06,-0.000374145239221003
969,0.0018117027685630859,1.9002287680826686,1.2247657503560033e-12,1.0474925301196675e-06,-0.0003741452391777078
970,-1.053726172298957e-15,0.8995017686179424,6.264932413390673e-12,6.885692989362151e-16,6.990404905605968e-16
971,1.1096704250590775e-16,1.812229331480184,7.846536728864792e-13,3.230903242668889e-17,9.322758533257955e-17
972,4.445495612868061e-16,0.8797360046414339,3.1439965237784525e-12,5.467459792143616e-16,5.41836676489111e-16
973,1.2892491708020573e-15,1.7724899109118797,1.7716525139556412e-12,-6.759276852342506e-16,-6.385970347862265e-16
974,-1.3439537124298036e-15,1.8476989940838449,1.1315633218571965e-12,-1.8318368621706967e-16,-1.438314867453393e-16
975,-2.5747684919147343e-15,1.8476989940836694,1.1014357770561341e-12,-3.548920347625341e-16,-3.519451682615476e-16
976,-2.7954259684651237e-15,1.7303304487571542,1.3442767753410036e-12,-4.449040555453213e-16,-5.883259902801345e-16
977,2.321350134056895e-15,1.6658415391836925,2.0503155418606465e-12,8.17642836278487e-16,8.30548336141972e-16
978,-8.417856283136717e-16,1.6658415391832435,1.875722819759741e-12,-3.1793693356844973e-16,-3.5348397731816367e-16
979,1.0364821203862843e-16,1.6927037593335867,1.981744805408549e-12,-6.066723930454177e-17,3.7396046363218006e-17
980,-4.795039495349828e-16,1.692703759333632,1.9810265305443304e-12,1.6087207903458908e-16,2.2866616070630476e-16
981,-0.02131045906645623,1.5251660992386413,2.2513510865078355e-12,-2.7517153578003953e-06,0.0013430061457832326
982,-0.02131045906686264,1.5251660992387104,2.264699975123582e-12,-2.751715332869817e-06,0.00134300614585286
983,0.02131045906646337,1.5251660992386433,2.2329324732190705e-12,2.751715357200181e-06,-0.001343006145784528
984,0.021310459066856018,1.5251660992386968,2.2507582249162385e-12,2.7517153339817746e-06,-0.001343006145851334
985,0.041581806707033604,1.4469168271396744,2.465794107878856e-12,3.5522605286372744e-06,-0.004336621267042335
986,0.04158180670689678,1.446916827140519,2.575622130998655e-12,3.5522605109396255e-06,-0.004336621267059568
987,-0.041581806706894306,1.4469168271405222,2.5630978680262033e-12,-3.552260509850219e-06,0.00433662126706086
988,-0.04158180670704961,1.446916827139672,2.4736751938702133e-12,-3.552260531461404e-06,0.004336621267040987
989,9.781759686628713e-16,0.8350091674312042,4.924022263221779e-12,1.141556043893514e-15,1.0406676121790855e-15
990,-3.2030873369549325e-15,0.8350091674310918,4.748763825625827e-12,-3.731709898824141e-15,-3.534514937700726e-15
991,-0.06617167949403223,1.350538731592296,2.5529411682701903e-12,-7.233638763277667e-06,0.005110024712807623
992,-0.06617167949440274,1.350538731593324,2.506309786144451e-12,-7.233638677124361e-06,0.005110024712940049
993,6.844657526721954e-16,1.3545152644549474,2.3655624526071045e-12,4.063130846151415e-16,1.9723550792566663e-16
994,5.877376438459571e-16,1.1630963375101147,3.350617968875607e-12,3.843323691313073e-16,2.9574752157370925e-16
995,8.8544765131487035e-16,1.2173341384581662,3.482563259585274e-12,-4.244267204427395e-16,-4.0447590588934696e-16
996,2.5063416073955056e-15,1.2168870148284348,2.1914149169403716e-12,1.1183973466474956e-15,1.082435059810929e-15
997,-3.0812367520315497e-15,1.3504255317514393,2.728638809743493e-12,6.531275249907436e-16,8.031087583450313e-16
998,5.979097994433764e-16,1.1832264024188757,2.63575221245445e-12,1.47097593206053e-16,1.406647085850444e-16
999,0.06617167949440106,1.3505387315933144,2.5173604958573914e-12,7.233638671033313e-06,-0.005110024712945942
1000,0.06617167949403192,1.3505387315922899,2.6045788895882344e-12,7.233638762410739e-06,-0.005110024712808906
1001,-1.6600841992788117e-15,1.1913055153244558,3.4598856033248815e-12,4.700211810587818e-16,6.346535521066889e-16
1002,2.804012942510008e-15,1.1199373689026315,3.3635205225196267e-12,-7.995146835311885e-16,-9.946751874105196e-16
1003,-1.8542773082275604e-15,1.009081534141258,2.9131816329835503e-12,-2.080328563750026e-15,-1.923230938957058e-15
1004,-0.001942281096960049,1.3188561528919274,2.177229574441093e-12,-1.7937034387835015e-06,0.0005199690630629723
1005,1.2768098391572999e-15,1.3448445008332524,2.315709758253877e-12,2.445608642426754e-16,1.62772740280386e-17
1006,0.001942281096965318,1.3188561528919256,2.1613332921331706e-12,1.7937034388999448e-06,-0.0005199690630625132
1007,3.1168653710528026e-16,1.1002891083659327,4.2949790003346396e-12,-1.4364520879843108e-16,-1.4991425143262192e-16
1008,2.158860428811754e-15,1.3363050843521238,2.9748960972840186e-12,-1.05354761083932e-15,-1.2573626035243273e-15
1009,1.5506459570785215e-15,1.3236918827301039,3.061195526283235e-12,-8.051816298222577e-16,-2.2383887270513215e-16
1010,5.267121634351629e-16,1.0423306974259938,3.829519697460323e-12,-2.133749732413376e-16,-7.571329016631338e-17
1011,-6.401021572355602e-17,1.045366154031063,4.448396694468686e-12,-1.9023220532361474e-17,4.344265493258576e-16
1012,0.00867826508884283,0.8920591091691783,5.364916893769762e-12,6.103585072587958e-06,-0.0009698280191405056
1013,0.008678265088797724,0.8920591091688992,5.346550660136106e-12,6.10358499961855e-06,-0.0009698280192185108
1014,-4.005153597002137e-14,0.8830028448904162,6.0794576002734715e-12,2.474841235299062e-14,8.519177544973804e-15
1015,4.5345318451738724e-14,0.8830028448904227,6.037163767767621e-12,-2.8368972312075007e-14,-1.5093259096589154e-14
1016,-6.45609792521415e-17,1.054360805043403,4.420710357820807e-12,3.376682022503671e-17,1.9972492312758531e-16
1017,-2.645499353244761e-15,1.0566262160168243,2.525597183043712e-12,-1.7197135588457575e-15,-1.8028880313863536e-15
1018,-1.4950338681897966e-15,1.0728625051338336,3.0152587205715705e-12,-9.905989915801266e-16,-5.652213774182199e-16
1019,-0.008678265088846004,0.8920591091691787,5.384279619213094e-12,-6.103585072483875e-06,0.0009698280191404243
1020,-0.008678265088784836,0.8920591091688981,5.326155960159172e-12,-6.1035849934481384e-06,0.0009698280192237618
1021,0.010804814116381492,1.201264006151821,3.0443091093981824e-12,1.473895514723239e-06,0.00020911763922043004
1022,0.010804814116682417,1.201264006151972,3.2327527710274e-12,1.4738955241158994e-06,0.00020911763921967717
1023,3.2271783327254316e-16,1.1392308449475754,3.704525570162683e-12,-1.5337008192868637e-16,-3.088279081664525e-16
1024,1.587518147696163e-15,1.1392308449473243,3.992141730189731e-12,-7.547288123028512e-16,-6.877366539040697e-16
1025,-0.010486365138349175,1.0062699719903976,4.281395896782392e-12,-1.9452404408700635e-07,0.0022771496659473173
1026,-0.010486365138521617,1.006269971990991,4.176932962201549e-12,-1.9452391817036813e-07,0.002277149666131779
1027,0.010486365138349616,1.006269971990397,4.256729261590826e-12,1.9452404670470408e-07,-0.0022771496659452183
1028,0.01048636513851967,1.006269971990976,4.2169181405378486e-12,1.945239189215034e-07,-0.0022771496661304295
1029,-0.010804814116379593,1.2012640061518174,3.0443510540497974e-12,-1.4738955143363958e-06,-0.0002091176392201785
1030,-0.010804814116684313,1.2012640061519753,3.208178001689163e-12,-1.4738955223282668e-06,-0.00020911763921792684
1031,2.7099037757635296e-15,1.0823496777055557,2.9240253718429414e-12,2.1991624935659767e-15,2.272826242453719e-15
1032,-5.593862654687214e-15,1.082349677705808,2.989198272820882e-12,-4.673547432216353e-15,-4.63040246570664e-15
1033,-0.01847044995568969,1.0689955128283806,3.995169566465324e-12,1.1688180524237202e-06,0.0020062921590611907
1034,-0.01847044995541081,1.0689955128287028,4.013315783052261e-12,1.168817931732069e-06,0.0020062921588688675
1035,0.01847044995568159,1.068995512828379,3.962724198687739e-12,-1.1688180553467292e-06,-0.0020062921590637624
1036,0.018470449955421124,1.0689955128286952,4.036230509899042e-12,-1.1688179301239804e-06,-0.002006292158868321
1037,4.3322681320009654e-15,1.7303304487570361,1.3564634917409542e-12,6.980707155952845e-16,5.07112484532282e-16
1038,-1.266921473768671e-15,1.3344292350612528,2.9981454267170172e-12,6.551858050538349e-16,5.373968767808896e-16
1039,-9.051150382648948e-16,1.7911665129061274,1.6113779911747002e-12,5.258543820324643e-16,6.449885999585974e-16
1040,2.5505032176335993e-15,1.8302858079967619,1.4536235745910806e-12,-6.658937338741065e-16,-6.165205779438056e-16
1041,-1.7376930393601562e-15,1.8302858079963642,1.5769812090037964e-12,4.304381621743163e-16,5.423432652873633e-16
1042,-6.126634443789294e-14,1.765591000723382,1.5140767551653912e-12,1.7016705563090498e-14,1.8671173514347907e-14
1043,5.813002478817611e-14,1.7655910007234328,1.5197293581597317e-12,-1.6116892298826888e-14,-1.7489711736605993e-14
1044,-0.01619430834474548,1.7996462569875775,1.274714504557313e-12,-2.181129407087881e-06,0.001266716847248813
1045,-0.016194308345115316,1.799646256987508,1.3456110909828086e-12,-2.1811294204088227e-06,0.0012667168472465318
1046,0.016194308344744255,1.7996462569875746,1.275473226113905e-12,2.181129406487667e-06,-0.0012667168472497124
1047,0.016194308345117755,1.7996462569875125,1.342089170292449e-12,2.181129421620527e-06,-0.0012667168472454927
1048,-9.10004470410287e-16,1.80084239581129,1.1446234996404897e-12,-3.4669258377954506e-16,-3.0067628559366187e-16
1049,1.1026979378996733e-16,1.8008423958114528,1.1531741745915121e-12,4.153161359065445e-17,4.361929337964641e-18
1050,0.022051619720683976,1.336741829908544,2.558627387788469e-12,3.5183881401060907e-06,-0.0019013057284667876
1051,0.022051619720044723,1.3367418299081284,2.5926691946360492e-12,3.5183879912286525e-06,-0.00190130572862722
1052,-0.02205161972068126,1.3367418299085416,2.5309967577023716e-12,-3.5183881410653928e-06,0.001901305728465823
1053,-0.022051619720046944,1.336741829908137,2.5901026324485053e-12,-3.5183879940909463e-06,0.0019013057286242866
1054,-0.00632217127678734,1.3254374114172587,2.485260704711002e-12,5.782996299016126e-06,0.0007124128418315168
1055,-0.00632217127675526,1.3254374114171354,2.4400555438895125e-12,5.782996197641055e-06,0.0007124128417228016
1056,0.006322171276765018,1.325437411417145,2.418219391160633e-12,-5.7829962028829555e-06,-0.0007124128417287604
1057,0.0063221712767861735,1.325437411417261,2.453437228692226e-12,-5.782996299165313e-06,-0.0007124128418311447
