dataset,study,series,order,harmonics,wavelength_nm,polarization,R,T,A,internal_ratio,G,quadrature_actual,slices,source,definition
original_4N_order_sweep,gold_grating_1d,li,2,5,400,TE,0.035755154487723775,0.0,0.9642448455122762,1,,0,420,C:\Users\tsoyu\Documents\Codex\2026-08-06\files-mentioned-by-the-user-extensions\outputs\studies\asr_1d_comparison\results\gpu_galerkin\gold_grating_1d\checkpoint.json,T_far=0; A_total includes relief and semi-infinite Au substrate
original_4N_order_sweep,gold_grating_1d,li,2,5,400,TM,0.0006049257192917673,0.0,0.9993950742807083,1,,0,420,C:\Users\tsoyu\Documents\Codex\2026-08-06\files-mentioned-by-the-user-extensions\outputs\studies\asr_1d_comparison\results\gpu_galerkin\gold_grating_1d\checkpoint.json,T_far=0; A_total includes relief and semi-infinite Au substrate
original_4N_order_sweep,gold_grating_1d,li,2,5,450,TE,0.05230607883879736,0.0,0.9476939211612027,1,,0,420,C:\Users\tsoyu\Documents\Codex\2026-08-06\files-mentioned-by-the-user-extensions\outputs\studies\asr_1d_comparison\results\gpu_galerkin\gold_grating_1d\checkpoint.json,T_far=0; A_total includes relief and semi-infinite Au substrate
original_4N_order_sweep,gold_grating_1d,li,2,5,450,TM,0.0008488379430298286,0.0,0.9991511620569702,1,,0,420,C:\Users\tsoyu\Documents\Codex\2026-08-06\files-mentioned-by-the-user-extensions\outputs\studies\asr_1d_comparison\results\gpu_galerkin\gold_grating_1d\checkpoint.json,T_far=0; A_total includes relief and semi-infinite Au substrate
original_4N_order_sweep,gold_grating_1d,li,2,5,500,TE,0.09154551411540061,0.0,0.9084544858845994,1,,0,420,C:\Users\tsoyu\Documents\Codex\2026-08-06\files-mentioned-by-the-user-extensions\outputs\studies\asr_1d_comparison\results\gpu_galerkin\gold_grating_1d\checkpoint.json,T_far=0; A_total includes relief and semi-infinite Au substrate
original_4N_order_sweep,gold_grating_1d,li,2,5,500,TM,0.0009258428681972557,0.0,0.9990741571318027,1,,0,420,C:\Users\tsoyu\Documents\Codex\2026-08-06\files-mentioned-by-the-user-extensions\outputs\studies\asr_1d_comparison\results\gpu_galerkin\gold_grating_1d\checkpoint.json,T_far=0; A_total includes relief and semi-infinite Au substrate
original_4N_order_sweep,gold_grating_1d,li,2,5,550,TE,0.5073561027055111,0.0,0.4926438972944889,1,,0,420,C:\Users\tsoyu\Documents\Codex\2026-08-06\files-mentioned-by-the-user-extensions\outputs\studies\asr_1d_comparison\results\gpu_galerkin\gold_grating_1d\checkpoint.json,T_far=0; A_total includes relief and semi-infinite Au substrate
original_4N_order_sweep,gold_grating_1d,li,2,5,550,TM,0.04399009055470517,0.0,0.9560099094452948,1,,0,420,C:\Users\tsoyu\Documents\Codex\2026-08-06\files-mentioned-by-the-user-extensions\outputs\studies\asr_1d_comparison\results\gpu_galerkin\gold_grating_1d\checkpoint.json,T_far=0; A_total includes relief and semi-infinite Au substrate
original_4N_order_sweep,gold_grating_1d,li,2,5,600,TE,0.7791760365613822,0.0,0.22082396343861777,1,,0,420,C:\Users\tsoyu\Documents\Codex\2026-08-06\files-mentioned-by-the-user-extensions\outputs\studies\asr_1d_comparison\results\gpu_galerkin\gold_grating_1d\checkpoint.json,T_far=0; A_total includes relief and semi-infinite Au substrate
original_4N_order_sweep,gold_grating_1d,li,2,5,600,TM,0.3418172856920578,0.0,0.6581827143079422,1,,0,420,C:\Users\tsoyu\Documents\Codex\2026-08-06\files-mentioned-by-the-user-extensions\outputs\studies\asr_1d_comparison\results\gpu_galerkin\gold_grating_1d\checkpoint.json,T_far=0; A_total includes relief and semi-infinite Au substrate
original_4N_order_sweep,gold_grating_1d,li,2,5,650,TE,0.8939872660421915,0.0,0.10601273395780852,1,,0,420,C:\Users\tsoyu\Documents\Codex\2026-08-06\files-mentioned-by-the-user-extensions\outputs\studies\asr_1d_comparison\results\gpu_galerkin\gold_grating_1d\checkpoint.json,T_far=0; A_total includes relief and semi-infinite Au substrate
original_4N_order_sweep,gold_grating_1d,li,2,5,650,TM,0.65539583138025,0.0,0.34460416861974996,1,,0,420,C:\Users\tsoyu\Documents\Codex\2026-08-06\files-mentioned-by-the-user-extensions\outputs\studies\asr_1d_comparison\results\gpu_galerkin\gold_grating_1d\checkpoint.json,T_far=0; A_total includes relief and semi-infinite Au substrate
original_4N_order_sweep,gold_grating_1d,li,2,5,700,TE,0.9287533045302698,0.0,0.07124669546973017,1,,0,420,C:\Users\tsoyu\Documents\Codex\2026-08-06\files-mentioned-by-the-user-extensions\outputs\studies\asr_1d_comparison\results\gpu_galerkin\gold_grating_1d\checkpoint.json,T_far=0; A_total includes relief and semi-infinite Au substrate
original_4N_order_sweep,gold_grating_1d,li,2,5,700,TM,0.756374016296145,0.0,0.24362598370385502,1,,0,420,C:\Users\tsoyu\Documents\Codex\2026-08-06\files-mentioned-by-the-user-extensions\outputs\studies\asr_1d_comparison\results\gpu_galerkin\gold_grating_1d\checkpoint.json,T_far=0; A_total includes relief and semi-infinite Au substrate
original_4N_order_sweep,gold_grating_1d,li,4,9,400,TE,0.037414056573316416,0.0,0.9625859434266836,1,,0,420,C:\Users\tsoyu\Documents\Codex\2026-08-06\files-mentioned-by-the-user-extensions\outputs\studies\asr_1d_comparison\results\gpu_galerkin\gold_grating_1d\checkpoint.json,T_far=0; A_total includes relief and semi-infinite Au substrate
original_4N_order_sweep,gold_grating_1d,li,4,9,400,TM,0.0007639551712251514,0.0,0.9992360448287748,1,,0,420,C:\Users\tsoyu\Documents\Codex\2026-08-06\files-mentioned-by-the-user-extensions\outputs\studies\asr_1d_comparison\results\gpu_galerkin\gold_grating_1d\checkpoint.json,T_far=0; A_total includes relief and semi-infinite Au substrate
original_4N_order_sweep,gold_grating_1d,li,4,9,450,TE,0.054042472649192146,0.0,0.9459575273508078,1,,0,420,C:\Users\tsoyu\Documents\Codex\2026-08-06\files-mentioned-by-the-user-extensions\outputs\studies\asr_1d_comparison\results\gpu_galerkin\gold_grating_1d\checkpoint.json,T_far=0; A_total includes relief and semi-infinite Au substrate
original_4N_order_sweep,gold_grating_1d,li,4,9,450,TM,0.0009039997856663647,0.0,0.9990960002143336,1,,0,420,C:\Users\tsoyu\Documents\Codex\2026-08-06\files-mentioned-by-the-user-extensions\outputs\studies\asr_1d_comparison\results\gpu_galerkin\gold_grating_1d\checkpoint.json,T_far=0; A_total includes relief and semi-infinite Au substrate
original_4N_order_sweep,gold_grating_1d,li,4,9,500,TE,0.09316469654345554,0.0,0.9068353034565445,1,,0,420,C:\Users\tsoyu\Documents\Codex\2026-08-06\files-mentioned-by-the-user-extensions\outputs\studies\asr_1d_comparison\results\gpu_galerkin\gold_grating_1d\checkpoint.json,T_far=0; A_total includes relief and semi-infinite Au substrate
original_4N_order_sweep,gold_grating_1d,li,4,9,500,TM,0.0010379113442911382,0.0,0.9989620886557089,1,,0,420,C:\Users\tsoyu\Documents\Codex\2026-08-06\files-mentioned-by-the-user-extensions\outputs\studies\asr_1d_comparison\results\gpu_galerkin\gold_grating_1d\checkpoint.json,T_far=0; A_total includes relief and semi-infinite Au substrate
original_4N_order_sweep,gold_grating_1d,li,4,9,550,TE,0.5103252528335426,0.0,0.4896747471664574,1,,0,420,C:\Users\tsoyu\Documents\Codex\2026-08-06\files-mentioned-by-the-user-extensions\outputs\studies\asr_1d_comparison\results\gpu_galerkin\gold_grating_1d\checkpoint.json,T_far=0; A_total includes relief and semi-infinite Au substrate
original_4N_order_sweep,gold_grating_1d,li,4,9,550,TM,0.06018939725866362,0.0,0.9398106027413364,1,,0,420,C:\Users\tsoyu\Documents\Codex\2026-08-06\files-mentioned-by-the-user-extensions\outputs\studies\asr_1d_comparison\results\gpu_galerkin\gold_grating_1d\checkpoint.json,T_far=0; A_total includes relief and semi-infinite Au substrate
original_4N_order_sweep,gold_grating_1d,li,4,9,600,TE,0.7813049103557274,0.0,0.21869508964427264,1,,0,420,C:\Users\tsoyu\Documents\Codex\2026-08-06\files-mentioned-by-the-user-extensions\outputs\studies\asr_1d_comparison\results\gpu_galerkin\gold_grating_1d\checkpoint.json,T_far=0; A_total includes relief and semi-infinite Au substrate
original_4N_order_sweep,gold_grating_1d,li,4,9,600,TM,0.3873165068516117,0.0,0.6126834931483883,1,,0,420,C:\Users\tsoyu\Documents\Codex\2026-08-06\files-mentioned-by-the-user-extensions\outputs\studies\asr_1d_comparison\results\gpu_galerkin\gold_grating_1d\checkpoint.json,T_far=0; A_total includes relief and semi-infinite Au substrate
original_4N_order_sweep,gold_grating_1d,li,4,9,650,TE,0.8952550265790389,0.0,0.10474497342096112,1,,0,420,C:\Users\tsoyu\Documents\Codex\2026-08-06\files-mentioned-by-the-user-extensions\outputs\studies\asr_1d_comparison\results\gpu_galerkin\gold_grating_1d\checkpoint.json,T_far=0; A_total includes relief and semi-infinite Au substrate
original_4N_order_sweep,gold_grating_1d,li,4,9,650,TM,0.6755249884094603,0.0,0.3244750115905397,1,,0,420,C:\Users\tsoyu\Documents\Codex\2026-08-06\files-mentioned-by-the-user-extensions\outputs\studies\asr_1d_comparison\results\gpu_galerkin\gold_grating_1d\checkpoint.json,T_far=0; A_total includes relief and semi-infinite Au substrate
original_4N_order_sweep,gold_grating_1d,li,4,9,700,TE,0.9296999006598845,0.0,0.0703000993401155,1,,0,420,C:\Users\tsoyu\Documents\Codex\2026-08-06\files-mentioned-by-the-user-extensions\outputs\studies\asr_1d_comparison\results\gpu_galerkin\gold_grating_1d\checkpoint.json,T_far=0; A_total includes relief and semi-infinite Au substrate
original_4N_order_sweep,gold_grating_1d,li,4,9,700,TM,0.7642937579750244,0.0,0.2357062420249756,1,,0,420,C:\Users\tsoyu\Documents\Codex\2026-08-06\files-mentioned-by-the-user-extensions\outputs\studies\asr_1d_comparison\results\gpu_galerkin\gold_grating_1d\checkpoint.json,T_far=0; A_total includes relief and semi-infinite Au substrate
original_4N_order_sweep,gold_grating_1d,li,8,17,400,TE,0.03783060419939694,0.0,0.962169395800603,1,,0,420,C:\Users\tsoyu\Documents\Codex\2026-08-06\files-mentioned-by-the-user-extensions\outputs\studies\asr_1d_comparison\results\gpu_galerkin\gold_grating_1d\checkpoint.json,T_far=0; A_total includes relief and semi-infinite Au substrate
original_4N_order_sweep,gold_grating_1d,li,8,17,400,TM,0.0008595365253624831,0.0,0.9991404634746375,1,,0,420,C:\Users\tsoyu\Documents\Codex\2026-08-06\files-mentioned-by-the-user-extensions\outputs\studies\asr_1d_comparison\results\gpu_galerkin\gold_grating_1d\checkpoint.json,T_far=0; A_total includes relief and semi-infinite Au substrate
original_4N_order_sweep,gold_grating_1d,li,8,17,450,TE,0.054433127898256266,0.0,0.9455668721017437,1,,0,420,C:\Users\tsoyu\Documents\Codex\2026-08-06\files-mentioned-by-the-user-extensions\outputs\studies\asr_1d_comparison\results\gpu_galerkin\gold_grating_1d\checkpoint.json,T_far=0; A_total includes relief and semi-infinite Au substrate
original_4N_order_sweep,gold_grating_1d,li,8,17,450,TM,0.0009403285169117335,0.0,0.9990596714830883,1,,0,420,C:\Users\tsoyu\Documents\Codex\2026-08-06\files-mentioned-by-the-user-extensions\outputs\studies\asr_1d_comparison\results\gpu_galerkin\gold_grating_1d\checkpoint.json,T_far=0; A_total includes relief and semi-infinite Au substrate
original_4N_order_sweep,gold_grating_1d,li,8,17,500,TE,0.09349387364188966,0.0,0.9065061263581103,1,,0,420,C:\Users\tsoyu\Documents\Codex\2026-08-06\files-mentioned-by-the-user-extensions\outputs\studies\asr_1d_comparison\results\gpu_galerkin\gold_grating_1d\checkpoint.json,T_far=0; A_total includes relief and semi-infinite Au substrate
original_4N_order_sweep,gold_grating_1d,li,8,17,500,TM,0.0010592783376026063,0.0,0.9989407216623974,1,,0,420,C:\Users\tsoyu\Documents\Codex\2026-08-06\files-mentioned-by-the-user-extensions\outputs\studies\asr_1d_comparison\results\gpu_galerkin\gold_grating_1d\checkpoint.json,T_far=0; A_total includes relief and semi-infinite Au substrate
original_4N_order_sweep,gold_grating_1d,li,8,17,550,TE,0.5110243730152628,0.0,0.4889756269847372,1,,0,420,C:\Users\tsoyu\Documents\Codex\2026-08-06\files-mentioned-by-the-user-extensions\outputs\studies\asr_1d_comparison\results\gpu_galerkin\gold_grating_1d\checkpoint.json,T_far=0; A_total includes relief and semi-infinite Au substrate
original_4N_order_sweep,gold_grating_1d,li,8,17,550,TM,0.06292045436583192,0.0,0.9370795456341681,1,,0,420,C:\Users\tsoyu\Documents\Codex\2026-08-06\files-mentioned-by-the-user-extensions\outputs\studies\asr_1d_comparison\results\gpu_galerkin\gold_grating_1d\checkpoint.json,T_far=0; A_total includes relief and semi-infinite Au substrate
original_4N_order_sweep,gold_grating_1d,li,8,17,600,TE,0.7818552015774445,0.0,0.21814479842255552,1,,0,420,C:\Users\tsoyu\Documents\Codex\2026-08-06\files-mentioned-by-the-user-extensions\outputs\studies\asr_1d_comparison\results\gpu_galerkin\gold_grating_1d\checkpoint.json,T_far=0; A_total includes relief and semi-infinite Au substrate
original_4N_order_sweep,gold_grating_1d,li,8,17,600,TM,0.39575045342321835,0.0,0.6042495465767816,1,,0,420,C:\Users\tsoyu\Documents\Codex\2026-08-06\files-mentioned-by-the-user-extensions\outputs\studies\asr_1d_comparison\results\gpu_galerkin\gold_grating_1d\checkpoint.json,T_far=0; A_total includes relief and semi-infinite Au substrate
original_4N_order_sweep,gold_grating_1d,li,8,17,650,TE,0.8956001829314482,0.0,0.10439981706855184,1,,0,420,C:\Users\tsoyu\Documents\Codex\2026-08-06\files-mentioned-by-the-user-extensions\outputs\studies\asr_1d_comparison\results\gpu_galerkin\gold_grating_1d\checkpoint.json,T_far=0; A_total includes relief and semi-infinite Au substrate
original_4N_order_sweep,gold_grating_1d,li,8,17,650,TM,0.6791278193227448,0.0,0.3208721806772552,1,,0,420,C:\Users\tsoyu\Documents\Codex\2026-08-06\files-mentioned-by-the-user-extensions\outputs\studies\asr_1d_comparison\results\gpu_galerkin\gold_grating_1d\checkpoint.json,T_far=0; A_total includes relief and semi-infinite Au substrate
original_4N_order_sweep,gold_grating_1d,li,8,17,700,TE,0.929965450331557,0.0,0.07003454966844302,1,,0,420,C:\Users\tsoyu\Documents\Codex\2026-08-06\files-mentioned-by-the-user-extensions\outputs\studies\asr_1d_comparison\results\gpu_galerkin\gold_grating_1d\checkpoint.json,T_far=0; A_total includes relief and semi-infinite Au substrate
original_4N_order_sweep,gold_grating_1d,li,8,17,700,TM,0.766416108142009,0.0,0.233583891857991,1,,0,420,C:\Users\tsoyu\Documents\Codex\2026-08-06\files-mentioned-by-the-user-extensions\outputs\studies\asr_1d_comparison\results\gpu_galerkin\gold_grating_1d\checkpoint.json,T_far=0; A_total includes relief and semi-infinite Au substrate
original_4N_order_sweep,gold_grating_1d,li,12,25,400,TE,0.037865843960090906,0.0,0.962134156039909,1,,0,420,C:\Users\tsoyu\Documents\Codex\2026-08-06\files-mentioned-by-the-user-extensions\outputs\studies\asr_1d_comparison\results\gpu_galerkin\gold_grating_1d\checkpoint.json,T_far=0; A_total includes relief and semi-infinite Au substrate
original_4N_order_sweep,gold_grating_1d,li,12,25,400,TM,0.0008477289746626004,0.0,0.9991522710253374,1,,0,420,C:\Users\tsoyu\Documents\Codex\2026-08-06\files-mentioned-by-the-user-extensions\outputs\studies\asr_1d_comparison\results\gpu_galerkin\gold_grating_1d\checkpoint.json,T_far=0; A_total includes relief and semi-infinite Au substrate
original_4N_order_sweep,gold_grating_1d,li,12,25,450,TE,0.05446715217700507,0.0,0.945532847822995,1,,0,420,C:\Users\tsoyu\Documents\Codex\2026-08-06\files-mentioned-by-the-user-extensions\outputs\studies\asr_1d_comparison\results\gpu_galerkin\gold_grating_1d\checkpoint.json,T_far=0; A_total includes relief and semi-infinite Au substrate
original_4N_order_sweep,gold_grating_1d,li,12,25,450,TM,0.0009270960293865226,0.0,0.9990729039706134,1,,0,420,C:\Users\tsoyu\Documents\Codex\2026-08-06\files-mentioned-by-the-user-extensions\outputs\studies\asr_1d_comparison\results\gpu_galerkin\gold_grating_1d\checkpoint.json,T_far=0; A_total includes relief and semi-infinite Au substrate
original_4N_order_sweep,gold_grating_1d,li,12,25,500,TE,0.09352359681593599,0.0,0.906476403184064,1,,0,420,C:\Users\tsoyu\Documents\Codex\2026-08-06\files-mentioned-by-the-user-extensions\outputs\studies\asr_1d_comparison\results\gpu_galerkin\gold_grating_1d\checkpoint.json,T_far=0; A_total includes relief and semi-infinite Au substrate
original_4N_order_sweep,gold_grating_1d,li,12,25,500,TM,0.0010432234527722507,0.0,0.9989567765472277,1,,0,420,C:\Users\tsoyu\Documents\Codex\2026-08-06\files-mentioned-by-the-user-extensions\outputs\studies\asr_1d_comparison\results\gpu_galerkin\gold_grating_1d\checkpoint.json,T_far=0; A_total includes relief and semi-infinite Au substrate
original_4N_order_sweep,gold_grating_1d,li,12,25,550,TE,0.5110889312209853,0.0,0.4889110687790147,1,,0,420,C:\Users\tsoyu\Documents\Codex\2026-08-06\files-mentioned-by-the-user-extensions\outputs\studies\asr_1d_comparison\results\gpu_galerkin\gold_grating_1d\checkpoint.json,T_far=0; A_total includes relief and semi-infinite Au substrate
original_4N_order_sweep,gold_grating_1d,li,12,25,550,TM,0.06255486688439862,0.0,0.9374451331156014,1,,0,420,C:\Users\tsoyu\Documents\Codex\2026-08-06\files-mentioned-by-the-user-extensions\outputs\studies\asr_1d_comparison\results\gpu_galerkin\gold_grating_1d\checkpoint.json,T_far=0; A_total includes relief and semi-infinite Au substrate
original_4N_order_sweep,gold_grating_1d,li,12,25,600,TE,0.7819067255133525,0.0,0.2180932744866475,1,,0,420,C:\Users\tsoyu\Documents\Codex\2026-08-06\files-mentioned-by-the-user-extensions\outputs\studies\asr_1d_comparison\results\gpu_galerkin\gold_grating_1d\checkpoint.json,T_far=0; A_total includes relief and semi-infinite Au substrate
original_4N_order_sweep,gold_grating_1d,li,12,25,600,TM,0.39615673772624616,0.0,0.6038432622737538,1,,0,420,C:\Users\tsoyu\Documents\Codex\2026-08-06\files-mentioned-by-the-user-extensions\outputs\studies\asr_1d_comparison\results\gpu_galerkin\gold_grating_1d\checkpoint.json,T_far=0; A_total includes relief and semi-infinite Au substrate
original_4N_order_sweep,gold_grating_1d,li,12,25,650,TE,0.8956328564913444,0.0,0.10436714350865561,1,,0,420,C:\Users\tsoyu\Documents\Codex\2026-08-06\files-mentioned-by-the-user-extensions\outputs\studies\asr_1d_comparison\results\gpu_galerkin\gold_grating_1d\checkpoint.json,T_far=0; A_total includes relief and semi-infinite Au substrate
original_4N_order_sweep,gold_grating_1d,li,12,25,650,TM,0.6788104625338759,0.0,0.3211895374661241,1,,0,420,C:\Users\tsoyu\Documents\Codex\2026-08-06\files-mentioned-by-the-user-extensions\outputs\studies\asr_1d_comparison\results\gpu_galerkin\gold_grating_1d\checkpoint.json,T_far=0; A_total includes relief and semi-infinite Au substrate
original_4N_order_sweep,gold_grating_1d,li,12,25,700,TE,0.929990780906167,0.0,0.07000921909383295,1,,0,420,C:\Users\tsoyu\Documents\Codex\2026-08-06\files-mentioned-by-the-user-extensions\outputs\studies\asr_1d_comparison\results\gpu_galerkin\gold_grating_1d\checkpoint.json,T_far=0; A_total includes relief and semi-infinite Au substrate
original_4N_order_sweep,gold_grating_1d,li,12,25,700,TM,0.7652210029909554,0.0,0.2347789970090446,1,,0,420,C:\Users\tsoyu\Documents\Codex\2026-08-06\files-mentioned-by-the-user-extensions\outputs\studies\asr_1d_comparison\results\gpu_galerkin\gold_grating_1d\checkpoint.json,T_far=0; A_total includes relief and semi-infinite Au substrate
original_4N_order_sweep,gold_grating_1d,li,16,33,400,TE,0.037873939133513335,0.0,0.9621260608664867,1,,0,420,C:\Users\tsoyu\Documents\Codex\2026-08-06\files-mentioned-by-the-user-extensions\outputs\studies\asr_1d_comparison\results\gpu_galerkin\gold_grating_1d\checkpoint.json,T_far=0; A_total includes relief and semi-infinite Au substrate
original_4N_order_sweep,gold_grating_1d,li,16,33,400,TM,0.0008370476098886515,0.0,0.9991629523901113,1,,0,420,C:\Users\tsoyu\Documents\Codex\2026-08-06\files-mentioned-by-the-user-extensions\outputs\studies\asr_1d_comparison\results\gpu_galerkin\gold_grating_1d\checkpoint.json,T_far=0; A_total includes relief and semi-infinite Au substrate
original_4N_order_sweep,gold_grating_1d,li,16,33,450,TE,0.054474938019970436,0.0,0.9455250619800296,1,,0,420,C:\Users\tsoyu\Documents\Codex\2026-08-06\files-mentioned-by-the-user-extensions\outputs\studies\asr_1d_comparison\results\gpu_galerkin\gold_grating_1d\checkpoint.json,T_far=0; A_total includes relief and semi-infinite Au substrate
original_4N_order_sweep,gold_grating_1d,li,16,33,450,TM,0.0009134265809566133,0.0,0.9990865734190434,1,,0,420,C:\Users\tsoyu\Documents\Codex\2026-08-06\files-mentioned-by-the-user-extensions\outputs\studies\asr_1d_comparison\results\gpu_galerkin\gold_grating_1d\checkpoint.json,T_far=0; A_total includes relief and semi-infinite Au substrate
original_4N_order_sweep,gold_grating_1d,li,16,33,500,TE,0.0935304048500964,0.0,0.9064695951499036,1,,0,420,C:\Users\tsoyu\Documents\Codex\2026-08-06\files-mentioned-by-the-user-extensions\outputs\studies\asr_1d_comparison\results\gpu_galerkin\gold_grating_1d\checkpoint.json,T_far=0; A_total includes relief and semi-infinite Au substrate
original_4N_order_sweep,gold_grating_1d,li,16,33,500,TM,0.0010211436601178178,0.0,0.9989788563398821,1,,0,420,C:\Users\tsoyu\Documents\Codex\2026-08-06\files-mentioned-by-the-user-extensions\outputs\studies\asr_1d_comparison\results\gpu_galerkin\gold_grating_1d\checkpoint.json,T_far=0; A_total includes relief and semi-infinite Au substrate
original_4N_order_sweep,gold_grating_1d,li,16,33,550,TE,0.5111029308105827,0.0,0.48889706918941733,1,,0,420,C:\Users\tsoyu\Documents\Codex\2026-08-06\files-mentioned-by-the-user-extensions\outputs\studies\asr_1d_comparison\results\gpu_galerkin\gold_grating_1d\checkpoint.json,T_far=0; A_total includes relief and semi-infinite Au substrate
original_4N_order_sweep,gold_grating_1d,li,16,33,550,TM,0.060630835235807076,0.0,0.939369164764193,1,,0,420,C:\Users\tsoyu\Documents\Codex\2026-08-06\files-mentioned-by-the-user-extensions\outputs\studies\asr_1d_comparison\results\gpu_galerkin\gold_grating_1d\checkpoint.json,T_far=0; A_total includes relief and semi-infinite Au substrate
original_4N_order_sweep,gold_grating_1d,li,16,33,600,TE,0.7819174664659809,0.0,0.21808253353401907,1,,0,420,C:\Users\tsoyu\Documents\Codex\2026-08-06\files-mentioned-by-the-user-extensions\outputs\studies\asr_1d_comparison\results\gpu_galerkin\gold_grating_1d\checkpoint.json,T_far=0; A_total includes relief and semi-infinite Au substrate
original_4N_order_sweep,gold_grating_1d,li,16,33,600,TM,0.37606528413821255,0.0,0.6239347158617874,1,,0,420,C:\Users\tsoyu\Documents\Codex\2026-08-06\files-mentioned-by-the-user-extensions\outputs\studies\asr_1d_comparison\results\gpu_galerkin\gold_grating_1d\checkpoint.json,T_far=0; A_total includes relief and semi-infinite Au substrate
original_4N_order_sweep,gold_grating_1d,li,16,33,650,TE,0.8956394921345917,0.0,0.10436050786540829,1,,0,420,C:\Users\tsoyu\Documents\Codex\2026-08-06\files-mentioned-by-the-user-extensions\outputs\studies\asr_1d_comparison\results\gpu_galerkin\gold_grating_1d\checkpoint.json,T_far=0; A_total includes relief and semi-infinite Au substrate
original_4N_order_sweep,gold_grating_1d,li,16,33,650,TM,0.6348606141355423,0.0,0.3651393858644577,1,,0,420,C:\Users\tsoyu\Documents\Codex\2026-08-06\files-mentioned-by-the-user-extensions\outputs\studies\asr_1d_comparison\results\gpu_galerkin\gold_grating_1d\checkpoint.json,T_far=0; A_total includes relief and semi-infinite Au substrate
original_4N_order_sweep,gold_grating_1d,li,16,33,700,TE,0.9299958374912168,0.0,0.07000416250878316,1,,0,420,C:\Users\tsoyu\Documents\Codex\2026-08-06\files-mentioned-by-the-user-extensions\outputs\studies\asr_1d_comparison\results\gpu_galerkin\gold_grating_1d\checkpoint.json,T_far=0; A_total includes relief and semi-infinite Au substrate
original_4N_order_sweep,gold_grating_1d,li,16,33,700,TM,0.7186721999398341,0.0,0.2813278000601659,1,,0,420,C:\Users\tsoyu\Documents\Codex\2026-08-06\files-mentioned-by-the-user-extensions\outputs\studies\asr_1d_comparison\results\gpu_galerkin\gold_grating_1d\checkpoint.json,T_far=0; A_total includes relief and semi-infinite Au substrate
original_4N_order_sweep,gold_grating_1d,li,24,49,400,TE,0.0378792300569651,0.0,0.9621207699430349,1,,0,420,C:\Users\tsoyu\Documents\Codex\2026-08-06\files-mentioned-by-the-user-extensions\outputs\studies\asr_1d_comparison\results\gpu_galerkin\gold_grating_1d\checkpoint.json,T_far=0; A_total includes relief and semi-infinite Au substrate
original_4N_order_sweep,gold_grating_1d,li,24,49,400,TM,0.0008429009253850033,0.0,0.999157099074615,1,,0,420,C:\Users\tsoyu\Documents\Codex\2026-08-06\files-mentioned-by-the-user-extensions\outputs\studies\asr_1d_comparison\results\gpu_galerkin\gold_grating_1d\checkpoint.json,T_far=0; A_total includes relief and semi-infinite Au substrate
original_4N_order_sweep,gold_grating_1d,li,24,49,450,TE,0.05447993661321856,0.0,0.9455200633867814,1,,0,420,C:\Users\tsoyu\Documents\Codex\2026-08-06\files-mentioned-by-the-user-extensions\outputs\studies\asr_1d_comparison\results\gpu_galerkin\gold_grating_1d\checkpoint.json,T_far=0; A_total includes relief and semi-infinite Au substrate
original_4N_order_sweep,gold_grating_1d,li,24,49,450,TM,0.0009185178007596342,0.0,0.9990814821992403,1,,0,420,C:\Users\tsoyu\Documents\Codex\2026-08-06\files-mentioned-by-the-user-extensions\outputs\studies\asr_1d_comparison\results\gpu_galerkin\gold_grating_1d\checkpoint.json,T_far=0; A_total includes relief and semi-infinite Au substrate
original_4N_order_sweep,gold_grating_1d,li,24,49,500,TE,0.09353471580936475,0.0,0.9064652841906352,1,,0,420,C:\Users\tsoyu\Documents\Codex\2026-08-06\files-mentioned-by-the-user-extensions\outputs\studies\asr_1d_comparison\results\gpu_galerkin\gold_grating_1d\checkpoint.json,T_far=0; A_total includes relief and semi-infinite Au substrate
original_4N_order_sweep,gold_grating_1d,li,24,49,500,TM,0.0010151091091602342,0.0,0.9989848908908397,1,,0,420,C:\Users\tsoyu\Documents\Codex\2026-08-06\files-mentioned-by-the-user-extensions\outputs\studies\asr_1d_comparison\results\gpu_galerkin\gold_grating_1d\checkpoint.json,T_far=0; A_total includes relief and semi-infinite Au substrate
original_4N_order_sweep,gold_grating_1d,li,24,49,550,TE,0.5111120594619609,0.0,0.4888879405380391,1,,0,420,C:\Users\tsoyu\Documents\Codex\2026-08-06\files-mentioned-by-the-user-extensions\outputs\studies\asr_1d_comparison\results\gpu_galerkin\gold_grating_1d\checkpoint.json,T_far=0; A_total includes relief and semi-infinite Au substrate
original_4N_order_sweep,gold_grating_1d,li,24,49,550,TM,0.060252299408019655,0.0,0.9397477005919803,1,,0,420,C:\Users\tsoyu\Documents\Codex\2026-08-06\files-mentioned-by-the-user-extensions\outputs\studies\asr_1d_comparison\results\gpu_galerkin\gold_grating_1d\checkpoint.json,T_far=0; A_total includes relief and semi-infinite Au substrate
original_4N_order_sweep,gold_grating_1d,li,24,49,600,TE,0.7819246336555798,0.0,0.21807536634442015,1,,0,420,C:\Users\tsoyu\Documents\Codex\2026-08-06\files-mentioned-by-the-user-extensions\outputs\studies\asr_1d_comparison\results\gpu_galerkin\gold_grating_1d\checkpoint.json,T_far=0; A_total includes relief and semi-infinite Au substrate
original_4N_order_sweep,gold_grating_1d,li,24,49,600,TM,0.3924324452353629,0.0,0.6075675547646371,1,,0,420,C:\Users\tsoyu\Documents\Codex\2026-08-06\files-mentioned-by-the-user-extensions\outputs\studies\asr_1d_comparison\results\gpu_galerkin\gold_grating_1d\checkpoint.json,T_far=0; A_total includes relief and semi-infinite Au substrate
original_4N_order_sweep,gold_grating_1d,li,24,49,650,TE,0.8956439878297606,0.0,0.10435601217023938,1,,0,420,C:\Users\tsoyu\Documents\Codex\2026-08-06\files-mentioned-by-the-user-extensions\outputs\studies\asr_1d_comparison\results\gpu_galerkin\gold_grating_1d\checkpoint.json,T_far=0; A_total includes relief and semi-infinite Au substrate
original_4N_order_sweep,gold_grating_1d,li,24,49,650,TM,0.6723574062772366,0.0,0.3276425937227634,1,,0,420,C:\Users\tsoyu\Documents\Codex\2026-08-06\files-mentioned-by-the-user-extensions\outputs\studies\asr_1d_comparison\results\gpu_galerkin\gold_grating_1d\checkpoint.json,T_far=0; A_total includes relief and semi-infinite Au substrate
original_4N_order_sweep,gold_grating_1d,li,24,49,700,TE,0.9299992969877844,0.0,0.07000070301221561,1,,0,420,C:\Users\tsoyu\Documents\Codex\2026-08-06\files-mentioned-by-the-user-extensions\outputs\studies\asr_1d_comparison\results\gpu_galerkin\gold_grating_1d\checkpoint.json,T_far=0; A_total includes relief and semi-infinite Au substrate
original_4N_order_sweep,gold_grating_1d,li,24,49,700,TM,0.7588620434995921,0.0,0.24113795650040792,1,,0,420,C:\Users\tsoyu\Documents\Codex\2026-08-06\files-mentioned-by-the-user-extensions\outputs\studies\asr_1d_comparison\results\gpu_galerkin\gold_grating_1d\checkpoint.json,T_far=0; A_total includes relief and semi-infinite Au substrate
original_4N_order_sweep,gold_grating_1d,li,32,65,400,TE,0.03788063750342651,0.0,0.9621193624965735,1,,0,420,C:\Users\tsoyu\Documents\Codex\2026-08-06\files-mentioned-by-the-user-extensions\outputs\studies\asr_1d_comparison\results\gpu_galerkin\gold_grating_1d\checkpoint.json,T_far=0; A_total includes relief and semi-infinite Au substrate
original_4N_order_sweep,gold_grating_1d,li,32,65,400,TM,0.0008509670927262353,0.0,0.9991490329072737,1,,0,420,C:\Users\tsoyu\Documents\Codex\2026-08-06\files-mentioned-by-the-user-extensions\outputs\studies\asr_1d_comparison\results\gpu_galerkin\gold_grating_1d\checkpoint.json,T_far=0; A_total includes relief and semi-infinite Au substrate
original_4N_order_sweep,gold_grating_1d,li,32,65,450,TE,0.05448126739573795,0.0,0.945518732604262,1,,0,420,C:\Users\tsoyu\Documents\Codex\2026-08-06\files-mentioned-by-the-user-extensions\outputs\studies\asr_1d_comparison\results\gpu_galerkin\gold_grating_1d\checkpoint.json,T_far=0; A_total includes relief and semi-infinite Au substrate
original_4N_order_sweep,gold_grating_1d,li,32,65,450,TM,0.0009239307263827696,0.0,0.9990760692736173,1,,0,420,C:\Users\tsoyu\Documents\Codex\2026-08-06\files-mentioned-by-the-user-extensions\outputs\studies\asr_1d_comparison\results\gpu_galerkin\gold_grating_1d\checkpoint.json,T_far=0; A_total includes relief and semi-infinite Au substrate
original_4N_order_sweep,gold_grating_1d,li,32,65,500,TE,0.09353586406108792,0.0,0.9064641359389121,1,,0,420,C:\Users\tsoyu\Documents\Codex\2026-08-06\files-mentioned-by-the-user-extensions\outputs\studies\asr_1d_comparison\results\gpu_galerkin\gold_grating_1d\checkpoint.json,T_far=0; A_total includes relief and semi-infinite Au substrate
original_4N_order_sweep,gold_grating_1d,li,32,65,500,TM,0.0010257770499881216,0.0,0.9989742229500119,1,,0,420,C:\Users\tsoyu\Documents\Codex\2026-08-06\files-mentioned-by-the-user-extensions\outputs\studies\asr_1d_comparison\results\gpu_galerkin\gold_grating_1d\checkpoint.json,T_far=0; A_total includes relief and semi-infinite Au substrate
original_4N_order_sweep,gold_grating_1d,li,32,65,550,TE,0.5111145503503742,0.0,0.48888544964962577,1,,0,420,C:\Users\tsoyu\Documents\Codex\2026-08-06\files-mentioned-by-the-user-extensions\outputs\studies\asr_1d_comparison\results\gpu_galerkin\gold_grating_1d\checkpoint.json,T_far=0; A_total includes relief and semi-infinite Au substrate
original_4N_order_sweep,gold_grating_1d,li,32,65,550,TM,0.06102763789377824,0.0,0.9389723621062218,1,,0,420,C:\Users\tsoyu\Documents\Codex\2026-08-06\files-mentioned-by-the-user-extensions\outputs\studies\asr_1d_comparison\results\gpu_galerkin\gold_grating_1d\checkpoint.json,T_far=0; A_total includes relief and semi-infinite Au substrate
original_4N_order_sweep,gold_grating_1d,li,32,65,600,TE,0.781926624723517,0.0,0.21807337527648296,1,,0,420,C:\Users\tsoyu\Documents\Codex\2026-08-06\files-mentioned-by-the-user-extensions\outputs\studies\asr_1d_comparison\results\gpu_galerkin\gold_grating_1d\checkpoint.json,T_far=0; A_total includes relief and semi-infinite Au substrate
original_4N_order_sweep,gold_grating_1d,li,32,65,600,TM,0.39369773433203104,0.0,0.606302265667969,1,,0,420,C:\Users\tsoyu\Documents\Codex\2026-08-06\files-mentioned-by-the-user-extensions\outputs\studies\asr_1d_comparison\results\gpu_galerkin\gold_grating_1d\checkpoint.json,T_far=0; A_total includes relief and semi-infinite Au substrate
original_4N_order_sweep,gold_grating_1d,li,32,65,650,TE,0.8956452522219973,0.0,0.10435474777800269,1,,0,420,C:\Users\tsoyu\Documents\Codex\2026-08-06\files-mentioned-by-the-user-extensions\outputs\studies\asr_1d_comparison\results\gpu_galerkin\gold_grating_1d\checkpoint.json,T_far=0; A_total includes relief and semi-infinite Au substrate
original_4N_order_sweep,gold_grating_1d,li,32,65,650,TM,0.6722911191793761,0.0,0.3277088808206239,1,,0,420,C:\Users\tsoyu\Documents\Codex\2026-08-06\files-mentioned-by-the-user-extensions\outputs\studies\asr_1d_comparison\results\gpu_galerkin\gold_grating_1d\checkpoint.json,T_far=0; A_total includes relief and semi-infinite Au substrate
original_4N_order_sweep,gold_grating_1d,li,32,65,700,TE,0.9300002780095489,0.0,0.06999972199045112,1,,0,420,C:\Users\tsoyu\Documents\Codex\2026-08-06\files-mentioned-by-the-user-extensions\outputs\studies\asr_1d_comparison\results\gpu_galerkin\gold_grating_1d\checkpoint.json,T_far=0; A_total includes relief and semi-infinite Au substrate
original_4N_order_sweep,gold_grating_1d,li,32,65,700,TM,0.7569606817287918,0.0,0.24303931827120817,1,,0,420,C:\Users\tsoyu\Documents\Codex\2026-08-06\files-mentioned-by-the-user-extensions\outputs\studies\asr_1d_comparison\results\gpu_galerkin\gold_grating_1d\checkpoint.json,T_far=0; A_total includes relief and semi-infinite Au substrate
original_4N_order_sweep,gold_grating_1d,li,40,81,400,TE,0.03788110525088268,0.0,0.9621188947491173,1,,0,420,C:\Users\tsoyu\Documents\Codex\2026-08-06\files-mentioned-by-the-user-extensions\outputs\studies\asr_1d_comparison\results\gpu_galerkin\gold_grating_1d\checkpoint.json,T_far=0; A_total includes relief and semi-infinite Au substrate
original_4N_order_sweep,gold_grating_1d,li,40,81,400,TM,0.0008503649462230982,0.0,0.9991496350537769,1,,0,420,C:\Users\tsoyu\Documents\Codex\2026-08-06\files-mentioned-by-the-user-extensions\outputs\studies\asr_1d_comparison\results\gpu_galerkin\gold_grating_1d\checkpoint.json,T_far=0; A_total includes relief and semi-infinite Au substrate
original_4N_order_sweep,gold_grating_1d,li,40,81,450,TE,0.05448171028518997,0.0,0.94551828971481,1,,0,420,C:\Users\tsoyu\Documents\Codex\2026-08-06\files-mentioned-by-the-user-extensions\outputs\studies\asr_1d_comparison\results\gpu_galerkin\gold_grating_1d\checkpoint.json,T_far=0; A_total includes relief and semi-infinite Au substrate
original_4N_order_sweep,gold_grating_1d,li,40,81,450,TM,0.0009211585507544674,0.0,0.9990788414492455,1,,0,420,C:\Users\tsoyu\Documents\Codex\2026-08-06\files-mentioned-by-the-user-extensions\outputs\studies\asr_1d_comparison\results\gpu_galerkin\gold_grating_1d\checkpoint.json,T_far=0; A_total includes relief and semi-infinite Au substrate
original_4N_order_sweep,gold_grating_1d,li,40,81,500,TE,0.09353624684168896,0.0,0.9064637531583111,1,,0,420,C:\Users\tsoyu\Documents\Codex\2026-08-06\files-mentioned-by-the-user-extensions\outputs\studies\asr_1d_comparison\results\gpu_galerkin\gold_grating_1d\checkpoint.json,T_far=0; A_total includes relief and semi-infinite Au substrate
original_4N_order_sweep,gold_grating_1d,li,40,81,500,TM,0.001017342327348841,0.0,0.9989826576726512,1,,0,420,C:\Users\tsoyu\Documents\Codex\2026-08-06\files-mentioned-by-the-user-extensions\outputs\studies\asr_1d_comparison\results\gpu_galerkin\gold_grating_1d\checkpoint.json,T_far=0; A_total includes relief and semi-infinite Au substrate
original_4N_order_sweep,gold_grating_1d,li,40,81,550,TE,0.5111153614493638,0.0,0.48888463855063624,1,,0,420,C:\Users\tsoyu\Documents\Codex\2026-08-06\files-mentioned-by-the-user-extensions\outputs\studies\asr_1d_comparison\results\gpu_galerkin\gold_grating_1d\checkpoint.json,T_far=0; A_total includes relief and semi-infinite Au substrate
original_4N_order_sweep,gold_grating_1d,li,40,81,550,TM,0.05976247786633005,0.0,0.94023752213367,1,,0,420,C:\Users\tsoyu\Documents\Codex\2026-08-06\files-mentioned-by-the-user-extensions\outputs\studies\asr_1d_comparison\results\gpu_galerkin\gold_grating_1d\checkpoint.json,T_far=0; A_total includes relief and semi-infinite Au substrate
original_4N_order_sweep,gold_grating_1d,li,40,81,600,TE,0.7819272617010435,0.0,0.21807273829895646,1,,0,420,C:\Users\tsoyu\Documents\Codex\2026-08-06\files-mentioned-by-the-user-extensions\outputs\studies\asr_1d_comparison\results\gpu_galerkin\gold_grating_1d\checkpoint.json,T_far=0; A_total includes relief and semi-infinite Au substrate
original_4N_order_sweep,gold_grating_1d,li,40,81,600,TM,0.3886941393000317,0.0,0.6113058606999683,1,,0,420,C:\Users\tsoyu\Documents\Codex\2026-08-06\files-mentioned-by-the-user-extensions\outputs\studies\asr_1d_comparison\results\gpu_galerkin\gold_grating_1d\checkpoint.json,T_far=0; A_total includes relief and semi-infinite Au substrate
original_4N_order_sweep,gold_grating_1d,li,40,81,650,TE,0.8956456518779351,0.0,0.1043543481220649,1,,0,420,C:\Users\tsoyu\Documents\Codex\2026-08-06\files-mentioned-by-the-user-extensions\outputs\studies\asr_1d_comparison\results\gpu_galerkin\gold_grating_1d\checkpoint.json,T_far=0; A_total includes relief and semi-infinite Au substrate
original_4N_order_sweep,gold_grating_1d,li,40,81,650,TM,0.6692750570078396,0.0,0.3307249429921604,1,,0,420,C:\Users\tsoyu\Documents\Codex\2026-08-06\files-mentioned-by-the-user-extensions\outputs\studies\asr_1d_comparison\results\gpu_galerkin\gold_grating_1d\checkpoint.json,T_far=0; A_total includes relief and semi-infinite Au substrate
original_4N_order_sweep,gold_grating_1d,li,40,81,700,TE,0.9300005856192191,0.0,0.06999941438078094,1,,0,420,C:\Users\tsoyu\Documents\Codex\2026-08-06\files-mentioned-by-the-user-extensions\outputs\studies\asr_1d_comparison\results\gpu_galerkin\gold_grating_1d\checkpoint.json,T_far=0; A_total includes relief and semi-infinite Au substrate
original_4N_order_sweep,gold_grating_1d,li,40,81,700,TM,0.7553819462922136,0.0,0.24461805370778644,1,,0,420,C:\Users\tsoyu\Documents\Codex\2026-08-06\files-mentioned-by-the-user-extensions\outputs\studies\asr_1d_comparison\results\gpu_galerkin\gold_grating_1d\checkpoint.json,T_far=0; A_total includes relief and semi-infinite Au substrate
original_4N_order_sweep,gold_grating_1d,li,48,97,400,TE,0.03788133461577572,0.0,0.9621186653842243,1,,0,420,C:\Users\tsoyu\Documents\Codex\2026-08-06\files-mentioned-by-the-user-extensions\outputs\studies\asr_1d_comparison\results\gpu_galerkin\gold_grating_1d\checkpoint.json,T_far=0; A_total includes relief and semi-infinite Au substrate
original_4N_order_sweep,gold_grating_1d,li,48,97,400,TM,0.0008541698648221505,0.0,0.9991458301351779,1,,0,420,C:\Users\tsoyu\Documents\Codex\2026-08-06\files-mentioned-by-the-user-extensions\outputs\studies\asr_1d_comparison\results\gpu_galerkin\gold_grating_1d\checkpoint.json,T_far=0; A_total includes relief and semi-infinite Au substrate
original_4N_order_sweep,gold_grating_1d,li,48,97,450,TE,0.054481926754769455,0.0,0.9455180732452305,1,,0,420,C:\Users\tsoyu\Documents\Codex\2026-08-06\files-mentioned-by-the-user-extensions\outputs\studies\asr_1d_comparison\results\gpu_galerkin\gold_grating_1d\checkpoint.json,T_far=0; A_total includes relief and semi-infinite Au substrate
original_4N_order_sweep,gold_grating_1d,li,48,97,450,TM,0.0009248498696240066,0.0,0.999075150130376,1,,0,420,C:\Users\tsoyu\Documents\Codex\2026-08-06\files-mentioned-by-the-user-extensions\outputs\studies\asr_1d_comparison\results\gpu_galerkin\gold_grating_1d\checkpoint.json,T_far=0; A_total includes relief and semi-infinite Au substrate
original_4N_order_sweep,gold_grating_1d,li,48,97,500,TE,0.09353643340632009,0.0,0.9064635665936799,1,,0,420,C:\Users\tsoyu\Documents\Codex\2026-08-06\files-mentioned-by-the-user-extensions\outputs\studies\asr_1d_comparison\results\gpu_galerkin\gold_grating_1d\checkpoint.json,T_far=0; A_total includes relief and semi-infinite Au substrate
original_4N_order_sweep,gold_grating_1d,li,48,97,500,TM,0.0010224916306046797,0.0,0.9989775083693954,1,,0,420,C:\Users\tsoyu\Documents\Codex\2026-08-06\files-mentioned-by-the-user-extensions\outputs\studies\asr_1d_comparison\results\gpu_galerkin\gold_grating_1d\checkpoint.json,T_far=0; A_total includes relief and semi-infinite Au substrate
original_4N_order_sweep,gold_grating_1d,li,48,97,550,TE,0.5111157659555358,0.0,0.48888423404446424,1,,0,420,C:\Users\tsoyu\Documents\Codex\2026-08-06\files-mentioned-by-the-user-extensions\outputs\studies\asr_1d_comparison\results\gpu_galerkin\gold_grating_1d\checkpoint.json,T_far=0; A_total includes relief and semi-infinite Au substrate
original_4N_order_sweep,gold_grating_1d,li,48,97,550,TM,0.06054888583615787,0.0,0.9394511141638421,1,,0,420,C:\Users\tsoyu\Documents\Codex\2026-08-06\files-mentioned-by-the-user-extensions\outputs\studies\asr_1d_comparison\results\gpu_galerkin\gold_grating_1d\checkpoint.json,T_far=0; A_total includes relief and semi-infinite Au substrate
original_4N_order_sweep,gold_grating_1d,li,48,97,600,TE,0.781927584946372,0.0,0.21807241505362795,1,,0,420,C:\Users\tsoyu\Documents\Codex\2026-08-06\files-mentioned-by-the-user-extensions\outputs\studies\asr_1d_comparison\results\gpu_galerkin\gold_grating_1d\checkpoint.json,T_far=0; A_total includes relief and semi-infinite Au substrate
original_4N_order_sweep,gold_grating_1d,li,48,97,600,TM,0.39322245672798767,0.0,0.6067775432720124,1,,0,420,C:\Users\tsoyu\Documents\Codex\2026-08-06\files-mentioned-by-the-user-extensions\outputs\studies\asr_1d_comparison\results\gpu_galerkin\gold_grating_1d\checkpoint.json,T_far=0; A_total includes relief and semi-infinite Au substrate
original_4N_order_sweep,gold_grating_1d,li,48,97,650,TE,0.8956458571010639,0.0,0.10435414289893608,1,,0,420,C:\Users\tsoyu\Documents\Codex\2026-08-06\files-mentioned-by-the-user-extensions\outputs\studies\asr_1d_comparison\results\gpu_galerkin\gold_grating_1d\checkpoint.json,T_far=0; A_total includes relief and semi-infinite Au substrate
original_4N_order_sweep,gold_grating_1d,li,48,97,650,TM,0.677265236192509,0.0,0.322734763807491,1,,0,420,C:\Users\tsoyu\Documents\Codex\2026-08-06\files-mentioned-by-the-user-extensions\outputs\studies\asr_1d_comparison\results\gpu_galerkin\gold_grating_1d\checkpoint.json,T_far=0; A_total includes relief and semi-infinite Au substrate
original_4N_order_sweep,gold_grating_1d,li,48,97,700,TE,0.9300007448170858,0.0,0.06999925518291417,1,,0,420,C:\Users\tsoyu\Documents\Codex\2026-08-06\files-mentioned-by-the-user-extensions\outputs\studies\asr_1d_comparison\results\gpu_galerkin\gold_grating_1d\checkpoint.json,T_far=0; A_total includes relief and semi-infinite Au substrate
original_4N_order_sweep,gold_grating_1d,li,48,97,700,TM,0.7641021609310512,0.0,0.2358978390689488,1,,0,420,C:\Users\tsoyu\Documents\Codex\2026-08-06\files-mentioned-by-the-user-extensions\outputs\studies\asr_1d_comparison\results\gpu_galerkin\gold_grating_1d\checkpoint.json,T_far=0; A_total includes relief and semi-infinite Au substrate
original_4N_order_sweep,gold_grating_1d,asr_r4,2,5,400.0,TE,0.038116460955755306,0.0,0.9618835390442447,4,0.001,192,420,C:\Users\tsoyu\Documents\Codex\2026-08-06\files-mentioned-by-the-user-extensions\outputs\studies\asr_1d_comparison\results\gpu_galerkin\gold_grating_1d\checkpoint.json,T_far=0; A_total includes relief and semi-infinite Au substrate
original_4N_order_sweep,gold_grating_1d,asr_r4,2,5,400.0,TM,0.00042179337928996213,0.0,0.9995782066207101,4,0.001,192,420,C:\Users\tsoyu\Documents\Codex\2026-08-06\files-mentioned-by-the-user-extensions\outputs\studies\asr_1d_comparison\results\gpu_galerkin\gold_grating_1d\checkpoint.json,T_far=0; A_total includes relief and semi-infinite Au substrate
original_4N_order_sweep,gold_grating_1d,asr_r4,2,5,450.0,TE,0.05469860833038448,0.0,0.9453013916696156,4,0.001,192,420,C:\Users\tsoyu\Documents\Codex\2026-08-06\files-mentioned-by-the-user-extensions\outputs\studies\asr_1d_comparison\results\gpu_galerkin\gold_grating_1d\checkpoint.json,T_far=0; A_total includes relief and semi-infinite Au substrate
original_4N_order_sweep,gold_grating_1d,asr_r4,2,5,450.0,TM,0.00046886426313925424,0.0,0.9995311357368607,4,0.001,192,420,C:\Users\tsoyu\Documents\Codex\2026-08-06\files-mentioned-by-the-user-extensions\outputs\studies\asr_1d_comparison\results\gpu_galerkin\gold_grating_1d\checkpoint.json,T_far=0; A_total includes relief and semi-infinite Au substrate
original_4N_order_sweep,gold_grating_1d,asr_r4,2,5,500.0,TE,0.09371849834924526,0.0,0.9062815016507547,4,0.001,192,420,C:\Users\tsoyu\Documents\Codex\2026-08-06\files-mentioned-by-the-user-extensions\outputs\studies\asr_1d_comparison\results\gpu_galerkin\gold_grating_1d\checkpoint.json,T_far=0; A_total includes relief and semi-infinite Au substrate
original_4N_order_sweep,gold_grating_1d,asr_r4,2,5,500.0,TM,0.0004971103382732295,0.0,0.9995028896617267,4,0.001,192,420,C:\Users\tsoyu\Documents\Codex\2026-08-06\files-mentioned-by-the-user-extensions\outputs\studies\asr_1d_comparison\results\gpu_galerkin\gold_grating_1d\checkpoint.json,T_far=0; A_total includes relief and semi-infinite Au substrate
original_4N_order_sweep,gold_grating_1d,asr_r4,2,5,550.0,TE,0.5116019444282646,0.0,0.48839805557173543,4,0.001,192,420,C:\Users\tsoyu\Documents\Codex\2026-08-06\files-mentioned-by-the-user-extensions\outputs\studies\asr_1d_comparison\results\gpu_galerkin\gold_grating_1d\checkpoint.json,T_far=0; A_total includes relief and semi-infinite Au substrate
original_4N_order_sweep,gold_grating_1d,asr_r4,2,5,550.0,TM,0.052266742910122316,0.0,0.9477332570898777,4,0.001,192,420,C:\Users\tsoyu\Documents\Codex\2026-08-06\files-mentioned-by-the-user-extensions\outputs\studies\asr_1d_comparison\results\gpu_galerkin\gold_grating_1d\checkpoint.json,T_far=0; A_total includes relief and semi-infinite Au substrate
original_4N_order_sweep,gold_grating_1d,asr_r4,2,5,600.0,TE,0.7823673074276242,0.0,0.21763269257237583,4,0.001,192,420,C:\Users\tsoyu\Documents\Codex\2026-08-06\files-mentioned-by-the-user-extensions\outputs\studies\asr_1d_comparison\results\gpu_galerkin\gold_grating_1d\checkpoint.json,T_far=0; A_total includes relief and semi-infinite Au substrate
original_4N_order_sweep,gold_grating_1d,asr_r4,2,5,600.0,TM,0.3820696490781562,0.0,0.6179303509218438,4,0.001,192,420,C:\Users\tsoyu\Documents\Codex\2026-08-06\files-mentioned-by-the-user-extensions\outputs\studies\asr_1d_comparison\results\gpu_galerkin\gold_grating_1d\checkpoint.json,T_far=0; A_total includes relief and semi-infinite Au substrate
original_4N_order_sweep,gold_grating_1d,asr_r4,2,5,650.0,TE,0.8959462300928772,0.0,0.10405376990712278,4,0.001,192,420,C:\Users\tsoyu\Documents\Codex\2026-08-06\files-mentioned-by-the-user-extensions\outputs\studies\asr_1d_comparison\results\gpu_galerkin\gold_grating_1d\checkpoint.json,T_far=0; A_total includes relief and semi-infinite Au substrate
original_4N_order_sweep,gold_grating_1d,asr_r4,2,5,650.0,TM,0.6805165731955258,0.0,0.31948342680447417,4,0.001,192,420,C:\Users\tsoyu\Documents\Codex\2026-08-06\files-mentioned-by-the-user-extensions\outputs\studies\asr_1d_comparison\results\gpu_galerkin\gold_grating_1d\checkpoint.json,T_far=0; A_total includes relief and semi-infinite Au substrate
original_4N_order_sweep,gold_grating_1d,asr_r4,2,5,700.0,TE,0.9302443914827796,0.0,0.0697556085172204,4,0.001,192,420,C:\Users\tsoyu\Documents\Codex\2026-08-06\files-mentioned-by-the-user-extensions\outputs\studies\asr_1d_comparison\results\gpu_galerkin\gold_grating_1d\checkpoint.json,T_far=0; A_total includes relief and semi-infinite Au substrate
original_4N_order_sweep,gold_grating_1d,asr_r4,2,5,700.0,TM,0.6768568770811773,0.0,0.32314312291882274,4,0.001,192,420,C:\Users\tsoyu\Documents\Codex\2026-08-06\files-mentioned-by-the-user-extensions\outputs\studies\asr_1d_comparison\results\gpu_galerkin\gold_grating_1d\checkpoint.json,T_far=0; A_total includes relief and semi-infinite Au substrate
original_4N_order_sweep,gold_grating_1d,asr_r4,4,9,400.0,TE,0.037927034032153646,0.0,0.9620729659678463,4,0.001,192,420,C:\Users\tsoyu\Documents\Codex\2026-08-06\files-mentioned-by-the-user-extensions\outputs\studies\asr_1d_comparison\results\gpu_galerkin\gold_grating_1d\checkpoint.json,T_far=0; A_total includes relief and semi-infinite Au substrate
original_4N_order_sweep,gold_grating_1d,asr_r4,4,9,400.0,TM,0.000844227868126769,0.0,0.9991557721318732,4,0.001,192,420,C:\Users\tsoyu\Documents\Codex\2026-08-06\files-mentioned-by-the-user-extensions\outputs\studies\asr_1d_comparison\results\gpu_galerkin\gold_grating_1d\checkpoint.json,T_far=0; A_total includes relief and semi-infinite Au substrate
original_4N_order_sweep,gold_grating_1d,asr_r4,4,9,450.0,TE,0.054524653101371306,0.0,0.9454753468986287,4,0.001,192,420,C:\Users\tsoyu\Documents\Codex\2026-08-06\files-mentioned-by-the-user-extensions\outputs\studies\asr_1d_comparison\results\gpu_galerkin\gold_grating_1d\checkpoint.json,T_far=0; A_total includes relief and semi-infinite Au substrate
original_4N_order_sweep,gold_grating_1d,asr_r4,4,9,450.0,TM,0.0011064294006224852,0.0,0.9988935705993776,4,0.001,192,420,C:\Users\tsoyu\Documents\Codex\2026-08-06\files-mentioned-by-the-user-extensions\outputs\studies\asr_1d_comparison\results\gpu_galerkin\gold_grating_1d\checkpoint.json,T_far=0; A_total includes relief and semi-infinite Au substrate
original_4N_order_sweep,gold_grating_1d,asr_r4,4,9,500.0,TE,0.0935729673435746,0.0,0.9064270326564254,4,0.001,192,420,C:\Users\tsoyu\Documents\Codex\2026-08-06\files-mentioned-by-the-user-extensions\outputs\studies\asr_1d_comparison\results\gpu_galerkin\gold_grating_1d\checkpoint.json,T_far=0; A_total includes relief and semi-infinite Au substrate
original_4N_order_sweep,gold_grating_1d,asr_r4,4,9,500.0,TM,0.0013060266749659532,0.0,0.9986939733250341,4,0.001,192,420,C:\Users\tsoyu\Documents\Codex\2026-08-06\files-mentioned-by-the-user-extensions\outputs\studies\asr_1d_comparison\results\gpu_galerkin\gold_grating_1d\checkpoint.json,T_far=0; A_total includes relief and semi-infinite Au substrate
original_4N_order_sweep,gold_grating_1d,asr_r4,4,9,550.0,TE,0.5112102941360482,0.0,0.48878970586395176,4,0.001,192,420,C:\Users\tsoyu\Documents\Codex\2026-08-06\files-mentioned-by-the-user-extensions\outputs\studies\asr_1d_comparison\results\gpu_galerkin\gold_grating_1d\checkpoint.json,T_far=0; A_total includes relief and semi-infinite Au substrate
original_4N_order_sweep,gold_grating_1d,asr_r4,4,9,550.0,TM,0.06301519740039511,0.0,0.9369848025996049,4,0.001,192,420,C:\Users\tsoyu\Documents\Codex\2026-08-06\files-mentioned-by-the-user-extensions\outputs\studies\asr_1d_comparison\results\gpu_galerkin\gold_grating_1d\checkpoint.json,T_far=0; A_total includes relief and semi-infinite Au substrate
original_4N_order_sweep,gold_grating_1d,asr_r4,4,9,600.0,TE,0.7820123418769926,0.0,0.21798765812300736,4,0.001,192,420,C:\Users\tsoyu\Documents\Codex\2026-08-06\files-mentioned-by-the-user-extensions\outputs\studies\asr_1d_comparison\results\gpu_galerkin\gold_grating_1d\checkpoint.json,T_far=0; A_total includes relief and semi-infinite Au substrate
original_4N_order_sweep,gold_grating_1d,asr_r4,4,9,600.0,TM,0.3520812294421275,0.0,0.6479187705578725,4,0.001,192,420,C:\Users\tsoyu\Documents\Codex\2026-08-06\files-mentioned-by-the-user-extensions\outputs\studies\asr_1d_comparison\results\gpu_galerkin\gold_grating_1d\checkpoint.json,T_far=0; A_total includes relief and semi-infinite Au substrate
original_4N_order_sweep,gold_grating_1d,asr_r4,4,9,650.0,TE,0.8957036676617328,0.0,0.10429633233826718,4,0.001,192,420,C:\Users\tsoyu\Documents\Codex\2026-08-06\files-mentioned-by-the-user-extensions\outputs\studies\asr_1d_comparison\results\gpu_galerkin\gold_grating_1d\checkpoint.json,T_far=0; A_total includes relief and semi-infinite Au substrate
original_4N_order_sweep,gold_grating_1d,asr_r4,4,9,650.0,TM,0.6103793281892534,0.0,0.38962067181074655,4,0.001,192,420,C:\Users\tsoyu\Documents\Codex\2026-08-06\files-mentioned-by-the-user-extensions\outputs\studies\asr_1d_comparison\results\gpu_galerkin\gold_grating_1d\checkpoint.json,T_far=0; A_total includes relief and semi-infinite Au substrate
original_4N_order_sweep,gold_grating_1d,asr_r4,4,9,700.0,TE,0.9300476509718767,0.0,0.0699523490281233,4,0.001,192,420,C:\Users\tsoyu\Documents\Codex\2026-08-06\files-mentioned-by-the-user-extensions\outputs\studies\asr_1d_comparison\results\gpu_galerkin\gold_grating_1d\checkpoint.json,T_far=0; A_total includes relief and semi-infinite Au substrate
original_4N_order_sweep,gold_grating_1d,asr_r4,4,9,700.0,TM,0.6853384303362108,0.0,0.3146615696637892,4,0.001,192,420,C:\Users\tsoyu\Documents\Codex\2026-08-06\files-mentioned-by-the-user-extensions\outputs\studies\asr_1d_comparison\results\gpu_galerkin\gold_grating_1d\checkpoint.json,T_far=0; A_total includes relief and semi-infinite Au substrate
original_4N_order_sweep,gold_grating_1d,asr_r4,8,17,400.0,TE,0.03788705750522662,0.0,0.9621129424947734,4,0.001,192,420,C:\Users\tsoyu\Documents\Codex\2026-08-06\files-mentioned-by-the-user-extensions\outputs\studies\asr_1d_comparison\results\gpu_galerkin\gold_grating_1d\checkpoint.json,T_far=0; A_total includes relief and semi-infinite Au substrate
original_4N_order_sweep,gold_grating_1d,asr_r4,8,17,400.0,TM,0.0007928374645304007,0.0,0.9992071625354696,4,0.001,192,420,C:\Users\tsoyu\Documents\Codex\2026-08-06\files-mentioned-by-the-user-extensions\outputs\studies\asr_1d_comparison\results\gpu_galerkin\gold_grating_1d\checkpoint.json,T_far=0; A_total includes relief and semi-infinite Au substrate
original_4N_order_sweep,gold_grating_1d,asr_r4,8,17,450.0,TE,0.05448723424559725,0.0,0.9455127657544028,4,0.001,192,420,C:\Users\tsoyu\Documents\Codex\2026-08-06\files-mentioned-by-the-user-extensions\outputs\studies\asr_1d_comparison\results\gpu_galerkin\gold_grating_1d\checkpoint.json,T_far=0; A_total includes relief and semi-infinite Au substrate
original_4N_order_sweep,gold_grating_1d,asr_r4,8,17,450.0,TM,0.0009305731103604342,0.0,0.9990694268896395,4,0.001,192,420,C:\Users\tsoyu\Documents\Codex\2026-08-06\files-mentioned-by-the-user-extensions\outputs\studies\asr_1d_comparison\results\gpu_galerkin\gold_grating_1d\checkpoint.json,T_far=0; A_total includes relief and semi-infinite Au substrate
original_4N_order_sweep,gold_grating_1d,asr_r4,8,17,500.0,TE,0.09354093679583247,0.0,0.9064590632041676,4,0.001,192,420,C:\Users\tsoyu\Documents\Codex\2026-08-06\files-mentioned-by-the-user-extensions\outputs\studies\asr_1d_comparison\results\gpu_galerkin\gold_grating_1d\checkpoint.json,T_far=0; A_total includes relief and semi-infinite Au substrate
original_4N_order_sweep,gold_grating_1d,asr_r4,8,17,500.0,TM,0.0010473672267254145,0.0,0.9989526327732746,4,0.001,192,420,C:\Users\tsoyu\Documents\Codex\2026-08-06\files-mentioned-by-the-user-extensions\outputs\studies\asr_1d_comparison\results\gpu_galerkin\gold_grating_1d\checkpoint.json,T_far=0; A_total includes relief and semi-infinite Au substrate
original_4N_order_sweep,gold_grating_1d,asr_r4,8,17,550.0,TE,0.5111269309657354,0.0,0.48887306903426464,4,0.001,192,420,C:\Users\tsoyu\Documents\Codex\2026-08-06\files-mentioned-by-the-user-extensions\outputs\studies\asr_1d_comparison\results\gpu_galerkin\gold_grating_1d\checkpoint.json,T_far=0; A_total includes relief and semi-infinite Au substrate
original_4N_order_sweep,gold_grating_1d,asr_r4,8,17,550.0,TM,0.05834365688264952,0.0,0.9416563431173505,4,0.001,192,420,C:\Users\tsoyu\Documents\Codex\2026-08-06\files-mentioned-by-the-user-extensions\outputs\studies\asr_1d_comparison\results\gpu_galerkin\gold_grating_1d\checkpoint.json,T_far=0; A_total includes relief and semi-infinite Au substrate
original_4N_order_sweep,gold_grating_1d,asr_r4,8,17,600.0,TE,0.7819373488216158,0.0,0.2180626511783842,4,0.001,192,420,C:\Users\tsoyu\Documents\Codex\2026-08-06\files-mentioned-by-the-user-extensions\outputs\studies\asr_1d_comparison\results\gpu_galerkin\gold_grating_1d\checkpoint.json,T_far=0; A_total includes relief and semi-infinite Au substrate
original_4N_order_sweep,gold_grating_1d,asr_r4,8,17,600.0,TM,0.36852445316276206,0.0,0.6314755468372379,4,0.001,192,420,C:\Users\tsoyu\Documents\Codex\2026-08-06\files-mentioned-by-the-user-extensions\outputs\studies\asr_1d_comparison\results\gpu_galerkin\gold_grating_1d\checkpoint.json,T_far=0; A_total includes relief and semi-infinite Au substrate
original_4N_order_sweep,gold_grating_1d,asr_r4,8,17,650.0,TE,0.8956524179436479,0.0,0.10434758205635208,4,0.001,192,420,C:\Users\tsoyu\Documents\Codex\2026-08-06\files-mentioned-by-the-user-extensions\outputs\studies\asr_1d_comparison\results\gpu_galerkin\gold_grating_1d\checkpoint.json,T_far=0; A_total includes relief and semi-infinite Au substrate
original_4N_order_sweep,gold_grating_1d,asr_r4,8,17,650.0,TM,0.6382243142462254,0.0,0.3617756857537746,4,0.001,192,420,C:\Users\tsoyu\Documents\Codex\2026-08-06\files-mentioned-by-the-user-extensions\outputs\studies\asr_1d_comparison\results\gpu_galerkin\gold_grating_1d\checkpoint.json,T_far=0; A_total includes relief and semi-infinite Au substrate
original_4N_order_sweep,gold_grating_1d,asr_r4,8,17,700.0,TE,0.9300060198478445,0.0,0.06999398015215552,4,0.001,192,420,C:\Users\tsoyu\Documents\Codex\2026-08-06\files-mentioned-by-the-user-extensions\outputs\studies\asr_1d_comparison\results\gpu_galerkin\gold_grating_1d\checkpoint.json,T_far=0; A_total includes relief and semi-infinite Au substrate
original_4N_order_sweep,gold_grating_1d,asr_r4,8,17,700.0,TM,0.7209166406578418,0.0,0.2790833593421582,4,0.001,192,420,C:\Users\tsoyu\Documents\Codex\2026-08-06\files-mentioned-by-the-user-extensions\outputs\studies\asr_1d_comparison\results\gpu_galerkin\gold_grating_1d\checkpoint.json,T_far=0; A_total includes relief and semi-infinite Au substrate
original_4N_order_sweep,gold_grating_1d,asr_r4,12,25,400.0,TE,0.0378826292930432,0.0,0.9621173707069568,4,0.001,250,420,C:\Users\tsoyu\Documents\Codex\2026-08-06\files-mentioned-by-the-user-extensions\outputs\studies\asr_1d_comparison\results\gpu_galerkin\gold_grating_1d\checkpoint.json,T_far=0; A_total includes relief and semi-infinite Au substrate
original_4N_order_sweep,gold_grating_1d,asr_r4,12,25,400.0,TM,0.0008201775912164785,0.0,0.9991798224087836,4,0.001,250,420,C:\Users\tsoyu\Documents\Codex\2026-08-06\files-mentioned-by-the-user-extensions\outputs\studies\asr_1d_comparison\results\gpu_galerkin\gold_grating_1d\checkpoint.json,T_far=0; A_total includes relief and semi-infinite Au substrate
original_4N_order_sweep,gold_grating_1d,asr_r4,12,25,450.0,TE,0.054483140243621865,0.0,0.9455168597563781,4,0.001,250,420,C:\Users\tsoyu\Documents\Codex\2026-08-06\files-mentioned-by-the-user-extensions\outputs\studies\asr_1d_comparison\results\gpu_galerkin\gold_grating_1d\checkpoint.json,T_far=0; A_total includes relief and semi-infinite Au substrate
original_4N_order_sweep,gold_grating_1d,asr_r4,12,25,450.0,TM,0.0009435347125049228,0.0,0.999056465287495,4,0.001,250,420,C:\Users\tsoyu\Documents\Codex\2026-08-06\files-mentioned-by-the-user-extensions\outputs\studies\asr_1d_comparison\results\gpu_galerkin\gold_grating_1d\checkpoint.json,T_far=0; A_total includes relief and semi-infinite Au substrate
original_4N_order_sweep,gold_grating_1d,asr_r4,12,25,500.0,TE,0.09353747278867278,0.0,0.9064625272113273,4,0.001,250,420,C:\Users\tsoyu\Documents\Codex\2026-08-06\files-mentioned-by-the-user-extensions\outputs\studies\asr_1d_comparison\results\gpu_galerkin\gold_grating_1d\checkpoint.json,T_far=0; A_total includes relief and semi-infinite Au substrate
original_4N_order_sweep,gold_grating_1d,asr_r4,12,25,500.0,TM,0.0010735436895838893,0.0,0.9989264563104161,4,0.001,250,420,C:\Users\tsoyu\Documents\Codex\2026-08-06\files-mentioned-by-the-user-extensions\outputs\studies\asr_1d_comparison\results\gpu_galerkin\gold_grating_1d\checkpoint.json,T_far=0; A_total includes relief and semi-infinite Au substrate
original_4N_order_sweep,gold_grating_1d,asr_r4,12,25,550.0,TE,0.5111181670404302,0.0,0.4888818329595698,4,0.001,250,420,C:\Users\tsoyu\Documents\Codex\2026-08-06\files-mentioned-by-the-user-extensions\outputs\studies\asr_1d_comparison\results\gpu_galerkin\gold_grating_1d\checkpoint.json,T_far=0; A_total includes relief and semi-infinite Au substrate
original_4N_order_sweep,gold_grating_1d,asr_r4,12,25,550.0,TM,0.06035634215817239,0.0,0.9396436578418276,4,0.001,250,420,C:\Users\tsoyu\Documents\Codex\2026-08-06\files-mentioned-by-the-user-extensions\outputs\studies\asr_1d_comparison\results\gpu_galerkin\gold_grating_1d\checkpoint.json,T_far=0; A_total includes relief and semi-infinite Au substrate
original_4N_order_sweep,gold_grating_1d,asr_r4,12,25,600.0,TE,0.7819295914915259,0.0,0.21807040850847415,4,0.001,250,420,C:\Users\tsoyu\Documents\Codex\2026-08-06\files-mentioned-by-the-user-extensions\outputs\studies\asr_1d_comparison\results\gpu_galerkin\gold_grating_1d\checkpoint.json,T_far=0; A_total includes relief and semi-infinite Au substrate
original_4N_order_sweep,gold_grating_1d,asr_r4,12,25,600.0,TM,0.3810473799542941,0.0,0.6189526200457058,4,0.001,250,420,C:\Users\tsoyu\Documents\Codex\2026-08-06\files-mentioned-by-the-user-extensions\outputs\studies\asr_1d_comparison\results\gpu_galerkin\gold_grating_1d\checkpoint.json,T_far=0; A_total includes relief and semi-infinite Au substrate
original_4N_order_sweep,gold_grating_1d,asr_r4,12,25,650.0,TE,0.895647168673734,0.0,0.10435283132626605,4,0.001,250,420,C:\Users\tsoyu\Documents\Codex\2026-08-06\files-mentioned-by-the-user-extensions\outputs\studies\asr_1d_comparison\results\gpu_galerkin\gold_grating_1d\checkpoint.json,T_far=0; A_total includes relief and semi-infinite Au substrate
original_4N_order_sweep,gold_grating_1d,asr_r4,12,25,650.0,TM,0.6588058372485578,0.0,0.3411941627514422,4,0.001,250,420,C:\Users\tsoyu\Documents\Codex\2026-08-06\files-mentioned-by-the-user-extensions\outputs\studies\asr_1d_comparison\results\gpu_galerkin\gold_grating_1d\checkpoint.json,T_far=0; A_total includes relief and semi-infinite Au substrate
original_4N_order_sweep,gold_grating_1d,asr_r4,12,25,700.0,TE,0.9300017815071827,0.0,0.06999821849281729,4,0.001,250,420,C:\Users\tsoyu\Documents\Codex\2026-08-06\files-mentioned-by-the-user-extensions\outputs\studies\asr_1d_comparison\results\gpu_galerkin\gold_grating_1d\checkpoint.json,T_far=0; A_total includes relief and semi-infinite Au substrate
original_4N_order_sweep,gold_grating_1d,asr_r4,12,25,700.0,TM,0.7413408133126442,0.0,0.25865918668735577,4,0.001,250,420,C:\Users\tsoyu\Documents\Codex\2026-08-06\files-mentioned-by-the-user-extensions\outputs\studies\asr_1d_comparison\results\gpu_galerkin\gold_grating_1d\checkpoint.json,T_far=0; A_total includes relief and semi-infinite Au substrate
original_4N_order_sweep,gold_grating_1d,asr_r4,16,33,400.0,TE,0.03788196979368554,0.0,0.9621180302063145,4,0.001,330,420,C:\Users\tsoyu\Documents\Codex\2026-08-06\files-mentioned-by-the-user-extensions\outputs\studies\asr_1d_comparison\results\gpu_galerkin\gold_grating_1d\checkpoint.json,T_far=0; A_total includes relief and semi-infinite Au substrate
original_4N_order_sweep,gold_grating_1d,asr_r4,16,33,400.0,TM,0.0008339807514413218,0.0,0.9991660192485586,4,0.001,330,420,C:\Users\tsoyu\Documents\Codex\2026-08-06\files-mentioned-by-the-user-extensions\outputs\studies\asr_1d_comparison\results\gpu_galerkin\gold_grating_1d\checkpoint.json,T_far=0; A_total includes relief and semi-infinite Au substrate
original_4N_order_sweep,gold_grating_1d,asr_r4,16,33,450.0,TE,0.054482526078494645,0.0,0.9455174739215053,4,0.001,330,420,C:\Users\tsoyu\Documents\Codex\2026-08-06\files-mentioned-by-the-user-extensions\outputs\studies\asr_1d_comparison\results\gpu_galerkin\gold_grating_1d\checkpoint.json,T_far=0; A_total includes relief and semi-infinite Au substrate
original_4N_order_sweep,gold_grating_1d,asr_r4,16,33,450.0,TM,0.0009351745224327492,0.0,0.9990648254775673,4,0.001,330,420,C:\Users\tsoyu\Documents\Codex\2026-08-06\files-mentioned-by-the-user-extensions\outputs\studies\asr_1d_comparison\results\gpu_galerkin\gold_grating_1d\checkpoint.json,T_far=0; A_total includes relief and semi-infinite Au substrate
original_4N_order_sweep,gold_grating_1d,asr_r4,16,33,500.0,TE,0.09353694989556434,0.0,0.9064630501044356,4,0.001,330,420,C:\Users\tsoyu\Documents\Codex\2026-08-06\files-mentioned-by-the-user-extensions\outputs\studies\asr_1d_comparison\results\gpu_galerkin\gold_grating_1d\checkpoint.json,T_far=0; A_total includes relief and semi-infinite Au substrate
original_4N_order_sweep,gold_grating_1d,asr_r4,16,33,500.0,TM,0.001048009364019564,0.0,0.9989519906359804,4,0.001,330,420,C:\Users\tsoyu\Documents\Codex\2026-08-06\files-mentioned-by-the-user-extensions\outputs\studies\asr_1d_comparison\results\gpu_galerkin\gold_grating_1d\checkpoint.json,T_far=0; A_total includes relief and semi-infinite Au substrate
original_4N_order_sweep,gold_grating_1d,asr_r4,16,33,550.0,TE,0.5111169047126977,0.0,0.48888309528730234,4,0.001,330,420,C:\Users\tsoyu\Documents\Codex\2026-08-06\files-mentioned-by-the-user-extensions\outputs\studies\asr_1d_comparison\results\gpu_galerkin\gold_grating_1d\checkpoint.json,T_far=0; A_total includes relief and semi-infinite Au substrate
original_4N_order_sweep,gold_grating_1d,asr_r4,16,33,550.0,TM,0.06090294526151776,0.0,0.9390970547384823,4,0.001,330,420,C:\Users\tsoyu\Documents\Codex\2026-08-06\files-mentioned-by-the-user-extensions\outputs\studies\asr_1d_comparison\results\gpu_galerkin\gold_grating_1d\checkpoint.json,T_far=0; A_total includes relief and semi-infinite Au substrate
original_4N_order_sweep,gold_grating_1d,asr_r4,16,33,600.0,TE,0.781928506311051,0.0,0.21807149368894896,4,0.001,330,420,C:\Users\tsoyu\Documents\Codex\2026-08-06\files-mentioned-by-the-user-extensions\outputs\studies\asr_1d_comparison\results\gpu_galerkin\gold_grating_1d\checkpoint.json,T_far=0; A_total includes relief and semi-infinite Au substrate
original_4N_order_sweep,gold_grating_1d,asr_r4,16,33,600.0,TM,0.38780134938000554,0.0,0.6121986506199945,4,0.001,330,420,C:\Users\tsoyu\Documents\Codex\2026-08-06\files-mentioned-by-the-user-extensions\outputs\studies\asr_1d_comparison\results\gpu_galerkin\gold_grating_1d\checkpoint.json,T_far=0; A_total includes relief and semi-infinite Au substrate
original_4N_order_sweep,gold_grating_1d,asr_r4,16,33,650.0,TE,0.8956464469522156,0.0,0.10435355304778438,4,0.001,330,420,C:\Users\tsoyu\Documents\Codex\2026-08-06\files-mentioned-by-the-user-extensions\outputs\studies\asr_1d_comparison\results\gpu_galerkin\gold_grating_1d\checkpoint.json,T_far=0; A_total includes relief and semi-infinite Au substrate
original_4N_order_sweep,gold_grating_1d,asr_r4,16,33,650.0,TM,0.6668979336787293,0.0,0.3331020663212707,4,0.001,330,420,C:\Users\tsoyu\Documents\Codex\2026-08-06\files-mentioned-by-the-user-extensions\outputs\studies\asr_1d_comparison\results\gpu_galerkin\gold_grating_1d\checkpoint.json,T_far=0; A_total includes relief and semi-infinite Au substrate
original_4N_order_sweep,gold_grating_1d,asr_r4,16,33,700.0,TE,0.9300012049058769,0.0,0.0699987950941231,4,0.001,330,420,C:\Users\tsoyu\Documents\Codex\2026-08-06\files-mentioned-by-the-user-extensions\outputs\studies\asr_1d_comparison\results\gpu_galerkin\gold_grating_1d\checkpoint.json,T_far=0; A_total includes relief and semi-infinite Au substrate
original_4N_order_sweep,gold_grating_1d,asr_r4,16,33,700.0,TM,0.7517250708557603,0.0,0.24827492914423965,4,0.001,330,420,C:\Users\tsoyu\Documents\Codex\2026-08-06\files-mentioned-by-the-user-extensions\outputs\studies\asr_1d_comparison\results\gpu_galerkin\gold_grating_1d\checkpoint.json,T_far=0; A_total includes relief and semi-infinite Au substrate
original_4N_order_sweep,gold_grating_1d,asr_r4,24,49,400.0,TE,0.037881769745203436,0.0,0.9621182302547966,4,0.001,490,420,C:\Users\tsoyu\Documents\Codex\2026-08-06\files-mentioned-by-the-user-extensions\outputs\studies\asr_1d_comparison\results\gpu_galerkin\gold_grating_1d\checkpoint.json,T_far=0; A_total includes relief and semi-infinite Au substrate
original_4N_order_sweep,gold_grating_1d,asr_r4,24,49,400.0,TM,0.000836091586868472,0.0,0.9991639084131315,4,0.001,490,420,C:\Users\tsoyu\Documents\Codex\2026-08-06\files-mentioned-by-the-user-extensions\outputs\studies\asr_1d_comparison\results\gpu_galerkin\gold_grating_1d\checkpoint.json,T_far=0; A_total includes relief and semi-infinite Au substrate
original_4N_order_sweep,gold_grating_1d,asr_r4,24,49,450.0,TE,0.05448233687982248,0.0,0.9455176631201775,4,0.001,490,420,C:\Users\tsoyu\Documents\Codex\2026-08-06\files-mentioned-by-the-user-extensions\outputs\studies\asr_1d_comparison\results\gpu_galerkin\gold_grating_1d\checkpoint.json,T_far=0; A_total includes relief and semi-infinite Au substrate
original_4N_order_sweep,gold_grating_1d,asr_r4,24,49,450.0,TM,0.0009237696730184501,0.0,0.9990762303269816,4,0.001,490,420,C:\Users\tsoyu\Documents\Codex\2026-08-06\files-mentioned-by-the-user-extensions\outputs\studies\asr_1d_comparison\results\gpu_galerkin\gold_grating_1d\checkpoint.json,T_far=0; A_total includes relief and semi-infinite Au substrate
original_4N_order_sweep,gold_grating_1d,asr_r4,24,49,500.0,TE,0.0935367865024625,0.0,0.9064632134975374,4,0.001,490,420,C:\Users\tsoyu\Documents\Codex\2026-08-06\files-mentioned-by-the-user-extensions\outputs\studies\asr_1d_comparison\results\gpu_galerkin\gold_grating_1d\checkpoint.json,T_far=0; A_total includes relief and semi-infinite Au substrate
original_4N_order_sweep,gold_grating_1d,asr_r4,24,49,500.0,TM,0.0010224598230280297,0.0,0.9989775401769719,4,0.001,490,420,C:\Users\tsoyu\Documents\Codex\2026-08-06\files-mentioned-by-the-user-extensions\outputs\studies\asr_1d_comparison\results\gpu_galerkin\gold_grating_1d\checkpoint.json,T_far=0; A_total includes relief and semi-infinite Au substrate
original_4N_order_sweep,gold_grating_1d,asr_r4,24,49,550.0,TE,0.511116542574296,0.0,0.48888345742570405,4,0.001,490,420,C:\Users\tsoyu\Documents\Codex\2026-08-06\files-mentioned-by-the-user-extensions\outputs\studies\asr_1d_comparison\results\gpu_galerkin\gold_grating_1d\checkpoint.json,T_far=0; A_total includes relief and semi-infinite Au substrate
original_4N_order_sweep,gold_grating_1d,asr_r4,24,49,550.0,TM,0.059926708851696014,0.0,0.940073291148304,4,0.001,490,420,C:\Users\tsoyu\Documents\Codex\2026-08-06\files-mentioned-by-the-user-extensions\outputs\studies\asr_1d_comparison\results\gpu_galerkin\gold_grating_1d\checkpoint.json,T_far=0; A_total includes relief and semi-infinite Au substrate
original_4N_order_sweep,gold_grating_1d,asr_r4,24,49,600.0,TE,0.7819282121470914,0.0,0.2180717878529086,4,0.001,490,420,C:\Users\tsoyu\Documents\Codex\2026-08-06\files-mentioned-by-the-user-extensions\outputs\studies\asr_1d_comparison\results\gpu_galerkin\gold_grating_1d\checkpoint.json,T_far=0; A_total includes relief and semi-infinite Au substrate
original_4N_order_sweep,gold_grating_1d,asr_r4,24,49,600.0,TM,0.3898607400645764,0.0,0.6101392599354236,4,0.001,490,420,C:\Users\tsoyu\Documents\Codex\2026-08-06\files-mentioned-by-the-user-extensions\outputs\studies\asr_1d_comparison\results\gpu_galerkin\gold_grating_1d\checkpoint.json,T_far=0; A_total includes relief and semi-infinite Au substrate
original_4N_order_sweep,gold_grating_1d,asr_r4,24,49,650.0,TE,0.8956462581709611,0.0,0.10435374182903889,4,0.001,490,420,C:\Users\tsoyu\Documents\Codex\2026-08-06\files-mentioned-by-the-user-extensions\outputs\studies\asr_1d_comparison\results\gpu_galerkin\gold_grating_1d\checkpoint.json,T_far=0; A_total includes relief and semi-infinite Au substrate
original_4N_order_sweep,gold_grating_1d,asr_r4,24,49,650.0,TM,0.6729436225695553,0.0,0.3270563774304447,4,0.001,490,420,C:\Users\tsoyu\Documents\Codex\2026-08-06\files-mentioned-by-the-user-extensions\outputs\studies\asr_1d_comparison\results\gpu_galerkin\gold_grating_1d\checkpoint.json,T_far=0; A_total includes relief and semi-infinite Au substrate
original_4N_order_sweep,gold_grating_1d,asr_r4,24,49,700.0,TE,0.9300010573511213,0.0,0.06999894264887874,4,0.001,490,420,C:\Users\tsoyu\Documents\Codex\2026-08-06\files-mentioned-by-the-user-extensions\outputs\studies\asr_1d_comparison\results\gpu_galerkin\gold_grating_1d\checkpoint.json,T_far=0; A_total includes relief and semi-infinite Au substrate
original_4N_order_sweep,gold_grating_1d,asr_r4,24,49,700.0,TM,0.759616762615239,0.0,0.24038323738476097,4,0.001,490,420,C:\Users\tsoyu\Documents\Codex\2026-08-06\files-mentioned-by-the-user-extensions\outputs\studies\asr_1d_comparison\results\gpu_galerkin\gold_grating_1d\checkpoint.json,T_far=0; A_total includes relief and semi-infinite Au substrate
original_4N_order_sweep,gold_grating_1d,asr_r4,32,65,400.0,TE,0.03788168710696598,0.0,0.9621183128930341,4,0.001,650,420,C:\Users\tsoyu\Documents\Codex\2026-08-06\files-mentioned-by-the-user-extensions\outputs\studies\asr_1d_comparison\results\gpu_galerkin\gold_grating_1d\checkpoint.json,T_far=0; A_total includes relief and semi-infinite Au substrate
original_4N_order_sweep,gold_grating_1d,asr_r4,32,65,400.0,TM,0.000844787375347542,0.0,0.9991552126246525,4,0.001,650,420,C:\Users\tsoyu\Documents\Codex\2026-08-06\files-mentioned-by-the-user-extensions\outputs\studies\asr_1d_comparison\results\gpu_galerkin\gold_grating_1d\checkpoint.json,T_far=0; A_total includes relief and semi-infinite Au substrate
original_4N_order_sweep,gold_grating_1d,asr_r4,32,65,450.0,TE,0.05448225965237186,0.0,0.9455177403476281,4,0.001,650,420,C:\Users\tsoyu\Documents\Codex\2026-08-06\files-mentioned-by-the-user-extensions\outputs\studies\asr_1d_comparison\results\gpu_galerkin\gold_grating_1d\checkpoint.json,T_far=0; A_total includes relief and semi-infinite Au substrate
original_4N_order_sweep,gold_grating_1d,asr_r4,32,65,450.0,TM,0.0009292969410156842,0.0,0.9990707030589843,4,0.001,650,420,C:\Users\tsoyu\Documents\Codex\2026-08-06\files-mentioned-by-the-user-extensions\outputs\studies\asr_1d_comparison\results\gpu_galerkin\gold_grating_1d\checkpoint.json,T_far=0; A_total includes relief and semi-infinite Au substrate
original_4N_order_sweep,gold_grating_1d,asr_r4,32,65,500.0,TE,0.09353672059928088,0.0,0.9064632794007191,4,0.001,650,420,C:\Users\tsoyu\Documents\Codex\2026-08-06\files-mentioned-by-the-user-extensions\outputs\studies\asr_1d_comparison\results\gpu_galerkin\gold_grating_1d\checkpoint.json,T_far=0; A_total includes relief and semi-infinite Au substrate
original_4N_order_sweep,gold_grating_1d,asr_r4,32,65,500.0,TM,0.0010329282818003765,0.0,0.9989670717181997,4,0.001,650,420,C:\Users\tsoyu\Documents\Codex\2026-08-06\files-mentioned-by-the-user-extensions\outputs\studies\asr_1d_comparison\results\gpu_galerkin\gold_grating_1d\checkpoint.json,T_far=0; A_total includes relief and semi-infinite Au substrate
original_4N_order_sweep,gold_grating_1d,asr_r4,32,65,550.0,TE,0.5111163860604142,0.0,0.4888836139395858,4,0.001,650,420,C:\Users\tsoyu\Documents\Codex\2026-08-06\files-mentioned-by-the-user-extensions\outputs\studies\asr_1d_comparison\results\gpu_galerkin\gold_grating_1d\checkpoint.json,T_far=0; A_total includes relief and semi-infinite Au substrate
original_4N_order_sweep,gold_grating_1d,asr_r4,32,65,550.0,TM,0.06067181769522921,0.0,0.9393281823047708,4,0.001,650,420,C:\Users\tsoyu\Documents\Codex\2026-08-06\files-mentioned-by-the-user-extensions\outputs\studies\asr_1d_comparison\results\gpu_galerkin\gold_grating_1d\checkpoint.json,T_far=0; A_total includes relief and semi-infinite Au substrate
original_4N_order_sweep,gold_grating_1d,asr_r4,32,65,600.0,TE,0.7819280788157098,0.0,0.2180719211842902,4,0.001,650,420,C:\Users\tsoyu\Documents\Codex\2026-08-06\files-mentioned-by-the-user-extensions\outputs\studies\asr_1d_comparison\results\gpu_galerkin\gold_grating_1d\checkpoint.json,T_far=0; A_total includes relief and semi-infinite Au substrate
original_4N_order_sweep,gold_grating_1d,asr_r4,32,65,600.0,TM,0.39267784825251,0.0,0.60732215174749,4,0.001,650,420,C:\Users\tsoyu\Documents\Codex\2026-08-06\files-mentioned-by-the-user-extensions\outputs\studies\asr_1d_comparison\results\gpu_galerkin\gold_grating_1d\checkpoint.json,T_far=0; A_total includes relief and semi-infinite Au substrate
original_4N_order_sweep,gold_grating_1d,asr_r4,32,65,650.0,TE,0.8956461700326317,0.0,0.1043538299673683,4,0.001,650,420,C:\Users\tsoyu\Documents\Codex\2026-08-06\files-mentioned-by-the-user-extensions\outputs\studies\asr_1d_comparison\results\gpu_galerkin\gold_grating_1d\checkpoint.json,T_far=0; A_total includes relief and semi-infinite Au substrate
original_4N_order_sweep,gold_grating_1d,asr_r4,32,65,650.0,TM,0.6763304710724942,0.0,0.3236695289275058,4,0.001,650,420,C:\Users\tsoyu\Documents\Codex\2026-08-06\files-mentioned-by-the-user-extensions\outputs\studies\asr_1d_comparison\results\gpu_galerkin\gold_grating_1d\checkpoint.json,T_far=0; A_total includes relief and semi-infinite Au substrate
original_4N_order_sweep,gold_grating_1d,asr_r4,32,65,700.0,TE,0.930000987218057,0.0,0.06999901278194298,4,0.001,650,420,C:\Users\tsoyu\Documents\Codex\2026-08-06\files-mentioned-by-the-user-extensions\outputs\studies\asr_1d_comparison\results\gpu_galerkin\gold_grating_1d\checkpoint.json,T_far=0; A_total includes relief and semi-infinite Au substrate
original_4N_order_sweep,gold_grating_1d,asr_r4,32,65,700.0,TM,0.7630259392307166,0.0,0.2369740607692834,4,0.001,650,420,C:\Users\tsoyu\Documents\Codex\2026-08-06\files-mentioned-by-the-user-extensions\outputs\studies\asr_1d_comparison\results\gpu_galerkin\gold_grating_1d\checkpoint.json,T_far=0; A_total includes relief and semi-infinite Au substrate
original_4N_order_sweep,gold_grating_1d,asr_r4,40,81,400.0,TE,0.03788166490372037,0.0,0.9621183350962796,4,0.001,810,420,C:\Users\tsoyu\Documents\Codex\2026-08-06\files-mentioned-by-the-user-extensions\outputs\studies\asr_1d_comparison\results\gpu_galerkin\gold_grating_1d\checkpoint.json,T_far=0; A_total includes relief and semi-infinite Au substrate
original_4N_order_sweep,gold_grating_1d,asr_r4,40,81,400.0,TM,0.0008489424424834903,0.0,0.9991510575575165,4,0.001,810,420,C:\Users\tsoyu\Documents\Codex\2026-08-06\files-mentioned-by-the-user-extensions\outputs\studies\asr_1d_comparison\results\gpu_galerkin\gold_grating_1d\checkpoint.json,T_far=0; A_total includes relief and semi-infinite Au substrate
original_4N_order_sweep,gold_grating_1d,asr_r4,40,81,450.0,TE,0.05448223885564822,0.0,0.9455177611443518,4,0.001,810,420,C:\Users\tsoyu\Documents\Codex\2026-08-06\files-mentioned-by-the-user-extensions\outputs\studies\asr_1d_comparison\results\gpu_galerkin\gold_grating_1d\checkpoint.json,T_far=0; A_total includes relief and semi-infinite Au substrate
original_4N_order_sweep,gold_grating_1d,asr_r4,40,81,450.0,TM,0.0009259129877010828,0.0,0.9990740870122989,4,0.001,810,420,C:\Users\tsoyu\Documents\Codex\2026-08-06\files-mentioned-by-the-user-extensions\outputs\studies\asr_1d_comparison\results\gpu_galerkin\gold_grating_1d\checkpoint.json,T_far=0; A_total includes relief and semi-infinite Au substrate
original_4N_order_sweep,gold_grating_1d,asr_r4,40,81,500.0,TE,0.0935367027211613,0.0,0.9064632972788387,4,0.001,810,420,C:\Users\tsoyu\Documents\Codex\2026-08-06\files-mentioned-by-the-user-extensions\outputs\studies\asr_1d_comparison\results\gpu_galerkin\gold_grating_1d\checkpoint.json,T_far=0; A_total includes relief and semi-infinite Au substrate
original_4N_order_sweep,gold_grating_1d,asr_r4,40,81,500.0,TM,0.0010259049110350838,0.0,0.998974095088965,4,0.001,810,420,C:\Users\tsoyu\Documents\Codex\2026-08-06\files-mentioned-by-the-user-extensions\outputs\studies\asr_1d_comparison\results\gpu_galerkin\gold_grating_1d\checkpoint.json,T_far=0; A_total includes relief and semi-infinite Au substrate
original_4N_order_sweep,gold_grating_1d,asr_r4,40,81,550.0,TE,0.51111634562192,0.0,0.48888365437808,4,0.001,810,420,C:\Users\tsoyu\Documents\Codex\2026-08-06\files-mentioned-by-the-user-extensions\outputs\studies\asr_1d_comparison\results\gpu_galerkin\gold_grating_1d\checkpoint.json,T_far=0; A_total includes relief and semi-infinite Au substrate
original_4N_order_sweep,gold_grating_1d,asr_r4,40,81,550.0,TM,0.059865541601758956,0.0,0.9401344583982411,4,0.001,810,420,C:\Users\tsoyu\Documents\Codex\2026-08-06\files-mentioned-by-the-user-extensions\outputs\studies\asr_1d_comparison\results\gpu_galerkin\gold_grating_1d\checkpoint.json,T_far=0; A_total includes relief and semi-infinite Au substrate
original_4N_order_sweep,gold_grating_1d,asr_r4,40,81,600.0,TE,0.7819280464573161,0.0,0.21807195354268394,4,0.001,810,420,C:\Users\tsoyu\Documents\Codex\2026-08-06\files-mentioned-by-the-user-extensions\outputs\studies\asr_1d_comparison\results\gpu_galerkin\gold_grating_1d\checkpoint.json,T_far=0; A_total includes relief and semi-infinite Au substrate
original_4N_order_sweep,gold_grating_1d,asr_r4,40,81,600.0,TM,0.39262222565743554,0.0,0.6073777743425645,4,0.001,810,420,C:\Users\tsoyu\Documents\Codex\2026-08-06\files-mentioned-by-the-user-extensions\outputs\studies\asr_1d_comparison\results\gpu_galerkin\gold_grating_1d\checkpoint.json,T_far=0; A_total includes relief and semi-infinite Au substrate
original_4N_order_sweep,gold_grating_1d,asr_r4,40,81,650.0,TE,0.8956461488866924,0.0,0.10435385111330764,4,0.001,810,420,C:\Users\tsoyu\Documents\Codex\2026-08-06\files-mentioned-by-the-user-extensions\outputs\studies\asr_1d_comparison\results\gpu_galerkin\gold_grating_1d\checkpoint.json,T_far=0; A_total includes relief and semi-infinite Au substrate
original_4N_order_sweep,gold_grating_1d,asr_r4,40,81,650.0,TM,0.6777306462674672,0.0,0.32226935373253285,4,0.001,810,420,C:\Users\tsoyu\Documents\Codex\2026-08-06\files-mentioned-by-the-user-extensions\outputs\studies\asr_1d_comparison\results\gpu_galerkin\gold_grating_1d\checkpoint.json,T_far=0; A_total includes relief and semi-infinite Au substrate
original_4N_order_sweep,gold_grating_1d,asr_r4,40,81,700.0,TE,0.9300009706169736,0.0,0.06999902938302638,4,0.001,810,420,C:\Users\tsoyu\Documents\Codex\2026-08-06\files-mentioned-by-the-user-extensions\outputs\studies\asr_1d_comparison\results\gpu_galerkin\gold_grating_1d\checkpoint.json,T_far=0; A_total includes relief and semi-infinite Au substrate
original_4N_order_sweep,gold_grating_1d,asr_r4,40,81,700.0,TM,0.7654395441229569,0.0,0.2345604558770431,4,0.001,810,420,C:\Users\tsoyu\Documents\Codex\2026-08-06\files-mentioned-by-the-user-extensions\outputs\studies\asr_1d_comparison\results\gpu_galerkin\gold_grating_1d\checkpoint.json,T_far=0; A_total includes relief and semi-infinite Au substrate
original_4N_order_sweep,gold_grating_1d,asr_r4,48,97,400.0,TE,0.037881654281540125,0.0,0.9621183457184599,4,0.001,970,420,C:\Users\tsoyu\Documents\Codex\2026-08-06\files-mentioned-by-the-user-extensions\outputs\studies\asr_1d_comparison\results\gpu_galerkin\gold_grating_1d\checkpoint.json,T_far=0; A_total includes relief and semi-infinite Au substrate
original_4N_order_sweep,gold_grating_1d,asr_r4,48,97,400.0,TM,0.0008500197845075866,0.0,0.9991499802154924,4,0.001,970,420,C:\Users\tsoyu\Documents\Codex\2026-08-06\files-mentioned-by-the-user-extensions\outputs\studies\asr_1d_comparison\results\gpu_galerkin\gold_grating_1d\checkpoint.json,T_far=0; A_total includes relief and semi-infinite Au substrate
original_4N_order_sweep,gold_grating_1d,asr_r4,48,97,450.0,TE,0.05448222880218447,0.0,0.9455177711978155,4,0.001,970,420,C:\Users\tsoyu\Documents\Codex\2026-08-06\files-mentioned-by-the-user-extensions\outputs\studies\asr_1d_comparison\results\gpu_galerkin\gold_grating_1d\checkpoint.json,T_far=0; A_total includes relief and semi-infinite Au substrate
original_4N_order_sweep,gold_grating_1d,asr_r4,48,97,450.0,TM,0.0009269200605320028,0.0,0.999073079939468,4,0.001,970,420,C:\Users\tsoyu\Documents\Codex\2026-08-06\files-mentioned-by-the-user-extensions\outputs\studies\asr_1d_comparison\results\gpu_galerkin\gold_grating_1d\checkpoint.json,T_far=0; A_total includes relief and semi-infinite Au substrate
original_4N_order_sweep,gold_grating_1d,asr_r4,48,97,500.0,TE,0.09353669414257494,0.0,0.9064633058574251,4,0.001,970,420,C:\Users\tsoyu\Documents\Codex\2026-08-06\files-mentioned-by-the-user-extensions\outputs\studies\asr_1d_comparison\results\gpu_galerkin\gold_grating_1d\checkpoint.json,T_far=0; A_total includes relief and semi-infinite Au substrate
original_4N_order_sweep,gold_grating_1d,asr_r4,48,97,500.0,TM,0.0010249006732561895,0.0,0.9989750993267438,4,0.001,970,420,C:\Users\tsoyu\Documents\Codex\2026-08-06\files-mentioned-by-the-user-extensions\outputs\studies\asr_1d_comparison\results\gpu_galerkin\gold_grating_1d\checkpoint.json,T_far=0; A_total includes relief and semi-infinite Au substrate
original_4N_order_sweep,gold_grating_1d,asr_r4,48,97,550.0,TE,0.5111163264305513,0.0,0.48888367356944873,4,0.001,970,420,C:\Users\tsoyu\Documents\Codex\2026-08-06\files-mentioned-by-the-user-extensions\outputs\studies\asr_1d_comparison\results\gpu_galerkin\gold_grating_1d\checkpoint.json,T_far=0; A_total includes relief and semi-infinite Au substrate
original_4N_order_sweep,gold_grating_1d,asr_r4,48,97,550.0,TM,0.06054218226040735,0.0,0.9394578177395927,4,0.001,970,420,C:\Users\tsoyu\Documents\Codex\2026-08-06\files-mentioned-by-the-user-extensions\outputs\studies\asr_1d_comparison\results\gpu_galerkin\gold_grating_1d\checkpoint.json,T_far=0; A_total includes relief and semi-infinite Au substrate
original_4N_order_sweep,gold_grating_1d,asr_r4,48,97,600.0,TE,0.7819280308163772,0.0,0.21807196918362282,4,0.001,970,420,C:\Users\tsoyu\Documents\Codex\2026-08-06\files-mentioned-by-the-user-extensions\outputs\studies\asr_1d_comparison\results\gpu_galerkin\gold_grating_1d\checkpoint.json,T_far=0; A_total includes relief and semi-infinite Au substrate
original_4N_order_sweep,gold_grating_1d,asr_r4,48,97,600.0,TM,0.3939769385084918,0.0,0.6060230614915082,4,0.001,970,420,C:\Users\tsoyu\Documents\Codex\2026-08-06\files-mentioned-by-the-user-extensions\outputs\studies\asr_1d_comparison\results\gpu_galerkin\gold_grating_1d\checkpoint.json,T_far=0; A_total includes relief and semi-infinite Au substrate
original_4N_order_sweep,gold_grating_1d,asr_r4,48,97,650.0,TE,0.8956461385264068,0.0,0.10435386147359316,4,0.001,970,420,C:\Users\tsoyu\Documents\Codex\2026-08-06\files-mentioned-by-the-user-extensions\outputs\studies\asr_1d_comparison\results\gpu_galerkin\gold_grating_1d\checkpoint.json,T_far=0; A_total includes relief and semi-infinite Au substrate
original_4N_order_sweep,gold_grating_1d,asr_r4,48,97,650.0,TM,0.6787852200314112,0.0,0.3212147799685888,4,0.001,970,420,C:\Users\tsoyu\Documents\Codex\2026-08-06\files-mentioned-by-the-user-extensions\outputs\studies\asr_1d_comparison\results\gpu_galerkin\gold_grating_1d\checkpoint.json,T_far=0; A_total includes relief and semi-infinite Au substrate
original_4N_order_sweep,gold_grating_1d,asr_r4,48,97,700.0,TE,0.9300009631448646,0.0,0.06999903685513542,4,0.001,970,420,C:\Users\tsoyu\Documents\Codex\2026-08-06\files-mentioned-by-the-user-extensions\outputs\studies\asr_1d_comparison\results\gpu_galerkin\gold_grating_1d\checkpoint.json,T_far=0; A_total includes relief and semi-infinite Au substrate
original_4N_order_sweep,gold_grating_1d,asr_r4,48,97,700.0,TM,0.7667475366012101,0.0,0.2332524633987899,4,0.001,970,420,C:\Users\tsoyu\Documents\Codex\2026-08-06\files-mentioned-by-the-user-extensions\outputs\studies\asr_1d_comparison\results\gpu_galerkin\gold_grating_1d\checkpoint.json,T_far=0; A_total includes relief and semi-infinite Au substrate
original_4N_order_sweep,pmma_gold_grating_1d,li,2,5,400,TE,0.17900648491987278,2.4718740090060274e-05,0.8209687963400372,1,,0,300,C:\Users\tsoyu\Documents\Codex\2026-08-06\files-mentioned-by-the-user-extensions\outputs\studies\asr_1d_comparison\results\gpu_galerkin\pmma_gold_grating_1d\checkpoint.json,T is port power into lossless PMMA substrate; A=1-R-T
original_4N_order_sweep,pmma_gold_grating_1d,li,2,5,400,TM,0.03501696670129623,0.034311251315840945,0.9306717819828628,1,,0,300,C:\Users\tsoyu\Documents\Codex\2026-08-06\files-mentioned-by-the-user-extensions\outputs\studies\asr_1d_comparison\results\gpu_galerkin\pmma_gold_grating_1d\checkpoint.json,T is port power into lossless PMMA substrate; A=1-R-T
original_4N_order_sweep,pmma_gold_grating_1d,li,2,5,450,TE,0.17763178536276705,7.750767245605376e-05,0.8222907069647769,1,,0,300,C:\Users\tsoyu\Documents\Codex\2026-08-06\files-mentioned-by-the-user-extensions\outputs\studies\asr_1d_comparison\results\gpu_galerkin\pmma_gold_grating_1d\checkpoint.json,T is port power into lossless PMMA substrate; A=1-R-T
original_4N_order_sweep,pmma_gold_grating_1d,li,2,5,450,TM,0.043919041321030854,0.06273153507189293,0.8933494236070763,1,,0,300,C:\Users\tsoyu\Documents\Codex\2026-08-06\files-mentioned-by-the-user-extensions\outputs\studies\asr_1d_comparison\results\gpu_galerkin\pmma_gold_grating_1d\checkpoint.json,T is port power into lossless PMMA substrate; A=1-R-T
original_4N_order_sweep,pmma_gold_grating_1d,li,2,5,500,TE,0.18929092106381318,0.0009798879275419103,0.8097291910086449,1,,0,300,C:\Users\tsoyu\Documents\Codex\2026-08-06\files-mentioned-by-the-user-extensions\outputs\studies\asr_1d_comparison\results\gpu_galerkin\pmma_gold_grating_1d\checkpoint.json,T is port power into lossless PMMA substrate; A=1-R-T
original_4N_order_sweep,pmma_gold_grating_1d,li,2,5,500,TM,0.055179533626582726,0.08834548644370241,0.8564749799297149,1,,0,300,C:\Users\tsoyu\Documents\Codex\2026-08-06\files-mentioned-by-the-user-extensions\outputs\studies\asr_1d_comparison\results\gpu_galerkin\pmma_gold_grating_1d\checkpoint.json,T is port power into lossless PMMA substrate; A=1-R-T
original_4N_order_sweep,pmma_gold_grating_1d,li,2,5,550,TE,0.5698386517265374,0.0005138467795381638,0.4296475014939245,1,,0,300,C:\Users\tsoyu\Documents\Codex\2026-08-06\files-mentioned-by-the-user-extensions\outputs\studies\asr_1d_comparison\results\gpu_galerkin\pmma_gold_grating_1d\checkpoint.json,T is port power into lossless PMMA substrate; A=1-R-T
original_4N_order_sweep,pmma_gold_grating_1d,li,2,5,550,TM,0.11080930357729085,0.1905507671263942,0.698639929296315,1,,0,300,C:\Users\tsoyu\Documents\Codex\2026-08-06\files-mentioned-by-the-user-extensions\outputs\studies\asr_1d_comparison\results\gpu_galerkin\pmma_gold_grating_1d\checkpoint.json,T is port power into lossless PMMA substrate; A=1-R-T
original_4N_order_sweep,pmma_gold_grating_1d,li,2,5,600,TE,0.8241197143466121,2.5515216774948403e-05,0.17585477043661293,1,,0,300,C:\Users\tsoyu\Documents\Codex\2026-08-06\files-mentioned-by-the-user-extensions\outputs\studies\asr_1d_comparison\results\gpu_galerkin\pmma_gold_grating_1d\checkpoint.json,T is port power into lossless PMMA substrate; A=1-R-T
original_4N_order_sweep,pmma_gold_grating_1d,li,2,5,600,TM,0.05589460674198368,0.2582522727070419,0.6858531205509745,1,,0,300,C:\Users\tsoyu\Documents\Codex\2026-08-06\files-mentioned-by-the-user-extensions\outputs\studies\asr_1d_comparison\results\gpu_galerkin\pmma_gold_grating_1d\checkpoint.json,T is port power into lossless PMMA substrate; A=1-R-T
original_4N_order_sweep,pmma_gold_grating_1d,li,2,5,650,TE,0.9198285770576465,2.8481686387215806e-06,0.08016857477371474,1,,0,300,C:\Users\tsoyu\Documents\Codex\2026-08-06\files-mentioned-by-the-user-extensions\outputs\studies\asr_1d_comparison\results\gpu_galerkin\pmma_gold_grating_1d\checkpoint.json,T is port power into lossless PMMA substrate; A=1-R-T
original_4N_order_sweep,pmma_gold_grating_1d,li,2,5,650,TM,0.25772369274673723,0.2651086293032508,0.47716767795001197,1,,0,300,C:\Users\tsoyu\Documents\Codex\2026-08-06\files-mentioned-by-the-user-extensions\outputs\studies\asr_1d_comparison\results\gpu_galerkin\pmma_gold_grating_1d\checkpoint.json,T is port power into lossless PMMA substrate; A=1-R-T
original_4N_order_sweep,pmma_gold_grating_1d,li,2,5,700,TE,0.9476410029535787,6.421842642056237e-07,0.052358354862157126,1,,0,300,C:\Users\tsoyu\Documents\Codex\2026-08-06\files-mentioned-by-the-user-extensions\outputs\studies\asr_1d_comparison\results\gpu_galerkin\pmma_gold_grating_1d\checkpoint.json,T is port power into lossless PMMA substrate; A=1-R-T
original_4N_order_sweep,pmma_gold_grating_1d,li,2,5,700,TM,0.48755262333594374,0.28472623119631013,0.22772114546774613,1,,0,300,C:\Users\tsoyu\Documents\Codex\2026-08-06\files-mentioned-by-the-user-extensions\outputs\studies\asr_1d_comparison\results\gpu_galerkin\pmma_gold_grating_1d\checkpoint.json,T is port power into lossless PMMA substrate; A=1-R-T
original_4N_order_sweep,pmma_gold_grating_1d,li,4,9,400,TE,0.17608674960757767,3.411713825632392e-05,0.8238791332541661,1,,0,300,C:\Users\tsoyu\Documents\Codex\2026-08-06\files-mentioned-by-the-user-extensions\outputs\studies\asr_1d_comparison\results\gpu_galerkin\pmma_gold_grating_1d\checkpoint.json,T is port power into lossless PMMA substrate; A=1-R-T
original_4N_order_sweep,pmma_gold_grating_1d,li,4,9,400,TM,0.03256564602833126,0.029809679631753575,0.9376246743399151,1,,0,300,C:\Users\tsoyu\Documents\Codex\2026-08-06\files-mentioned-by-the-user-extensions\outputs\studies\asr_1d_comparison\results\gpu_galerkin\pmma_gold_grating_1d\checkpoint.json,T is port power into lossless PMMA substrate; A=1-R-T
original_4N_order_sweep,pmma_gold_grating_1d,li,4,9,450,TE,0.17480549285104952,9.528083956484147e-05,0.8250992263093856,1,,0,300,C:\Users\tsoyu\Documents\Codex\2026-08-06\files-mentioned-by-the-user-extensions\outputs\studies\asr_1d_comparison\results\gpu_galerkin\pmma_gold_grating_1d\checkpoint.json,T is port power into lossless PMMA substrate; A=1-R-T
original_4N_order_sweep,pmma_gold_grating_1d,li,4,9,450,TM,0.04418951026073164,0.05612881803372718,0.8996816717055413,1,,0,300,C:\Users\tsoyu\Documents\Codex\2026-08-06\files-mentioned-by-the-user-extensions\outputs\studies\asr_1d_comparison\results\gpu_galerkin\pmma_gold_grating_1d\checkpoint.json,T is port power into lossless PMMA substrate; A=1-R-T
original_4N_order_sweep,pmma_gold_grating_1d,li,4,9,500,TE,0.18526750803163458,0.0011458541800417681,0.8135866377883236,1,,0,300,C:\Users\tsoyu\Documents\Codex\2026-08-06\files-mentioned-by-the-user-extensions\outputs\studies\asr_1d_comparison\results\gpu_galerkin\pmma_gold_grating_1d\checkpoint.json,T is port power into lossless PMMA substrate; A=1-R-T
original_4N_order_sweep,pmma_gold_grating_1d,li,4,9,500,TM,0.05310794030616474,0.08583801693611573,0.8610540427577196,1,,0,300,C:\Users\tsoyu\Documents\Codex\2026-08-06\files-mentioned-by-the-user-extensions\outputs\studies\asr_1d_comparison\results\gpu_galerkin\pmma_gold_grating_1d\checkpoint.json,T is port power into lossless PMMA substrate; A=1-R-T
original_4N_order_sweep,pmma_gold_grating_1d,li,4,9,550,TE,0.5641208360414102,0.0006612003436040437,0.43521796361498577,1,,0,300,C:\Users\tsoyu\Documents\Codex\2026-08-06\files-mentioned-by-the-user-extensions\outputs\studies\asr_1d_comparison\results\gpu_galerkin\pmma_gold_grating_1d\checkpoint.json,T is port power into lossless PMMA substrate; A=1-R-T
original_4N_order_sweep,pmma_gold_grating_1d,li,4,9,550,TM,0.0849003450480416,0.2038988304489377,0.7112008245030208,1,,0,300,C:\Users\tsoyu\Documents\Codex\2026-08-06\files-mentioned-by-the-user-extensions\outputs\studies\asr_1d_comparison\results\gpu_galerkin\pmma_gold_grating_1d\checkpoint.json,T is port power into lossless PMMA substrate; A=1-R-T
original_4N_order_sweep,pmma_gold_grating_1d,li,4,9,600,TE,0.8226841502801677,3.3712262002252886e-05,0.17728213745783003,1,,0,300,C:\Users\tsoyu\Documents\Codex\2026-08-06\files-mentioned-by-the-user-extensions\outputs\studies\asr_1d_comparison\results\gpu_galerkin\pmma_gold_grating_1d\checkpoint.json,T is port power into lossless PMMA substrate; A=1-R-T
original_4N_order_sweep,pmma_gold_grating_1d,li,4,9,600,TM,0.03453759121290206,0.2842660962561342,0.6811963125309638,1,,0,300,C:\Users\tsoyu\Documents\Codex\2026-08-06\files-mentioned-by-the-user-extensions\outputs\studies\asr_1d_comparison\results\gpu_galerkin\pmma_gold_grating_1d\checkpoint.json,T is port power into lossless PMMA substrate; A=1-R-T
original_4N_order_sweep,pmma_gold_grating_1d,li,4,9,650,TE,0.919454533034853,3.7929414060341547e-06,0.08054167402374093,1,,0,300,C:\Users\tsoyu\Documents\Codex\2026-08-06\files-mentioned-by-the-user-extensions\outputs\studies\asr_1d_comparison\results\gpu_galerkin\pmma_gold_grating_1d\checkpoint.json,T is port power into lossless PMMA substrate; A=1-R-T
original_4N_order_sweep,pmma_gold_grating_1d,li,4,9,650,TM,0.2207543033452867,0.33421832872765955,0.4450273679270538,1,,0,300,C:\Users\tsoyu\Documents\Codex\2026-08-06\files-mentioned-by-the-user-extensions\outputs\studies\asr_1d_comparison\results\gpu_galerkin\pmma_gold_grating_1d\checkpoint.json,T is port power into lossless PMMA substrate; A=1-R-T
original_4N_order_sweep,pmma_gold_grating_1d,li,4,9,700,TE,0.9474996333641881,8.582161876108726e-07,0.052499508419624315,1,,0,300,C:\Users\tsoyu\Documents\Codex\2026-08-06\files-mentioned-by-the-user-extensions\outputs\studies\asr_1d_comparison\results\gpu_galerkin\pmma_gold_grating_1d\checkpoint.json,T is port power into lossless PMMA substrate; A=1-R-T
original_4N_order_sweep,pmma_gold_grating_1d,li,4,9,700,TM,0.556394378644216,0.16269342292781722,0.2809121984279668,1,,0,300,C:\Users\tsoyu\Documents\Codex\2026-08-06\files-mentioned-by-the-user-extensions\outputs\studies\asr_1d_comparison\results\gpu_galerkin\pmma_gold_grating_1d\checkpoint.json,T is port power into lossless PMMA substrate; A=1-R-T
original_4N_order_sweep,pmma_gold_grating_1d,li,8,17,400,TE,0.1759952719207557,3.4695914697189776e-05,0.8239700321645471,1,,0,300,C:\Users\tsoyu\Documents\Codex\2026-08-06\files-mentioned-by-the-user-extensions\outputs\studies\asr_1d_comparison\results\gpu_galerkin\pmma_gold_grating_1d\checkpoint.json,T is port power into lossless PMMA substrate; A=1-R-T
original_4N_order_sweep,pmma_gold_grating_1d,li,8,17,400,TM,0.03296824509301911,0.031639933744914896,0.935391821162066,1,,0,300,C:\Users\tsoyu\Documents\Codex\2026-08-06\files-mentioned-by-the-user-extensions\outputs\studies\asr_1d_comparison\results\gpu_galerkin\pmma_gold_grating_1d\checkpoint.json,T is port power into lossless PMMA substrate; A=1-R-T
original_4N_order_sweep,pmma_gold_grating_1d,li,8,17,450,TE,0.17471342932647205,9.637591589469454e-05,0.8251901947576332,1,,0,300,C:\Users\tsoyu\Documents\Codex\2026-08-06\files-mentioned-by-the-user-extensions\outputs\studies\asr_1d_comparison\results\gpu_galerkin\pmma_gold_grating_1d\checkpoint.json,T is port power into lossless PMMA substrate; A=1-R-T
original_4N_order_sweep,pmma_gold_grating_1d,li,8,17,450,TM,0.04536698202309389,0.05783984843709648,0.8967931695398097,1,,0,300,C:\Users\tsoyu\Documents\Codex\2026-08-06\files-mentioned-by-the-user-extensions\outputs\studies\asr_1d_comparison\results\gpu_galerkin\pmma_gold_grating_1d\checkpoint.json,T is port power into lossless PMMA substrate; A=1-R-T
original_4N_order_sweep,pmma_gold_grating_1d,li,8,17,500,TE,0.1851266037133962,0.001155931086718826,0.813717465199885,1,,0,300,C:\Users\tsoyu\Documents\Codex\2026-08-06\files-mentioned-by-the-user-extensions\outputs\studies\asr_1d_comparison\results\gpu_galerkin\pmma_gold_grating_1d\checkpoint.json,T is port power into lossless PMMA substrate; A=1-R-T
original_4N_order_sweep,pmma_gold_grating_1d,li,8,17,500,TM,0.05396489787949333,0.08665126596230324,0.8593838361582035,1,,0,300,C:\Users\tsoyu\Documents\Codex\2026-08-06\files-mentioned-by-the-user-extensions\outputs\studies\asr_1d_comparison\results\gpu_galerkin\pmma_gold_grating_1d\checkpoint.json,T is port power into lossless PMMA substrate; A=1-R-T
original_4N_order_sweep,pmma_gold_grating_1d,li,8,17,550,TE,0.5638782862400716,0.0006705763251258338,0.4354511374348025,1,,0,300,C:\Users\tsoyu\Documents\Codex\2026-08-06\files-mentioned-by-the-user-extensions\outputs\studies\asr_1d_comparison\results\gpu_galerkin\pmma_gold_grating_1d\checkpoint.json,T is port power into lossless PMMA substrate; A=1-R-T
original_4N_order_sweep,pmma_gold_grating_1d,li,8,17,550,TM,0.07487964071443978,0.19241767810926633,0.7327026811762939,1,,0,300,C:\Users\tsoyu\Documents\Codex\2026-08-06\files-mentioned-by-the-user-extensions\outputs\studies\asr_1d_comparison\results\gpu_galerkin\pmma_gold_grating_1d\checkpoint.json,T is port power into lossless PMMA substrate; A=1-R-T
original_4N_order_sweep,pmma_gold_grating_1d,li,8,17,600,TE,0.8226458867410713,3.4226405742220496e-05,0.17731988685318648,1,,0,300,C:\Users\tsoyu\Documents\Codex\2026-08-06\files-mentioned-by-the-user-extensions\outputs\studies\asr_1d_comparison\results\gpu_galerkin\pmma_gold_grating_1d\checkpoint.json,T is port power into lossless PMMA substrate; A=1-R-T
original_4N_order_sweep,pmma_gold_grating_1d,li,8,17,600,TM,0.027995201833251472,0.2964554409036216,0.675549357263127,1,,0,300,C:\Users\tsoyu\Documents\Codex\2026-08-06\files-mentioned-by-the-user-extensions\outputs\studies\asr_1d_comparison\results\gpu_galerkin\pmma_gold_grating_1d\checkpoint.json,T is port power into lossless PMMA substrate; A=1-R-T
original_4N_order_sweep,pmma_gold_grating_1d,li,8,17,650,TE,0.9194567577146497,3.851786538271975e-06,0.08053939049881198,1,,0,300,C:\Users\tsoyu\Documents\Codex\2026-08-06\files-mentioned-by-the-user-extensions\outputs\studies\asr_1d_comparison\results\gpu_galerkin\pmma_gold_grating_1d\checkpoint.json,T is port power into lossless PMMA substrate; A=1-R-T
original_4N_order_sweep,pmma_gold_grating_1d,li,8,17,650,TM,0.21730866548270145,0.3290221817487166,0.45366915276858194,1,,0,300,C:\Users\tsoyu\Documents\Codex\2026-08-06\files-mentioned-by-the-user-extensions\outputs\studies\asr_1d_comparison\results\gpu_galerkin\pmma_gold_grating_1d\checkpoint.json,T is port power into lossless PMMA substrate; A=1-R-T
original_4N_order_sweep,pmma_gold_grating_1d,li,8,17,700,TE,0.947508577345869,8.716465134221016e-07,0.05249055100761756,1,,0,300,C:\Users\tsoyu\Documents\Codex\2026-08-06\files-mentioned-by-the-user-extensions\outputs\studies\asr_1d_comparison\results\gpu_galerkin\pmma_gold_grating_1d\checkpoint.json,T is port power into lossless PMMA substrate; A=1-R-T
original_4N_order_sweep,pmma_gold_grating_1d,li,8,17,700,TM,0.4757686379336707,0.256938515986042,0.26729284608028725,1,,0,300,C:\Users\tsoyu\Documents\Codex\2026-08-06\files-mentioned-by-the-user-extensions\outputs\studies\asr_1d_comparison\results\gpu_galerkin\pmma_gold_grating_1d\checkpoint.json,T is port power into lossless PMMA substrate; A=1-R-T
original_4N_order_sweep,pmma_gold_grating_1d,li,12,25,400,TE,0.17596061708519017,3.4875263750973916e-05,0.8240045076510588,1,,0,300,C:\Users\tsoyu\Documents\Codex\2026-08-06\files-mentioned-by-the-user-extensions\outputs\studies\asr_1d_comparison\results\gpu_galerkin\pmma_gold_grating_1d\checkpoint.json,T is port power into lossless PMMA substrate; A=1-R-T
original_4N_order_sweep,pmma_gold_grating_1d,li,12,25,400,TM,0.0328973649361844,0.0311394853518142,0.9359631497120013,1,,0,300,C:\Users\tsoyu\Documents\Codex\2026-08-06\files-mentioned-by-the-user-extensions\outputs\studies\asr_1d_comparison\results\gpu_galerkin\pmma_gold_grating_1d\checkpoint.json,T is port power into lossless PMMA substrate; A=1-R-T
original_4N_order_sweep,pmma_gold_grating_1d,li,12,25,450,TE,0.1746825582776982,9.670093937890934e-05,0.825220740782923,1,,0,300,C:\Users\tsoyu\Documents\Codex\2026-08-06\files-mentioned-by-the-user-extensions\outputs\studies\asr_1d_comparison\results\gpu_galerkin\pmma_gold_grating_1d\checkpoint.json,T is port power into lossless PMMA substrate; A=1-R-T
original_4N_order_sweep,pmma_gold_grating_1d,li,12,25,450,TM,0.04496243304144262,0.05726098044927341,0.8977765865092839,1,,0,300,C:\Users\tsoyu\Documents\Codex\2026-08-06\files-mentioned-by-the-user-extensions\outputs\studies\asr_1d_comparison\results\gpu_galerkin\pmma_gold_grating_1d\checkpoint.json,T is port power into lossless PMMA substrate; A=1-R-T
original_4N_order_sweep,pmma_gold_grating_1d,li,12,25,500,TE,0.18507922137326688,0.0011591217635892213,0.813761656863144,1,,0,300,C:\Users\tsoyu\Documents\Codex\2026-08-06\files-mentioned-by-the-user-extensions\outputs\studies\asr_1d_comparison\results\gpu_galerkin\pmma_gold_grating_1d\checkpoint.json,T is port power into lossless PMMA substrate; A=1-R-T
original_4N_order_sweep,pmma_gold_grating_1d,li,12,25,500,TM,0.05309712015153616,0.08666710271834469,0.8602357771301192,1,,0,300,C:\Users\tsoyu\Documents\Codex\2026-08-06\files-mentioned-by-the-user-extensions\outputs\studies\asr_1d_comparison\results\gpu_galerkin\pmma_gold_grating_1d\checkpoint.json,T is port power into lossless PMMA substrate; A=1-R-T
original_4N_order_sweep,pmma_gold_grating_1d,li,12,25,550,TE,0.5637966794563747,0.0006737642453927378,0.4355295562982326,1,,0,300,C:\Users\tsoyu\Documents\Codex\2026-08-06\files-mentioned-by-the-user-extensions\outputs\studies\asr_1d_comparison\results\gpu_galerkin\pmma_gold_grating_1d\checkpoint.json,T is port power into lossless PMMA substrate; A=1-R-T
original_4N_order_sweep,pmma_gold_grating_1d,li,12,25,550,TM,0.07018824583643613,0.20054560635492016,0.7292661478086437,1,,0,300,C:\Users\tsoyu\Documents\Codex\2026-08-06\files-mentioned-by-the-user-extensions\outputs\studies\asr_1d_comparison\results\gpu_galerkin\pmma_gold_grating_1d\checkpoint.json,T is port power into lossless PMMA substrate; A=1-R-T
original_4N_order_sweep,pmma_gold_grating_1d,li,12,25,600,TE,0.8226310158467313,3.4407975356397276e-05,0.17733457617791235,1,,0,300,C:\Users\tsoyu\Documents\Codex\2026-08-06\files-mentioned-by-the-user-extensions\outputs\studies\asr_1d_comparison\results\gpu_galerkin\pmma_gold_grating_1d\checkpoint.json,T is port power into lossless PMMA substrate; A=1-R-T
original_4N_order_sweep,pmma_gold_grating_1d,li,12,25,600,TM,0.02318106986340998,0.3033969623617623,0.6734219677748278,1,,0,300,C:\Users\tsoyu\Documents\Codex\2026-08-06\files-mentioned-by-the-user-extensions\outputs\studies\asr_1d_comparison\results\gpu_galerkin\pmma_gold_grating_1d\checkpoint.json,T is port power into lossless PMMA substrate; A=1-R-T
original_4N_order_sweep,pmma_gold_grating_1d,li,12,25,650,TE,0.9194556503917495,3.873091276964593e-06,0.08054047651697356,1,,0,300,C:\Users\tsoyu\Documents\Codex\2026-08-06\files-mentioned-by-the-user-extensions\outputs\studies\asr_1d_comparison\results\gpu_galerkin\pmma_gold_grating_1d\checkpoint.json,T is port power into lossless PMMA substrate; A=1-R-T
original_4N_order_sweep,pmma_gold_grating_1d,li,12,25,650,TM,0.19277153945809852,0.3640201039122659,0.44320835662963554,1,,0,300,C:\Users\tsoyu\Documents\Codex\2026-08-06\files-mentioned-by-the-user-extensions\outputs\studies\asr_1d_comparison\results\gpu_galerkin\pmma_gold_grating_1d\checkpoint.json,T is port power into lossless PMMA substrate; A=1-R-T
original_4N_order_sweep,pmma_gold_grating_1d,li,12,25,700,TE,0.9475099265643544,8.765792519999923e-07,0.052489196856393604,1,,0,300,C:\Users\tsoyu\Documents\Codex\2026-08-06\files-mentioned-by-the-user-extensions\outputs\studies\asr_1d_comparison\results\gpu_galerkin\pmma_gold_grating_1d\checkpoint.json,T is port power into lossless PMMA substrate; A=1-R-T
original_4N_order_sweep,pmma_gold_grating_1d,li,12,25,700,TM,0.5028236924363209,0.21936176135671653,0.2778145462069626,1,,0,300,C:\Users\tsoyu\Documents\Codex\2026-08-06\files-mentioned-by-the-user-extensions\outputs\studies\asr_1d_comparison\results\gpu_galerkin\pmma_gold_grating_1d\checkpoint.json,T is port power into lossless PMMA substrate; A=1-R-T
original_4N_order_sweep,pmma_gold_grating_1d,li,16,33,400,TE,0.17596744604723183,3.489313509259368e-05,0.8239976608176756,1,,0,300,C:\Users\tsoyu\Documents\Codex\2026-08-06\files-mentioned-by-the-user-extensions\outputs\studies\asr_1d_comparison\results\gpu_galerkin\pmma_gold_grating_1d\checkpoint.json,T is port power into lossless PMMA substrate; A=1-R-T
original_4N_order_sweep,pmma_gold_grating_1d,li,16,33,400,TM,0.032946482975417975,0.03106425328009335,0.9359892637444887,1,,0,300,C:\Users\tsoyu\Documents\Codex\2026-08-06\files-mentioned-by-the-user-extensions\outputs\studies\asr_1d_comparison\results\gpu_galerkin\pmma_gold_grating_1d\checkpoint.json,T is port power into lossless PMMA substrate; A=1-R-T
original_4N_order_sweep,pmma_gold_grating_1d,li,16,33,450,TE,0.17468565050619855,9.673381087423692e-05,0.8252176156829272,1,,0,300,C:\Users\tsoyu\Documents\Codex\2026-08-06\files-mentioned-by-the-user-extensions\outputs\studies\asr_1d_comparison\results\gpu_galerkin\pmma_gold_grating_1d\checkpoint.json,T is port power into lossless PMMA substrate; A=1-R-T
original_4N_order_sweep,pmma_gold_grating_1d,li,16,33,450,TM,0.045131573866753726,0.05712915774531506,0.8977392683879313,1,,0,300,C:\Users\tsoyu\Documents\Codex\2026-08-06\files-mentioned-by-the-user-extensions\outputs\studies\asr_1d_comparison\results\gpu_galerkin\pmma_gold_grating_1d\checkpoint.json,T is port power into lossless PMMA substrate; A=1-R-T
original_4N_order_sweep,pmma_gold_grating_1d,li,16,33,500,TE,0.1850776985704919,0.0011594510406437073,0.8137628503888644,1,,0,300,C:\Users\tsoyu\Documents\Codex\2026-08-06\files-mentioned-by-the-user-extensions\outputs\studies\asr_1d_comparison\results\gpu_galerkin\pmma_gold_grating_1d\checkpoint.json,T is port power into lossless PMMA substrate; A=1-R-T
original_4N_order_sweep,pmma_gold_grating_1d,li,16,33,500,TM,0.053568642456094925,0.08645755795571625,0.8599737995881889,1,,0,300,C:\Users\tsoyu\Documents\Codex\2026-08-06\files-mentioned-by-the-user-extensions\outputs\studies\asr_1d_comparison\results\gpu_galerkin\pmma_gold_grating_1d\checkpoint.json,T is port power into lossless PMMA substrate; A=1-R-T
original_4N_order_sweep,pmma_gold_grating_1d,li,16,33,550,TE,0.5637924176753932,0.0006740957585917268,0.43553348656601504,1,,0,300,C:\Users\tsoyu\Documents\Codex\2026-08-06\files-mentioned-by-the-user-extensions\outputs\studies\asr_1d_comparison\results\gpu_galerkin\pmma_gold_grating_1d\checkpoint.json,T is port power into lossless PMMA substrate; A=1-R-T
original_4N_order_sweep,pmma_gold_grating_1d,li,16,33,550,TM,0.07561228135010456,0.1995491075387651,0.7248386111111303,1,,0,300,C:\Users\tsoyu\Documents\Codex\2026-08-06\files-mentioned-by-the-user-extensions\outputs\studies\asr_1d_comparison\results\gpu_galerkin\pmma_gold_grating_1d\checkpoint.json,T is port power into lossless PMMA substrate; A=1-R-T
original_4N_order_sweep,pmma_gold_grating_1d,li,16,33,600,TE,0.8226325038040648,3.4427142092653e-05,0.17733306905384252,1,,0,300,C:\Users\tsoyu\Documents\Codex\2026-08-06\files-mentioned-by-the-user-extensions\outputs\studies\asr_1d_comparison\results\gpu_galerkin\pmma_gold_grating_1d\checkpoint.json,T is port power into lossless PMMA substrate; A=1-R-T
original_4N_order_sweep,pmma_gold_grating_1d,li,16,33,600,TM,0.026666479557045205,0.29741701866100834,0.6759165017819465,1,,0,300,C:\Users\tsoyu\Documents\Codex\2026-08-06\files-mentioned-by-the-user-extensions\outputs\studies\asr_1d_comparison\results\gpu_galerkin\pmma_gold_grating_1d\checkpoint.json,T is port power into lossless PMMA substrate; A=1-R-T
original_4N_order_sweep,pmma_gold_grating_1d,li,16,33,650,TE,0.9194573846743678,3.875364663152617e-06,0.08053873996096908,1,,0,300,C:\Users\tsoyu\Documents\Codex\2026-08-06\files-mentioned-by-the-user-extensions\outputs\studies\asr_1d_comparison\results\gpu_galerkin\pmma_gold_grating_1d\checkpoint.json,T is port power into lossless PMMA substrate; A=1-R-T
original_4N_order_sweep,pmma_gold_grating_1d,li,16,33,650,TM,0.20196850104719283,0.3598889402899982,0.43814255866280905,1,,0,300,C:\Users\tsoyu\Documents\Codex\2026-08-06\files-mentioned-by-the-user-extensions\outputs\studies\asr_1d_comparison\results\gpu_galerkin\pmma_gold_grating_1d\checkpoint.json,T is port power into lossless PMMA substrate; A=1-R-T
original_4N_order_sweep,pmma_gold_grating_1d,li,16,33,700,TE,0.947511471876452,8.77109406355382e-07,0.05248765101414163,1,,0,300,C:\Users\tsoyu\Documents\Codex\2026-08-06\files-mentioned-by-the-user-extensions\outputs\studies\asr_1d_comparison\results\gpu_galerkin\pmma_gold_grating_1d\checkpoint.json,T is port power into lossless PMMA substrate; A=1-R-T
original_4N_order_sweep,pmma_gold_grating_1d,li,16,33,700,TM,0.5063049491348938,0.22952010781800403,0.2641749430471022,1,,0,300,C:\Users\tsoyu\Documents\Codex\2026-08-06\files-mentioned-by-the-user-extensions\outputs\studies\asr_1d_comparison\results\gpu_galerkin\pmma_gold_grating_1d\checkpoint.json,T is port power into lossless PMMA substrate; A=1-R-T
original_4N_order_sweep,pmma_gold_grating_1d,li,24,49,400,TE,0.17596513966423644,3.491155240828045e-05,0.8239999487833553,1,,0,300,C:\Users\tsoyu\Documents\Codex\2026-08-06\files-mentioned-by-the-user-extensions\outputs\studies\asr_1d_comparison\results\gpu_galerkin\pmma_gold_grating_1d\checkpoint.json,T is port power into lossless PMMA substrate; A=1-R-T
original_4N_order_sweep,pmma_gold_grating_1d,li,24,49,400,TM,0.03289756280882718,0.030944357040165658,0.9361580801510072,1,,0,300,C:\Users\tsoyu\Documents\Codex\2026-08-06\files-mentioned-by-the-user-extensions\outputs\studies\asr_1d_comparison\results\gpu_galerkin\pmma_gold_grating_1d\checkpoint.json,T is port power into lossless PMMA substrate; A=1-R-T
original_4N_order_sweep,pmma_gold_grating_1d,li,24,49,450,TE,0.17468304562144452,9.676731503362555e-05,0.8252201870635218,1,,0,300,C:\Users\tsoyu\Documents\Codex\2026-08-06\files-mentioned-by-the-user-extensions\outputs\studies\asr_1d_comparison\results\gpu_galerkin\pmma_gold_grating_1d\checkpoint.json,T is port power into lossless PMMA substrate; A=1-R-T
original_4N_order_sweep,pmma_gold_grating_1d,li,24,49,450,TM,0.04504602988805818,0.05695841970081481,0.897995550411127,1,,0,300,C:\Users\tsoyu\Documents\Codex\2026-08-06\files-mentioned-by-the-user-extensions\outputs\studies\asr_1d_comparison\results\gpu_galerkin\pmma_gold_grating_1d\checkpoint.json,T is port power into lossless PMMA substrate; A=1-R-T
original_4N_order_sweep,pmma_gold_grating_1d,li,24,49,500,TE,0.18507306560162223,0.0011597788326868897,0.8137671555656909,1,,0,300,C:\Users\tsoyu\Documents\Codex\2026-08-06\files-mentioned-by-the-user-extensions\outputs\studies\asr_1d_comparison\results\gpu_galerkin\pmma_gold_grating_1d\checkpoint.json,T is port power into lossless PMMA substrate; A=1-R-T
original_4N_order_sweep,pmma_gold_grating_1d,li,24,49,500,TM,0.05339106779079443,0.086357486588364,0.8602514456208417,1,,0,300,C:\Users\tsoyu\Documents\Codex\2026-08-06\files-mentioned-by-the-user-extensions\outputs\studies\asr_1d_comparison\results\gpu_galerkin\pmma_gold_grating_1d\checkpoint.json,T is port power into lossless PMMA substrate; A=1-R-T
original_4N_order_sweep,pmma_gold_grating_1d,li,24,49,550,TE,0.563784423299847,0.0006744223714924679,0.43554115432866053,1,,0,300,C:\Users\tsoyu\Documents\Codex\2026-08-06\files-mentioned-by-the-user-extensions\outputs\studies\asr_1d_comparison\results\gpu_galerkin\pmma_gold_grating_1d\checkpoint.json,T is port power into lossless PMMA substrate; A=1-R-T
original_4N_order_sweep,pmma_gold_grating_1d,li,24,49,550,TM,0.0734758707890003,0.2018418542873047,0.724682274923695,1,,0,300,C:\Users\tsoyu\Documents\Codex\2026-08-06\files-mentioned-by-the-user-extensions\outputs\studies\asr_1d_comparison\results\gpu_galerkin\pmma_gold_grating_1d\checkpoint.json,T is port power into lossless PMMA substrate; A=1-R-T
original_4N_order_sweep,pmma_gold_grating_1d,li,24,49,600,TE,0.8226312758594077,3.444576148575417e-05,0.1773342783791066,1,,0,300,C:\Users\tsoyu\Documents\Codex\2026-08-06\files-mentioned-by-the-user-extensions\outputs\studies\asr_1d_comparison\results\gpu_galerkin\pmma_gold_grating_1d\checkpoint.json,T is port power into lossless PMMA substrate; A=1-R-T
original_4N_order_sweep,pmma_gold_grating_1d,li,24,49,600,TM,0.024271706122608053,0.3010310299124713,0.6746972639649206,1,,0,300,C:\Users\tsoyu\Documents\Codex\2026-08-06\files-mentioned-by-the-user-extensions\outputs\studies\asr_1d_comparison\results\gpu_galerkin\pmma_gold_grating_1d\checkpoint.json,T is port power into lossless PMMA substrate; A=1-R-T
original_4N_order_sweep,pmma_gold_grating_1d,li,24,49,650,TE,0.9194574654783026,3.8775498321264706e-06,0.08053865697186523,1,,0,300,C:\Users\tsoyu\Documents\Codex\2026-08-06\files-mentioned-by-the-user-extensions\outputs\studies\asr_1d_comparison\results\gpu_galerkin\pmma_gold_grating_1d\checkpoint.json,T is port power into lossless PMMA substrate; A=1-R-T
original_4N_order_sweep,pmma_gold_grating_1d,li,24,49,650,TM,0.1885729873212754,0.37779409830069466,0.43363291437803,1,,0,300,C:\Users\tsoyu\Documents\Codex\2026-08-06\files-mentioned-by-the-user-extensions\outputs\studies\asr_1d_comparison\results\gpu_galerkin\pmma_gold_grating_1d\checkpoint.json,T is port power into lossless PMMA substrate; A=1-R-T
original_4N_order_sweep,pmma_gold_grating_1d,li,24,49,700,TE,0.9475117636385756,8.776154202229373e-07,0.05248735874600419,1,,0,300,C:\Users\tsoyu\Documents\Codex\2026-08-06\files-mentioned-by-the-user-extensions\outputs\studies\asr_1d_comparison\results\gpu_galerkin\pmma_gold_grating_1d\checkpoint.json,T is port power into lossless PMMA substrate; A=1-R-T
original_4N_order_sweep,pmma_gold_grating_1d,li,24,49,700,TM,0.5194781925078661,0.20798576464681967,0.27253604284531424,1,,0,300,C:\Users\tsoyu\Documents\Codex\2026-08-06\files-mentioned-by-the-user-extensions\outputs\studies\asr_1d_comparison\results\gpu_galerkin\pmma_gold_grating_1d\checkpoint.json,T is port power into lossless PMMA substrate; A=1-R-T
original_4N_order_sweep,pmma_gold_grating_1d,li,32,65,400,TE,0.17596506700948575,3.4915138612754894e-05,0.8240000178519015,1,,0,300,C:\Users\tsoyu\Documents\Codex\2026-08-06\files-mentioned-by-the-user-extensions\outputs\studies\asr_1d_comparison\results\gpu_galerkin\pmma_gold_grating_1d\checkpoint.json,T is port power into lossless PMMA substrate; A=1-R-T
original_4N_order_sweep,pmma_gold_grating_1d,li,32,65,400,TM,0.03283503887556803,0.03089456623407726,0.9362703948903547,1,,0,300,C:\Users\tsoyu\Documents\Codex\2026-08-06\files-mentioned-by-the-user-extensions\outputs\studies\asr_1d_comparison\results\gpu_galerkin\pmma_gold_grating_1d\checkpoint.json,T is port power into lossless PMMA substrate; A=1-R-T
original_4N_order_sweep,pmma_gold_grating_1d,li,32,65,450,TE,0.17468277111920258,9.677387313470988e-05,0.8252204550076627,1,,0,300,C:\Users\tsoyu\Documents\Codex\2026-08-06\files-mentioned-by-the-user-extensions\outputs\studies\asr_1d_comparison\results\gpu_galerkin\pmma_gold_grating_1d\checkpoint.json,T is port power into lossless PMMA substrate; A=1-R-T
original_4N_order_sweep,pmma_gold_grating_1d,li,32,65,450,TM,0.04501075899361477,0.05687712976076263,0.8981121112456226,1,,0,300,C:\Users\tsoyu\Documents\Codex\2026-08-06\files-mentioned-by-the-user-extensions\outputs\studies\asr_1d_comparison\results\gpu_galerkin\pmma_gold_grating_1d\checkpoint.json,T is port power into lossless PMMA substrate; A=1-R-T
original_4N_order_sweep,pmma_gold_grating_1d,li,32,65,500,TE,0.18507228892439262,0.0011598431068914705,0.8137678679687159,1,,0,300,C:\Users\tsoyu\Documents\Codex\2026-08-06\files-mentioned-by-the-user-extensions\outputs\studies\asr_1d_comparison\results\gpu_galerkin\pmma_gold_grating_1d\checkpoint.json,T is port power into lossless PMMA substrate; A=1-R-T
original_4N_order_sweep,pmma_gold_grating_1d,li,32,65,500,TM,0.05333343743279003,0.08630588978032959,0.8603606727868803,1,,0,300,C:\Users\tsoyu\Documents\Codex\2026-08-06\files-mentioned-by-the-user-extensions\outputs\studies\asr_1d_comparison\results\gpu_galerkin\pmma_gold_grating_1d\checkpoint.json,T is port power into lossless PMMA substrate; A=1-R-T
original_4N_order_sweep,pmma_gold_grating_1d,li,32,65,550,TE,0.563783024152537,0.0006744863392051396,0.43554248950825786,1,,0,300,C:\Users\tsoyu\Documents\Codex\2026-08-06\files-mentioned-by-the-user-extensions\outputs\studies\asr_1d_comparison\results\gpu_galerkin\pmma_gold_grating_1d\checkpoint.json,T is port power into lossless PMMA substrate; A=1-R-T
original_4N_order_sweep,pmma_gold_grating_1d,li,32,65,550,TM,0.0728942471733557,0.19974450630580298,0.7273612465208413,1,,0,300,C:\Users\tsoyu\Documents\Codex\2026-08-06\files-mentioned-by-the-user-extensions\outputs\studies\asr_1d_comparison\results\gpu_galerkin\pmma_gold_grating_1d\checkpoint.json,T is port power into lossless PMMA substrate; A=1-R-T
original_4N_order_sweep,pmma_gold_grating_1d,li,32,65,600,TE,0.8226311545649191,3.444942102244309e-05,0.17733439601405848,1,,0,300,C:\Users\tsoyu\Documents\Codex\2026-08-06\files-mentioned-by-the-user-extensions\outputs\studies\asr_1d_comparison\results\gpu_galerkin\pmma_gold_grating_1d\checkpoint.json,T is port power into lossless PMMA substrate; A=1-R-T
original_4N_order_sweep,pmma_gold_grating_1d,li,32,65,600,TM,0.025083198889732216,0.30021617375459425,0.6747006273556735,1,,0,300,C:\Users\tsoyu\Documents\Codex\2026-08-06\files-mentioned-by-the-user-extensions\outputs\studies\asr_1d_comparison\results\gpu_galerkin\pmma_gold_grating_1d\checkpoint.json,T is port power into lossless PMMA substrate; A=1-R-T
original_4N_order_sweep,pmma_gold_grating_1d,li,32,65,650,TE,0.919457554183611,3.877980341536368e-06,0.0805385678360475,1,,0,300,C:\Users\tsoyu\Documents\Codex\2026-08-06\files-mentioned-by-the-user-extensions\outputs\studies\asr_1d_comparison\results\gpu_galerkin\pmma_gold_grating_1d\checkpoint.json,T is port power into lossless PMMA substrate; A=1-R-T
original_4N_order_sweep,pmma_gold_grating_1d,li,32,65,650,TM,0.19191146421705801,0.3718497291197699,0.43623880666317205,1,,0,300,C:\Users\tsoyu\Documents\Codex\2026-08-06\files-mentioned-by-the-user-extensions\outputs\studies\asr_1d_comparison\results\gpu_galerkin\pmma_gold_grating_1d\checkpoint.json,T is port power into lossless PMMA substrate; A=1-R-T
original_4N_order_sweep,pmma_gold_grating_1d,li,32,65,700,TE,0.9475118763380944,8.77715268065362e-07,0.05248724594663752,1,,0,300,C:\Users\tsoyu\Documents\Codex\2026-08-06\files-mentioned-by-the-user-extensions\outputs\studies\asr_1d_comparison\results\gpu_galerkin\pmma_gold_grating_1d\checkpoint.json,T is port power into lossless PMMA substrate; A=1-R-T
original_4N_order_sweep,pmma_gold_grating_1d,li,32,65,700,TM,0.5124811087062692,0.21430444703170745,0.27321444426202335,1,,0,300,C:\Users\tsoyu\Documents\Codex\2026-08-06\files-mentioned-by-the-user-extensions\outputs\studies\asr_1d_comparison\results\gpu_galerkin\pmma_gold_grating_1d\checkpoint.json,T is port power into lossless PMMA substrate; A=1-R-T
original_4N_order_sweep,pmma_gold_grating_1d,li,40,81,400,TE,0.1759651580588162,3.491634648327674e-05,0.8239999255947006,1,,0,300,C:\Users\tsoyu\Documents\Codex\2026-08-06\files-mentioned-by-the-user-extensions\outputs\studies\asr_1d_comparison\results\gpu_galerkin\pmma_gold_grating_1d\checkpoint.json,T is port power into lossless PMMA substrate; A=1-R-T
original_4N_order_sweep,pmma_gold_grating_1d,li,40,81,400,TM,0.03281900467876147,0.030882185492913352,0.9362988098283253,1,,0,300,C:\Users\tsoyu\Documents\Codex\2026-08-06\files-mentioned-by-the-user-extensions\outputs\studies\asr_1d_comparison\results\gpu_galerkin\pmma_gold_grating_1d\checkpoint.json,T is port power into lossless PMMA substrate; A=1-R-T
original_4N_order_sweep,pmma_gold_grating_1d,li,40,81,450,TE,0.17468274983646806,9.677608183075332e-05,0.8252204740817012,1,,0,300,C:\Users\tsoyu\Documents\Codex\2026-08-06\files-mentioned-by-the-user-extensions\outputs\studies\asr_1d_comparison\results\gpu_galerkin\pmma_gold_grating_1d\checkpoint.json,T is port power into lossless PMMA substrate; A=1-R-T
original_4N_order_sweep,pmma_gold_grating_1d,li,40,81,450,TM,0.04498819521584432,0.056856747760336446,0.8981550570238193,1,,0,300,C:\Users\tsoyu\Documents\Codex\2026-08-06\files-mentioned-by-the-user-extensions\outputs\studies\asr_1d_comparison\results\gpu_galerkin\pmma_gold_grating_1d\checkpoint.json,T is port power into lossless PMMA substrate; A=1-R-T
original_4N_order_sweep,pmma_gold_grating_1d,li,40,81,500,TE,0.1850720648490124,0.001159864866292577,0.813768070284695,1,,0,300,C:\Users\tsoyu\Documents\Codex\2026-08-06\files-mentioned-by-the-user-extensions\outputs\studies\asr_1d_comparison\results\gpu_galerkin\pmma_gold_grating_1d\checkpoint.json,T is port power into lossless PMMA substrate; A=1-R-T
original_4N_order_sweep,pmma_gold_grating_1d,li,40,81,500,TM,0.053309969821945316,0.08630643124179932,0.8603835989362554,1,,0,300,C:\Users\tsoyu\Documents\Codex\2026-08-06\files-mentioned-by-the-user-extensions\outputs\studies\asr_1d_comparison\results\gpu_galerkin\pmma_gold_grating_1d\checkpoint.json,T is port power into lossless PMMA substrate; A=1-R-T
original_4N_order_sweep,pmma_gold_grating_1d,li,40,81,550,TE,0.5637825974433028,0.0006745080667300457,0.43554289448996714,1,,0,300,C:\Users\tsoyu\Documents\Codex\2026-08-06\files-mentioned-by-the-user-extensions\outputs\studies\asr_1d_comparison\results\gpu_galerkin\pmma_gold_grating_1d\checkpoint.json,T is port power into lossless PMMA substrate; A=1-R-T
original_4N_order_sweep,pmma_gold_grating_1d,li,40,81,550,TM,0.07345026518963498,0.19961858476888825,0.7269311500414768,1,,0,300,C:\Users\tsoyu\Documents\Codex\2026-08-06\files-mentioned-by-the-user-extensions\outputs\studies\asr_1d_comparison\results\gpu_galerkin\pmma_gold_grating_1d\checkpoint.json,T is port power into lossless PMMA substrate; A=1-R-T
original_4N_order_sweep,pmma_gold_grating_1d,li,40,81,600,TE,0.8226311484039954,3.445066768337955e-05,0.1773344009283212,1,,0,300,C:\Users\tsoyu\Documents\Codex\2026-08-06\files-mentioned-by-the-user-extensions\outputs\studies\asr_1d_comparison\results\gpu_galerkin\pmma_gold_grating_1d\checkpoint.json,T is port power into lossless PMMA substrate; A=1-R-T
original_4N_order_sweep,pmma_gold_grating_1d,li,40,81,600,TM,0.025052289505567277,0.3018263862859295,0.6731213242085032,1,,0,300,C:\Users\tsoyu\Documents\Codex\2026-08-06\files-mentioned-by-the-user-extensions\outputs\studies\asr_1d_comparison\results\gpu_galerkin\pmma_gold_grating_1d\checkpoint.json,T is port power into lossless PMMA substrate; A=1-R-T
original_4N_order_sweep,pmma_gold_grating_1d,li,40,81,650,TE,0.9194576056603878,3.8781273269576025e-06,0.08053851621228524,1,,0,300,C:\Users\tsoyu\Documents\Codex\2026-08-06\files-mentioned-by-the-user-extensions\outputs\studies\asr_1d_comparison\results\gpu_galerkin\pmma_gold_grating_1d\checkpoint.json,T is port power into lossless PMMA substrate; A=1-R-T
original_4N_order_sweep,pmma_gold_grating_1d,li,40,81,650,TM,0.19256219804378974,0.3746328083115556,0.4328049936446547,1,,0,300,C:\Users\tsoyu\Documents\Codex\2026-08-06\files-mentioned-by-the-user-extensions\outputs\studies\asr_1d_comparison\results\gpu_galerkin\pmma_gold_grating_1d\checkpoint.json,T is port power into lossless PMMA substrate; A=1-R-T
original_4N_order_sweep,pmma_gold_grating_1d,li,40,81,700,TE,0.9475119308317022,8.777494088126068e-07,0.05248719141888903,1,,0,300,C:\Users\tsoyu\Documents\Codex\2026-08-06\files-mentioned-by-the-user-extensions\outputs\studies\asr_1d_comparison\results\gpu_galerkin\pmma_gold_grating_1d\checkpoint.json,T is port power into lossless PMMA substrate; A=1-R-T
original_4N_order_sweep,pmma_gold_grating_1d,li,40,81,700,TM,0.5179110532243284,0.21170886584882642,0.2703800809268452,1,,0,300,C:\Users\tsoyu\Documents\Codex\2026-08-06\files-mentioned-by-the-user-extensions\outputs\studies\asr_1d_comparison\results\gpu_galerkin\pmma_gold_grating_1d\checkpoint.json,T is port power into lossless PMMA substrate; A=1-R-T
original_4N_order_sweep,pmma_gold_grating_1d,li,48,97,400,TE,0.17596515471738078,3.4916993904795463e-05,0.8239999282887144,1,,0,300,C:\Users\tsoyu\Documents\Codex\2026-08-06\files-mentioned-by-the-user-extensions\outputs\studies\asr_1d_comparison\results\gpu_galerkin\pmma_gold_grating_1d\checkpoint.json,T is port power into lossless PMMA substrate; A=1-R-T
original_4N_order_sweep,pmma_gold_grating_1d,li,48,97,400,TM,0.032814262244974454,0.03087288703313004,0.9363128507218955,1,,0,300,C:\Users\tsoyu\Documents\Codex\2026-08-06\files-mentioned-by-the-user-extensions\outputs\studies\asr_1d_comparison\results\gpu_galerkin\pmma_gold_grating_1d\checkpoint.json,T is port power into lossless PMMA substrate; A=1-R-T
original_4N_order_sweep,pmma_gold_grating_1d,li,48,97,450,TE,0.1746827076398947,9.677726228066106e-05,0.8252205150978247,1,,0,300,C:\Users\tsoyu\Documents\Codex\2026-08-06\files-mentioned-by-the-user-extensions\outputs\studies\asr_1d_comparison\results\gpu_galerkin\pmma_gold_grating_1d\checkpoint.json,T is port power into lossless PMMA substrate; A=1-R-T
original_4N_order_sweep,pmma_gold_grating_1d,li,48,97,450,TM,0.04497225321448262,0.05684389889779716,0.8981838478877202,1,,0,300,C:\Users\tsoyu\Documents\Codex\2026-08-06\files-mentioned-by-the-user-extensions\outputs\studies\asr_1d_comparison\results\gpu_galerkin\pmma_gold_grating_1d\checkpoint.json,T is port power into lossless PMMA substrate; A=1-R-T
original_4N_order_sweep,pmma_gold_grating_1d,li,48,97,500,TE,0.18507192776644013,0.0011598764914015193,0.8137681957421584,1,,0,300,C:\Users\tsoyu\Documents\Codex\2026-08-06\files-mentioned-by-the-user-extensions\outputs\studies\asr_1d_comparison\results\gpu_galerkin\pmma_gold_grating_1d\checkpoint.json,T is port power into lossless PMMA substrate; A=1-R-T
original_4N_order_sweep,pmma_gold_grating_1d,li,48,97,500,TM,0.053292599069079134,0.08630473133159149,0.8604026695993294,1,,0,300,C:\Users\tsoyu\Documents\Codex\2026-08-06\files-mentioned-by-the-user-extensions\outputs\studies\asr_1d_comparison\results\gpu_galerkin\pmma_gold_grating_1d\checkpoint.json,T is port power into lossless PMMA substrate; A=1-R-T
original_4N_order_sweep,pmma_gold_grating_1d,li,48,97,550,TE,0.5637823493348582,0.0006745196869181481,0.43554313097822367,1,,0,300,C:\Users\tsoyu\Documents\Codex\2026-08-06\files-mentioned-by-the-user-extensions\outputs\studies\asr_1d_comparison\results\gpu_galerkin\pmma_gold_grating_1d\checkpoint.json,T is port power into lossless PMMA substrate; A=1-R-T
original_4N_order_sweep,pmma_gold_grating_1d,li,48,97,550,TM,0.07364806132235685,0.20056391142470834,0.7257880272529348,1,,0,300,C:\Users\tsoyu\Documents\Codex\2026-08-06\files-mentioned-by-the-user-extensions\outputs\studies\asr_1d_comparison\results\gpu_galerkin\pmma_gold_grating_1d\checkpoint.json,T is port power into lossless PMMA substrate; A=1-R-T
original_4N_order_sweep,pmma_gold_grating_1d,li,48,97,600,TE,0.8226311318591729,3.445133354525183e-05,0.17733441680728182,1,,0,300,C:\Users\tsoyu\Documents\Codex\2026-08-06\files-mentioned-by-the-user-extensions\outputs\studies\asr_1d_comparison\results\gpu_galerkin\pmma_gold_grating_1d\checkpoint.json,T is port power into lossless PMMA substrate; A=1-R-T
original_4N_order_sweep,pmma_gold_grating_1d,li,48,97,600,TM,0.024619363844432675,0.3007297101940737,0.6746509259614937,1,,0,300,C:\Users\tsoyu\Documents\Codex\2026-08-06\files-mentioned-by-the-user-extensions\outputs\studies\asr_1d_comparison\results\gpu_galerkin\pmma_gold_grating_1d\checkpoint.json,T is port power into lossless PMMA substrate; A=1-R-T
original_4N_order_sweep,pmma_gold_grating_1d,li,48,97,650,TE,0.9194576253396272,3.878205766996665e-06,0.08053849645460584,1,,0,300,C:\Users\tsoyu\Documents\Codex\2026-08-06\files-mentioned-by-the-user-extensions\outputs\studies\asr_1d_comparison\results\gpu_galerkin\pmma_gold_grating_1d\checkpoint.json,T is port power into lossless PMMA substrate; A=1-R-T
original_4N_order_sweep,pmma_gold_grating_1d,li,48,97,650,TM,0.18900665162324445,0.3786099685881636,0.4323833797885919,1,,0,300,C:\Users\tsoyu\Documents\Codex\2026-08-06\files-mentioned-by-the-user-extensions\outputs\studies\asr_1d_comparison\results\gpu_galerkin\pmma_gold_grating_1d\checkpoint.json,T is port power into lossless PMMA substrate; A=1-R-T
original_4N_order_sweep,pmma_gold_grating_1d,li,48,97,700,TE,0.9475119540933696,8.777676174427733e-07,0.05248716813901292,1,,0,300,C:\Users\tsoyu\Documents\Codex\2026-08-06\files-mentioned-by-the-user-extensions\outputs\studies\asr_1d_comparison\results\gpu_galerkin\pmma_gold_grating_1d\checkpoint.json,T is port power into lossless PMMA substrate; A=1-R-T
original_4N_order_sweep,pmma_gold_grating_1d,li,48,97,700,TM,0.5208664104956481,0.2098562231655885,0.2692773663387634,1,,0,300,C:\Users\tsoyu\Documents\Codex\2026-08-06\files-mentioned-by-the-user-extensions\outputs\studies\asr_1d_comparison\results\gpu_galerkin\pmma_gold_grating_1d\checkpoint.json,T is port power into lossless PMMA substrate; A=1-R-T
original_4N_order_sweep,pmma_gold_grating_1d,asr_r4,2,5,400.0,TE,0.17609799928660216,3.5151088911744526e-05,0.8238668496244861,4,0.001,192,300,C:\Users\tsoyu\Documents\Codex\2026-08-06\files-mentioned-by-the-user-extensions\outputs\studies\asr_1d_comparison\results\gpu_galerkin\pmma_gold_grating_1d\checkpoint.json,T is port power into lossless PMMA substrate; A=1-R-T
original_4N_order_sweep,pmma_gold_grating_1d,asr_r4,2,5,400.0,TM,0.03276338050956876,0.03790483313874664,0.9293317863516847,4,0.001,192,300,C:\Users\tsoyu\Documents\Codex\2026-08-06\files-mentioned-by-the-user-extensions\outputs\studies\asr_1d_comparison\results\gpu_galerkin\pmma_gold_grating_1d\checkpoint.json,T is port power into lossless PMMA substrate; A=1-R-T
original_4N_order_sweep,pmma_gold_grating_1d,asr_r4,2,5,450.0,TE,0.1747542347731126,9.719480301521764e-05,0.8251485704238722,4,0.001,192,300,C:\Users\tsoyu\Documents\Codex\2026-08-06\files-mentioned-by-the-user-extensions\outputs\studies\asr_1d_comparison\results\gpu_galerkin\pmma_gold_grating_1d\checkpoint.json,T is port power into lossless PMMA substrate; A=1-R-T
original_4N_order_sweep,pmma_gold_grating_1d,asr_r4,2,5,450.0,TM,0.04465016346615609,0.06674240500826661,0.8886074315255772,4,0.001,192,300,C:\Users\tsoyu\Documents\Codex\2026-08-06\files-mentioned-by-the-user-extensions\outputs\studies\asr_1d_comparison\results\gpu_galerkin\pmma_gold_grating_1d\checkpoint.json,T is port power into lossless PMMA substrate; A=1-R-T
original_4N_order_sweep,pmma_gold_grating_1d,asr_r4,2,5,500.0,TE,0.18508279887539722,0.0011635178611619915,0.8137536832634408,4,0.001,192,300,C:\Users\tsoyu\Documents\Codex\2026-08-06\files-mentioned-by-the-user-extensions\outputs\studies\asr_1d_comparison\results\gpu_galerkin\pmma_gold_grating_1d\checkpoint.json,T is port power into lossless PMMA substrate; A=1-R-T
original_4N_order_sweep,pmma_gold_grating_1d,asr_r4,2,5,500.0,TM,0.05283572671682316,0.09565585755713264,0.8515084157260442,4,0.001,192,300,C:\Users\tsoyu\Documents\Codex\2026-08-06\files-mentioned-by-the-user-extensions\outputs\studies\asr_1d_comparison\results\gpu_galerkin\pmma_gold_grating_1d\checkpoint.json,T is port power into lossless PMMA substrate; A=1-R-T
original_4N_order_sweep,pmma_gold_grating_1d,asr_r4,2,5,550.0,TE,0.5637845503616604,0.0006778320226150327,0.43553761761572457,4,0.001,192,300,C:\Users\tsoyu\Documents\Codex\2026-08-06\files-mentioned-by-the-user-extensions\outputs\studies\asr_1d_comparison\results\gpu_galerkin\pmma_gold_grating_1d\checkpoint.json,T is port power into lossless PMMA substrate; A=1-R-T
original_4N_order_sweep,pmma_gold_grating_1d,asr_r4,2,5,550.0,TM,0.07059508204861925,0.2046480294257238,0.724756888525657,4,0.001,192,300,C:\Users\tsoyu\Documents\Codex\2026-08-06\files-mentioned-by-the-user-extensions\outputs\studies\asr_1d_comparison\results\gpu_galerkin\pmma_gold_grating_1d\checkpoint.json,T is port power into lossless PMMA substrate; A=1-R-T
original_4N_order_sweep,pmma_gold_grating_1d,asr_r4,2,5,600.0,TE,0.8226840436225795,3.464860954976607e-05,0.1772813077678707,4,0.001,192,300,C:\Users\tsoyu\Documents\Codex\2026-08-06\files-mentioned-by-the-user-extensions\outputs\studies\asr_1d_comparison\results\gpu_galerkin\pmma_gold_grating_1d\checkpoint.json,T is port power into lossless PMMA substrate; A=1-R-T
original_4N_order_sweep,pmma_gold_grating_1d,asr_r4,2,5,600.0,TM,0.021784284264523595,0.2838477005503104,0.694368015185166,4,0.001,192,300,C:\Users\tsoyu\Documents\Codex\2026-08-06\files-mentioned-by-the-user-extensions\outputs\studies\asr_1d_comparison\results\gpu_galerkin\pmma_gold_grating_1d\checkpoint.json,T is port power into lossless PMMA substrate; A=1-R-T
original_4N_order_sweep,pmma_gold_grating_1d,asr_r4,2,5,650.0,TE,0.9195000699836597,3.902118322211285e-06,0.08049602789801805,4,0.001,192,300,C:\Users\tsoyu\Documents\Codex\2026-08-06\files-mentioned-by-the-user-extensions\outputs\studies\asr_1d_comparison\results\gpu_galerkin\pmma_gold_grating_1d\checkpoint.json,T is port power into lossless PMMA substrate; A=1-R-T
original_4N_order_sweep,pmma_gold_grating_1d,asr_r4,2,5,650.0,TM,0.2557482434651379,0.1938251518646728,0.5504266046701893,4,0.001,192,300,C:\Users\tsoyu\Documents\Codex\2026-08-06\files-mentioned-by-the-user-extensions\outputs\studies\asr_1d_comparison\results\gpu_galerkin\pmma_gold_grating_1d\checkpoint.json,T is port power into lossless PMMA substrate; A=1-R-T
original_4N_order_sweep,pmma_gold_grating_1d,asr_r4,2,5,700.0,TE,0.9475473094053756,8.834424907765533e-07,0.052451807152133656,4,0.001,192,300,C:\Users\tsoyu\Documents\Codex\2026-08-06\files-mentioned-by-the-user-extensions\outputs\studies\asr_1d_comparison\results\gpu_galerkin\pmma_gold_grating_1d\checkpoint.json,T is port power into lossless PMMA substrate; A=1-R-T
original_4N_order_sweep,pmma_gold_grating_1d,asr_r4,2,5,700.0,TM,0.3213657340649408,0.3711894737868137,0.30744479214824555,4,0.001,192,300,C:\Users\tsoyu\Documents\Codex\2026-08-06\files-mentioned-by-the-user-extensions\outputs\studies\asr_1d_comparison\results\gpu_galerkin\pmma_gold_grating_1d\checkpoint.json,T is port power into lossless PMMA substrate; A=1-R-T
original_4N_order_sweep,pmma_gold_grating_1d,asr_r4,4,9,400.0,TE,0.17599882282221097,3.493963752995945e-05,0.8239662375402591,4,0.001,192,300,C:\Users\tsoyu\Documents\Codex\2026-08-06\files-mentioned-by-the-user-extensions\outputs\studies\asr_1d_comparison\results\gpu_galerkin\pmma_gold_grating_1d\checkpoint.json,T is port power into lossless PMMA substrate; A=1-R-T
original_4N_order_sweep,pmma_gold_grating_1d,asr_r4,4,9,400.0,TM,0.034178179008918556,0.029446120387418055,0.9363757006036635,4,0.001,192,300,C:\Users\tsoyu\Documents\Codex\2026-08-06\files-mentioned-by-the-user-extensions\outputs\studies\asr_1d_comparison\results\gpu_galerkin\pmma_gold_grating_1d\checkpoint.json,T is port power into lossless PMMA substrate; A=1-R-T
original_4N_order_sweep,pmma_gold_grating_1d,asr_r4,4,9,450.0,TE,0.17470250521739736,9.681852595762776e-05,0.825200676256645,4,0.001,192,300,C:\Users\tsoyu\Documents\Codex\2026-08-06\files-mentioned-by-the-user-extensions\outputs\studies\asr_1d_comparison\results\gpu_galerkin\pmma_gold_grating_1d\checkpoint.json,T is port power into lossless PMMA substrate; A=1-R-T
original_4N_order_sweep,pmma_gold_grating_1d,asr_r4,4,9,450.0,TM,0.047571122156711595,0.054797913635397814,0.8976309642078907,4,0.001,192,300,C:\Users\tsoyu\Documents\Codex\2026-08-06\files-mentioned-by-the-user-extensions\outputs\studies\asr_1d_comparison\results\gpu_galerkin\pmma_gold_grating_1d\checkpoint.json,T is port power into lossless PMMA substrate; A=1-R-T
original_4N_order_sweep,pmma_gold_grating_1d,asr_r4,4,9,500.0,TE,0.18507932919786596,0.0011602240527777076,0.8137604467493563,4,0.001,192,300,C:\Users\tsoyu\Documents\Codex\2026-08-06\files-mentioned-by-the-user-extensions\outputs\studies\asr_1d_comparison\results\gpu_galerkin\pmma_gold_grating_1d\checkpoint.json,T is port power into lossless PMMA substrate; A=1-R-T
original_4N_order_sweep,pmma_gold_grating_1d,asr_r4,4,9,500.0,TM,0.05675742556647123,0.08186147254977108,0.8613811018837577,4,0.001,192,300,C:\Users\tsoyu\Documents\Codex\2026-08-06\files-mentioned-by-the-user-extensions\outputs\studies\asr_1d_comparison\results\gpu_galerkin\pmma_gold_grating_1d\checkpoint.json,T is port power into lossless PMMA substrate; A=1-R-T
original_4N_order_sweep,pmma_gold_grating_1d,asr_r4,4,9,550.0,TE,0.5637935970075564,0.0006748095288268282,0.4355315934636168,4,0.001,192,300,C:\Users\tsoyu\Documents\Codex\2026-08-06\files-mentioned-by-the-user-extensions\outputs\studies\asr_1d_comparison\results\gpu_galerkin\pmma_gold_grating_1d\checkpoint.json,T is port power into lossless PMMA substrate; A=1-R-T
original_4N_order_sweep,pmma_gold_grating_1d,asr_r4,4,9,550.0,TM,0.08845700454152391,0.18724015626756127,0.7243028391909148,4,0.001,192,300,C:\Users\tsoyu\Documents\Codex\2026-08-06\files-mentioned-by-the-user-extensions\outputs\studies\asr_1d_comparison\results\gpu_galerkin\pmma_gold_grating_1d\checkpoint.json,T is port power into lossless PMMA substrate; A=1-R-T
original_4N_order_sweep,pmma_gold_grating_1d,asr_r4,4,9,600.0,TE,0.8226461388601779,3.44688923168118e-05,0.1773193922475053,4,0.001,192,300,C:\Users\tsoyu\Documents\Codex\2026-08-06\files-mentioned-by-the-user-extensions\outputs\studies\asr_1d_comparison\results\gpu_galerkin\pmma_gold_grating_1d\checkpoint.json,T is port power into lossless PMMA substrate; A=1-R-T
original_4N_order_sweep,pmma_gold_grating_1d,asr_r4,4,9,600.0,TM,0.027729603505807717,0.28994769636088813,0.6823227001333042,4,0.001,192,300,C:\Users\tsoyu\Documents\Codex\2026-08-06\files-mentioned-by-the-user-extensions\outputs\studies\asr_1d_comparison\results\gpu_galerkin\pmma_gold_grating_1d\checkpoint.json,T is port power into lossless PMMA substrate; A=1-R-T
original_4N_order_sweep,pmma_gold_grating_1d,asr_r4,4,9,650.0,TE,0.9194685146808634,3.8803657763965144e-06,0.08052760495336017,4,0.001,192,300,C:\Users\tsoyu\Documents\Codex\2026-08-06\files-mentioned-by-the-user-extensions\outputs\studies\asr_1d_comparison\results\gpu_galerkin\pmma_gold_grating_1d\checkpoint.json,T is port power into lossless PMMA substrate; A=1-R-T
original_4N_order_sweep,pmma_gold_grating_1d,asr_r4,4,9,650.0,TM,0.197614492053681,0.3335506297762909,0.4688348781700281,4,0.001,192,300,C:\Users\tsoyu\Documents\Codex\2026-08-06\files-mentioned-by-the-user-extensions\outputs\studies\asr_1d_comparison\results\gpu_galerkin\pmma_gold_grating_1d\checkpoint.json,T is port power into lossless PMMA substrate; A=1-R-T
original_4N_order_sweep,pmma_gold_grating_1d,asr_r4,4,9,700.0,TE,0.9475208994345412,8.78286159775827e-07,0.05247822227929901,4,0.001,192,300,C:\Users\tsoyu\Documents\Codex\2026-08-06\files-mentioned-by-the-user-extensions\outputs\studies\asr_1d_comparison\results\gpu_galerkin\pmma_gold_grating_1d\checkpoint.json,T is port power into lossless PMMA substrate; A=1-R-T
original_4N_order_sweep,pmma_gold_grating_1d,asr_r4,4,9,700.0,TM,0.47635347362138,0.2499250807589771,0.27372144561964296,4,0.001,192,300,C:\Users\tsoyu\Documents\Codex\2026-08-06\files-mentioned-by-the-user-extensions\outputs\studies\asr_1d_comparison\results\gpu_galerkin\pmma_gold_grating_1d\checkpoint.json,T is port power into lossless PMMA substrate; A=1-R-T
original_4N_order_sweep,pmma_gold_grating_1d,asr_r4,8,17,400.0,TE,0.175966917520077,3.492179700129566e-05,0.8239981606829218,4,0.001,192,300,C:\Users\tsoyu\Documents\Codex\2026-08-06\files-mentioned-by-the-user-extensions\outputs\studies\asr_1d_comparison\results\gpu_galerkin\pmma_gold_grating_1d\checkpoint.json,T is port power into lossless PMMA substrate; A=1-R-T
original_4N_order_sweep,pmma_gold_grating_1d,asr_r4,8,17,400.0,TM,0.03274589335635869,0.031963447600248183,0.9352906590433931,4,0.001,192,300,C:\Users\tsoyu\Documents\Codex\2026-08-06\files-mentioned-by-the-user-extensions\outputs\studies\asr_1d_comparison\results\gpu_galerkin\pmma_gold_grating_1d\checkpoint.json,T is port power into lossless PMMA substrate; A=1-R-T
original_4N_order_sweep,pmma_gold_grating_1d,asr_r4,8,17,450.0,TE,0.17468350893949097,9.678608893157897e-05,0.8252197049715775,4,0.001,192,300,C:\Users\tsoyu\Documents\Codex\2026-08-06\files-mentioned-by-the-user-extensions\outputs\studies\asr_1d_comparison\results\gpu_galerkin\pmma_gold_grating_1d\checkpoint.json,T is port power into lossless PMMA substrate; A=1-R-T
original_4N_order_sweep,pmma_gold_grating_1d,asr_r4,8,17,450.0,TM,0.04534150848841885,0.058312324460038,0.8963461670515431,4,0.001,192,300,C:\Users\tsoyu\Documents\Codex\2026-08-06\files-mentioned-by-the-user-extensions\outputs\studies\asr_1d_comparison\results\gpu_galerkin\pmma_gold_grating_1d\checkpoint.json,T is port power into lossless PMMA substrate; A=1-R-T
original_4N_order_sweep,pmma_gold_grating_1d,asr_r4,8,17,500.0,TE,0.18507151896752236,0.0011599608365622388,0.8137685201959154,4,0.001,192,300,C:\Users\tsoyu\Documents\Codex\2026-08-06\files-mentioned-by-the-user-extensions\outputs\studies\asr_1d_comparison\results\gpu_galerkin\pmma_gold_grating_1d\checkpoint.json,T is port power into lossless PMMA substrate; A=1-R-T
original_4N_order_sweep,pmma_gold_grating_1d,asr_r4,8,17,500.0,TM,0.0536201684198778,0.08737344972244673,0.8590063818576754,4,0.001,192,300,C:\Users\tsoyu\Documents\Codex\2026-08-06\files-mentioned-by-the-user-extensions\outputs\studies\asr_1d_comparison\results\gpu_galerkin\pmma_gold_grating_1d\checkpoint.json,T is port power into lossless PMMA substrate; A=1-R-T
original_4N_order_sweep,pmma_gold_grating_1d,asr_r4,8,17,550.0,TE,0.5637816215433653,0.0006746010340263987,0.4355437774226083,4,0.001,192,300,C:\Users\tsoyu\Documents\Codex\2026-08-06\files-mentioned-by-the-user-extensions\outputs\studies\asr_1d_comparison\results\gpu_galerkin\pmma_gold_grating_1d\checkpoint.json,T is port power into lossless PMMA substrate; A=1-R-T
original_4N_order_sweep,pmma_gold_grating_1d,asr_r4,8,17,550.0,TM,0.07646264703932135,0.1965625541865703,0.7269747987741083,4,0.001,192,300,C:\Users\tsoyu\Documents\Codex\2026-08-06\files-mentioned-by-the-user-extensions\outputs\studies\asr_1d_comparison\results\gpu_galerkin\pmma_gold_grating_1d\checkpoint.json,T is port power into lossless PMMA substrate; A=1-R-T
original_4N_order_sweep,pmma_gold_grating_1d,asr_r4,8,17,600.0,TE,0.8226319777061495,3.4456074212092557e-05,0.17733356621963842,4,0.001,192,300,C:\Users\tsoyu\Documents\Codex\2026-08-06\files-mentioned-by-the-user-extensions\outputs\studies\asr_1d_comparison\results\gpu_galerkin\pmma_gold_grating_1d\checkpoint.json,T is port power into lossless PMMA substrate; A=1-R-T
original_4N_order_sweep,pmma_gold_grating_1d,asr_r4,8,17,600.0,TM,0.02884539525974954,0.2923868474693938,0.6787677572708567,4,0.001,192,300,C:\Users\tsoyu\Documents\Codex\2026-08-06\files-mentioned-by-the-user-extensions\outputs\studies\asr_1d_comparison\results\gpu_galerkin\pmma_gold_grating_1d\checkpoint.json,T is port power into lossless PMMA substrate; A=1-R-T
original_4N_order_sweep,pmma_gold_grating_1d,asr_r4,8,17,650.0,TE,0.9194584279047258,3.878773429740076e-06,0.0805376933218445,4,0.001,192,300,C:\Users\tsoyu\Documents\Codex\2026-08-06\files-mentioned-by-the-user-extensions\outputs\studies\asr_1d_comparison\results\gpu_galerkin\pmma_gold_grating_1d\checkpoint.json,T is port power into lossless PMMA substrate; A=1-R-T
original_4N_order_sweep,pmma_gold_grating_1d,asr_r4,8,17,650.0,TM,0.1986786435023426,0.3679724454402298,0.43334891105742757,4,0.001,192,300,C:\Users\tsoyu\Documents\Codex\2026-08-06\files-mentioned-by-the-user-extensions\outputs\studies\asr_1d_comparison\results\gpu_galerkin\pmma_gold_grating_1d\checkpoint.json,T is port power into lossless PMMA substrate; A=1-R-T
original_4N_order_sweep,pmma_gold_grating_1d,asr_r4,8,17,700.0,TE,0.9475126578265008,8.779011403077529e-07,0.05248646427235885,4,0.001,192,300,C:\Users\tsoyu\Documents\Codex\2026-08-06\files-mentioned-by-the-user-extensions\outputs\studies\asr_1d_comparison\results\gpu_galerkin\pmma_gold_grating_1d\checkpoint.json,T is port power into lossless PMMA substrate; A=1-R-T
original_4N_order_sweep,pmma_gold_grating_1d,asr_r4,8,17,700.0,TM,0.528824174416545,0.2117811293524966,0.25939469623095845,4,0.001,192,300,C:\Users\tsoyu\Documents\Codex\2026-08-06\files-mentioned-by-the-user-extensions\outputs\studies\asr_1d_comparison\results\gpu_galerkin\pmma_gold_grating_1d\checkpoint.json,T is port power into lossless PMMA substrate; A=1-R-T
original_4N_order_sweep,pmma_gold_grating_1d,asr_r4,12,25,400.0,TE,0.17596583744657876,3.4918823865918995e-05,0.8239992437295552,4,0.001,250,300,C:\Users\tsoyu\Documents\Codex\2026-08-06\files-mentioned-by-the-user-extensions\outputs\studies\asr_1d_comparison\results\gpu_galerkin\pmma_gold_grating_1d\checkpoint.json,T is port power into lossless PMMA substrate; A=1-R-T
original_4N_order_sweep,pmma_gold_grating_1d,asr_r4,12,25,400.0,TM,0.032982201180775356,0.031183480215243243,0.9358343186039815,4,0.001,250,300,C:\Users\tsoyu\Documents\Codex\2026-08-06\files-mentioned-by-the-user-extensions\outputs\studies\asr_1d_comparison\results\gpu_galerkin\pmma_gold_grating_1d\checkpoint.json,T is port power into lossless PMMA substrate; A=1-R-T
original_4N_order_sweep,pmma_gold_grating_1d,asr_r4,12,25,450.0,TE,0.17468303209539562,9.67806242864497e-05,0.825220187280318,4,0.001,250,300,C:\Users\tsoyu\Documents\Codex\2026-08-06\files-mentioned-by-the-user-extensions\outputs\studies\asr_1d_comparison\results\gpu_galerkin\pmma_gold_grating_1d\checkpoint.json,T is port power into lossless PMMA substrate; A=1-R-T
original_4N_order_sweep,pmma_gold_grating_1d,asr_r4,12,25,450.0,TM,0.045059550864480366,0.05728878631208421,0.8976516628234354,4,0.001,250,300,C:\Users\tsoyu\Documents\Codex\2026-08-06\files-mentioned-by-the-user-extensions\outputs\studies\asr_1d_comparison\results\gpu_galerkin\pmma_gold_grating_1d\checkpoint.json,T is port power into lossless PMMA substrate; A=1-R-T
original_4N_order_sweep,pmma_gold_grating_1d,asr_r4,12,25,500.0,TE,0.18507179307689353,0.0011599089556668396,0.8137682979674397,4,0.001,250,300,C:\Users\tsoyu\Documents\Codex\2026-08-06\files-mentioned-by-the-user-extensions\outputs\studies\asr_1d_comparison\results\gpu_galerkin\pmma_gold_grating_1d\checkpoint.json,T is port power into lossless PMMA substrate; A=1-R-T
original_4N_order_sweep,pmma_gold_grating_1d,asr_r4,12,25,500.0,TM,0.05349655098350767,0.08632624959498099,0.8601771994215113,4,0.001,250,300,C:\Users\tsoyu\Documents\Codex\2026-08-06\files-mentioned-by-the-user-extensions\outputs\studies\asr_1d_comparison\results\gpu_galerkin\pmma_gold_grating_1d\checkpoint.json,T is port power into lossless PMMA substrate; A=1-R-T
original_4N_order_sweep,pmma_gold_grating_1d,asr_r4,12,25,550.0,TE,0.5637820421082133,0.0006745513533022935,0.43554340653848445,4,0.001,250,300,C:\Users\tsoyu\Documents\Codex\2026-08-06\files-mentioned-by-the-user-extensions\outputs\studies\asr_1d_comparison\results\gpu_galerkin\pmma_gold_grating_1d\checkpoint.json,T is port power into lossless PMMA substrate; A=1-R-T
original_4N_order_sweep,pmma_gold_grating_1d,asr_r4,12,25,550.0,TM,0.07405605068407918,0.1963711689452463,0.7295727803706745,4,0.001,250,300,C:\Users\tsoyu\Documents\Codex\2026-08-06\files-mentioned-by-the-user-extensions\outputs\studies\asr_1d_comparison\results\gpu_galerkin\pmma_gold_grating_1d\checkpoint.json,T is port power into lossless PMMA substrate; A=1-R-T
original_4N_order_sweep,pmma_gold_grating_1d,asr_r4,12,25,600.0,TE,0.8226313987847883,3.445318457177381e-05,0.17733414803063993,4,0.001,250,300,C:\Users\tsoyu\Documents\Codex\2026-08-06\files-mentioned-by-the-user-extensions\outputs\studies\asr_1d_comparison\results\gpu_galerkin\pmma_gold_grating_1d\checkpoint.json,T is port power into lossless PMMA substrate; A=1-R-T
original_4N_order_sweep,pmma_gold_grating_1d,asr_r4,12,25,600.0,TM,0.010606842918023005,0.31994013240614116,0.6694530246758358,4,0.001,250,300,C:\Users\tsoyu\Documents\Codex\2026-08-06\files-mentioned-by-the-user-extensions\outputs\studies\asr_1d_comparison\results\gpu_galerkin\pmma_gold_grating_1d\checkpoint.json,T is port power into lossless PMMA substrate; A=1-R-T
original_4N_order_sweep,pmma_gold_grating_1d,asr_r4,12,25,650.0,TE,0.9194578860522209,3.878427252229889e-06,0.08053823552052687,4,0.001,250,300,C:\Users\tsoyu\Documents\Codex\2026-08-06\files-mentioned-by-the-user-extensions\outputs\studies\asr_1d_comparison\results\gpu_galerkin\pmma_gold_grating_1d\checkpoint.json,T is port power into lossless PMMA substrate; A=1-R-T
original_4N_order_sweep,pmma_gold_grating_1d,asr_r4,12,25,650.0,TM,0.15564170603926653,0.40467691361017183,0.43968138035056165,4,0.001,250,300,C:\Users\tsoyu\Documents\Codex\2026-08-06\files-mentioned-by-the-user-extensions\outputs\studies\asr_1d_comparison\results\gpu_galerkin\pmma_gold_grating_1d\checkpoint.json,T is port power into lossless PMMA substrate; A=1-R-T
original_4N_order_sweep,pmma_gold_grating_1d,asr_r4,12,25,700.0,TE,0.9475121828844415,8.778196179243412e-07,0.052486939295940574,4,0.001,250,300,C:\Users\tsoyu\Documents\Codex\2026-08-06\files-mentioned-by-the-user-extensions\outputs\studies\asr_1d_comparison\results\gpu_galerkin\pmma_gold_grating_1d\checkpoint.json,T is port power into lossless PMMA substrate; A=1-R-T
original_4N_order_sweep,pmma_gold_grating_1d,asr_r4,12,25,700.0,TM,0.5606083809269143,0.15018920561808985,0.2892024134549958,4,0.001,250,300,C:\Users\tsoyu\Documents\Codex\2026-08-06\files-mentioned-by-the-user-extensions\outputs\studies\asr_1d_comparison\results\gpu_galerkin\pmma_gold_grating_1d\checkpoint.json,T is port power into lossless PMMA substrate; A=1-R-T
original_4N_order_sweep,pmma_gold_grating_1d,asr_r4,16,33,400.0,TE,0.17596524233326527,3.491838796270739e-05,0.8239998392787721,4,0.001,330,300,C:\Users\tsoyu\Documents\Codex\2026-08-06\files-mentioned-by-the-user-extensions\outputs\studies\asr_1d_comparison\results\gpu_galerkin\pmma_gold_grating_1d\checkpoint.json,T is port power into lossless PMMA substrate; A=1-R-T
original_4N_order_sweep,pmma_gold_grating_1d,asr_r4,16,33,400.0,TM,0.03292779031705705,0.03097281829507824,0.9360993913878647,4,0.001,330,300,C:\Users\tsoyu\Documents\Codex\2026-08-06\files-mentioned-by-the-user-extensions\outputs\studies\asr_1d_comparison\results\gpu_galerkin\pmma_gold_grating_1d\checkpoint.json,T is port power into lossless PMMA substrate; A=1-R-T
original_4N_order_sweep,pmma_gold_grating_1d,asr_r4,16,33,450.0,TE,0.17468267633867546,9.677980518526494e-05,0.8252205438561392,4,0.001,330,300,C:\Users\tsoyu\Documents\Codex\2026-08-06\files-mentioned-by-the-user-extensions\outputs\studies\asr_1d_comparison\results\gpu_galerkin\pmma_gold_grating_1d\checkpoint.json,T is port power into lossless PMMA substrate; A=1-R-T
original_4N_order_sweep,pmma_gold_grating_1d,asr_r4,16,33,450.0,TM,0.04515827059652276,0.05695070279017214,0.8978910266133051,4,0.001,330,300,C:\Users\tsoyu\Documents\Codex\2026-08-06\files-mentioned-by-the-user-extensions\outputs\studies\asr_1d_comparison\results\gpu_galerkin\pmma_gold_grating_1d\checkpoint.json,T is port power into lossless PMMA substrate; A=1-R-T
original_4N_order_sweep,pmma_gold_grating_1d,asr_r4,16,33,500.0,TE,0.18507167322659646,0.0011599013347266202,0.8137684254386769,4,0.001,330,300,C:\Users\tsoyu\Documents\Codex\2026-08-06\files-mentioned-by-the-user-extensions\outputs\studies\asr_1d_comparison\results\gpu_galerkin\pmma_gold_grating_1d\checkpoint.json,T is port power into lossless PMMA substrate; A=1-R-T
original_4N_order_sweep,pmma_gold_grating_1d,asr_r4,16,33,500.0,TM,0.05358791889392218,0.0861238662188465,0.8602882148872313,4,0.001,330,300,C:\Users\tsoyu\Documents\Codex\2026-08-06\files-mentioned-by-the-user-extensions\outputs\studies\asr_1d_comparison\results\gpu_galerkin\pmma_gold_grating_1d\checkpoint.json,T is port power into lossless PMMA substrate; A=1-R-T
original_4N_order_sweep,pmma_gold_grating_1d,asr_r4,16,33,550.0,TE,0.5637818758508029,0.0006745443451990452,0.4355435798039981,4,0.001,330,300,C:\Users\tsoyu\Documents\Codex\2026-08-06\files-mentioned-by-the-user-extensions\outputs\studies\asr_1d_comparison\results\gpu_galerkin\pmma_gold_grating_1d\checkpoint.json,T is port power into lossless PMMA substrate; A=1-R-T
original_4N_order_sweep,pmma_gold_grating_1d,asr_r4,16,33,550.0,TM,0.07522421686708666,0.19771169072918116,0.7270640924037322,4,0.001,330,300,C:\Users\tsoyu\Documents\Codex\2026-08-06\files-mentioned-by-the-user-extensions\outputs\studies\asr_1d_comparison\results\gpu_galerkin\pmma_gold_grating_1d\checkpoint.json,T is port power into lossless PMMA substrate; A=1-R-T
original_4N_order_sweep,pmma_gold_grating_1d,asr_r4,16,33,600.0,TE,0.8226311398259099,3.4452748423862674e-05,0.17733440742566628,4,0.001,330,300,C:\Users\tsoyu\Documents\Codex\2026-08-06\files-mentioned-by-the-user-extensions\outputs\studies\asr_1d_comparison\results\gpu_galerkin\pmma_gold_grating_1d\checkpoint.json,T is port power into lossless PMMA substrate; A=1-R-T
original_4N_order_sweep,pmma_gold_grating_1d,asr_r4,16,33,600.0,TM,0.016022252768633474,0.30511169983575054,0.6788660473956161,4,0.001,330,300,C:\Users\tsoyu\Documents\Codex\2026-08-06\files-mentioned-by-the-user-extensions\outputs\studies\asr_1d_comparison\results\gpu_galerkin\pmma_gold_grating_1d\checkpoint.json,T is port power into lossless PMMA substrate; A=1-R-T
original_4N_order_sweep,pmma_gold_grating_1d,asr_r4,16,33,650.0,TE,0.9194576961709542,3.878372737965704e-06,0.08053842545630785,4,0.001,330,300,C:\Users\tsoyu\Documents\Codex\2026-08-06\files-mentioned-by-the-user-extensions\outputs\studies\asr_1d_comparison\results\gpu_galerkin\pmma_gold_grating_1d\checkpoint.json,T is port power into lossless PMMA substrate; A=1-R-T
original_4N_order_sweep,pmma_gold_grating_1d,asr_r4,16,33,650.0,TM,0.14237600000150966,0.43008983350406965,0.4275341664944207,4,0.001,330,300,C:\Users\tsoyu\Documents\Codex\2026-08-06\files-mentioned-by-the-user-extensions\outputs\studies\asr_1d_comparison\results\gpu_galerkin\pmma_gold_grating_1d\checkpoint.json,T is port power into lossless PMMA substrate; A=1-R-T
original_4N_order_sweep,pmma_gold_grating_1d,asr_r4,16,33,700.0,TE,0.9475120270675865,8.7780644484232e-07,0.05248709512596863,4,0.001,330,300,C:\Users\tsoyu\Documents\Codex\2026-08-06\files-mentioned-by-the-user-extensions\outputs\studies\asr_1d_comparison\results\gpu_galerkin\pmma_gold_grating_1d\checkpoint.json,T is port power into lossless PMMA substrate; A=1-R-T
original_4N_order_sweep,pmma_gold_grating_1d,asr_r4,16,33,700.0,TM,0.5425127798956211,0.1609229972794042,0.29656422282497474,4,0.001,330,300,C:\Users\tsoyu\Documents\Codex\2026-08-06\files-mentioned-by-the-user-extensions\outputs\studies\asr_1d_comparison\results\gpu_galerkin\pmma_gold_grating_1d\checkpoint.json,T is port power into lossless PMMA substrate; A=1-R-T
original_4N_order_sweep,pmma_gold_grating_1d,asr_r4,24,49,400.0,TE,0.17596511644760923,3.491809334266182e-05,0.8239999654590481,4,0.001,490,300,C:\Users\tsoyu\Documents\Codex\2026-08-06\files-mentioned-by-the-user-extensions\outputs\studies\asr_1d_comparison\results\gpu_galerkin\pmma_gold_grating_1d\checkpoint.json,T is port power into lossless PMMA substrate; A=1-R-T
original_4N_order_sweep,pmma_gold_grating_1d,asr_r4,24,49,400.0,TM,0.03288997258442135,0.030867715493071452,0.9362423119225072,4,0.001,490,300,C:\Users\tsoyu\Documents\Codex\2026-08-06\files-mentioned-by-the-user-extensions\outputs\studies\asr_1d_comparison\results\gpu_galerkin\pmma_gold_grating_1d\checkpoint.json,T is port power into lossless PMMA substrate; A=1-R-T
original_4N_order_sweep,pmma_gold_grating_1d,asr_r4,24,49,450.0,TE,0.17468261666501828,9.677926686220352e-05,0.8252206040681195,4,0.001,490,300,C:\Users\tsoyu\Documents\Codex\2026-08-06\files-mentioned-by-the-user-extensions\outputs\studies\asr_1d_comparison\results\gpu_galerkin\pmma_gold_grating_1d\checkpoint.json,T is port power into lossless PMMA substrate; A=1-R-T
original_4N_order_sweep,pmma_gold_grating_1d,asr_r4,24,49,450.0,TM,0.04505464670392632,0.05683010367650122,0.8981152496195725,4,0.001,490,300,C:\Users\tsoyu\Documents\Codex\2026-08-06\files-mentioned-by-the-user-extensions\outputs\studies\asr_1d_comparison\results\gpu_galerkin\pmma_gold_grating_1d\checkpoint.json,T is port power into lossless PMMA substrate; A=1-R-T
original_4N_order_sweep,pmma_gold_grating_1d,asr_r4,24,49,500.0,TE,0.18507168733093102,0.0011598961557451918,0.8137684165133238,4,0.001,490,300,C:\Users\tsoyu\Documents\Codex\2026-08-06\files-mentioned-by-the-user-extensions\outputs\studies\asr_1d_comparison\results\gpu_galerkin\pmma_gold_grating_1d\checkpoint.json,T is port power into lossless PMMA substrate; A=1-R-T
original_4N_order_sweep,pmma_gold_grating_1d,asr_r4,24,49,500.0,TM,0.05343370548650925,0.08605475540593456,0.8605115391075562,4,0.001,490,300,C:\Users\tsoyu\Documents\Codex\2026-08-06\files-mentioned-by-the-user-extensions\outputs\studies\asr_1d_comparison\results\gpu_galerkin\pmma_gold_grating_1d\checkpoint.json,T is port power into lossless PMMA substrate; A=1-R-T
original_4N_order_sweep,pmma_gold_grating_1d,asr_r4,24,49,550.0,TE,0.5637819209264341,0.0006745392876863242,0.43554353978587956,4,0.001,490,300,C:\Users\tsoyu\Documents\Codex\2026-08-06\files-mentioned-by-the-user-extensions\outputs\studies\asr_1d_comparison\results\gpu_galerkin\pmma_gold_grating_1d\checkpoint.json,T is port power into lossless PMMA substrate; A=1-R-T
original_4N_order_sweep,pmma_gold_grating_1d,asr_r4,24,49,550.0,TM,0.07515875794078028,0.20159872157231148,0.7232425204869082,4,0.001,490,300,C:\Users\tsoyu\Documents\Codex\2026-08-06\files-mentioned-by-the-user-extensions\outputs\studies\asr_1d_comparison\results\gpu_galerkin\pmma_gold_grating_1d\checkpoint.json,T is port power into lossless PMMA substrate; A=1-R-T
original_4N_order_sweep,pmma_gold_grating_1d,asr_r4,24,49,600.0,TE,0.822631096978683,3.445245646465905e-05,0.17733445056485236,4,0.001,490,300,C:\Users\tsoyu\Documents\Codex\2026-08-06\files-mentioned-by-the-user-extensions\outputs\studies\asr_1d_comparison\results\gpu_galerkin\pmma_gold_grating_1d\checkpoint.json,T is port power into lossless PMMA substrate; A=1-R-T
original_4N_order_sweep,pmma_gold_grating_1d,asr_r4,24,49,600.0,TM,0.02604247523081794,0.29727878056026347,0.6766787442089186,4,0.001,490,300,C:\Users\tsoyu\Documents\Codex\2026-08-06\files-mentioned-by-the-user-extensions\outputs\studies\asr_1d_comparison\results\gpu_galerkin\pmma_gold_grating_1d\checkpoint.json,T is port power into lossless PMMA substrate; A=1-R-T
original_4N_order_sweep,pmma_gold_grating_1d,asr_r4,24,49,650.0,TE,0.9194576546372921,3.878338039398985e-06,0.08053846702466848,4,0.001,490,300,C:\Users\tsoyu\Documents\Codex\2026-08-06\files-mentioned-by-the-user-extensions\outputs\studies\asr_1d_comparison\results\gpu_galerkin\pmma_gold_grating_1d\checkpoint.json,T is port power into lossless PMMA substrate; A=1-R-T
original_4N_order_sweep,pmma_gold_grating_1d,asr_r4,24,49,650.0,TM,0.19224939803361596,0.3639619970994783,0.44378860486690574,4,0.001,490,300,C:\Users\tsoyu\Documents\Codex\2026-08-06\files-mentioned-by-the-user-extensions\outputs\studies\asr_1d_comparison\results\gpu_galerkin\pmma_gold_grating_1d\checkpoint.json,T is port power into lossless PMMA substrate; A=1-R-T
original_4N_order_sweep,pmma_gold_grating_1d,asr_r4,24,49,700.0,TE,0.9475119905689534,8.777983246306704e-07,0.05248713163272196,4,0.001,490,300,C:\Users\tsoyu\Documents\Codex\2026-08-06\files-mentioned-by-the-user-extensions\outputs\studies\asr_1d_comparison\results\gpu_galerkin\pmma_gold_grating_1d\checkpoint.json,T is port power into lossless PMMA substrate; A=1-R-T
original_4N_order_sweep,pmma_gold_grating_1d,asr_r4,24,49,700.0,TM,0.5233820870851095,0.19063358772850725,0.2859843251863833,4,0.001,490,300,C:\Users\tsoyu\Documents\Codex\2026-08-06\files-mentioned-by-the-user-extensions\outputs\studies\asr_1d_comparison\results\gpu_galerkin\pmma_gold_grating_1d\checkpoint.json,T is port power into lossless PMMA substrate; A=1-R-T
original_4N_order_sweep,pmma_gold_grating_1d,asr_r4,32,65,400.0,TE,0.17596510242407515,3.491802889577428e-05,0.8239999795470291,4,0.001,650,300,C:\Users\tsoyu\Documents\Codex\2026-08-06\files-mentioned-by-the-user-extensions\outputs\studies\asr_1d_comparison\results\gpu_galerkin\pmma_gold_grating_1d\checkpoint.json,T is port power into lossless PMMA substrate; A=1-R-T
original_4N_order_sweep,pmma_gold_grating_1d,asr_r4,32,65,400.0,TM,0.0328652073175214,0.030936202873076364,0.9361985898094022,4,0.001,650,300,C:\Users\tsoyu\Documents\Codex\2026-08-06\files-mentioned-by-the-user-extensions\outputs\studies\asr_1d_comparison\results\gpu_galerkin\pmma_gold_grating_1d\checkpoint.json,T is port power into lossless PMMA substrate; A=1-R-T
original_4N_order_sweep,pmma_gold_grating_1d,asr_r4,32,65,450.0,TE,0.1746826113238624,9.677914796753914e-05,0.82522060952817,4,0.001,650,300,C:\Users\tsoyu\Documents\Codex\2026-08-06\files-mentioned-by-the-user-extensions\outputs\studies\asr_1d_comparison\results\gpu_galerkin\pmma_gold_grating_1d\checkpoint.json,T is port power into lossless PMMA substrate; A=1-R-T
original_4N_order_sweep,pmma_gold_grating_1d,asr_r4,32,65,450.0,TM,0.04504193632486784,0.05693204735071129,0.8980260163244208,4,0.001,650,300,C:\Users\tsoyu\Documents\Codex\2026-08-06\files-mentioned-by-the-user-extensions\outputs\studies\asr_1d_comparison\results\gpu_galerkin\pmma_gold_grating_1d\checkpoint.json,T is port power into lossless PMMA substrate; A=1-R-T
original_4N_order_sweep,pmma_gold_grating_1d,asr_r4,32,65,500.0,TE,0.18507169465717735,0.001159895016341859,0.8137684103264808,4,0.001,650,300,C:\Users\tsoyu\Documents\Codex\2026-08-06\files-mentioned-by-the-user-extensions\outputs\studies\asr_1d_comparison\results\gpu_galerkin\pmma_gold_grating_1d\checkpoint.json,T is port power into lossless PMMA substrate; A=1-R-T
original_4N_order_sweep,pmma_gold_grating_1d,asr_r4,32,65,500.0,TM,0.05340987581298531,0.08631852063781197,0.8602716035492027,4,0.001,650,300,C:\Users\tsoyu\Documents\Codex\2026-08-06\files-mentioned-by-the-user-extensions\outputs\studies\asr_1d_comparison\results\gpu_galerkin\pmma_gold_grating_1d\checkpoint.json,T is port power into lossless PMMA substrate; A=1-R-T
original_4N_order_sweep,pmma_gold_grating_1d,asr_r4,32,65,550.0,TE,0.5637819348643089,0.0006745381846450943,0.435543526951046,4,0.001,650,300,C:\Users\tsoyu\Documents\Codex\2026-08-06\files-mentioned-by-the-user-extensions\outputs\studies\asr_1d_comparison\results\gpu_galerkin\pmma_gold_grating_1d\checkpoint.json,T is port power into lossless PMMA substrate; A=1-R-T
original_4N_order_sweep,pmma_gold_grating_1d,asr_r4,32,65,550.0,TM,0.07435126558013437,0.20210476343436354,0.723543970985502,4,0.001,650,300,C:\Users\tsoyu\Documents\Codex\2026-08-06\files-mentioned-by-the-user-extensions\outputs\studies\asr_1d_comparison\results\gpu_galerkin\pmma_gold_grating_1d\checkpoint.json,T is port power into lossless PMMA substrate; A=1-R-T
original_4N_order_sweep,pmma_gold_grating_1d,asr_r4,32,65,600.0,TE,0.8226310908832392,3.445239256770031e-05,0.17733445672419315,4,0.001,650,300,C:\Users\tsoyu\Documents\Codex\2026-08-06\files-mentioned-by-the-user-extensions\outputs\studies\asr_1d_comparison\results\gpu_galerkin\pmma_gold_grating_1d\checkpoint.json,T is port power into lossless PMMA substrate; A=1-R-T
original_4N_order_sweep,pmma_gold_grating_1d,asr_r4,32,65,600.0,TM,0.02420451561585176,0.29860849254037447,0.6771869918437737,4,0.001,650,300,C:\Users\tsoyu\Documents\Codex\2026-08-06\files-mentioned-by-the-user-extensions\outputs\studies\asr_1d_comparison\results\gpu_galerkin\pmma_gold_grating_1d\checkpoint.json,T is port power into lossless PMMA substrate; A=1-R-T
original_4N_order_sweep,pmma_gold_grating_1d,asr_r4,32,65,650.0,TE,0.9194576470683503,3.878330436405031e-06,0.08053847460121329,4,0.001,650,300,C:\Users\tsoyu\Documents\Codex\2026-08-06\files-mentioned-by-the-user-extensions\outputs\studies\asr_1d_comparison\results\gpu_galerkin\pmma_gold_grating_1d\checkpoint.json,T is port power into lossless PMMA substrate; A=1-R-T
original_4N_order_sweep,pmma_gold_grating_1d,asr_r4,32,65,650.0,TM,0.18335167140106257,0.38413607221710927,0.43251225638182816,4,0.001,650,300,C:\Users\tsoyu\Documents\Codex\2026-08-06\files-mentioned-by-the-user-extensions\outputs\studies\asr_1d_comparison\results\gpu_galerkin\pmma_gold_grating_1d\checkpoint.json,T is port power into lossless PMMA substrate; A=1-R-T
original_4N_order_sweep,pmma_gold_grating_1d,asr_r4,32,65,700.0,TE,0.947511984051562,8.777965450437778e-07,0.05248713815189295,4,0.001,650,300,C:\Users\tsoyu\Documents\Codex\2026-08-06\files-mentioned-by-the-user-extensions\outputs\studies\asr_1d_comparison\results\gpu_galerkin\pmma_gold_grating_1d\checkpoint.json,T is port power into lossless PMMA substrate; A=1-R-T
original_4N_order_sweep,pmma_gold_grating_1d,asr_r4,32,65,700.0,TM,0.5249296496172767,0.20416121744284352,0.2709091329398797,4,0.001,650,300,C:\Users\tsoyu\Documents\Codex\2026-08-06\files-mentioned-by-the-user-extensions\outputs\studies\asr_1d_comparison\results\gpu_galerkin\pmma_gold_grating_1d\checkpoint.json,T is port power into lossless PMMA substrate; A=1-R-T
original_4N_order_sweep,pmma_gold_grating_1d,asr_r4,40,81,400.0,TE,0.17596509808076305,3.491800458221028e-05,0.8239999839146548,4,0.001,810,300,C:\Users\tsoyu\Documents\Codex\2026-08-06\files-mentioned-by-the-user-extensions\outputs\studies\asr_1d_comparison\results\gpu_galerkin\pmma_gold_grating_1d\checkpoint.json,T is port power into lossless PMMA substrate; A=1-R-T
original_4N_order_sweep,pmma_gold_grating_1d,asr_r4,40,81,400.0,TM,0.03282200518628495,0.030937416266780968,0.9362405785469341,4,0.001,810,300,C:\Users\tsoyu\Documents\Codex\2026-08-06\files-mentioned-by-the-user-extensions\outputs\studies\asr_1d_comparison\results\gpu_galerkin\pmma_gold_grating_1d\checkpoint.json,T is port power into lossless PMMA substrate; A=1-R-T
original_4N_order_sweep,pmma_gold_grating_1d,asr_r4,40,81,450.0,TE,0.17468261021990275,9.677910340421476e-05,0.8252206106766931,4,0.001,810,300,C:\Users\tsoyu\Documents\Codex\2026-08-06\files-mentioned-by-the-user-extensions\outputs\studies\asr_1d_comparison\results\gpu_galerkin\pmma_gold_grating_1d\checkpoint.json,T is port power into lossless PMMA substrate; A=1-R-T
original_4N_order_sweep,pmma_gold_grating_1d,asr_r4,40,81,450.0,TM,0.04501865734740242,0.056930039527350075,0.8980513031252475,4,0.001,810,300,C:\Users\tsoyu\Documents\Codex\2026-08-06\files-mentioned-by-the-user-extensions\outputs\studies\asr_1d_comparison\results\gpu_galerkin\pmma_gold_grating_1d\checkpoint.json,T is port power into lossless PMMA substrate; A=1-R-T
original_4N_order_sweep,pmma_gold_grating_1d,asr_r4,40,81,500.0,TE,0.1850716981115201,0.0011598945862801606,0.8137684073021997,4,0.001,810,300,C:\Users\tsoyu\Documents\Codex\2026-08-06\files-mentioned-by-the-user-extensions\outputs\studies\asr_1d_comparison\results\gpu_galerkin\pmma_gold_grating_1d\checkpoint.json,T is port power into lossless PMMA substrate; A=1-R-T
original_4N_order_sweep,pmma_gold_grating_1d,asr_r4,40,81,500.0,TM,0.053371619362354565,0.08636245163246707,0.8602659290051784,4,0.001,810,300,C:\Users\tsoyu\Documents\Codex\2026-08-06\files-mentioned-by-the-user-extensions\outputs\studies\asr_1d_comparison\results\gpu_galerkin\pmma_gold_grating_1d\checkpoint.json,T is port power into lossless PMMA substrate; A=1-R-T
original_4N_order_sweep,pmma_gold_grating_1d,asr_r4,40,81,550.0,TE,0.5637819410439102,0.0006745377638265951,0.4355435211922632,4,0.001,810,300,C:\Users\tsoyu\Documents\Codex\2026-08-06\files-mentioned-by-the-user-extensions\outputs\studies\asr_1d_comparison\results\gpu_galerkin\pmma_gold_grating_1d\checkpoint.json,T is port power into lossless PMMA substrate; A=1-R-T
original_4N_order_sweep,pmma_gold_grating_1d,asr_r4,40,81,550.0,TM,0.0742502003626556,0.20157184726621577,0.7241779523711286,4,0.001,810,300,C:\Users\tsoyu\Documents\Codex\2026-08-06\files-mentioned-by-the-user-extensions\outputs\studies\asr_1d_comparison\results\gpu_galerkin\pmma_gold_grating_1d\checkpoint.json,T is port power into lossless PMMA substrate; A=1-R-T
original_4N_order_sweep,pmma_gold_grating_1d,asr_r4,40,81,600.0,TE,0.8226310889508607,3.4452368090506434e-05,0.17733445868104883,4,0.001,810,300,C:\Users\tsoyu\Documents\Codex\2026-08-06\files-mentioned-by-the-user-extensions\outputs\studies\asr_1d_comparison\results\gpu_galerkin\pmma_gold_grating_1d\checkpoint.json,T is port power into lossless PMMA substrate; A=1-R-T
original_4N_order_sweep,pmma_gold_grating_1d,asr_r4,40,81,600.0,TM,0.025430100624559672,0.3010041756826966,0.6735657236927437,4,0.001,810,300,C:\Users\tsoyu\Documents\Codex\2026-08-06\files-mentioned-by-the-user-extensions\outputs\studies\asr_1d_comparison\results\gpu_galerkin\pmma_gold_grating_1d\checkpoint.json,T is port power into lossless PMMA substrate; A=1-R-T
original_4N_order_sweep,pmma_gold_grating_1d,asr_r4,40,81,650.0,TE,0.9194576441957002,3.87832751120222e-06,0.0805384774767886,4,0.001,810,300,C:\Users\tsoyu\Documents\Codex\2026-08-06\files-mentioned-by-the-user-extensions\outputs\studies\asr_1d_comparison\results\gpu_galerkin\pmma_gold_grating_1d\checkpoint.json,T is port power into lossless PMMA substrate; A=1-R-T
original_4N_order_sweep,pmma_gold_grating_1d,asr_r4,40,81,650.0,TM,0.1901854155589746,0.3730546368510677,0.4367599475899577,4,0.001,810,300,C:\Users\tsoyu\Documents\Codex\2026-08-06\files-mentioned-by-the-user-extensions\outputs\studies\asr_1d_comparison\results\gpu_galerkin\pmma_gold_grating_1d\checkpoint.json,T is port power into lossless PMMA substrate; A=1-R-T
original_4N_order_sweep,pmma_gold_grating_1d,asr_r4,40,81,700.0,TE,0.947511981862021,8.777958613229647e-07,0.05248714034211766,4,0.001,810,300,C:\Users\tsoyu\Documents\Codex\2026-08-06\files-mentioned-by-the-user-extensions\outputs\studies\asr_1d_comparison\results\gpu_galerkin\pmma_gold_grating_1d\checkpoint.json,T is port power into lossless PMMA substrate; A=1-R-T
original_4N_order_sweep,pmma_gold_grating_1d,asr_r4,40,81,700.0,TM,0.519876637343263,0.20622574265972962,0.27389761999700746,4,0.001,810,300,C:\Users\tsoyu\Documents\Codex\2026-08-06\files-mentioned-by-the-user-extensions\outputs\studies\asr_1d_comparison\results\gpu_galerkin\pmma_gold_grating_1d\checkpoint.json,T is port power into lossless PMMA substrate; A=1-R-T
original_4N_order_sweep,pmma_gold_grating_1d,asr_r4,48,97,400.0,TE,0.17596509892675083,3.4917990395568926e-05,0.8239999830828536,4,0.001,970,300,C:\Users\tsoyu\Documents\Codex\2026-08-06\files-mentioned-by-the-user-extensions\outputs\studies\asr_1d_comparison\results\gpu_galerkin\pmma_gold_grating_1d\checkpoint.json,T is port power into lossless PMMA substrate; A=1-R-T
original_4N_order_sweep,pmma_gold_grating_1d,asr_r4,48,97,400.0,TM,0.03278601386295894,0.030893795875261917,0.9363201902617792,4,0.001,970,300,C:\Users\tsoyu\Documents\Codex\2026-08-06\files-mentioned-by-the-user-extensions\outputs\studies\asr_1d_comparison\results\gpu_galerkin\pmma_gold_grating_1d\checkpoint.json,T is port power into lossless PMMA substrate; A=1-R-T
original_4N_order_sweep,pmma_gold_grating_1d,asr_r4,48,97,450.0,TE,0.17468261195955065,9.677907724182888e-05,0.8252206089632076,4,0.001,970,300,C:\Users\tsoyu\Documents\Codex\2026-08-06\files-mentioned-by-the-user-extensions\outputs\studies\asr_1d_comparison\results\gpu_galerkin\pmma_gold_grating_1d\checkpoint.json,T is port power into lossless PMMA substrate; A=1-R-T
original_4N_order_sweep,pmma_gold_grating_1d,asr_r4,48,97,450.0,TM,0.0449671352291734,0.0568676085975986,0.898165256173228,4,0.001,970,300,C:\Users\tsoyu\Documents\Codex\2026-08-06\files-mentioned-by-the-user-extensions\outputs\studies\asr_1d_comparison\results\gpu_galerkin\pmma_gold_grating_1d\checkpoint.json,T is port power into lossless PMMA substrate; A=1-R-T
original_4N_order_sweep,pmma_gold_grating_1d,asr_r4,48,97,500.0,TE,0.18507170173806978,0.0011598943348241405,0.8137684039271061,4,0.001,970,300,C:\Users\tsoyu\Documents\Codex\2026-08-06\files-mentioned-by-the-user-extensions\outputs\studies\asr_1d_comparison\results\gpu_galerkin\pmma_gold_grating_1d\checkpoint.json,T is port power into lossless PMMA substrate; A=1-R-T
original_4N_order_sweep,pmma_gold_grating_1d,asr_r4,48,97,500.0,TM,0.05329629314332294,0.08629689404640425,0.8604068128102728,4,0.001,970,300,C:\Users\tsoyu\Documents\Codex\2026-08-06\files-mentioned-by-the-user-extensions\outputs\studies\asr_1d_comparison\results\gpu_galerkin\pmma_gold_grating_1d\checkpoint.json,T is port power into lossless PMMA substrate; A=1-R-T
original_4N_order_sweep,pmma_gold_grating_1d,asr_r4,48,97,550.0,TE,0.5637819464009972,0.0006745375165337096,0.43554351608246905,4,0.001,970,300,C:\Users\tsoyu\Documents\Codex\2026-08-06\files-mentioned-by-the-user-extensions\outputs\studies\asr_1d_comparison\results\gpu_galerkin\pmma_gold_grating_1d\checkpoint.json,T is port power into lossless PMMA substrate; A=1-R-T
original_4N_order_sweep,pmma_gold_grating_1d,asr_r4,48,97,550.0,TM,0.07408089956659812,0.2018782632841848,0.7240408371492171,4,0.001,970,300,C:\Users\tsoyu\Documents\Codex\2026-08-06\files-mentioned-by-the-user-extensions\outputs\studies\asr_1d_comparison\results\gpu_galerkin\pmma_gold_grating_1d\checkpoint.json,T is port power into lossless PMMA substrate; A=1-R-T
original_4N_order_sweep,pmma_gold_grating_1d,asr_r4,48,97,600.0,TE,0.8226310883392114,3.4452353749993086e-05,0.17733445930703862,4,0.001,970,300,C:\Users\tsoyu\Documents\Codex\2026-08-06\files-mentioned-by-the-user-extensions\outputs\studies\asr_1d_comparison\results\gpu_galerkin\pmma_gold_grating_1d\checkpoint.json,T is port power into lossless PMMA substrate; A=1-R-T
original_4N_order_sweep,pmma_gold_grating_1d,asr_r4,48,97,600.0,TM,0.025390561843752633,0.29987500417191815,0.6747344339843292,4,0.001,970,300,C:\Users\tsoyu\Documents\Codex\2026-08-06\files-mentioned-by-the-user-extensions\outputs\studies\asr_1d_comparison\results\gpu_galerkin\pmma_gold_grating_1d\checkpoint.json,T is port power into lossless PMMA substrate; A=1-R-T
original_4N_order_sweep,pmma_gold_grating_1d,asr_r4,48,97,650.0,TE,0.9194576440843224,3.87832582226216e-06,0.08053847758985534,4,0.001,970,300,C:\Users\tsoyu\Documents\Codex\2026-08-06\files-mentioned-by-the-user-extensions\outputs\studies\asr_1d_comparison\results\gpu_galerkin\pmma_gold_grating_1d\checkpoint.json,T is port power into lossless PMMA substrate; A=1-R-T
original_4N_order_sweep,pmma_gold_grating_1d,asr_r4,48,97,650.0,TM,0.1920537168319893,0.377092438936306,0.43085384423170464,4,0.001,970,300,C:\Users\tsoyu\Documents\Codex\2026-08-06\files-mentioned-by-the-user-extensions\outputs\studies\asr_1d_comparison\results\gpu_galerkin\pmma_gold_grating_1d\checkpoint.json,T is port power into lossless PMMA substrate; A=1-R-T
original_4N_order_sweep,pmma_gold_grating_1d,asr_r4,48,97,700.0,TE,0.9475119811930164,8.777954661704987e-07,0.05248714101151745,4,0.001,970,300,C:\Users\tsoyu\Documents\Codex\2026-08-06\files-mentioned-by-the-user-extensions\outputs\studies\asr_1d_comparison\results\gpu_galerkin\pmma_gold_grating_1d\checkpoint.json,T is port power into lossless PMMA substrate; A=1-R-T
original_4N_order_sweep,pmma_gold_grating_1d,asr_r4,48,97,700.0,TM,0.5233491273288163,0.20444603699451264,0.27220483567667103,4,0.001,970,300,C:\Users\tsoyu\Documents\Codex\2026-08-06\files-mentioned-by-the-user-extensions\outputs\studies\asr_1d_comparison\results\gpu_galerkin\pmma_gold_grating_1d\checkpoint.json,T is port power into lossless PMMA substrate; A=1-R-T
latest_6N_7N_saved_points,pmma_gold_grating_1d,li,2,5,650,TE,0.9198285770576465,2.8481686387215806e-06,0.08016857477371474,1,,0,300,C:\Users\tsoyu\Documents\Codex\2026-08-06\files-mentioned-by-the-user-extensions\outputs\studies\asr_1d_comparison\results\gpu_galerkin\pmma_gold_grating_1d\checkpoint.json,T is port power into lossless PMMA substrate; A=1-R-T
latest_6N_7N_saved_points,pmma_gold_grating_1d,li,2,5,650,TM,0.25772369274673723,0.2651086293032508,0.47716767795001197,1,,0,300,C:\Users\tsoyu\Documents\Codex\2026-08-06\files-mentioned-by-the-user-extensions\outputs\studies\asr_1d_comparison\results\gpu_galerkin\pmma_gold_grating_1d\checkpoint.json,T is port power into lossless PMMA substrate; A=1-R-T
latest_6N_7N_saved_points,pmma_gold_grating_1d,li,2,5,700,TE,0.9476410029535787,6.421842642056237e-07,0.052358354862157126,1,,0,300,C:\Users\tsoyu\Documents\Codex\2026-08-06\files-mentioned-by-the-user-extensions\outputs\studies\asr_1d_comparison\results\gpu_galerkin\pmma_gold_grating_1d\checkpoint.json,T is port power into lossless PMMA substrate; A=1-R-T
latest_6N_7N_saved_points,pmma_gold_grating_1d,li,2,5,700,TM,0.48755262333594374,0.28472623119631013,0.22772114546774613,1,,0,300,C:\Users\tsoyu\Documents\Codex\2026-08-06\files-mentioned-by-the-user-extensions\outputs\studies\asr_1d_comparison\results\gpu_galerkin\pmma_gold_grating_1d\checkpoint.json,T is port power into lossless PMMA substrate; A=1-R-T
latest_6N_7N_saved_points,pmma_gold_grating_1d,li,4,9,650,TE,0.919454533034853,3.7929414060341547e-06,0.08054167402374093,1,,0,300,C:\Users\tsoyu\Documents\Codex\2026-08-06\files-mentioned-by-the-user-extensions\outputs\studies\asr_1d_comparison\results\gpu_galerkin\pmma_gold_grating_1d\checkpoint.json,T is port power into lossless PMMA substrate; A=1-R-T
latest_6N_7N_saved_points,pmma_gold_grating_1d,li,4,9,650,TM,0.2207543033452867,0.33421832872765955,0.4450273679270538,1,,0,300,C:\Users\tsoyu\Documents\Codex\2026-08-06\files-mentioned-by-the-user-extensions\outputs\studies\asr_1d_comparison\results\gpu_galerkin\pmma_gold_grating_1d\checkpoint.json,T is port power into lossless PMMA substrate; A=1-R-T
latest_6N_7N_saved_points,pmma_gold_grating_1d,li,4,9,700,TE,0.9474996333641881,8.582161876108726e-07,0.052499508419624315,1,,0,300,C:\Users\tsoyu\Documents\Codex\2026-08-06\files-mentioned-by-the-user-extensions\outputs\studies\asr_1d_comparison\results\gpu_galerkin\pmma_gold_grating_1d\checkpoint.json,T is port power into lossless PMMA substrate; A=1-R-T
latest_6N_7N_saved_points,pmma_gold_grating_1d,li,4,9,700,TM,0.556394378644216,0.16269342292781722,0.2809121984279668,1,,0,300,C:\Users\tsoyu\Documents\Codex\2026-08-06\files-mentioned-by-the-user-extensions\outputs\studies\asr_1d_comparison\results\gpu_galerkin\pmma_gold_grating_1d\checkpoint.json,T is port power into lossless PMMA substrate; A=1-R-T
latest_6N_7N_saved_points,pmma_gold_grating_1d,li,8,17,650,TE,0.9194567577146497,3.851786538271975e-06,0.08053939049881198,1,,0,300,C:\Users\tsoyu\Documents\Codex\2026-08-06\files-mentioned-by-the-user-extensions\outputs\studies\asr_1d_comparison\results\gpu_galerkin\pmma_gold_grating_1d\checkpoint.json,T is port power into lossless PMMA substrate; A=1-R-T
latest_6N_7N_saved_points,pmma_gold_grating_1d,li,8,17,650,TM,0.21730866548270145,0.3290221817487166,0.45366915276858194,1,,0,300,C:\Users\tsoyu\Documents\Codex\2026-08-06\files-mentioned-by-the-user-extensions\outputs\studies\asr_1d_comparison\results\gpu_galerkin\pmma_gold_grating_1d\checkpoint.json,T is port power into lossless PMMA substrate; A=1-R-T
latest_6N_7N_saved_points,pmma_gold_grating_1d,li,8,17,700,TE,0.947508577345869,8.716465134221016e-07,0.05249055100761756,1,,0,300,C:\Users\tsoyu\Documents\Codex\2026-08-06\files-mentioned-by-the-user-extensions\outputs\studies\asr_1d_comparison\results\gpu_galerkin\pmma_gold_grating_1d\checkpoint.json,T is port power into lossless PMMA substrate; A=1-R-T
latest_6N_7N_saved_points,pmma_gold_grating_1d,li,8,17,700,TM,0.4757686379336707,0.256938515986042,0.26729284608028725,1,,0,300,C:\Users\tsoyu\Documents\Codex\2026-08-06\files-mentioned-by-the-user-extensions\outputs\studies\asr_1d_comparison\results\gpu_galerkin\pmma_gold_grating_1d\checkpoint.json,T is port power into lossless PMMA substrate; A=1-R-T
latest_6N_7N_saved_points,pmma_gold_grating_1d,li,12,25,650,TE,0.9194556503917495,3.873091276964593e-06,0.08054047651697356,1,,0,300,C:\Users\tsoyu\Documents\Codex\2026-08-06\files-mentioned-by-the-user-extensions\outputs\studies\asr_1d_comparison\results\gpu_galerkin\pmma_gold_grating_1d\checkpoint.json,T is port power into lossless PMMA substrate; A=1-R-T
latest_6N_7N_saved_points,pmma_gold_grating_1d,li,12,25,650,TM,0.19277153945809852,0.3640201039122659,0.44320835662963554,1,,0,300,C:\Users\tsoyu\Documents\Codex\2026-08-06\files-mentioned-by-the-user-extensions\outputs\studies\asr_1d_comparison\results\gpu_galerkin\pmma_gold_grating_1d\checkpoint.json,T is port power into lossless PMMA substrate; A=1-R-T
latest_6N_7N_saved_points,pmma_gold_grating_1d,li,12,25,700,TE,0.9475099265643544,8.765792519999923e-07,0.052489196856393604,1,,0,300,C:\Users\tsoyu\Documents\Codex\2026-08-06\files-mentioned-by-the-user-extensions\outputs\studies\asr_1d_comparison\results\gpu_galerkin\pmma_gold_grating_1d\checkpoint.json,T is port power into lossless PMMA substrate; A=1-R-T
latest_6N_7N_saved_points,pmma_gold_grating_1d,li,12,25,700,TM,0.5028236924363209,0.21936176135671653,0.2778145462069626,1,,0,300,C:\Users\tsoyu\Documents\Codex\2026-08-06\files-mentioned-by-the-user-extensions\outputs\studies\asr_1d_comparison\results\gpu_galerkin\pmma_gold_grating_1d\checkpoint.json,T is port power into lossless PMMA substrate; A=1-R-T
latest_6N_7N_saved_points,pmma_gold_grating_1d,li,16,33,650,TE,0.9194573846743678,3.875364663152617e-06,0.08053873996096908,1,,0,300,C:\Users\tsoyu\Documents\Codex\2026-08-06\files-mentioned-by-the-user-extensions\outputs\studies\asr_1d_comparison\results\gpu_galerkin\pmma_gold_grating_1d\checkpoint.json,T is port power into lossless PMMA substrate; A=1-R-T
latest_6N_7N_saved_points,pmma_gold_grating_1d,li,16,33,650,TM,0.20196850104719283,0.3598889402899982,0.43814255866280905,1,,0,300,C:\Users\tsoyu\Documents\Codex\2026-08-06\files-mentioned-by-the-user-extensions\outputs\studies\asr_1d_comparison\results\gpu_galerkin\pmma_gold_grating_1d\checkpoint.json,T is port power into lossless PMMA substrate; A=1-R-T
latest_6N_7N_saved_points,pmma_gold_grating_1d,li,16,33,700,TE,0.947511471876452,8.77109406355382e-07,0.05248765101414163,1,,0,300,C:\Users\tsoyu\Documents\Codex\2026-08-06\files-mentioned-by-the-user-extensions\outputs\studies\asr_1d_comparison\results\gpu_galerkin\pmma_gold_grating_1d\checkpoint.json,T is port power into lossless PMMA substrate; A=1-R-T
latest_6N_7N_saved_points,pmma_gold_grating_1d,li,16,33,700,TM,0.5063049491348938,0.22952010781800403,0.2641749430471022,1,,0,300,C:\Users\tsoyu\Documents\Codex\2026-08-06\files-mentioned-by-the-user-extensions\outputs\studies\asr_1d_comparison\results\gpu_galerkin\pmma_gold_grating_1d\checkpoint.json,T is port power into lossless PMMA substrate; A=1-R-T
latest_6N_7N_saved_points,pmma_gold_grating_1d,li,24,49,650,TE,0.9194574654783026,3.8775498321264706e-06,0.08053865697186523,1,,0,300,C:\Users\tsoyu\Documents\Codex\2026-08-06\files-mentioned-by-the-user-extensions\outputs\studies\asr_1d_comparison\results\gpu_galerkin\pmma_gold_grating_1d\checkpoint.json,T is port power into lossless PMMA substrate; A=1-R-T
latest_6N_7N_saved_points,pmma_gold_grating_1d,li,24,49,650,TM,0.1885729873212754,0.37779409830069466,0.43363291437803,1,,0,300,C:\Users\tsoyu\Documents\Codex\2026-08-06\files-mentioned-by-the-user-extensions\outputs\studies\asr_1d_comparison\results\gpu_galerkin\pmma_gold_grating_1d\checkpoint.json,T is port power into lossless PMMA substrate; A=1-R-T
latest_6N_7N_saved_points,pmma_gold_grating_1d,li,24,49,700,TE,0.9475117636385756,8.776154202229373e-07,0.05248735874600419,1,,0,300,C:\Users\tsoyu\Documents\Codex\2026-08-06\files-mentioned-by-the-user-extensions\outputs\studies\asr_1d_comparison\results\gpu_galerkin\pmma_gold_grating_1d\checkpoint.json,T is port power into lossless PMMA substrate; A=1-R-T
latest_6N_7N_saved_points,pmma_gold_grating_1d,li,24,49,700,TM,0.5194781925078661,0.20798576464681967,0.27253604284531424,1,,0,300,C:\Users\tsoyu\Documents\Codex\2026-08-06\files-mentioned-by-the-user-extensions\outputs\studies\asr_1d_comparison\results\gpu_galerkin\pmma_gold_grating_1d\checkpoint.json,T is port power into lossless PMMA substrate; A=1-R-T
latest_6N_7N_saved_points,pmma_gold_grating_1d,li,32,65,650,TE,0.919457554183611,3.877980341536368e-06,0.0805385678360475,1,,0,300,C:\Users\tsoyu\Documents\Codex\2026-08-06\files-mentioned-by-the-user-extensions\outputs\studies\asr_1d_comparison\results\gpu_galerkin\pmma_gold_grating_1d\checkpoint.json,T is port power into lossless PMMA substrate; A=1-R-T
latest_6N_7N_saved_points,pmma_gold_grating_1d,li,32,65,650,TM,0.19191146421705801,0.3718497291197699,0.43623880666317205,1,,0,300,C:\Users\tsoyu\Documents\Codex\2026-08-06\files-mentioned-by-the-user-extensions\outputs\studies\asr_1d_comparison\results\gpu_galerkin\pmma_gold_grating_1d\checkpoint.json,T is port power into lossless PMMA substrate; A=1-R-T
latest_6N_7N_saved_points,pmma_gold_grating_1d,li,32,65,700,TE,0.9475118763380944,8.77715268065362e-07,0.05248724594663752,1,,0,300,C:\Users\tsoyu\Documents\Codex\2026-08-06\files-mentioned-by-the-user-extensions\outputs\studies\asr_1d_comparison\results\gpu_galerkin\pmma_gold_grating_1d\checkpoint.json,T is port power into lossless PMMA substrate; A=1-R-T
latest_6N_7N_saved_points,pmma_gold_grating_1d,li,32,65,700,TM,0.5124811087062692,0.21430444703170745,0.27321444426202335,1,,0,300,C:\Users\tsoyu\Documents\Codex\2026-08-06\files-mentioned-by-the-user-extensions\outputs\studies\asr_1d_comparison\results\gpu_galerkin\pmma_gold_grating_1d\checkpoint.json,T is port power into lossless PMMA substrate; A=1-R-T
latest_6N_7N_saved_points,pmma_gold_grating_1d,li,40,81,650,TE,0.9194576056603878,3.8781273269576025e-06,0.08053851621228524,1,,0,300,C:\Users\tsoyu\Documents\Codex\2026-08-06\files-mentioned-by-the-user-extensions\outputs\studies\asr_1d_comparison\results\gpu_galerkin\pmma_gold_grating_1d\checkpoint.json,T is port power into lossless PMMA substrate; A=1-R-T
latest_6N_7N_saved_points,pmma_gold_grating_1d,li,40,81,650,TM,0.19256219804378974,0.3746328083115556,0.4328049936446547,1,,0,300,C:\Users\tsoyu\Documents\Codex\2026-08-06\files-mentioned-by-the-user-extensions\outputs\studies\asr_1d_comparison\results\gpu_galerkin\pmma_gold_grating_1d\checkpoint.json,T is port power into lossless PMMA substrate; A=1-R-T
latest_6N_7N_saved_points,pmma_gold_grating_1d,li,40,81,700,TE,0.9475119308317022,8.777494088126068e-07,0.05248719141888903,1,,0,300,C:\Users\tsoyu\Documents\Codex\2026-08-06\files-mentioned-by-the-user-extensions\outputs\studies\asr_1d_comparison\results\gpu_galerkin\pmma_gold_grating_1d\checkpoint.json,T is port power into lossless PMMA substrate; A=1-R-T
latest_6N_7N_saved_points,pmma_gold_grating_1d,li,40,81,700,TM,0.5179110532243284,0.21170886584882642,0.2703800809268452,1,,0,300,C:\Users\tsoyu\Documents\Codex\2026-08-06\files-mentioned-by-the-user-extensions\outputs\studies\asr_1d_comparison\results\gpu_galerkin\pmma_gold_grating_1d\checkpoint.json,T is port power into lossless PMMA substrate; A=1-R-T
latest_6N_7N_saved_points,pmma_gold_grating_1d,li,48,97,650.0,TE,0.9194576253396272,3.878205766996665e-06,0.08053849645460584,1,,0,300,C:\Users\tsoyu\Documents\Codex\2026-08-06\files-mentioned-by-the-user-extensions\outputs\studies\asr_1d_comparison\results\fixed_order_audit_M48_r5to7\internal_q4096\pmma_gold_grating_1d\checkpoint.json,T is port power into lossless PMMA substrate; A=1-R-T
latest_6N_7N_saved_points,pmma_gold_grating_1d,li,48,97,650.0,TM,0.18900665162324445,0.3786099685881636,0.4323833797885919,1,,0,300,C:\Users\tsoyu\Documents\Codex\2026-08-06\files-mentioned-by-the-user-extensions\outputs\studies\asr_1d_comparison\results\fixed_order_audit_M48_r5to7\internal_q4096\pmma_gold_grating_1d\checkpoint.json,T is port power into lossless PMMA substrate; A=1-R-T
latest_6N_7N_saved_points,pmma_gold_grating_1d,li,48,97,700.0,TE,0.9475119540933696,8.777676174427733e-07,0.05248716813901292,1,,0,300,C:\Users\tsoyu\Documents\Codex\2026-08-06\files-mentioned-by-the-user-extensions\outputs\studies\asr_1d_comparison\results\fixed_order_audit_M48_r5to7\internal_q4096\pmma_gold_grating_1d\checkpoint.json,T is port power into lossless PMMA substrate; A=1-R-T
latest_6N_7N_saved_points,pmma_gold_grating_1d,li,48,97,700.0,TM,0.5208664104956481,0.2098562231655885,0.2692773663387634,1,,0,300,C:\Users\tsoyu\Documents\Codex\2026-08-06\files-mentioned-by-the-user-extensions\outputs\studies\asr_1d_comparison\results\fixed_order_audit_M48_r5to7\internal_q4096\pmma_gold_grating_1d\checkpoint.json,T is port power into lossless PMMA substrate; A=1-R-T
latest_6N_7N_saved_points,pmma_gold_grating_1d,li,88,177,650.0,TE,0.9194576409403967,3.87830421769162e-06,0.08053848075538558,1,,0,300,C:\Users\tsoyu\Documents\Codex\2026-08-06\files-mentioned-by-the-user-extensions\outputs\studies\asr_1d_comparison\results\fixed_order_audit_M48_r5to7\internal_q4096\pmma_gold_grating_1d\checkpoint.json,T is port power into lossless PMMA substrate; A=1-R-T
latest_6N_7N_saved_points,pmma_gold_grating_1d,li,88,177,650.0,TM,0.1885351338485157,0.3782807116965178,0.4331841544549665,1,,0,300,C:\Users\tsoyu\Documents\Codex\2026-08-06\files-mentioned-by-the-user-extensions\outputs\studies\asr_1d_comparison\results\fixed_order_audit_M48_r5to7\internal_q4096\pmma_gold_grating_1d\checkpoint.json,T is port power into lossless PMMA substrate; A=1-R-T
latest_6N_7N_saved_points,pmma_gold_grating_1d,li,88,177,700.0,TE,0.9475119762712461,8.777904541570293e-07,0.052487145938299784,1,,0,300,C:\Users\tsoyu\Documents\Codex\2026-08-06\files-mentioned-by-the-user-extensions\outputs\studies\asr_1d_comparison\results\fixed_order_audit_M48_r5to7\internal_q4096\pmma_gold_grating_1d\checkpoint.json,T is port power into lossless PMMA substrate; A=1-R-T
latest_6N_7N_saved_points,pmma_gold_grating_1d,li,88,177,700.0,TM,0.5197204228582831,0.20707782353892476,0.2732017536027921,1,,0,300,C:\Users\tsoyu\Documents\Codex\2026-08-06\files-mentioned-by-the-user-extensions\outputs\studies\asr_1d_comparison\results\fixed_order_audit_M48_r5to7\internal_q4096\pmma_gold_grating_1d\checkpoint.json,T is port power into lossless PMMA substrate; A=1-R-T
latest_6N_7N_saved_points,pmma_gold_grating_1d,li,96,193,650.0,TE,0.9194576416856852,3.878308865307142e-06,0.08053848000544947,1,,0,300,C:\Users\tsoyu\Documents\Codex\2026-08-06\files-mentioned-by-the-user-extensions\outputs\studies\asr_1d_comparison\results\fixed_order_audit_M48_r5to7\internal_q4096\pmma_gold_grating_1d\checkpoint.json,T is port power into lossless PMMA substrate; A=1-R-T
latest_6N_7N_saved_points,pmma_gold_grating_1d,li,96,193,650.0,TM,0.18916326686635293,0.3782516573081791,0.4325850758254679,1,,0,300,C:\Users\tsoyu\Documents\Codex\2026-08-06\files-mentioned-by-the-user-extensions\outputs\studies\asr_1d_comparison\results\fixed_order_audit_M48_r5to7\internal_q4096\pmma_gold_grating_1d\checkpoint.json,T is port power into lossless PMMA substrate; A=1-R-T
latest_6N_7N_saved_points,pmma_gold_grating_1d,li,96,193,700.0,TE,0.9475119773256618,8.77791532217517e-07,0.052487144882805946,1,,0,300,C:\Users\tsoyu\Documents\Codex\2026-08-06\files-mentioned-by-the-user-extensions\outputs\studies\asr_1d_comparison\results\fixed_order_audit_M48_r5to7\internal_q4096\pmma_gold_grating_1d\checkpoint.json,T is port power into lossless PMMA substrate; A=1-R-T
latest_6N_7N_saved_points,pmma_gold_grating_1d,li,96,193,700.0,TM,0.5158150770760521,0.20801379990740215,0.2761711230165457,1,,0,300,C:\Users\tsoyu\Documents\Codex\2026-08-06\files-mentioned-by-the-user-extensions\outputs\studies\asr_1d_comparison\results\fixed_order_audit_M48_r5to7\internal_q4096\pmma_gold_grating_1d\checkpoint.json,T is port power into lossless PMMA substrate; A=1-R-T
latest_6N_7N_saved_points,pmma_gold_grating_1d,asr_r6,48,97,650.0,TE,0.9194576456244152,3.878325941592284e-06,0.08053847604964318,6,0.001,4096,300,C:\Users\tsoyu\Documents\Codex\2026-08-06\files-mentioned-by-the-user-extensions\outputs\studies\asr_1d_comparison\results\fixed_order_audit_M48_r5to7\internal_q4096\pmma_gold_grating_1d\checkpoint.json,T is port power into lossless PMMA substrate; A=1-R-T
latest_6N_7N_saved_points,pmma_gold_grating_1d,asr_r6,48,97,650.0,TM,0.19063286380838967,0.3809027640170617,0.4284643721745487,6,0.001,4096,300,C:\Users\tsoyu\Documents\Codex\2026-08-06\files-mentioned-by-the-user-extensions\outputs\studies\asr_1d_comparison\results\fixed_order_audit_M48_r5to7\internal_q4096\pmma_gold_grating_1d\checkpoint.json,T is port power into lossless PMMA substrate; A=1-R-T
latest_6N_7N_saved_points,pmma_gold_grating_1d,asr_r6,48,97,700.0,TE,0.9475119792919245,8.777954978523233e-07,0.052487142912577604,6,0.001,4096,300,C:\Users\tsoyu\Documents\Codex\2026-08-06\files-mentioned-by-the-user-extensions\outputs\studies\asr_1d_comparison\results\fixed_order_audit_M48_r5to7\internal_q4096\pmma_gold_grating_1d\checkpoint.json,T is port power into lossless PMMA substrate; A=1-R-T
latest_6N_7N_saved_points,pmma_gold_grating_1d,asr_r6,48,97,700.0,TM,0.5239788123391437,0.20902562854826087,0.2669955591125954,6,0.001,4096,300,C:\Users\tsoyu\Documents\Codex\2026-08-06\files-mentioned-by-the-user-extensions\outputs\studies\asr_1d_comparison\results\fixed_order_audit_M48_r5to7\internal_q4096\pmma_gold_grating_1d\checkpoint.json,T is port power into lossless PMMA substrate; A=1-R-T
latest_6N_7N_saved_points,pmma_gold_grating_1d,asr_r7,48,97,650.0,TE,0.9194576431321291,3.878325956483018e-06,0.08053847854191444,7,0.001,4096,300,C:\Users\tsoyu\Documents\Codex\2026-08-06\files-mentioned-by-the-user-extensions\outputs\studies\asr_1d_comparison\results\fixed_order_audit_M48_r5to7\internal_q4096\pmma_gold_grating_1d\checkpoint.json,T is port power into lossless PMMA substrate; A=1-R-T
latest_6N_7N_saved_points,pmma_gold_grating_1d,asr_r7,48,97,650.0,TM,0.19063291171149793,0.3809027470307589,0.42846434125774313,7,0.001,4096,300,C:\Users\tsoyu\Documents\Codex\2026-08-06\files-mentioned-by-the-user-extensions\outputs\studies\asr_1d_comparison\results\fixed_order_audit_M48_r5to7\internal_q4096\pmma_gold_grating_1d\checkpoint.json,T is port power into lossless PMMA substrate; A=1-R-T
latest_6N_7N_saved_points,pmma_gold_grating_1d,asr_r7,48,97,700.0,TE,0.9475119816907412,8.77795493046389e-07,0.052487140513765705,7,0.001,4096,300,C:\Users\tsoyu\Documents\Codex\2026-08-06\files-mentioned-by-the-user-extensions\outputs\studies\asr_1d_comparison\results\fixed_order_audit_M48_r5to7\internal_q4096\pmma_gold_grating_1d\checkpoint.json,T is port power into lossless PMMA substrate; A=1-R-T
latest_6N_7N_saved_points,pmma_gold_grating_1d,asr_r7,48,97,700.0,TM,0.5239789461875852,0.20902564503295146,0.2669954087794633,7,0.001,4096,300,C:\Users\tsoyu\Documents\Codex\2026-08-06\files-mentioned-by-the-user-extensions\outputs\studies\asr_1d_comparison\results\fixed_order_audit_M48_r5to7\internal_q4096\pmma_gold_grating_1d\checkpoint.json,T is port power into lossless PMMA substrate; A=1-R-T
latest_6N_7N_saved_points,pmma_gold_grating_1d,li,64,129,650.0,TE,0.9194576343655265,3.878278063628446e-06,0.08053848735640985,1,,0,300,C:\Users\tsoyu\Documents\Codex\2026-08-06\files-mentioned-by-the-user-extensions\outputs\studies\asr_1d_comparison\results\fixed_order_audit_M64_r6to7\internal_q4096\pmma_gold_grating_1d\checkpoint.json,T is port power into lossless PMMA substrate; A=1-R-T
latest_6N_7N_saved_points,pmma_gold_grating_1d,li,64,129,650.0,TM,0.18952429442639407,0.3799140954484549,0.43056161012515104,1,,0,300,C:\Users\tsoyu\Documents\Codex\2026-08-06\files-mentioned-by-the-user-extensions\outputs\studies\asr_1d_comparison\results\fixed_order_audit_M64_r6to7\internal_q4096\pmma_gold_grating_1d\checkpoint.json,T is port power into lossless PMMA substrate; A=1-R-T
latest_6N_7N_saved_points,pmma_gold_grating_1d,li,64,129,700.0,TE,0.9475119685179573,8.777843837533056e-07,0.052487153697658974,1,,0,300,C:\Users\tsoyu\Documents\Codex\2026-08-06\files-mentioned-by-the-user-extensions\outputs\studies\asr_1d_comparison\results\fixed_order_audit_M64_r6to7\internal_q4096\pmma_gold_grating_1d\checkpoint.json,T is port power into lossless PMMA substrate; A=1-R-T
latest_6N_7N_saved_points,pmma_gold_grating_1d,li,64,129,700.0,TM,0.5212515728137816,0.20960006232919542,0.2691483648570229,1,,0,300,C:\Users\tsoyu\Documents\Codex\2026-08-06\files-mentioned-by-the-user-extensions\outputs\studies\asr_1d_comparison\results\fixed_order_audit_M64_r6to7\internal_q4096\pmma_gold_grating_1d\checkpoint.json,T is port power into lossless PMMA substrate; A=1-R-T
latest_6N_7N_saved_points,pmma_gold_grating_1d,li,120,241,650.0,TE,0.9194576429225746,3.878315586827807e-06,0.08053847876183858,1,,0,300,C:\Users\tsoyu\Documents\Codex\2026-08-06\files-mentioned-by-the-user-extensions\outputs\studies\asr_1d_comparison\results\fixed_order_audit_M64_r6to7\internal_q4096\pmma_gold_grating_1d\checkpoint.json,T is port power into lossless PMMA substrate; A=1-R-T
latest_6N_7N_saved_points,pmma_gold_grating_1d,li,120,241,650.0,TM,0.18988142607087416,0.37595023026101754,0.43416834366810836,1,,0,300,C:\Users\tsoyu\Documents\Codex\2026-08-06\files-mentioned-by-the-user-extensions\outputs\studies\asr_1d_comparison\results\fixed_order_audit_M64_r6to7\internal_q4096\pmma_gold_grating_1d\checkpoint.json,T is port power into lossless PMMA substrate; A=1-R-T
latest_6N_7N_saved_points,pmma_gold_grating_1d,li,120,241,700.0,TE,0.9475119789724962,8.777930916060513e-07,0.052487143234412226,1,,0,300,C:\Users\tsoyu\Documents\Codex\2026-08-06\files-mentioned-by-the-user-extensions\outputs\studies\asr_1d_comparison\results\fixed_order_audit_M64_r6to7\internal_q4096\pmma_gold_grating_1d\checkpoint.json,T is port power into lossless PMMA substrate; A=1-R-T
latest_6N_7N_saved_points,pmma_gold_grating_1d,li,120,241,700.0,TM,0.5168613343999814,0.20833133141165824,0.27480733418836034,1,,0,300,C:\Users\tsoyu\Documents\Codex\2026-08-06\files-mentioned-by-the-user-extensions\outputs\studies\asr_1d_comparison\results\fixed_order_audit_M64_r6to7\internal_q4096\pmma_gold_grating_1d\checkpoint.json,T is port power into lossless PMMA substrate; A=1-R-T
latest_6N_7N_saved_points,pmma_gold_grating_1d,li,128,257,650.0,TE,0.9194576432674992,3.878316770915633e-06,0.08053847841572985,1,,0,300,C:\Users\tsoyu\Documents\Codex\2026-08-06\files-mentioned-by-the-user-extensions\outputs\studies\asr_1d_comparison\results\fixed_order_audit_M64_r6to7\internal_q4096\pmma_gold_grating_1d\checkpoint.json,T is port power into lossless PMMA substrate; A=1-R-T
latest_6N_7N_saved_points,pmma_gold_grating_1d,li,128,257,650.0,TM,0.18797995585403857,0.3789037116904592,0.4331163324555022,1,,0,300,C:\Users\tsoyu\Documents\Codex\2026-08-06\files-mentioned-by-the-user-extensions\outputs\studies\asr_1d_comparison\results\fixed_order_audit_M64_r6to7\internal_q4096\pmma_gold_grating_1d\checkpoint.json,T is port power into lossless PMMA substrate; A=1-R-T
latest_6N_7N_saved_points,pmma_gold_grating_1d,li,128,257,700.0,TE,0.9475119793601392,8.777933665115849e-07,0.052487142846494285,1,,0,300,C:\Users\tsoyu\Documents\Codex\2026-08-06\files-mentioned-by-the-user-extensions\outputs\studies\asr_1d_comparison\results\fixed_order_audit_M64_r6to7\internal_q4096\pmma_gold_grating_1d\checkpoint.json,T is port power into lossless PMMA substrate; A=1-R-T
latest_6N_7N_saved_points,pmma_gold_grating_1d,li,128,257,700.0,TM,0.5170230786870784,0.20955682277149612,0.27342009854142546,1,,0,300,C:\Users\tsoyu\Documents\Codex\2026-08-06\files-mentioned-by-the-user-extensions\outputs\studies\asr_1d_comparison\results\fixed_order_audit_M64_r6to7\internal_q4096\pmma_gold_grating_1d\checkpoint.json,T is port power into lossless PMMA substrate; A=1-R-T
latest_6N_7N_saved_points,pmma_gold_grating_1d,asr_r6,64,129,650.0,TE,0.9194576480216556,3.878324256271216e-06,0.08053847365408809,6,0.001,4096,300,C:\Users\tsoyu\Documents\Codex\2026-08-06\files-mentioned-by-the-user-extensions\outputs\studies\asr_1d_comparison\results\fixed_order_audit_M64_r6to7\internal_q4096\pmma_gold_grating_1d\checkpoint.json,T is port power into lossless PMMA substrate; A=1-R-T
latest_6N_7N_saved_points,pmma_gold_grating_1d,asr_r6,64,129,650.0,TM,0.19011084319020846,0.38169715235074925,0.4281920044590423,6,0.001,4096,300,C:\Users\tsoyu\Documents\Codex\2026-08-06\files-mentioned-by-the-user-extensions\outputs\studies\asr_1d_comparison\results\fixed_order_audit_M64_r6to7\internal_q4096\pmma_gold_grating_1d\checkpoint.json,T is port power into lossless PMMA substrate; A=1-R-T
latest_6N_7N_saved_points,pmma_gold_grating_1d,asr_r6,64,129,700.0,TE,0.9475119788897532,8.777951030713329e-07,0.05248714331514368,6,0.001,4096,300,C:\Users\tsoyu\Documents\Codex\2026-08-06\files-mentioned-by-the-user-extensions\outputs\studies\asr_1d_comparison\results\fixed_order_audit_M64_r6to7\internal_q4096\pmma_gold_grating_1d\checkpoint.json,T is port power into lossless PMMA substrate; A=1-R-T
latest_6N_7N_saved_points,pmma_gold_grating_1d,asr_r6,64,129,700.0,TM,0.5241702753324728,0.2081458814554124,0.26768384321211475,6,0.001,4096,300,C:\Users\tsoyu\Documents\Codex\2026-08-06\files-mentioned-by-the-user-extensions\outputs\studies\asr_1d_comparison\results\fixed_order_audit_M64_r6to7\internal_q4096\pmma_gold_grating_1d\checkpoint.json,T is port power into lossless PMMA substrate; A=1-R-T
latest_6N_7N_saved_points,pmma_gold_grating_1d,asr_r7,64,129,650.0,TE,0.9194576412522756,3.878324229665731e-06,0.08053848042349475,7,0.001,4096,300,C:\Users\tsoyu\Documents\Codex\2026-08-06\files-mentioned-by-the-user-extensions\outputs\studies\asr_1d_comparison\results\fixed_order_audit_M64_r6to7\internal_q4096\pmma_gold_grating_1d\checkpoint.json,T is port power into lossless PMMA substrate; A=1-R-T
latest_6N_7N_saved_points,pmma_gold_grating_1d,asr_r7,64,129,650.0,TM,0.19011087247800684,0.38169729268300207,0.4281918348389911,7,0.001,4096,300,C:\Users\tsoyu\Documents\Codex\2026-08-06\files-mentioned-by-the-user-extensions\outputs\studies\asr_1d_comparison\results\fixed_order_audit_M64_r6to7\internal_q4096\pmma_gold_grating_1d\checkpoint.json,T is port power into lossless PMMA substrate; A=1-R-T
latest_6N_7N_saved_points,pmma_gold_grating_1d,asr_r7,64,129,700.0,TE,0.9475119827829303,8.777951033672887e-07,0.05248713942196638,7,0.001,4096,300,C:\Users\tsoyu\Documents\Codex\2026-08-06\files-mentioned-by-the-user-extensions\outputs\studies\asr_1d_comparison\results\fixed_order_audit_M64_r6to7\internal_q4096\pmma_gold_grating_1d\checkpoint.json,T is port power into lossless PMMA substrate; A=1-R-T
latest_6N_7N_saved_points,pmma_gold_grating_1d,asr_r7,64,129,700.0,TM,0.524170269241341,0.20814588433276152,0.2676838464258975,7,0.001,4096,300,C:\Users\tsoyu\Documents\Codex\2026-08-06\files-mentioned-by-the-user-extensions\outputs\studies\asr_1d_comparison\results\fixed_order_audit_M64_r6to7\internal_q4096\pmma_gold_grating_1d\checkpoint.json,T is port power into lossless PMMA substrate; A=1-R-T
