mode,kz_real,kz_imag,pq_relative_residual,forward_uv_flux,forward_cartesian_flux
0,3.6943224143039865e-16,6.033286359587299,4.558172478597159e-15,-1.5551785724293713e-16,1.4034406166306465e-18
1,3.6884694152134717e-16,6.023727686679176,6.856917400543843e-15,-1.9789056980705647e-16,-1.0779174464169145e-17
2,3.6788964485442885e-16,6.008093845679717,7.029805222926577e-15,-1.6578616990672995e-16,-5.294168225942562e-18
3,3.6884694152134816e-16,6.023727686679192,4.944748398841651e-15,-1.1931790326554663e-16,8.725382342617604e-19
4,3.594876900673481e-16,5.870879511017175,6.4797312124759045e-15,-1.7272376195528167e-16,-1.6209165932955944e-17
5,3.5496843466281725e-16,5.79707446930756,1.1782953836870789e-14,-1.3383649962736781e-17,2.4863040954037894e-18
6,3.5847283854424655e-16,5.854305727885449,5.368283858531917e-15,-1.610136179934104e-16,-1.398656196749191e-17
7,3.511392763748455e-16,5.734539568785421,4.826752789872819e-15,-1.745262770165536e-18,4.792081424548135e-18
8,3.4970168003179803e-16,5.711061838813835,1.1905710191360806e-14,8.403962018832208e-19,-2.9041032604571715e-18
9,3.5844758116841835e-16,5.8538932436353655,7.757754547625938e-15,-2.1548225645725771e-16,-2.8876923781087184e-17
10,3.5844758116841623e-16,5.853893243635331,4.504466249827283e-15,-1.2073309514270033e-16,-7.722160738510735e-18
11,3.497016800317945e-16,5.7110618388137775,4.9619304132223994e-15,2.7286726956096867e-18,-1.283091236726556e-18
12,3.411053304753357e-16,5.570672796643515,8.410221816404527e-15,-7.237969760013717e-17,-9.083382784948084e-18
13,3.4064705858392527e-16,5.563188648696049,6.485162905472846e-15,-5.984167249138737e-17,-3.24402098110669e-18
14,0.02664949106607429,5.567025993583246,6.721029527597303e-15,-2.2225509661322543e-05,0.00037495338879495345
15,-0.026649491066075538,5.567025993583249,6.396140147186305e-15,2.2225509661282644e-05,-0.0003749533887949155
16,0.026649491066050867,5.567025993583259,5.273116159441915e-15,-2.2225509658553924e-05,0.0003749533887941343
17,-0.026649491066050895,5.5670259935832656,5.2217721939191604e-15,2.222550965887138e-05,-0.00037495338879403947
18,0.0070735855366292075,5.463759555686575,4.395181145828852e-15,-1.0793937482605695e-05,-0.0002504073171141657
19,-0.007073585536626781,5.463759555686574,4.287741722372845e-15,1.0793937482628246e-05,0.00025040731711422
20,0.00509692778659209,5.468246867820935,6.023598920425976e-15,8.941580607274222e-06,-1.663876179765752e-06
21,-0.005096927786590879,5.4682468678209375,5.2200281220393065e-15,-8.941580607114627e-06,1.663876179778837e-06
22,2.7594329703992766e-15,5.460746670018033,5.615331754926383e-15,1.372827864474703e-16,1.3891909969075924e-16
23,0.0057911186718524075,5.4681577380106,5.40021085690273e-15,-3.9563692684468216e-06,-0.00010566768728032906
24,0.005791118671847548,5.468157738010597,4.7886176269069534e-15,-3.956369268033957e-06,-0.00010566768728015575
25,-0.005791118671852409,5.468157738010602,5.106488688228351e-15,3.956369268590804e-06,0.00010566768728033867
26,-0.005791118671846343,5.468157738010606,4.795093288843707e-15,3.956369268511006e-06,0.00010566768728022228
27,3.311006906854865e-16,5.407284629592985,5.217603787634909e-15,4.090562346402501e-19,-6.633426764719286e-17
28,3.2766562607547074e-16,5.351185767253127,6.6535422229364874e-15,9.449024027303185e-18,-6.906123621735603e-17
29,3.2728667091426366e-16,5.344996959811325,4.0241381397666466e-15,9.568650386182777e-18,1.6122433738894156e-18
30,0.011850327247167258,5.257479452287204,5.314166393428622e-15,-7.644180914476769e-06,0.0008903291197312783
31,-0.011850327247167258,5.257479452287204,5.3714008003466e-15,7.644180914523607e-06,-0.0008903291197313817
32,3.23092148455588e-16,5.276495209566339,6.13808999586851e-15,-8.121622925865135e-17,-9.843656337413071e-18
33,3.229048798279145e-16,5.273436880784459,5.947432884016667e-15,-5.87356157273423e-17,-4.695887605573354e-18
34,1.4603883921631885e-15,5.15533797771457,5.5339118111666895e-15,-2.465410316815794e-16,-2.5476184235768078e-17
35,-0.011850327247160283,5.2574794522872175,5.098171233513692e-15,7.64418091486448e-06,-0.0008903291197307993
36,0.011850327247162616,5.257479452287217,5.091534591310754e-15,-7.64418091486795e-06,0.0008903291197308828
37,-0.006998268418622716,5.142713138492447,5.239606959388191e-15,-6.743207605133198e-06,-0.00048438522794327454
38,1.4566931209102793e-15,5.142293247743893,4.709615859913241e-15,3.517983015075629e-17,6.43276232175948e-17
39,0.006998268418621572,5.142713138492446,4.732964912362549e-15,6.743207604931103e-06,0.0004843852279433051
40,3.1513677011405323e-16,5.146574021725509,5.494161893261259e-15,3.46657498086683e-18,1.0717058722536046e-17
41,-4.8862127515999634e-15,5.146574021725541,6.8059679527547086e-15,1.5322953070772381e-16,-2.6966903238440434e-16
42,3.144563843523442e-16,5.135462478998532,5.369172104635181e-15,1.7563215014261418e-17,-2.6366910314350312e-17
43,3.116731134608935e-16,5.09000821588547,7.632848701944512e-15,-6.036366019225707e-17,-1.342096897657541e-17
44,3.111391417923036e-16,5.081287796757902,5.9973348586911085e-15,-6.231812429391638e-17,-1.2622081947512116e-17
45,3.740330066118161e-15,5.142293247743871,5.1770862511473696e-15,5.3446296664088656e-17,2.704266504161641e-16
46,3.1143310579931084e-16,5.086088593317562,6.0536948187535626e-15,-5.385034461481876e-17,1.728591420659829e-17
47,-3.1143310579931114e-16,5.086088593317567,5.892269622151824e-15,1.7095190841889693e-16,2.560924706684572e-17
48,3.056231910106044e-16,4.9912054842815285,4.630608861973923e-15,1.4395642071606918e-17,4.407282778876674e-18
49,3.0508820216987924e-16,4.9824684534723565,4.407586212921879e-15,1.4412694622799155e-17,-5.942303251829604e-18
50,3.0836270339598886e-16,5.035945116758285,4.925488076447321e-15,1.514367854748601e-17,2.830678230605465e-19
51,-3.083627033959886e-16,5.03594511675828,4.0621690118519934e-15,-1.37115575919158e-17,-7.357354649630454e-18
52,0.0050282839949633736,4.946872813956445,4.259711286056255e-15,-3.0970349287340326e-06,0.00027746146592141013
53,-0.005028283994961172,4.946872813956441,4.45112718858262e-15,3.0970349285338347e-06,-0.0002774614659214942
54,3.0199734566960295e-16,4.9319909361599645,4.0701307722410146e-15,1.5613041596679522e-17,7.260206478444654e-17
55,0.002165184926487474,4.952087491516445,5.227207352147019e-15,-2.687547538598252e-06,0.00018476067490579506
56,-0.002165184926487475,4.952087491516447,5.149999969357773e-15,2.6875475385544504e-06,-0.00018476067490566875
57,-1.4024656208181906e-15,4.950863973065006,4.3168649967211584e-15,3.6201585162794215e-16,7.096693217405846e-18
58,3.0068945343857764e-16,4.910631435086906,5.78862826525177e-15,-5.98322654986243e-17,-1.3501678393162334e-17
59,-2.9921612618436787e-16,4.88657017505282,6.227592687202068e-15,2.1391599139487146e-16,3.5901651706622435e-17
60,-3.0010664550514084e-16,4.901113459229008,5.025006963232297e-15,2.4579835363242015e-16,3.44094520576212e-17
61,0.005028283994955691,4.946872813956452,4.885573830790126e-15,-3.097034928359007e-06,0.0002774614659210241
62,-0.00502828399495349,4.946872813956448,5.152960870209753e-15,3.0970349280584663e-06,-0.00027746146592106963
63,3.001066455051413e-16,4.901113459229015,5.539400075599955e-15,-5.790560749402733e-17,6.569801944119127e-17
64,-2.965025757810717e-16,4.842254533919631,8.566583123151283e-15,3.0610334048048174e-16,5.436970755469408e-17
65,2.964901501446959e-16,4.8420516078778615,5.113397911962289e-15,1.6903408975716257e-17,1.438544721958103e-17
66,1.3673647924461462e-15,4.826954036142267,9.345566971222476e-15,-9.879266076998509e-16,-4.480957324587928e-16
67,2.939696309097418e-16,4.800888404957493,6.158436386625475e-15,1.6997125321370912e-17,1.5114550254439906e-17
68,1.357134056129561e-15,4.7908383673544925,8.063678820135953e-15,-8.564365299340271e-16,-3.2830381595052704e-16
69,-2.873409004615014e-16,4.692633021399465,7.129356216782513e-15,-1.5792511297892236e-17,-1.8014520034008646e-17
70,2.924659064727165e-16,4.776330721255183,3.8732510985158665e-15,1.8948952701675812e-17,1.1717202037456783e-17
71,-2.8859809027281743e-16,4.713164489120466,5.8390600530261965e-15,2.5888649417544806e-16,6.774230019419432e-17
72,2.89820360090799e-16,4.733125670072109,5.1207087319653615e-15,1.4191560131447423e-17,9.707004584247757e-19
73,-2.959985857591972e-16,4.834023752240776,6.994935806785806e-15,2.1696325427445276e-16,8.818317077054672e-17
74,2.959985857591977e-16,4.834023752240784,8.420145018208935e-15,-1.0007143700393843e-16,-3.0035258914045456e-18
75,-2.9153226838736065e-16,4.761083254213979,4.964744661946494e-15,2.2057981239334944e-16,2.2164856702148847e-17
76,2.896113096917824e-16,4.729711617968888,7.678167542527408e-15,1.8531380423162782e-17,6.7643545007531625e-18
77,-2.9497349234651074e-16,4.817282706358809,4.33012045228005e-15,-2.3242584072658e-17,-1.232088831120185e-18
78,2.949734923465112e-16,4.817282706358816,4.347276281029755e-15,1.8592426131791096e-17,-9.275275470230606e-19
79,2.926920042046489e-16,4.780023177432587,5.8072812172783855e-15,-7.323165289680168e-17,-3.427952511859688e-17
80,-2.926920042046493e-16,4.780023177432593,5.83048819741733e-15,2.173366369855143e-16,-5.102271040886749e-17
81,-2.910620240777773e-16,4.753403581839695,5.366514855762016e-15,-1.5791877127817262e-17,-1.0042865991455313e-17
82,-1.3390284873494032e-15,4.7269236397098755,5.056729443542162e-15,-7.212969942837078e-17,-3.967851726029885e-17
83,1.3390284873494065e-15,4.726923639709887,5.415344650601936e-15,5.623377621438415e-17,1.1659249700277834e-16
84,2.910620240777772e-16,4.753403581839693,4.779493284661156e-15,1.5112761844911227e-17,2.810042390427982e-17
85,2.8750279459401794e-16,4.695276953227471,6.207132760997211e-15,-9.869042842021365e-17,-5.293352304662853e-17
86,0.0030745417939229106,4.682963946009035,5.277506182309908e-15,-1.0493286382897305e-05,0.00010438048835298744
87,-0.003074541793922909,4.682963946009032,5.4886334821502214e-15,1.0493286382963658e-05,-0.00010438048835296337
88,2.8545203383869657e-16,4.661785488476178,7.364865988330689e-15,-2.3151370939275693e-17,-1.0514438467676231e-17
89,2.8482245583660564e-16,4.651503699432524,6.8586453471572454e-15,-8.81504373778526e-17,5.215754852803031e-19
90,2.835887433467375e-16,4.631355645467461,4.061316562827959e-15,1.878504589583508e-17,1.3882550439829965e-17
91,2.8750279459401863e-16,4.695276953227482,5.541435254143929e-15,-9.575485122561211e-17,-2.7840472801489926e-16
92,-2.822776580714212e-16,4.60994399802382,4.903166366586406e-15,-1.7921911584476138e-17,-7.485983182194568e-18
93,2.821894053588243e-16,4.608502721850831,5.7928993571927e-15,-9.720020180057849e-17,-4.4412817194851187e-17
94,2.841070161548112e-16,4.639819682746365,4.316143159344267e-15,1.5915039357942733e-17,3.948109357236233e-17
95,2.8507464322686987e-16,4.655622232064787,9.054007991243214e-15,-8.124782381710612e-17,-2.587239373377803e-16
96,-1.3188304424258833e-15,4.65562223206477,7.944727943439853e-15,8.679575197876785e-16,8.61581863089026e-17
97,1.3143539445336164e-15,4.6398196827463805,5.474971842244949e-15,7.760272340771564e-17,1.1559410654703909e-16
98,1.300189488071864e-15,4.5898175321384915,5.207609082357087e-15,7.380517355718885e-17,5.037135330017143e-17
99,2.7994440682801704e-16,4.5718391134966465,5.627325042103575e-15,-7.004142745408841e-17,-8.663636352860524e-18
100,2.793460606391934e-16,4.562067378670895,6.7955207594143925e-15,1.8870056455977032e-17,1.3033005294298527e-17
101,0.0040406711496920175,4.587959046620592,5.684559806234956e-15,-2.642609270905828e-06,0.0003735095455698165
102,-0.00404067114969202,4.587959046620595,5.638384361604722e-15,2.642609271077403e-06,-0.0003735095455697344
103,0.004040671149695079,4.587959046620599,5.229703604677591e-15,-2.642609271484304e-06,0.0003735095455699424
104,-1.2839675852585946e-15,4.5325523606999765,6.483164251692211e-15,6.791250181390851e-16,4.620166810859851e-16
105,-1.2834642638020015e-15,4.530775578417881,8.226406885036173e-15,1.0978532331287581e-15,6.661596419316934e-16
106,2.7481015046341683e-16,4.487990343905693,5.314503234346762e-15,1.3268968385348226e-17,-6.289293400863351e-17
107,0.0010706002635533427,4.531058320486956,5.521235001706357e-15,2.0282737112720193e-06,-0.00021475432593592354
108,-0.004040671149694056,4.587959046620593,5.169563479642361e-15,2.6426092711582844e-06,-0.0003735095455701241
109,2.739995054196564e-16,4.4747515056655605,6.1649611884736635e-15,1.5434830767406528e-17,1.494481734577376e-17
110,2.740242013791462e-16,4.475154821291045,7.146567429050291e-15,-1.2982060132252092e-16,-6.737194298781182e-17
111,0.0010706002635623992,4.531058320486963,6.1690012891404016e-15,2.028273710862733e-06,-0.0002147543259378545
112,-0.001070600263552337,4.531058320486958,5.1770206743539866e-15,-2.0282737112896918e-06,0.00021475432593573543
113,-0.001070600263561399,4.531058320486988,6.989736966941651e-15,-2.0282737116645005e-06,0.00021475432593701175
114,0.005377233933838971,4.438734669181382,4.784285549905525e-15,-8.650992224903389e-06,0.0018536581280363164
115,-0.005377233933837989,4.438734669181385,5.3905843820324024e-15,8.650992224959225e-06,-0.0018536581280363578
116,2.7072984143611304e-16,4.421353840545792,4.709970157025037e-15,1.8838332560167635e-17,1.1798592866116897e-17
117,1.2504277311583185e-15,4.414152841409058,7.222307767233537e-15,7.361237616319147e-17,5.863554068604284e-17
118,0.006229451256199907,4.453488989472512,5.0731834280414725e-15,-2.061630361032611e-05,0.0005825770566693894
119,-0.006229451256199903,4.453488989472509,5.314755474100535e-15,2.061630361036926e-05,-0.0005825770566695309
120,0.00622945125620682,4.453488989472506,5.5683813030740534e-15,-2.0616303611432538e-05,0.0005825770566698004
121,-0.006229451256205825,4.453488989472501,5.651855865914874e-15,2.061630361116821e-05,-0.0005825770566696109
122,2.676104475274897e-16,4.370410271987165,7.663778734092926e-15,-1.231291652164146e-16,-1.2569846059908166e-16
123,-2.678278914228479e-16,4.37396140028815,8.031178185838065e-15,2.5181161985301953e-16,1.1405429878056512e-16
124,2.672760754085718e-16,4.364949560880081,6.986235974575779e-15,-1.2692732190885851e-16,-1.0267622651878317e-16
125,2.716078661396034e-16,4.435693072136511,7.926682359638651e-15,1.8319125657403575e-17,-3.613585737950878e-17
126,2.7160786613960254e-16,4.435693072136497,5.998846855682697e-15,9.651384568591117e-18,-1.7968022228960542e-17
127,2.6670182365491795e-16,4.355571318042168,8.697100268341611e-15,-1.2598307608548855e-16,-8.6238243904673e-17
128,2.6684600727909845e-16,4.357926015319471,7.539866734064695e-15,-6.62846659001265e-17,-5.470844388217733e-17
129,1.228839767075301e-15,4.3379448602336765,6.1125487555698295e-15,-7.19250734132801e-16,-3.126981744910951e-16
130,-0.0021959468152822014,4.308741621098555,6.972031201893028e-15,7.0123370181164e-05,-0.0017134540059292203
131,-1.2194188490038253e-15,4.304687942430546,6.576937562963849e-15,-6.812990039343107e-17,-7.609764893183387e-17
132,0.002195946815283159,4.308741621098557,7.124380323660031e-15,-7.012337018087972e-05,0.0017134540059277085
133,2.6298238227965503e-16,4.294828230682571,5.564045739175889e-15,1.933780523262062e-17,1.5384991639986403e-17
134,1.2240415210787316e-15,4.321006503324464,6.268936023639162e-15,9.475921161812256e-17,-3.342467827741804e-16
135,2.6684962673123247e-16,4.357985125458598,8.758610952921497e-15,-9.89041461932832e-17,-5.402083853318482e-17
136,-2.597328973441484e-16,4.241760114426209,5.512750892774812e-15,-1.7233798922698975e-17,-5.412372242488242e-18
137,-2.6248065600229305e-16,4.286634418757185,5.242244282997092e-15,-1.6559648596419826e-17,-3.359251433543373e-18
138,2.59345923639164e-16,4.235440354226717,5.639652320802373e-15,1.8000346462871523e-17,3.2162924797636376e-17
139,-2.559710136070551e-16,4.180323890696846,8.648963640927377e-15,2.0717176516242986e-16,3.041641315239805e-16
140,-1.1849894911996394e-15,4.18314837337568,7.761670483133317e-15,1.0133726532000622e-15,8.307911073732318e-16
141,2.5693204348803314e-16,4.196018699708671,7.482383756057534e-15,1.087087812731911e-17,-9.537752007129413e-17
142,1.1867932388045828e-15,4.1895158086277515,6.2117153085452095e-15,-1.7133786758399173e-16,-1.631158875098392e-16
143,-2.581980535172804e-16,4.216694212519854,4.238255909391875e-15,-1.1680377123662472e-17,-1.828351332507435e-16
144,1.1949816495307102e-15,4.218421834600062,5.359940391319118e-15,-5.324498834912454e-16,-1.1876462823306897e-15
145,2.657333203704704e-16,4.339754459089499,5.055272812822399e-15,1.8836275667649278e-17,1.0522557954842165e-16
146,2.6573332037047193e-16,4.339754459089524,5.0112907033764305e-15,7.859989294487077e-18,3.3276721654289655e-17
147,2.646265943753731e-16,4.321680251965161,6.60116718818125e-15,-9.110744614182378e-17,-2.362800722471586e-17
148,-1.212702666578572e-15,4.280979050667253,6.127558476746004e-15,-7.482231004780288e-17,-4.732190450340161e-17
149,2.60641682296273e-16,4.256601698999939,5.798965282284781e-15,1.6564517586681606e-17,-4.7188622183770645e-18
150,-1.2242323785352965e-15,4.321680251965194,7.29661488069587e-15,6.593226110879853e-16,3.3460032818965286e-16
151,1.2127026665785735e-15,4.280979050667257,5.453451996582032e-15,7.233640193728044e-17,1.3168217719987689e-16
152,2.6064168229627236e-16,4.256601698999928,5.4498778053272255e-15,2.3916716419554018e-17,6.58529867658694e-17
153,-1.1919920833060102e-15,4.2078683240560215,5.948689006656505e-15,7.081783597548701e-16,-1.5715980328765317e-16
154,2.576576237144369e-16,4.207868324056016,5.255619763642144e-15,-1.090233047069955e-16,-4.1504296778105496e-16
155,1.234516712182844e-15,4.357985125458577,7.005561992977593e-15,-6.974918215153954e-16,-4.688113768474779e-16
156,1.9687489135091267,8.481269822976728e-17,1.4738255661023844e-14,1.955003843955856,1.9550176055325723
157,-1.9253469254669986,5.1154376029352336e-17,1.9436766438108304e-14,-1.6888313240591113,-1.6887652260780275
158,-1.9687489135091052,3.0249412366165873e-16,1.3129260986820036e-14,-1.955003843955859,-1.9550176055325752
159,-1.91502977573569,3.115783193016105e-16,1.7003758656981082e-14,-2.1832098140568346,-2.183220718473877
160,-1.9194012103419098,4.921201058565436e-16,1.4806999476090676e-14,-2.3463014229583568,-2.346173229741717
161,1.9192810368291997,9.63194755490453e-17,1.4879403356077846e-14,1.6187243350950673,1.6187059804206525
162,-1.858774139981212,3.665408229653241e-16,1.5041225508303987e-14,-1.6641489698181848,-1.664105754120707
163,1.851992331793299,2.3099642411489773e-16,1.679855836756354e-14,1.8932388852595956,1.8932788661199176
164,-1.826556811454217,2.9159460042414056e-16,1.5275843679757967e-14,-2.094885047481233,-2.0950499262537994
165,1.238036469731182e-15,4.370410271987177,8.421162155171577e-15,-8.368029862431753e-16,-4.298628332428673e-16
166,2.568948604784052e-16,4.195411455078565,6.175277505637876e-15,-1.204435391770964e-16,-9.51132379002689e-18
167,-2.559977805922079e-16,4.180761028738139,8.332683822749686e-15,2.348957128764981e-16,1.713552829007156e-16
168,-2.566198571471592e-16,4.190920309853061,7.502241389090885e-15,2.2027277239296308e-16,1.3021783128759205e-16
169,2.5646772399581396e-16,4.188435786944885,7.157223609923472e-15,-5.676789048330877e-17,-5.377507356258135e-18
170,2.5597101360705477e-16,4.18032389069684,7.955653504446238e-15,-8.989232443942828e-17,4.23885250596561e-16
171,2.5369954773878045e-16,4.143228037919439,7.259395183998344e-15,-1.4160362238277178e-16,-1.3326973487215734e-16
172,-2.5326659720791266e-16,4.136157419171743,6.522029104102336e-15,1.2273511205924033e-16,3.6558513314787897e-17
173,-2.5301801539924214e-16,4.132097770155495,8.043138464251493e-15,-9.994685118214428e-18,-1.1299886951436097e-17
174,2.534979755273237e-16,4.1399361138871855,8.5474645370052e-15,-1.402368923297901e-16,-1.1422795159095876e-16
175,-1.1886353579228882e-15,4.196018699708669,7.26458786979773e-15,-6.247969128831896e-17,-2.781789606472315e-16
176,1.1867932388045844e-15,4.189515808627757,6.93502359616796e-15,-1.8793437638086382e-16,-2.0744022166715027e-17
177,1.1727484543502705e-15,4.139936113887176,7.422187726565418e-15,-7.410928424753105e-16,-7.39273098067253e-16
178,1.1666028920731424e-15,4.118241576480754,5.862762895297313e-15,7.695307705015781e-17,7.570684445586849e-17
179,2.520572659114262e-16,4.1164075403115135,5.976808567454107e-15,1.601867489062259e-17,-9.817139492205258e-18
180,-2.4007054927022475e-16,3.9206496017851227,5.690566343014216e-15,-8.890246056144323e-18,3.7600004286855206e-17
181,-2.503453581177838e-16,4.088449964382939,7.449471333605583e-15,1.8920559793092466e-16,1.55136417879788e-16
182,-1.1591392519820936e-15,4.091894073706932,6.292908630137447e-15,-7.419011588173176e-17,-5.79471103109243e-17
183,2.4062416986995114e-16,3.9296909123101136,5.4018381588778365e-15,-7.819436599520542e-17,2.7024204107423514e-16
184,1.144393498187896e-15,4.039839877060893,6.3494193302904285e-15,8.027154821153941e-17,6.895557817966373e-17
185,0.009419311000309696,4.022793163286667,6.045605792082426e-15,4.2229382623963294e-05,0.0012369153022890901
186,-0.00941931100030971,4.022793163286673,6.120407707632885e-15,-4.222938262440088e-05,-0.0012369153022891693
187,-1.1486999869843419e-15,4.055042274835388,5.554001188464132e-15,-6.291503842427361e-17,-2.1033111332319564e-16
188,0.003383162333268788,3.9407184233660657,6.278013167059762e-15,-2.1641927184941e-05,-0.0008376677687032975
189,-0.0033831623332670306,3.9407184233660573,5.758550021536553e-15,2.16419271851908e-05,0.0008376677687039482
190,-1.1333994494192995e-15,4.00102962805471,6.42240386719067e-15,-6.81523979160404e-17,-9.158016856397078e-17
191,0.01366723740114143,3.9624158117908967,6.3398002179548664e-15,7.594016544558782e-06,-3.498204173680783e-05
192,-0.013667237401143173,3.962415811790892,6.399612113158231e-15,-7.594016544840675e-06,3.498204173640494e-05
193,-2.4939876487923865e-16,4.0729909236341415,5.517074123968015e-15,1.7626472991359495e-16,1.8680896043746386e-16
194,-2.8758195431757457e-15,3.9537439630161564,5.675409782486664e-15,-1.0546548996457673e-16,-6.785664831464026e-16
195,-1.1256512060208058e-15,3.9736774430694113,6.4710992910193005e-15,2.813944501042255e-16,2.16732121110341e-16
196,2.4829075354109055e-16,4.054895725264791,6.564232829960034e-15,1.462219605438185e-17,-3.1868336777259214e-17
197,1.1279318533901233e-15,3.9817283890094854,7.281821543260629e-15,-2.905547363379275e-16,-9.563406763831605e-16
198,1.1217150820093095e-15,3.9597824753263415,6.574492397885661e-15,7.820752236419611e-17,-1.4938021757487945e-16
199,-1.1293728563320985e-15,3.9868152941318677,7.334217330394407e-15,8.6754258235897575e-16,6.109620179631407e-16
200,-2.4646556059170647e-16,4.025088062342634,7.599819570919925e-15,2.2128398187544668e-16,-3.221618763996932e-17
201,-2.520718546221823e-16,4.116645792038725,8.221964311550596e-15,-1.1157316149151487e-17,-4.8711636927754834e-17
202,-2.493623977226662e-16,4.072397002895562,6.174341475570665e-15,-1.7664983784371128e-17,6.528415864685445e-17
203,-1.1661508431317195e-15,4.116645792038746,9.690546228846837e-15,-8.37433880205092e-17,1.2175503046739529e-17
204,2.506063191774e-16,4.0927117819093946,5.0129674627416525e-15,9.980589217497421e-18,-1.3493771855414674e-16
205,-2.5060631917740066e-16,4.092711781909405,5.403427983073701e-15,-7.98249143448373e-18,1.1364474624571702e-16
206,-2.4974637462301947e-16,4.078667821561329,6.217763910660471e-15,1.1667401068906177e-16,1.7281890965534954e-16
207,-2.497463746230201e-16,4.078667821561339,6.025093294064605e-15,1.1740638978597132e-16,2.67380296421364e-16
208,1.1291519776355317e-15,3.986035567081866,7.741139444542741e-15,-6.341268153610732e-16,-4.1297538848094804e-16
209,-2.4644262504947665e-16,4.024713496512784,6.1433046848515405e-15,1.6844499529748962e-16,-6.053320957552857e-17
210,-2.4644262504947754e-16,4.024713496512798,6.183358467553448e-15,1.8045020501716164e-16,2.0815707623832343e-16
211,2.4407428492571623e-16,3.9860355670818763,6.4575720794122286e-15,-6.744415139217641e-17,-2.357669621870246e-16
212,3.76247660873706e-15,3.9629597310382305,5.961889115701726e-15,-2.9966262786535673e-16,5.660646971855931e-16
213,1.1226151253004808e-15,3.9629597310382207,6.255628022395521e-15,-6.07458148452894e-17,2.9815782089500026e-16
214,2.4936239772266643e-16,4.072397002895565,5.608848876834524e-15,2.4040489108971552e-17,1.0419542866588281e-16
215,2.482907535410903e-16,4.054895725264786,6.445396648750548e-15,1.3373591445961334e-17,1.4002598112592378e-16
216,-1.8587741399812165,6.244566027335093e-17,1.1581455973097815e-14,-1.6641489698182617,-1.6641057541207844
217,-1.777779265125898,1.5938328738877874e-16,1.556259381904515e-14,-1.5297109068993013,-1.5296350375471932
218,-1.7777375921742575,2.139019073892352e-16,1.4306878994421313e-14,-1.6975666075533105,-1.6975102395718098
219,-1.7653605181967185,9.358152804155124e-17,1.6144293043600097e-14,-1.8436564449236545,-1.8434280346042566
220,1.7652789806863842,4.758428036183797e-16,1.5899839800314204e-14,1.8991246770633032,1.8991981084602545
221,1.8265568114542177,1.1000101930950964e-16,1.3273362903759942e-14,2.094885047481408,2.0950499262539743
222,-1.8519923317933231,1.4206197012234261e-16,1.306948548093865e-14,-1.8932388852591853,-1.893278866119505
223,1.7391652400850437,1.524157623432195e-16,1.700992905063983e-14,1.43787311225336,1.4376623010664065
224,-1.7011484451744034,4.6041269664239436e-17,1.7932544768859904e-14,-2.4081844817247595,-2.4083766748776445
225,1.712645891184307,2.821509010173309e-16,1.7402150617687923e-14,2.5668194784651774,2.5665548880449354
226,-1.7119127603243698,4.510762100370035e-16,1.5580523785046295e-14,-1.7389449565272859,-1.7389619400223375
227,1.6787889440595456,1.1076507426067188e-17,1.741740599730702e-14,1.530534398006712,1.5304941358282003
228,-1.6565994268689777,7.444016953327776e-16,1.6076007193024162e-14,-1.868008351421778,-1.8678867947200624
229,-1.6565994268689737,5.026364581343816e-16,1.7058118180380556e-14,-1.8680083514218073,-1.867886794720092
230,0.006344961558238997,3.7990312233486923,6.403453619714459e-15,2.3162958469895648e-05,0.0011943292796200522
231,-0.006344961558240691,3.7990312233486963,6.550804567920766e-15,-2.3162958469962434e-05,-0.0011943292796198005
232,2.3259396498590707e-16,3.7985477142935915,6.071837845093807e-15,1.7706163389047962e-17,-4.726389663549679e-18
233,-2.340226497947572e-16,3.821879907867197,5.611619440607711e-15,-2.4075257750502736e-17,9.976947243967619e-17
234,2.3309642296796164e-16,3.8067534758634483,5.219929279892729e-15,2.006905897314423e-17,1.4664775045328555e-17
235,1.0776199372080457e-15,3.8041215731672557,6.2770542247639954e-15,-3.910310703693638e-16,-5.4134220592936e-16
236,-0.0007958117736518991,3.915852576496336,5.180211872184213e-15,4.156689365513843e-05,0.00027773370780930005
237,0.0007958117736527684,3.9158525764963352,5.13841123179505e-15,-4.156689365514819e-05,-0.0002777337078093382
238,-1.0897611936963825e-15,3.846981596574304,8.903583148968458e-15,8.530473634841446e-16,7.751253440939314e-16
239,-0.004381766510609873,3.8924543917673877,6.2421096476200745e-15,-1.859205942080595e-05,0.00031646822277781386
240,0.004381766510609872,3.892454391767387,6.6986457697181574e-15,1.859205942090071e-05,-0.00031646822277762543
241,-2.3911834245544995e-16,3.9050988843792913,5.664743310837014e-15,-1.1645958216863829e-17,8.01869833250798e-18
242,-1.9663201491657618e-15,3.89122559668214,5.379134312728103e-15,4.964783088299342e-16,9.739449888496492e-17
243,-1.9443391683291584e-15,3.847726599172574,5.918056844734664e-15,-1.8736656111074885e-17,7.02567144584742e-15
244,2.3561971171482187e-16,3.8479619083456464,6.166528190372278e-15,-2.2766778215925076e-16,-1.462275297007465e-14
245,-2.3879003326539335e-16,3.8997371884146235,6.341142886580609e-15,-1.4251169909713904e-17,-1.756149991081741e-17
246,2.371447605177581e-16,3.8728678453717023,5.744955320965274e-15,2.0295375946078516e-17,3.9918226757191206e-17
247,-2.420969944477962e-16,3.95374396301617,5.7893699327540685e-15,-8.403837386183541e-18,-4.658352984631591e-17
248,2.3565997242975694e-16,3.848619415717782,8.6522128499932e-15,-1.564021984907832e-16,-1.2218365560848557e-16
249,-1.0902251500996162e-15,3.8486194157177804,8.257492207442902e-15,7.846167834370255e-16,8.103598087699782e-16
250,-1.1106296411480817e-15,3.920649601785115,6.207309425757476e-15,-6.322105687540328e-17,-1.732694567370337e-16
251,0.0033700205744439213,3.897616008393182,6.559605392476394e-15,1.9572754000589702e-05,0.00034392646995368213
252,-0.0033700205744421866,3.8976160083931775,6.369983027194968e-15,-1.9572754000329927e-05,-0.00034392646995363865
253,0.0033700205744248857,3.8976160083931863,6.46751956226717e-15,1.957275400173825e-05,0.0003439264699528883
254,-0.0033700205744248823,3.8976160083931823,6.558601783334721e-15,-1.957275400144839e-05,-0.0003439264699526261
255,-1.1131908359713393e-15,3.9296909123101247,5.545851454152185e-15,4.1225559410987787e-16,4.746751460589418e-17
256,-1.0970941711701782e-15,3.8728678453717134,5.345324864567069e-15,-8.15595319416957e-17,-1.9528645692690864e-16
257,-1.6787889440595518,1.9595956762420688e-16,1.4225465702447897e-14,-1.5305343980067008,-1.530494135828189
258,-1.6047471662762567,2.019025024227695e-16,1.846252319221478e-14,-1.3314369399510069,-1.3312540489462057
259,-1.6047471662762651,2.7926766567783014e-16,1.4210063269011612e-14,-1.3314369399509964,-1.3312540489461948
260,-1.5597665639097595,3.5369724952859745e-18,2.2610032424699505e-14,-1.42244673710185,-1.4222822566911857
261,-1.5596916459588623,4.818563051917797e-16,1.749411425455995e-14,-1.45194294948245,-1.45191714712737
262,-1.5209582548957963,2.927850411754048e-16,1.9780099844584847e-14,-1.8916265803566277,-1.8917933547991748
263,-1.5209368674510744,1.129537744041479e-16,1.6816664891358198e-14,-1.8753225732841146,-1.8750840729682086
264,1.569698795410084,1.8158900496534103e-17,1.948714172467891e-14,2.088401477002179,2.0888177324017514
265,-1.5696987954100752,1.767559827450097e-16,1.521150180958197e-14,-2.0884014770022787,-2.0888177324018513
266,-1.5377036811438864,1.7147514932937314e-16,1.8894497366831933e-14,-2.4382644635898827,-2.43921904206631
267,-1.537703681143894,6.355039927605907e-16,1.642128200482596e-14,-2.4382644635898334,-2.4392190420662603
268,1.4164614041869985,1.4247300398185751e-16,2.4100660034417396e-14,1.3242715207646027,1.3241874856029805
269,0.016193780219443694,3.7032142421650347,6.86223165727609e-15,7.774465666551085e-05,0.0022731502298142642
270,-0.01619378021944453,3.703214242165038,6.7312271116035105e-15,-7.774465666556679e-05,-0.0022731502298145253
271,-2.2898744989885814e-16,3.7396488531760848,7.129235348606738e-15,-1.9915776221772493e-17,-6.219767115414219e-17
272,-1.0532619543589617e-15,3.7181351090757424,8.812002289495413e-15,-8.68886322789906e-17,-7.015945064182226e-17
273,1.0751442548263569e-15,3.7953821313368716,5.98495495705942e-15,-1.6483503989871133e-16,3.0319471613134195e-16
274,1.0685650829097026e-15,3.7721569023321404,8.248041469029436e-15,8.076733369849613e-17,2.0566204183491443e-16
275,-1.0706786079144355e-15,3.7796178872195982,5.9494350720911906e-15,3.398696403402931e-16,-7.643835690521297e-15
276,2.3160436756890356e-16,3.782386362013203,7.366077010371391e-15,1.6476300776531304e-17,2.444682217823139e-17
277,0.004042267840704383,3.712975823497268,6.428386414645096e-15,1.6319894536867205e-05,-0.0010948727061423518
278,-0.004042267840704382,3.712975823497267,6.368556986660434e-15,-1.6319894536890624e-05,0.00109487270614197
279,3.592188724765945e-15,3.7835980772556805,5.2543083549034705e-15,2.0539608518059754e-16,1.0152143621388145e-14
280,-1.0695234371065294e-15,3.7755400022071575,8.118665719240573e-15,4.584089178001325e-16,4.911037780527854e-16
281,-1.8701904110587145e-15,3.7009908082713143,7.520048511020373e-15,1.0554336248742982e-15,9.877785138881896e-16
282,2.2664280112746314e-16,3.7013578328912575,6.730733605168277e-15,-1.0374776004407974e-16,-1.0658162135809342e-16
283,1.063991834184999e-15,3.756012811514576,5.818381317553862e-15,5.556290192512583e-17,2.7432568377062797e-16
284,-0.005654598019398949,3.773597966463283,5.9142130084429256e-15,-1.9135708638005032e-05,0.0004316835473952661
285,0.005654598019398102,3.773597966463277,6.355184286060214e-15,1.9135708638370625e-05,-0.00043168354739559
286,2.2670371845195956e-16,3.702352688298365,6.106259676387939e-15,-1.1612042948159525e-16,-1.669251888641044e-16
287,-0.006344961558248289,3.7990312233487,6.085675591068358e-15,-2.316295846925033e-05,-0.0011943292796206349
288,2.2674967572572e-16,3.7031032275361673,7.804409863891135e-15,-3.747273758653025e-17,-7.127873307186767e-16
289,-1.0490037688805932e-15,3.7031032275361553,5.9987451591425926e-15,2.2634414416529414e-16,-1.1695881757664214e-15
290,0.005654598019400631,3.773597966463287,5.5304114397520685e-15,1.9135708638520028e-05,-0.0004316835473945794
291,0.00634496155824829,3.7990312233487007,6.101675940020813e-15,2.3162958469049102e-05,0.0011943292796208246
292,1.0639918341850014e-15,3.7560128115145845,5.7078378400948965e-15,7.305278005242076e-17,1.7513597324564736e-16
293,-0.005654598019402295,3.773597966463279,6.09853025229669e-15,-1.9135708638054038e-05,0.0004316835473953951
294,-1.4471211200783827,1.563694471004043e-16,2.2637161566001387e-14,-1.1282801427052402,-1.1281449503539176
295,-1.4462677299221662,1.8274896518320434e-16,1.6684889912016966e-14,-1.345260592210743,-1.3449365919920047
296,-1.4081087598626976,2.5505779581749035e-17,2.181240583253598e-14,-1.110044716344989,-1.109701911532296
297,-1.3913731847986042,2.9914501354424733e-16,2.1863279965932654e-14,-2.0540813873297745,-2.0538429255458754
298,-1.390778632719562,5.671908281911249e-16,2.070938393996456e-14,-2.13454941569909,-2.1352725309877783
299,-1.349736621256748,4.276132082490246e-17,2.5680380887713913e-14,-1.9216788619762764,-1.9215923373996615
300,-1.4164614041870076,5.316589746699168e-16,1.962388758976038e-14,-1.3242715207645857,-1.3241874856029638
301,1.1765027340050689,8.340086767274215e-16,3.222107483493063e-14,0.9380370997755897,0.9376584873139028
302,-1.3196765159634183,4.059999138143807e-16,2.3271283600641644e-14,-2.696542559750435,-2.69844854330455
303,-1.3343662353267902,1.5520314553961817e-16,2.1072794846263887e-14,-2.862305798426783,-2.862565958298791
304,-1.3314599728721817,5.574027077204884e-16,2.2643308914083388e-14,-2.0153916447479308,-2.0166362287168753
305,1.3497366212567476,1.5323721253918182e-16,2.5017001504603326e-14,1.9216788619762775,1.9215923373996624
306,0.005746446537519245,3.6048641583446814,6.647008063164557e-15,3.2456688697640734e-05,0.0020398412606376865
307,-0.005746446537520045,3.604864158344681,6.571583862973659e-15,-3.2456688697723134e-05,-0.0020398412606374558
308,2.2898744989885897e-16,3.739648853176099,8.260344168570163e-15,-9.915897076150874e-18,2.7079190690488793e-16
309,-2.2103836492502043e-16,3.609830443829453,6.943793859657233e-15,1.495119199768444e-16,2.475662011393099e-18
310,-1.0258223237250757e-15,3.6212700760061525,6.657831257695522e-15,1.1406310974402288e-16,3.587690601847441e-16
311,-2.21808688628718e-16,3.6224107846139777,6.11335500003991e-15,-1.54931477238332e-17,-1.0420446315959434e-16
312,-2.2490146680560095e-16,3.6729196852869923,6.4943093675376375e-15,-1.0636681394828963e-17,2.325561673495549e-18
313,2.2492599064034696e-16,3.6733201899020878,7.292524592888021e-15,-7.379103111176936e-17,5.604385995567392e-18
314,-2.2324783159471045e-16,3.645913772855068,5.9433467661027365e-15,3.135959627344855e-17,-2.4521666967070823e-15
315,1.032947747008055e-15,3.6464236347821326,5.709902363500899e-15,1.1320451007988156e-16,1.7273173548929308e-15
316,2.255537224515387e-16,3.683571828360275,7.949464460691319e-15,-1.2083254997618815e-16,-1.2236593320081463e-16
317,2.24353813280755e-16,3.663975824490112,6.2700721906681756e-15,2.5898450124891e-17,-2.999826649274882e-17
318,-2.230583265087762e-16,3.6428189199380276,6.094527056305033e-15,-1.7092410226646426e-17,-2.3025739049549497e-17
319,2.2130307295344854e-16,3.6141534540004248,6.027426811954708e-15,-1.2442913995165672e-16,3.56671809803393e-17
320,-0.002642714800278697,3.679868728106513,6.093966520923068e-15,-8.486885127446746e-06,-0.0005847889784440091
321,-2.21303072953449e-16,3.614153454000432,5.991819152310191e-15,1.4941407079681682e-16,1.0210536031015404e-15
322,-1.8408975513360358e-15,3.643022056030604,6.819984761046069e-15,2.7309316307367985e-16,-2.0147695089980239e-16
323,2.24319886417372e-16,3.6634217567637015,6.987486232499951e-15,1.376068550285655e-17,-2.7063480876295186e-16
324,0.0026427148002778843,3.679868728106519,6.413810629615797e-15,8.486885127517653e-06,0.0005847889784439699
325,0.002642714800282774,3.6798687281065017,5.465301790002066e-15,8.486885127152819e-06,0.0005847889784447142
326,-0.0026427148002835933,3.6798687281065043,5.410657767437031e-15,-8.486885127061855e-06,-0.0005847889784448987
327,-1.0319841581715394e-15,3.6430220560305835,6.4914413566728555e-15,1.5384828827569308e-16,-7.78906087306637e-17
328,1.851205959726089e-15,3.663421756763694,6.191811856289446e-15,1.275690910871284e-16,5.988064480505202e-16
329,-1.0484053692049419e-15,3.7009908082713268,6.906062084145191e-15,5.9859818382461405e-16,-1.9334268174908253e-15
330,-1.242392206098515,1.7146258172326587e-16,2.983763844446949e-14,-1.1865948965344266,-1.1865895483628837
331,1.242986196505103,4.108739196988184e-17,2.874496075978552e-14,1.1910455777225344,1.1911183415215472
332,-1.2566727827433921,2.981685256149156e-16,2.6998038303845424e-14,-1.0972032062656414,-1.0970705955007793
333,-1.2566727827433881,1.4839405788705337e-17,2.129794413988347e-14,-1.0972032062656414,-1.0970705955007796
334,-1.12543423099274,3.7598599285149294e-17,4.0155174748288016e-14,-1.993043606031887,-1.992455007842177
335,-1.1252311298151485,3.354753574256128e-16,3.3554019741828035e-14,-1.9998317540125672,-1.9999993485086338
336,-1.1622931000492671,9.552005639352901e-17,3.02837586966645e-14,-2.028052649547921,-2.0287422061469824
337,1.1622931000492631,5.919631619856808e-16,2.7633869784128278e-14,2.028052649547994,2.0287422061470544
338,-1.1765027340050906,2.7014894323660745e-16,2.6540134220007104e-14,-0.9380370997755398,-0.9376584873138532
339,-1.0872890617162865,2.7415876715689824e-16,3.3917222665384064e-14,-1.8564896874922612,-1.8589461881810416
340,1.0872890617162925,2.1716295389185065e-16,3.0888489917413245e-14,1.8564896874924883,1.8589461881812679
341,1.0842302331913074,5.119867490492965e-16,2.962857843223e-14,2.029819116816151,2.0319585305530796
342,-1.0842302331913107,2.727929397278275e-16,3.67846764911029e-14,-2.0298191168162836,-2.031958530553211
343,2.2026327683031764e-16,3.5971722946350493,6.537615582396963e-15,1.82953426207702e-17,-4.134143102244834e-17
344,-2.2007954866189762e-16,3.5941717859406577,6.2973914517137215e-15,-1.6466204825167018e-17,-5.514341163933229e-17
345,-2.1861822524523007e-16,3.5703065634506306,5.501508616345068e-15,-1.3974388009524686e-17,2.939157952387309e-17
346,0.04399663249512537,3.502860782903115,6.760467491530693e-15,0.00011168681485222189,0.0018661702280137757
347,-0.043996632495124546,3.502860782903111,6.599038126243094e-15,-0.00011168681485221234,-0.0018661702280136148
348,-1.0086052924782973e-15,3.560491987433057,4.8892861744358904e-15,-6.819961256394494e-17,-6.58484150630007e-17
349,2.1756362413351996e-16,3.553083620273147,5.142359463030195e-15,1.945904184713679e-17,3.495620038318825e-17
350,-2.200153248253974e-16,3.5931229310945922,6.4622685309775614e-15,-1.8111107931319965e-17,-3.2478583353043364e-17
351,0.007318437867333048,3.5258449222171686,5.3383428095187856e-15,-1.1805319626915362e-05,0.0008416696842875436
352,-0.007318437867333838,3.525844922217172,5.49771586901363e-15,1.180531962686332e-05,-0.0008416696842874596
353,-2.5702618666849005e-15,3.5336561234833495,6.565290423659965e-15,3.202844596898325e-16,3.439835958178634e-16
354,-9.946756807198567e-16,3.511318865475591,6.416343213057671e-15,1.5701904972752528e-16,7.097878171216142e-16
355,1.0178488865073721e-15,3.593122931094612,8.558942241287776e-15,9.141714421752486e-17,2.1549089925388797e-16
356,-2.1531304607809465e-16,3.516328891366947,5.80960481105551e-15,1.6806142543924047e-16,-1.0930354472732807e-16
357,0.0007002048464402381,3.525500504212047,5.302334248053795e-15,-3.122291402472832e-06,-0.0006951874909083587
358,-0.0007002048464418028,3.525500504212042,5.363599624241681e-15,3.1222914023592077e-06,0.0006951874909091122
359,2.1578939811866723e-16,3.524108310557921,7.366724713696052e-15,-7.709248657021361e-17,7.314877518660903e-17
360,2.1580279544434414e-16,3.524327105490243,9.463744977441073e-15,-1.437137933039406e-16,-1.1426684449227789e-16
361,-1.0044473873772608e-15,3.5458141070896265,5.700105911583066e-15,-5.324618513029983e-17,-1.0213046821959523e-17
362,-1.791776279923582e-15,3.545814107089631,6.400437301785237e-15,-8.218930093797927e-17,2.764536868825725e-16
363,1.0007270537151414e-15,3.5326809039492724,6.089975617777461e-15,-1.1338054806679003e-16,-1.8219823452047197e-16
364,1.7851397893587512e-15,3.5326809039492546,5.302879052624176e-15,-2.0029872807017166e-16,1.758620922396811e-16
365,0.006342376949362018,3.508155253530903,5.5468439431006e-15,1.2723293438708411e-05,0.0006671141507145603
366,0.006342376949376024,3.5081552535308944,6.059690953903322e-15,1.272329343863783e-05,0.000667114150713776
367,-0.006342376949362793,3.5081552535309,5.844804911567347e-15,-1.2723293438812277e-05,-0.0006671141507144547
368,-0.006342376949377585,3.5081552535308957,6.377063660966141e-15,-1.2723293438633167e-05,-0.0006671141507151347
369,-1.0296514979349205,1.0051068929552385e-16,4.224146042461309e-14,-0.9903174867414755,-0.9901393318413904
370,1.0298047920171627,2.446967491547481e-16,3.625123554719601e-14,0.9580035282296178,0.9579206542429166
371,-1.0264520176424283,5.34085493950807e-17,4.1124587323657576e-14,-1.0167235999199837,-1.0167063288067797
372,-1.0264520176424259,2.7040304990951682e-16,3.338841452502017e-14,-1.016723599919984,-1.0167063288067806
373,-1.0261454601745025e-15,3.6224107846139817,5.924566536221625e-15,-5.830487764953932e-17,4.476357368002164e-17
374,0.9607917376278101,3.0773225406099928e-18,4.227282667974519e-14,1.2270500952787944,1.2270446541273374
375,0.947767851125315,1.0140737296295082e-16,3.870841145439236e-14,0.8689488290879983,0.8688155380726709
376,0.9413297590894872,2.089048071779941e-16,4.155359598815194e-14,1.3600894378795043,1.3601049169959474
377,1.0065066728626706e-15,3.553083620273146,4.662331517281959e-15,1.1606553663046776e-16,-2.299186232027073e-16
378,0.05227727159064013,5.459101233194909e-15,1.4143449964345441e-11,0.05208929133434151,0.05211355099638651
379,0.9290520437009322,6.784192009973929e-17,4.1227170640055116e-14,0.8587270100278103,0.8587872872483308
380,-0.9517423924013162,7.079694545702706e-16,3.8998660382890427e-14,-1.0199558102124497,-1.0200041820787566
381,0.39285895231412027,1.0266108973954507e-15,2.3301859860755554e-13,3.1610361527894524,3.1607276720395747
382,0.45048543177482897,5.4905642493288985e-17,1.7996858519382536e-13,0.504637494189264,0.5042240230254916
383,-0.5129117427403809,1.0778403652693663e-15,1.466556396493239e-13,-0.7074958104541405,-0.7067881752841924
384,-2.1372097228232352e-16,3.4903283531402587,6.718065388790664e-15,1.7584690139396076e-16,1.808360845087692e-16
385,2.1336964130811417e-16,3.4845906829082542,5.941323372016682e-15,1.4818914497026414e-17,6.377341059881458e-17
386,-2.1298807923786958e-16,3.4783593014109893,5.941296526984017e-15,-1.865144563818744e-17,-2.899861137125381e-17
387,2.1341064628226052e-16,3.48526034495571,6.079653054461974e-15,2.1399873975757432e-17,1.5168805969932612e-17
388,-0.6483473593533668,1.4052041057818458e-15,8.543209083997187e-14,-0.6016546926268939,-0.6015600213575159
389,-0.6617250163898768,1.451617732419598e-15,7.781223304779566e-14,-1.0999092206492667,-1.1000961546820875
390,2.1301149191445777e-16,3.47874165943625,6.743372477248541e-15,1.5441249904284863e-17,1.6346765713495782e-16
391,-0.7400280520725245,2.6114970182058286e-16,8.11266474993555e-14,-0.7826991029204837,-0.7826119243640925
392,0.768253255210675,3.0398722498530106e-17,6.003939954802362e-14,0.7630142201675123,0.7633756654082192
393,-0.7981195746688929,2.371603022103836e-16,6.894328061991172e-14,-2.1615392395750277,-2.161651031805381
394,-1.7622393681690329e-15,3.4873623910173497,6.781046244117992e-15,5.59762411407274e-16,5.121940601759872e-16
395,9.878893638251748e-16,3.4873623910173563,7.454423972201153e-15,-2.754491852164677e-16,-7.084320461225727e-16
396,0.8124544023044241,1.7795465684459798e-16,5.2366569749448923e-14,0.738673143764808,0.7387153392367584
397,0.008852909323118684,3.450554239840989,6.071993670069999e-15,3.203774705436667e-05,-0.000678636364191617
398,-0.008852909323119456,3.4505542398409914,5.948422950712525e-15,-3.203774705441524e-05,0.0006786363641912174
399,0.0020713689676452682,3.451885289077764,5.647257805739641e-15,8.573635985531709e-06,0.0006870868442968007
400,-0.002071368967644501,3.4518852890777625,5.436914536480849e-15,-8.573635985454405e-06,-0.0006870868442969148
401,0.8824504120765406,1.1625474385816925e-16,4.658866255431736e-14,0.763064414901245,0.7630417864092397
402,0.8818066735624799,1.2800865438873413e-17,3.884328437474044e-14,1.612584423564086,1.613297833483268
403,-0.853155006317683,2.9079737285544346e-16,4.971148750803259e-14,-0.9367472421921843,-0.9364244303018636
404,9.767417903524948e-16,3.4480101822546283,7.172414536229786e-15,-5.155146975199031e-16,-3.4614848197554174e-16
405,2.099484358426041e-16,3.4287181575745493,6.835608866541885e-15,-3.5679531203344405e-17,4.340575601565421e-17
406,1.753182199709996e-15,3.4694388164884415,5.945223923701446e-15,1.498471745005386e-16,-1.8881670926075882e-17
407,-9.727958166670565e-16,3.4340804440365167,5.915746509497514e-15,-1.0493601388791952e-16,6.602456457759769e-16
408,-2.124418570725067e-16,3.4694388164884273,6.4681274894750084e-15,-1.3802613633745638e-17,-1.719043837331946e-16
409,-0.8601669911489747,1.1458144761880902e-17,5.243812453155043e-14,-1.5697607712960702,-1.5711548438997534
410,-1.7390781123162567e-15,3.441527702467846,6.862650505804567e-15,1.0477138152738905e-15,8.485153485543009e-16
411,0.8578196493696363,3.715206159722118e-16,4.754784413408051e-14,1.5628693132080804,1.5645422264681512
412,-0.8570203545244931,4.2721730711767857e-16,5.1755161540810314e-14,-0.8281557086668472,-0.8277947050847507
413,-0.8590233897408244,4.686540179813214e-16,4.7284617396376645e-14,-1.4264186420329765,-1.428264171176996
414,0.8804792865294271,2.090878589701903e-16,4.6656495375626293e-14,1.0715180635998534,1.0712523332566293
415,2.1137645999088177e-16,3.452039561742215,7.367362408750592e-15,-5.741697536258e-17,-2.651695668988099e-16
416,-0.8804792865294491,2.1729366719666714e-16,4.804057298833443e-14,-1.0715180636000354,-1.0712523332568118
417,9.778832206635082e-16,3.452039561742208,6.66333737655041e-15,-2.9425924587614394e-16,4.2374580779761927e-16
418,0.009960510762416462,3.440542088988458,6.353256228228552e-15,1.392027767744804e-05,-0.0020503169658138186
419,0.009960510762414897,3.4405420889884457,6.352890367393782e-15,1.3920277677797153e-05,-0.0020503169658132297
420,-0.009960510762417983,3.440542088988456,6.106411655016712e-15,-1.3920277677569471e-05,0.0020503169658137206
421,-0.00996051076241413,3.440542088988445,6.720486977998004e-15,-1.392027767776376e-05,0.0020503169658124512
422,-0.9517423924013235,8.911394045787968e-17,3.362359825159574e-14,-1.0199558102124495,-1.0200041820787566
423,-0.6888616780674206,3.6758239341417823e-16,6.913415767453246e-14,-1.0031460403515595,-1.0030968026925784
424,-0.8531550063176895,2.6610791469611853e-16,4.082420478082049e-14,-0.9367472421921602,-0.9364244303018393
425,-0.7562788988619144,1.4077504356407502e-16,6.469737198142342e-14,-1.1524268596688494,-1.1536202271120684
426,-0.7375273839898251,1.3503506643442697e-16,6.932143170980816e-14,-0.7800844258596702,-0.7799126707092192
427,-0.7753484644745345,3.654852590674226e-16,5.5628988227364554e-14,-1.570284901591864,-1.5707365044378432
428,0.7938546666304483,3.472079556917936e-16,5.614074985242858e-14,1.123291081359377,1.1229893182098403
429,-0.7981195746689158,5.933031701187929e-16,5.710624019007138e-14,-2.1615392395748456,-2.1616510318052016
430,0.793854666630446,7.254104741907059e-16,4.6359788242743214e-14,1.1232910813593577,1.1229893182098212
431,-0.7738965071350953,1.6063864734549615e-17,5.985892297589165e-14,-0.9821896422934149,-0.9818609380496499
432,0.7738965071351117,6.318071869050269e-16,5.97155983797439e-14,0.9821896422932197,0.9818609380494552
433,-0.7239642051762666,6.086209231723404e-16,6.19988230298821e-14,-0.757103219778533,-0.7568592690968847
434,-0.7239642051762619,9.843664685068454e-16,6.516022771499147e-14,-0.7571032197785457,-0.7568592690968974
435,2.10223819258946e-16,3.43321551006073,5.9246241746704925e-15,2.6417972655266624e-17,1.4005644656362176e-16
436,9.354524313957365e-16,3.3022540248875,7.012191481274156e-15,-1.6149636051468897e-16,-5.621037428223829e-16
437,9.360764188399584e-16,3.3044567719006075,7.151014774822536e-15,3.2615753743425535e-17,-4.155145390137234e-17
438,9.699840395602007e-16,3.424154549403534,6.300560430083002e-15,8.529825053457469e-17,1.0409165986450429e-16
439,-9.371965418088158e-16,3.308410934034495,7.206552818690681e-15,5.105693827364599e-17,-3.472074563185348e-16
440,-2.0854457227367716e-16,3.4057913256111725,5.8080823918624516e-15,6.334070720136737e-17,-1.0887467971065502e-16
441,-2.0832616750839276e-16,3.4022245051134345,5.720113513769451e-15,-8.68579861254688e-18,-1.3208479974888042e-17
442,2.0629711288915842e-16,3.369087528466012,6.138585473147028e-15,2.863799950352723e-17,-1.5227353135992726e-16
443,-9.558818749955675e-16,3.3743722963137617,6.108937073561739e-15,-8.082220789258905e-17,-1.2214860310970352e-16
444,2.106523640062672e-16,3.4402141769027867,7.729404644454084e-15,2.901096447024349e-17,2.9120330982112803e-16
445,2.5022953573098775e-15,3.4402141769027828,7.600828406116964e-15,1.993650264470565e-16,7.970727205637552e-16
446,-2.0802448582265557e-16,3.3972976692951846,5.927326258978683e-15,1.2719319204834323e-16,1.8959153755564517e-16
447,-9.620378985662951e-16,3.3961037632825373,4.8357136633347004e-15,-6.56590651206073e-17,-5.0569663254336026e-17
448,-0.0006033746550764774,3.3917087322610286,5.9337560203478225e-15,6.3954853676546734e-06,-8.058770603865432e-05
449,0.0006033746550764774,3.3917087322610286,5.95111043240544e-15,-6.395485367669961e-06,8.058770603871864e-05
450,-2.0415108930504825e-16,3.334040303656306,7.193469723726302e-15,1.2455491764373374e-16,1.7005057926670697e-16
451,4.628174564473412e-15,3.321259178863813,7.190829533285479e-15,-5.806501476645904e-16,-6.165744325347436e-15
452,2.0346640146120517e-16,3.3228585025962816,7.348106744798497e-15,-9.544998520017464e-17,-4.0399931213311803e-16
453,2.04375845404528e-16,3.3377108493130008,8.353091287806403e-15,-8.71259472237939e-17,-4.033436283667479e-17
454,-4.625314362863264e-15,3.319206648061707,6.821389099084775e-15,-2.8378337856914854e-16,4.732466148364473e-15
455,-9.685168734190081e-16,3.4189752851969057,5.8079483699053804e-15,-1.683541510138966e-17,-7.531344150547103e-17
456,6.2826719885688584e-15,3.4189752851968502,5.8045977659210354e-15,1.8093555489593835e-16,1.182844453149188e-16
457,-2.0566784097104724e-16,3.3588107381530934,5.953333121766093e-15,-1.2577483459528555e-17,4.17585221844359e-17
458,2.0924254785496148e-16,3.4171901318918123,5.646652012582427e-15,9.939514737000488e-18,-5.634191265698381e-17
459,-7.038160242961804e-15,3.417190131891883,6.268485926889311e-15,1.2049763652697588e-16,9.79584421794799e-17
460,-9.520226389838814e-16,3.3607487519999513,7.234522489361517e-15,-7.47739510012415e-17,-1.626853830143972e-16
461,-9.52022638983883e-16,3.360748751999957,7.16907475548505e-15,-4.788107844239109e-17,9.363186902243761e-17
462,-1.6972794477133612e-15,3.3588107381530956,6.0449785248765166e-15,-1.3449697356272133e-16,-1.8328464195647054e-16
463,-2.4147581997957092e-15,3.319866045573568,7.955467133060601e-15,1.852405892624465e-15,2.9980575525761903e-15
464,-9.404415108088876e-16,3.3198660455735545,6.5499233061048336e-15,7.163527041519069e-16,2.4257191900614724e-15
465,-0.0021621563445748003,3.39082507451724,5.5585547466945445e-15,-1.2578530309059754e-05,0.001520259221874784
466,0.0021621563445763056,3.390825074517239,5.740308323906911e-15,1.2578530308909376e-05,-0.0015202592218744833
467,-0.002162156344586848,3.3908250745172417,5.559618323351037e-15,-1.2578530307335981e-05,0.0015202592218809133
468,0.0021621563445830805,3.3908250745172372,5.438712063368964e-15,1.2578530307902043e-05,-0.001520259221879633
469,-9.449992151501594e-16,3.335955262940552,7.396548946751468e-15,2.8444605154484765e-16,2.0502669392817775e-16
470,1.6857300835573878e-15,3.3359552629405806,9.17460789603135e-15,-4.510284213913251e-16,-4.068680145790873e-16
471,0.686894195088577,5.727185216848093e-16,6.577629650220774e-14,0.8062301808030985,0.806062547739185
472,0.645687574543979,1.2367972472705935e-15,8.142120752123972e-14,1.8836758812757681,1.8837636678592444
473,0.6792915028683275,2.0505087084666727e-16,7.678027350753834e-14,1.46956260597313,1.4695979678277442
474,0.6792915028682998,6.815934658546426e-16,7.771951457384806e-14,1.4695626059731302,1.4695979678277435
475,0.648347359353387,1.6588770503797097e-16,9.074202291385175e-14,0.6016546926268361,0.6015600213574581
476,2.157893981186671e-16,3.524108310557919,6.8917187125916764e-15,8.40087277086815e-18,1.557253132868086e-15
477,0.007782553482641468,3.283375432936516,6.666872259934803e-15,-1.1296096492462507e-05,0.0002688673559645789
478,9.3398699646261e-16,3.297080872043258,6.310907839415797e-15,-2.35826076224287e-16,-1.052792255933975e-16
479,-9.325964292191703e-16,3.292172010702576,6.281873493602029e-15,-6.609964136279123e-17,-1.125085627197303e-16
480,-9.328326211806455e-16,3.293005795328336,5.764924936659815e-15,-8.22762292066569e-17,2.133648759745757e-16
481,-2.0171067173396509e-16,3.2941852601812034,6.411459568875443e-15,4.8606953888887414e-17,3.768688347352119e-16
482,1.6687001217139692e-15,3.3022540248874868,6.584736759390613e-15,-2.660699893915208e-16,-5.993410317193561e-16
483,-0.4769304621011913,1.8602430502832432e-16,1.4900369608201143e-13,-0.42949598284453727,-0.4293788285873522
484,-0.3442456697683247,1.3826044163471354e-15,2.8970205655176966e-13,-0.34932542625048235,-0.34919033589179765
485,-0.3299373624079718,6.219634435085935e-16,3.162519652765667e-13,-3.3079045863583003,-3.307091814482026
486,-9.219743761362572e-16,3.254674948993856,5.665177997607716e-15,-7.596342917606652e-17,-7.616157956526419e-17
487,9.2558677507407e-16,3.267427130218178,5.875233365904663e-15,8.661130433084812e-17,8.897656504479718e-17
488,1.623626693073427e-15,3.213056505688634,6.595082992570562e-15,1.6265839168019226e-16,1.5196273605694962e-16
489,1.9745589290726464e-16,3.2246994487674505,7.326903734694787e-15,-1.1542357693398723e-16,-6.24351935901613e-17
490,9.152602405188417e-16,3.230973282696223,5.797024383366063e-15,9.320725024236661e-17,9.675486157263825e-17
491,9.155152476911331e-16,3.231873487167142,6.0475370813033625e-15,-6.022218664392206e-16,-5.872090023617033e-16
492,2.011898120505386e-16,3.2856789760217358,6.482975457565472e-15,-8.8207961029964e-17,-1.840780682336104e-16
493,0.0077825534826327925,3.283375432936547,8.555397124846931e-15,-1.1296096491841476e-05,0.0002688673559671159
494,-0.47044728374212896,3.1059301907757916e-16,1.4204275292423328e-13,-2.439710417113731,-2.439829381951033
495,-0.40620523097292166,1.1029362701617488e-15,2.254434370180293e-13,-0.40048395796332636,-0.4006685902147207
496,-0.40620523097294353,1.7992903989229342e-16,1.7462513650838776e-13,-0.4004839579632862,-0.4006685902146807
497,0.470447283742139,9.546834812450246e-16,1.3073300249588197e-13,2.4397104171136847,2.4398293819509873
498,-0.00778255348264439,3.2833754329365186,6.522337985620558e-15,1.1296096492950831e-05,-0.0002688673559637948
499,-0.007782553482634923,3.283375432936523,7.029629981072875e-15,1.1296096492122501e-05,-0.00026886735596620085
500,4.580025993897905e-15,3.286706920787681,6.2798258357413605e-15,2.336421800388372e-16,1.701244154629446e-15
501,-9.310482952445681e-16,3.2867069207876702,7.154461595978084e-15,-2.0296603482107545e-17,1.0531714381001984e-15
502,6.742367171802039e-16,0.710163341126911,6.774788181303714e-14,-6.647661361704885e-16,-6.633886037433195e-16
503,-1.9669676043897138e-16,0.6943620509626333,7.0791564648831e-14,1.003674685806046e-16,8.882686843469834e-17
504,-1.6109233085201346e-16,0.5686743441789452,1.2503639780962446e-13,-8.404746603522036e-17,-7.559719651435042e-17
505,3.7787502052743575e-16,0.5195114153564445,1.3469022280934496e-13,1.4750979783133272e-15,1.585894061570316e-15
506,-1.8885626119925944e-15,0.3997660952962377,2.686877214488148e-13,-7.980545345666348e-15,-8.057500429833432e-15
507,0.0359197086402229,0.3537807646160723,2.964643229871232e-13,-1.1005636078397982e-05,-0.0012294139612474622
508,-0.03591970864022269,0.3537807646160694,3.000642360246446e-13,1.1005636072305633e-05,0.0012294139612414948
509,-6.3786788194222406e-15,0.3867616198821965,1.9608703146296938e-13,5.598432717642152e-15,5.494050435385315e-15
510,-0.030419086487251428,0.24752530517866286,5.339878036183032e-13,-1.4027341829758733e-07,0.000579994791000309
511,-1.3329996421366625e-15,0.22009635601309327,6.762392447889009e-13,-3.257183893436466e-14,-3.233442181371322e-14
512,0.030419086487250283,0.24752530517865493,5.307629301542206e-13,1.4027341094929868e-07,-0.0005799947910076764
513,0.010195524825267966,3.230656569538235,6.863842849128497e-15,-9.337597946783988e-07,0.00089282156789464
514,-7.546144779079496e-16,0.25599136772973313,5.462948875643574e-13,-1.6104878241504517e-14,-1.6179412600415956e-14
515,2.123803089615825e-15,0.10595045860920572,2.7604014189253878e-12,-1.863195138138245e-15,-1.8096025661352832e-15
516,0.010195524825270133,3.2306565695382394,7.07958009829347e-15,-9.337597946940113e-07,0.0008928215678949074
517,1.9592278899016072e-16,3.1996619617439053,6.192906881446382e-15,-2.1872819342778862e-17,-3.93938514752593e-16
518,-0.010195524825267244,3.2306565695382337,7.053406097155521e-15,9.337597944303333e-07,-0.0008928215678944069
519,1.6159126290281482e-15,3.1977908514765416,5.8179005223863934e-15,1.0500246295427313e-16,5.016067818501424e-16
520,-0.06324782224716488,3.121531924876777,8.202626005256432e-15,-4.470524987157517e-05,-0.002819103499521412
521,0.06324782224716698,3.121531924876778,7.866094576999563e-15,4.470524987147846e-05,0.0028191034995211986
522,-0.06324782224716789,3.121531924876789,8.305061179581863e-15,-4.470524987128547e-05,-0.0028191034995215004
523,0.0632478222471682,3.1215319248767694,7.541860993027083e-15,4.470524987132364e-05,0.0028191034995210962
524,5.257652061257461e-15,0.2843367406552827,3.618064878687498e-13,7.531994983419468e-14,7.531386102868912e-14
525,2.8585194097050633e-15,0.12967542306061616,1.937254759000399e-12,1.1149334231606769e-13,1.1139020118211231e-13
526,-0.1642438042800978,5.507895990578722e-15,9.87440374774422e-13,-6.67411627580516,-6.667085318389531
527,0.2491506633124482,7.876382531391464e-17,6.197929138947857e-13,0.333363323127302,0.3338220535426032
528,0.24915066331241598,5.135559155698154e-15,6.210310756325427e-13,0.3333633231269012,0.3338220535422012
529,-0.010195524825267283,3.2306565695382456,6.9074054059832954e-15,9.337597942742082e-07,-0.000892821567894442
530,-1.6111924652118009e-15,3.1884499400941833,6.984851904156134e-15,1.5917304680576584e-16,2.338484741151513e-16
531,1.6086163888676033e-15,3.1833520448130908,7.054475983171035e-15,9.061044503882342e-17,1.5514776225795733e-16
532,-0.22324672413465627,4.956851217119102e-16,9.283017669343018e-13,-0.3636503308379177,-0.3638136448617063
533,0.00970334253245313,3.155697618638896,6.193167509483605e-15,-2.055248311580351e-05,0.0005358290973707476
534,-0.009703342532453117,3.1556976186388916,6.195324847144942e-15,2.0552483116206832e-05,-0.00053582909737049
535,-0.22324672413468408,1.7405767526031885e-15,8.559732442411316e-13,-0.3636503308379099,-0.36381364486169854
536,0.005591846192589292,3.174318780103972,5.556234163784766e-15,-5.872175689934471e-07,-0.00044000578119553175
537,-0.005591846192590693,3.174318780103967,5.577555499934768e-15,5.872175685853534e-07,0.00044000578119513363
538,9.122911401820962e-16,3.2204920190763473,5.766722359200316e-15,9.557489642898997e-17,-1.737184494429493e-16
539,1.6273840182221226e-15,3.220492019076352,5.8267030410981126e-15,1.587106809094064e-16,7.309029352038065e-16
540,-0.17516530764648017,5.025950491492316e-15,1.0857770665121478e-12,-0.23422818631976616,-0.23381431632594218
541,0.1751653076464651,4.987884487154471e-15,1.1723061193206002e-12,0.23422818631988712,0.23381431632606298
542,-0.007933241066595133,3.1414751928774627,6.668669803457824e-15,-8.03934700273519e-06,0.0009817533903176204
543,0.007933241066597208,3.1414751928774556,6.824604111269324e-15,8.039347002879605e-06,-0.000981753390317178
544,9.006927016667305e-16,3.179548205169498,7.510118402945528e-15,-5.736020967213524e-16,-5.505216092783637e-16
545,8.877170292277728e-16,3.133742598065311,6.394819713132423e-15,-5.211391107597685e-16,-4.830979642805937e-16
546,1.5822492070410902e-15,3.131173027637668,7.427569052007038e-15,1.66776181788372e-16,1.7039265782098776e-16
547,1.9338399164457538e-16,3.158200254623894,5.882921469673226e-15,-5.0481770572592184e-17,-1.7167429639114487e-17
548,1.9455431926060902e-16,3.177313155042994,6.640415153437391e-15,-4.714305558909732e-17,3.8412199574585305e-16
549,1.9545692396888414e-16,3.1920538085751557,6.8386590964747935e-15,-1.5102623919323777e-16,-2.3974396054539585e-16
550,2.3217919044424393e-15,3.1920538085751824,9.913225372180432e-15,-1.5942357560155113e-15,-1.6327278977540621e-15
551,8.980646646261e-16,3.170270933975679,6.566172719421837e-15,7.961474429479982e-17,-1.7942258365293598e-16
552,-1.9412310758615891e-16,3.170270933975657,6.733924077160741e-15,-1.93568204271289e-17,-1.261331419396833e-16
553,8.913266320805302e-16,3.1464849087897355,6.455096453045972e-15,-1.7326185991028802e-16,-4.389161149433846e-16
554,-8.944052539490769e-16,3.1573527959375047,6.852815327686721e-15,-6.16318113081174e-17,-5.0175478938266176e-17
555,1.9266663360574103e-16,3.1464849087897515,6.6935819633340234e-15,-2.848741208205663e-17,-1.7612417482147343e-15
556,-3.6986978706806145e-15,3.157352795937499,6.888724455276704e-15,-2.6973425392134293e-16,-3.8219905349303265e-16
557,1.9455431926060954e-16,3.1773131550430023,7.100137385931427e-15,-4.541705959882833e-17,1.4862421257350218e-16
558,0.024483758395572895,3.0535277579707443,7.812106216833062e-15,3.74906722336206e-05,0.004212817402150169
559,-1.4961112508712144e-15,0.6557064562419523,7.339823997190987e-14,-3.557085151213409e-15,-3.55665075890653e-15
560,-1.905805109495504e-16,3.1124159403713785,6.512080194902103e-15,-9.252064298480394e-18,5.002180925084713e-18
561,-8.776223559549349e-16,3.0981072473768574,5.5087339989513435e-15,-5.1260251486506044e-17,-7.758546984549545e-17
562,2.743344497376578e-15,0.1296754230605896,1.6402209118396859e-12,1.0699753551233915e-13,1.0697840559748021e-13
563,-1.9727979918214834e-15,0.3817142826768317,2.0288209877443278e-13,-4.030843481098261e-15,-4.10787669551392e-15
564,4.879833096057765e-16,0.3501853751587977,2.5032722390110466e-13,-5.214516807168138e-16,-5.425045502039699e-16
565,1.1684958661588405e-14,0.3501853751587892,2.232072514357311e-13,-8.742385569504223e-15,-8.350397508441006e-15
566,-6.803981026020711e-15,0.38171428267681795,2.0057343183321235e-13,-1.3555896168818734e-14,-1.3839661901946475e-14
567,2.1873384394914605e-15,0.2792539387189631,3.73221831061028e-13,-2.2097162803289785e-15,-2.2619612306541455e-15
568,-1.3812496430356724e-15,0.27925393871899457,3.5140141040013735e-13,8.098938047070245e-16,8.514625278413904e-16
569,-3.046095905943382e-16,0.602803483663857,1.0188985929913324e-13,-1.0124210165332497e-16,-9.398793210533861e-17
570,-1.7811029165557368e-16,0.6287496913295054,1.168074934747522e-13,-2.506053492002022e-16,-2.6752189841925277e-16
571,3.3809770688372853e-16,0.6690743884019432,6.309367868990564e-14,8.951839242141344e-16,9.004836256835e-16
572,-1.7094043164319385e-15,0.6271276821335956,7.289938051341392e-14,-6.2320248819970374e-15,-6.241854180441343e-15
573,3.644126203497818e-16,0.7211499697344265,7.12674229176768e-14,-4.0804333046659467e-16,-4.0426489753779146e-16
574,-0.024483758395571546,3.053527757970745,7.704169184333459e-15,-3.749067223367264e-05,-0.004212817402150272
575,0.01503936269699714,3.031381034039853,7.72205057081821e-15,2.808781437737412e-06,-0.008788700758298625
576,-0.015039362696995793,3.031381034039853,7.684899374679619e-15,-2.8087814376107773e-06,0.008788700758298417
577,0.012964641586176235,3.085846369593186,7.241425578420489e-15,1.0167873034684638e-05,-0.001633698299153296
578,-0.012964641586175564,3.085846369593189,6.974624660338426e-15,-1.0167873034796528e-05,0.0016336982991532866
579,1.8611803561340282e-16,3.0395381875490215,7.414517665400823e-15,-1.3476344077369408e-16,-1.5852491869463963e-16
580,0.03203239279277078,0.5805668084409968,9.488816286901183e-14,2.5887052706036195e-06,0.0003343208194728914
581,0.03203239279277612,0.5805668084410069,8.501355670820181e-14,2.5887052834405733e-06,0.0003343208194857908
582,-0.03203239279277133,0.5805668084409975,9.443395267842817e-14,-2.5887052709366865e-06,-0.0003343208194730267
583,-0.03203239279277432,0.5805668084410073,8.633138697365166e-14,-2.5887052843287517e-06,-0.00033432081948661305
584,8.644648259420176e-16,3.0516596622464136,5.308827286779167e-15,9.79532334324719e-17,-1.2113933755892343e-17
585,-1.869328034111285e-16,3.0528443554709552,5.422438418522833e-15,-1.2255325532196214e-17,-4.708233950748647e-17
586,1.9103040389898893e-16,3.119763249811974,5.306140021535352e-15,2.0476201492467032e-17,4.336516561415172e-17
587,1.8987657858347308e-16,3.100919852412509,6.40404208363951e-15,-1.1698198836758875e-17,1.3450703253785972e-17
588,-8.794740246612367e-16,3.1046438495951234,6.182950178847594e-15,1.3619607785379489e-16,1.0114553853951413e-16
589,0.002780106917336338,3.076072575051432,6.383855014910456e-15,-5.455559914390807e-06,-0.00024803417788480476
590,-0.002780106917338386,3.076072575051431,6.5644504400794575e-15,5.455559914487517e-06,0.0002480341778851163
591,8.704293367103353e-16,3.072715067128706,6.085417675332841e-15,-4.862471958357235e-16,-6.045426994555922e-16
592,-1.8808424167900503e-16,3.0716487694240757,7.10985225729612e-15,-1.1097600022238493e-17,-7.220402090929503e-17
593,8.716978419108137e-16,3.0771930355034534,6.1754767433134025e-15,-6.138228826722514e-16,-6.065156548884812e-16
594,-8.710564365288675e-16,3.074928801178939,6.1447726033587475e-15,-1.0879618695427116e-16,-1.0058266662619087e-16
595,-8.862429652375224e-16,3.128538983662937,7.109494146045373e-15,7.999548560459063e-17,5.151972022555875e-17
596,-1.9156776261752672e-16,3.128538983662941,7.401204492225824e-15,2.0389777106305518e-17,9.103825413794495e-17
597,-8.78683808768487e-16,3.101854297155274,6.718546301995663e-15,-4.189397163851188e-17,-4.757803917062106e-17
598,-1.8936893709601349e-16,3.092629437775194,6.354879693608324e-15,6.217560646025466e-17,-9.158120225713495e-17
599,4.309579027237906e-15,3.0926294377751975,7.008860146695421e-15,-1.048257482335821e-15,-1.2408795508050269e-15
600,0.07732593427982866,2.8699083496178983,8.688516357755884e-15,-1.4492114747792495e-05,0.0003244580676751126
601,-0.07732593427982858,2.869908349617895,8.396401252607727e-15,1.449211474769535e-05,-0.00032445806767531166
602,-0.12210182588926227,0.9455752845555381,4.907002096262318e-14,1.9965977811605817e-05,-0.0017667102258575708
603,-0.12210182588927783,0.9455752845555413,3.8201493265030714e-14,1.9965977804377224e-05,-0.0017667102258646346
604,-1.8002801594822518e-16,2.9400806187313386,7.545801504952169e-15,3.662695316727508e-18,1.5379660267671438e-16
605,-0.04326330396150776,0.901813717151758,3.9199112565288184e-14,-2.7135550473289527e-07,-0.0009938453672082952
606,-0.04505395374082486,0.909059136154301,3.779594715901523e-14,1.7457716220553587e-07,-0.0016330374045690904
607,0.043263303961509486,0.9018137171517607,4.0104751399247045e-14,2.713555048959593e-07,0.0009938453672086525
608,0.045053953740823806,0.9090591361543042,3.7267066837601225e-14,-1.7457716203206353e-07,0.0016330374045692847
609,0.0035694380147430673,2.9770990855225112,6.108961871353385e-15,1.1422673172639675e-05,0.0010587720212177202
610,-0.003569438014743724,2.9770990855225077,5.770227752551231e-15,-1.1422673172657022e-05,-0.001058772021217791
611,-1.3966094190924005e-15,0.8644821326473886,4.2255638812176665e-14,-8.010178139295029e-16,-8.276814733466391e-16
612,-1.6288018070474583e-15,0.8863797334814807,3.9652577637590544e-14,3.581426166001405e-16,3.221509254646569e-16
613,-8.837570021631203e-16,3.1197632498119736,5.356216962176522e-15,-7.914506452554732e-17,-3.7768945008185076e-16
614,1.1179771230515755e-15,0.8022799766882334,5.074818481782673e-14,-1.1174394328867434e-15,-1.1277928536496106e-15
615,-8.538953707493811e-16,3.0143482771034242,7.585729406754318e-15,4.2217096550592346e-17,-3.5247374844238675e-16
616,-1.8402892189972278e-16,3.00542037145487,5.622372335834092e-15,-2.8558931019894017e-17,-4.0322272357199245e-17
617,1.8274673159377186e-16,2.9844806146720386,6.635074222441905e-15,-5.017230256471397e-17,7.667289298986723e-18
618,1.5194500138644283e-15,3.006897320020224,7.651163152649944e-15,4.519376266779206e-17,1.459907849544902e-16
619,-2.2561838326622048e-15,3.1018542971552887,6.288527540678522e-15,-1.3300958370734278e-16,5.29135129402657e-17
620,2.1871530373957862e-15,3.006949145441419,5.8012605993013665e-15,2.529777085468291e-16,3.713187224226314e-16
621,0.1221018258892629,0.9455752845555396,4.8956938381715336e-14,-1.9965977810973944e-05,0.001766710225857988
622,7.284175391259082e-16,0.767231181779202,4.6892684861868877e-14,1.337528715320982e-15,1.353282246618357e-15
623,0.1221018258892772,0.9455752845555399,3.6956247983436175e-14,-1.9965977805258897e-05,0.0017667102258637699
624,-1.9203433007073696e-16,0.6779031387480512,6.94948487867634e-14,3.696928878552065e-17,3.238947178665144e-17
625,9.446580031744976e-16,0.6779031387480599,6.323139276721943e-14,-8.550787629835902e-16,-8.381396025795814e-16
626,8.566931773514825e-16,3.0242248542574983,7.197622424273812e-15,-3.738216368847969e-16,-3.80004187769387e-16
627,-8.623439780720254e-16,3.0441728268074315,6.2698141335072536e-15,5.17249783995707e-16,4.553381383458553e-16
628,1.538286130723997e-15,3.0441728268074306,6.618425306655427e-15,-8.811175530518134e-16,-3.42701483646091e-16
629,1.8515620131687098e-16,3.0238302414342475,6.1149973945164076e-15,-1.9807534599296792e-17,-5.140051026440006e-17
630,-8.656697786304237e-16,3.0559132829881452,6.327752546541574e-15,-7.499100319397541e-17,-3.88384458650798e-18
631,4.440843795862958e-17,0.7252448296039065,5.473160555797982e-14,2.2213069292010215e-17,2.2720560314243136e-17
632,3.66481841285275e-16,0.725244829603913,5.2891172189180255e-14,6.343126220469388e-16,6.411180515997815e-16
633,2.222767893842928e-15,3.055913282988129,6.4705026278132555e-15,2.087555050155586e-16,7.630358662486436e-17
634,0.008418422946767371,0.7791945357020518,5.589806616364497e-14,6.787928638618546e-08,0.00025376855491238137
635,-8.711453422239395e-16,3.0752426484463506,6.692183525704813e-15,-8.286651701419888e-17,2.3118129786415723e-16
636,-8.71145342223939e-16,3.075242648446349,6.631653528738208e-15,-7.681758342261501e-17,-2.232707182034064e-16
637,0.00841842294676916,0.7791945357020412,4.841167776991728e-14,6.787928655185155e-08,0.0002537685549127769
638,-0.00841842294676736,0.7791945357020509,5.4621095819184665e-14,-6.787928699073659e-08,-0.0002537685549131932
639,-0.008418422946768924,0.7791945357020513,5.117966328837715e-14,-6.787928496197748e-08,-0.0002537685549110595
640,1.5280065839561431e-15,3.0238302414342733,7.101692240788559e-15,-1.7514015547082443e-16,-3.949599224807739e-16
641,2.1945609132222666e-15,3.0171336663711905,6.06988586819715e-15,1.4662099371531617e-16,-1.3343615454538178e-16
642,-2.194560913222278e-15,3.0171336663712065,5.890174924319472e-15,-1.5225830155457835e-16,2.0559255164161302e-16
643,8.676678437191841e-16,0.9139014224277402,3.13155384527528e-14,1.0620990985853845e-15,1.0667603317773237e-15
644,0.04997894533495,2.8385536391549047,8.353734579460656e-15,4.871807685603467e-05,0.002121877360004673
645,-0.049978945334951674,2.8385536391548922,8.203802686101425e-15,-4.8718076855741935e-05,-0.0021218773600041943
646,-1.7917205200488458e-16,2.9261016666949384,7.086145248654422e-15,-1.4734450387845813e-17,9.906541557714241e-17
647,1.7769094679765622e-16,2.901913383048428,6.9844185351282075e-15,-2.565741220595178e-17,2.469039464578515e-18
648,0.003458930761432469,2.9162362577356706,6.2010096725945906e-15,-1.8239200695827767e-06,-0.002193360133035057
649,-0.0034589307614344097,2.9162362577356693,6.005685759022961e-15,1.8239200694422641e-06,0.0021933601330345874
650,8.316886167587041e-16,2.9359558968131894,5.30573617116686e-15,1.1185011488919148e-16,7.752819601456883e-17
651,5.474908777435587e-17,0.894120456812108,3.602037047990408e-14,4.6377081837616285e-17,5.297585658660624e-17
652,-4.518183349508305e-16,0.8941204568121249,3.538807530406718e-14,-4.521817307816766e-16,-4.770765423670506e-16
653,1.823201113749527e-16,2.9775133777655904,6.4450670501377384e-15,2.240566258121155e-17,-2.6466067215107748e-17
654,8.454345505850381e-16,2.984480614672034,6.455854213287222e-15,-2.8460645840923393e-16,-1.816695089447342e-16
655,2.1657424562497986e-15,2.97751337776556,7.786296499806223e-15,2.2678121316607736e-16,2.592529094133406e-16
656,-0.14971003179324766,1.2545663684281385,2.5771704172224573e-14,-1.134016805339963e-05,-0.0009119443553973483
657,0.14971003179324702,1.2545663684281378,2.5783157942122608e-14,1.1340168055344255e-05,0.0009119443553992426
658,0.14138287135478098,1.2623525888804188,2.823789334788481e-14,8.277073896228657e-06,2.9092011795024686e-06
659,-0.14138287135478136,1.262352588880425,2.8842646524755774e-14,-8.277073895788037e-06,-2.909201178971643e-06
660,-2.2349889429659216e-15,3.0727150671287293,8.568990814704126e-15,1.3683390570046043e-15,1.0976845547256287e-15
661,0.06212502970501021,2.7411120577048678,8.85064819423758e-15,-3.665116691843433e-05,0.003448595573696537
662,-0.06212502970500876,2.7411120577048576,8.203943861490186e-15,3.6651166918616473e-05,-0.003448595573696301
663,-7.153933916836313e-16,0.9835395653606758,2.9414873977593874e-14,-7.539138765064287e-16,-7.560458679592801e-16
664,0.014969419094766939,1.113840927682767,2.868810414172334e-14,1.279693416164629e-07,-0.00016644539891183877
665,-8.169145473932441e-16,1.123113224444324,2.26984286747523e-14,-8.399003356944968e-16,-8.475101661372958e-16
666,-0.014969419094767273,1.1138409276827734,2.872360075367658e-14,-1.2796934387507286e-07,0.00016644539890961485
667,2.833530572932901e-16,1.000268685511709,3.267132266180685e-14,-3.649678934779912e-16,-3.6494277833875903e-16
668,5.592651223212447e-16,1.1067509836743978,2.706845748264976e-14,-5.223005313608888e-16,-5.056251652733781e-16
669,5.118728335766591e-16,1.0129645841775903,2.9646028844735615e-14,5.939644372263306e-16,5.914992811574201e-16
670,-3.0127339222802457e-16,1.0635295165058234,2.585513797817438e-14,1.352303993725834e-16,1.3446206701924183e-16
671,-6.451102945828277e-17,1.0535450630042533,2.9119171194466384e-14,-8.325779805928848e-17,-6.430776025666059e-17
672,6.61137620405373e-16,0.9089474621603082,3.1186493122745e-14,-6.993637505983933e-16,-6.967569815618218e-16
673,-2.997926033294354e-16,1.0583021624082143,2.5778439889290625e-14,-4.153546712992475e-16,-4.376780403499174e-16
674,-4.592872519505825e-16,0.908900980228548,3.7581463612151807e-14,3.300169738084425e-16,3.278207763013954e-16
675,-4.592872519505855e-16,0.9089009802285541,3.020465844506201e-14,3.259373913658381e-16,3.191905373673024e-16
676,-7.986385400887253e-16,2.8192853478431723,7.690547281090192e-15,6.224897446101304e-16,6.622300497254611e-16
677,7.958950579680563e-16,2.809600542318995,5.063251722563933e-15,1.0248816318390646e-16,1.1861783775135252e-16
678,-1.4312789868423523e-15,2.8324123271366304,6.8214415748718144e-15,5.820354782423165e-16,1.714040752002863e-15
679,1.7378507216796912e-16,2.8381256095874345,6.508038932114036e-15,-1.2064158562382335e-16,-1.966446250917335e-16
680,2.1355149511291086e-15,2.935955896813194,5.748269649443925e-15,2.8344432920560103e-16,3.412446399163728e-16
681,1.7691099565249655e-16,2.8891758142130266,6.703382012835903e-15,-1.463657099859382e-16,-1.287850467990379e-16
682,-1.7688433805417147e-16,2.8887404625941984,8.76084989636218e-15,1.1683709156412231e-16,-1.0320441077787787e-16
683,-1.7655089659233718e-16,2.8832949502707033,6.963647743381016e-15,-8.731820110778148e-18,1.9469028636168827e-19
684,-1.7643233697522112e-16,2.8813587247859576,7.915330584387779e-15,-6.835007965107045e-17,-5.973251097151053e-17
685,1.4385428617497885e-15,2.8467870849719223,6.109302196628361e-15,1.2610967700740138e-16,-1.2757155689812131e-15
686,-1.4427276854782407e-15,2.8550685915295726,6.360786466429836e-15,-1.5942396372356272e-16,-1.6502875119120587e-16
687,8.275846374766448e-16,2.921468380775613,6.780740427580006e-15,6.382449423124745e-17,2.3780030891474905e-17
688,-8.077177917505736e-16,2.8513361441605976,6.038124871620336e-15,-9.671344860118496e-17,-1.6347654237981396e-16
689,-1.4723872809624643e-15,2.9137630910923287,6.640147600018212e-15,2.79107520515659e-16,3.19383937157601e-16
690,0.003838061281716984,0.9921486249519932,3.732388637129005e-14,-2.6587185852286477e-06,-0.00041485378715831007
691,0.003838061281711239,0.9921486249519887,2.958457495170011e-14,-2.6587185800661106e-06,-0.0004148537871530881
692,-1.7525619955564065e-16,2.8621509430745395,6.6653115129017996e-15,-1.2889759702988192e-17,1.0130802899786382e-16
693,-0.003838061281716985,0.9921486249519934,3.698107350111683e-14,2.6587185847845585e-06,0.0004148537871581097
694,-0.003838061281710795,0.992148624951988,3.025883154039007e-14,2.658718579719166e-06,0.0004148537871528704
695,1.4723872809624643e-15,2.9137630910923287,6.44851812668856e-15,-2.6499425754850786e-16,-4.1039910964773326e-16
696,-1.4762809298869395e-15,2.9214683807756185,6.223351256239425e-15,-1.3341573600555122e-16,7.459353298347633e-17
697,-1.4495373326794485e-15,2.8685444609117567,8.89377764597598e-15,1.2756268475375781e-15,1.1707480844041774e-15
698,-8.191395454719678e-16,2.8916562405459065,6.8721754083645245e-15,5.288821841887832e-16,5.330363745605307e-16
699,1.4612162129829896e-15,2.891656240545916,8.30811685354066e-15,-9.985535889909386e-16,-9.931408631695264e-16
700,-0.0010707901468257814,2.8707700706675654,6.202514772233986e-15,1.4432887738022402e-06,-0.00013943279281974062
701,0.0010707901468264204,2.87077007066757,6.517428164732434e-15,-1.4432887735669683e-06,0.00013943279281943151
702,0.0010707901468162188,2.8707700706675627,6.3878135568480535e-15,-1.4432887737094325e-06,0.00013943279281883927
703,-0.0010707901468149505,2.87077007066758,6.4608821196367325e-15,1.4432887729498405e-06,-0.00013943279281820273
704,-2.0825579874965894e-15,2.8631494247386198,6.444036615650729e-15,-1.3348824996677007e-16,-4.982690192620903e-16
705,-8.110642217817596e-16,2.8631494247386384,6.610647546692956e-15,-5.4379726971962895e-17,-3.7381888008981303e-16
706,-3.2073797721952335e-16,1.1322417267408618,2.4881717158273698e-14,-2.994581008566702e-16,-3.1564985690676204e-16
707,5.270840454289356e-16,1.0430666288223778,3.02392151261372e-14,5.91610061541249e-16,5.921596898947295e-16
708,-1.2219059979510004e-15,1.0430666288223926,2.722760314699453e-14,-1.5754309964461882e-15,-1.5769392416444595e-15
709,-3.293545289244962e-16,1.1626591393140946,2.362200942184878e-14,1.7541281556850618e-16,1.6057458280015413e-16
710,-5.347821242687271e-16,1.0583006493044356,2.6054767232862216e-14,3.176407013737327e-16,3.010329729340872e-16
711,0.04046109434246357,2.73877673448995,8.070088106816434e-15,8.406104384403243e-05,0.0028401880111561736
712,-0.04046109434246173,2.738776734489949,8.234645919247183e-15,-8.406104384404631e-05,-0.002840188011155837
713,0.004329728622595705,2.7664669403299462,6.944343155749399e-15,5.973283993919356e-06,-0.0009516032588268246
714,-0.004329728622595089,2.766466940329945,7.078311801633089e-15,-5.973283993700347e-06,0.0009516032588272647
715,1.6935922641049934e-16,2.7658460631818715,4.8995485916244515e-15,2.934948045257243e-17,5.881988793102927e-17
716,6.784191709144988e-17,1.1079425862001038,2.3334709048580618e-14,-7.154814099972864e-18,7.719282563569356e-18
717,-3.1633137717507214e-16,1.1166859248160683,2.3991332496181412e-14,3.839046221611394e-17,2.2690265651488994e-17
718,-1.5439179600859723e-15,1.1079425862001078,2.2767101051545637e-14,-9.468725991516147e-16,-1.038407911909907e-15
719,-1.0601936321784464e-15,1.116685924816061,2.1377679792103266e-14,3.3917659739512286e-16,3.481201982551381e-16
720,1.4186939602392687e-15,2.80750734018747,7.573330982361644e-15,-5.14749651222082e-16,-3.6018268196042326e-16
721,1.741790404666984e-16,2.8445596001715536,6.561016825136071e-15,2.78053255663903e-17,8.57307853951189e-17
722,7.9530210206322e-16,2.8075073401874824,8.407365606619662e-15,-2.5945805020525375e-16,-2.8742241944238085e-16
723,1.7417904046669813e-16,2.844559600171549,6.745190028594878e-15,4.4936368401261514e-17,-8.729902719229084e-17
724,-8.031593574761134e-16,2.8352443500459983,5.589761089591519e-15,6.534890951802449e-16,3.8368056705733963e-16
725,-8.031593574761089e-16,2.8352443500459823,7.898071342049385e-15,6.481648578320412e-16,7.527430395109645e-16
726,-0.11377109324601825,2.5754772216492725,1.160520198757027e-14,-3.0700666380084835e-05,0.0015317853774937792
727,0.11377109324602101,2.575477221649283,1.0238612242645945e-14,3.0700666380099905e-05,-0.0015317853774936378
728,0.11377109324602022,2.575477221649304,1.0947146400630247e-14,3.070066638052285e-05,-0.0015317853774929084
729,-0.11377109324601822,2.575477221649298,1.0262224887724194e-14,-3.0700666380599614e-05,0.0015317853774929622
730,-0.02883570819982678,1.2090993158556798,1.895421261766969e-14,-5.86191096328334e-07,-0.0009098810918293273
731,0.028835708199825463,1.2090993158556809,1.9330360932079757e-14,5.86191097469782e-07,0.000909881091830396
732,-0.020313556105324107,1.2134298174205733,1.9444390372421172e-14,-1.1612441627728565e-07,-0.0011465216203728405
733,0.020313556105325505,1.2134298174205764,1.9784164504838892e-14,1.1612441794955908e-07,0.0011465216203744566
734,-6.153008398749177e-16,1.2176421925987497,2.0901907379297136e-14,-4.370048422865299e-16,-4.613090418024575e-16
735,-1.992814267544137e-15,1.2335247811061203,2.1004274682029767e-14,-3.125775934303195e-16,-4.2076196982784195e-16
736,3.0794298515696266e-15,1.2299403163952405,2.1011847447366732e-14,-5.079160481281976e-16,-4.117169794015055e-16
737,-1.677498273056399e-16,2.7395625811855937,5.089413276316743e-15,-1.3249923351440583e-17,-2.763378318623693e-18
738,-7.803733922557749e-16,2.754807287898925,7.516005200517881e-15,-8.332758579644606e-17,7.906919223921922e-17
739,-7.833002298345734e-16,2.7651393591517186,5.497033012832348e-15,7.898116397097564e-16,7.549823825797768e-16
740,7.697720738354408e-16,1.058300649304444,2.3409387166729972e-14,-5.795563988560887e-16,-5.936102516436948e-16
741,-3.216737277582069e-16,1.1355450331185553,2.1621764591558227e-14,-2.4473240353619276e-16,-2.5883805331393173e-16
742,5.738153760115972e-16,1.1355450331185535,2.2301288978061086e-14,3.6069852502530113e-16,3.3973408900384277e-16
743,7.902856971358255e-16,2.7897988573122627,5.576281287080091e-15,1.1488286687786394e-16,1.319895442806118e-16
744,-1.4097454822280287e-15,2.7897988573122587,6.209821826425849e-15,-1.2764320647001316e-16,-4.948874697627975e-16
745,0.1569808315057202,1.5344505174641077,2.100101598341021e-14,3.118852153386094e-05,0.001482843521918768
746,-0.15698083150571923,1.5344505174641048,2.0642486557878783e-14,-3.1188521534356636e-05,-0.0014828435219193283
747,-0.15698083150571687,1.5344505174641019,1.8243433502988903e-14,-3.1188521534754755e-05,-0.0014828435219196006
748,0.15698083150571593,1.5344505174641063,1.7381685713305026e-14,3.118852153311197e-05,0.001482843521918015
749,-2.094254457343875e-15,1.296314871460245,2.2659887340044138e-14,1.2188175007683434e-15,1.2073387244081106e-15
750,-6.605088320021074e-16,1.307106004590179,1.5166906047777337e-14,6.452652672267908e-16,6.239901596813703e-16
751,8.28548788232543e-17,1.3531228576425642,1.793531521057834e-14,-1.0810763205737791e-16,-1.1348197686343583e-16
752,8.065206948326173e-17,1.3171482510616912,1.4595438398035875e-14,5.701893410195294e-17,5.497834589558911e-17
753,-8.2465231407029e-17,1.3467594324248346,1.3660257418665406e-14,-2.962331522068795e-17,-2.3217407435281638e-17
754,0.056782205745306784,1.3011710055466486,1.980532749465218e-14,3.7483320587949898e-06,0.0015850896321305714
755,0.05678220574530469,1.3011710055466539,1.636401688894353e-14,3.748332056076678e-06,0.0015850896321275912
756,-0.056782205745307054,1.301171005546648,1.9160120483450964e-14,-3.7483320589858093e-06,-0.001585089632130856
757,-0.05678220574530443,1.3011710055466545,1.6984948450525244e-14,-3.7483320570012857e-06,-0.0015850896321287916
758,7.487702848119563e-16,2.6432447057165365,7.133086153052289e-15,-3.4774399254626327e-16,-3.6158301358651696e-16
759,2.5111232731001716e-15,2.644928180512804,6.593023797185254e-15,-8.77851185519388e-16,-8.078762092820357e-16
760,-1.93750385598569e-15,2.663725612443899,6.196844770781133e-15,-2.5962052208503093e-16,-3.8679891545369096e-16
761,-7.549564576632248e-16,2.6650826030923245,7.175758237584242e-15,-9.595509382005044e-17,-4.175074122334514e-16
762,-1.9475209305346082e-15,2.677497320797036,7.878249131175647e-15,9.555923793132242e-16,1.101934332592846e-15
763,-1.6914489503422873e-16,2.762345766175096,5.0248231475899815e-15,5.111992036426199e-17,-1.895540604563199e-16
764,-1.9633920120340654e-15,2.699317254809906,5.459027000005011e-15,-2.891578436154412e-16,-3.0759220122676384e-16
765,7.617521217788827e-16,2.6890720743091903,6.992730609734368e-15,1.069475532288943e-16,1.7216578823266597e-16
766,-7.620215212956184e-16,2.6900230854013474,6.087478967618369e-15,5.382995259561562e-16,8.240310077267501e-16
767,1.665186050296785e-16,2.719455195499882,6.950476283364554e-15,-6.921967621954388e-17,4.969701338345543e-17
768,7.69872043887657e-16,2.717736327632542,6.314981748577494e-15,-5.427760311919196e-16,-5.047698332780102e-16
769,1.9703077625638597e-15,2.708825190372756,6.192232725794925e-15,-1.3538344182524488e-15,-1.3194825653626496e-15
770,6.083277853266603e-16,1.2038429502135501,1.8932467751331935e-14,-5.937122413861244e-16,-5.78605563022247e-16
771,-0.009893594859494917,1.228067331583843,1.9639223943494745e-14,9.127031635400296e-07,0.0001921997395573239
772,-0.009893594859495966,1.228067331583838,1.8289828834607577e-14,9.127031675507102e-07,0.00019219973956125305
773,0.009893594859496245,1.2280673315838389,1.961848648166526e-14,-9.127031652678141e-07,-0.00019219973955914103
774,0.009893594859494665,1.2280673315838457,1.7929406092229006e-14,-9.127031657396589e-07,-0.00019219973955938996
775,1.6899974452354286e-16,2.759975278442847,5.3455552884010106e-15,2.3566373997274533e-17,-1.3829621114349706e-16
776,-3.4102095305470514e-16,1.2038429502135386,1.8478802703439233e-14,2.509436829939916e-16,2.602617960543454e-16
777,-1.6756664941274314e-16,2.7365710591724826,5.685158066077014e-15,-1.4804230093873848e-17,-6.467017122268263e-17
778,7.75207489095976e-16,2.7365710591724985,7.18464545031907e-15,9.758391299608937e-17,2.0723318663163437e-16
779,1.6899974452354343e-16,2.759975278442856,4.98968398778079e-15,2.2209521514362975e-17,4.253745595109607e-16
780,-0.007568076938908163,2.706693784611062,5.939941724799202e-15,-6.265354350506493e-06,0.0004926981414758597
781,-7.708402263750592e-16,2.721154122496872,6.583500287282944e-15,3.2038915350775504e-16,3.850215790315208e-16
782,-3.1877105946548246e-15,2.721154122496883,6.9289404933608575e-15,1.3278961983885268e-15,1.4846706678596283e-15
783,0.007568076938909365,2.706693784611062,5.641479871555044e-15,6.2653543503083005e-06,-0.0004926981414759603
784,0.0075680769389105795,2.7066937846110664,5.692150633776764e-15,6.265354349546323e-06,-0.000492698141476299
785,7.825088693509156e-16,2.7623457661751125,6.122807450746703e-15,-1.7570216183132766e-16,6.620115866622155e-16
786,-0.1562198422537182,1.7916048988112439,1.5881940188038283e-14,2.5144651024411194e-05,0.00043009022927201473
787,0.1582005403012193,2.2936823652984404,1.1961581376367256e-14,1.8748957563244698e-05,-0.00016433303749039188
788,-0.15820054030121847,2.293682365298451,1.2291333123389843e-14,-1.874895756256642e-05,0.00016433303749112046
789,0.14607609214413023,2.294148663400474,1.2299751358744406e-14,1.5590207703197745e-05,-0.0005212212439479717
790,-0.14607609214413184,2.2941486634004753,1.2321447533897026e-14,-1.559020770319254e-05,0.0005212212439479301
791,-1.6109304951004506e-16,2.630849149684698,7.09302586868507e-15,-1.3978267171190152e-17,-4.417718220206052e-17
792,0.00729111424550248,2.671486324401229,6.3557428602501e-15,2.4980546809976606e-06,-7.27595137030336e-05
793,-0.007568076938911175,2.7066937846110646,5.722761272992281e-15,-6.265354349638697e-06,0.0004926981414765509
794,0.007291114245504844,2.6714863244012257,6.5252082208088535e-15,2.4980546811416426e-06,-7.275951370318279e-05
795,0.15621984225371835,1.791604898811241,1.5916922130082714e-14,-2.514465102365724e-05,-0.0004300902292713755
796,0.1416347312630465,1.7863052794417877,1.582733110656923e-14,5.4126555022216164e-05,0.0017044163063610878
797,-0.1416347312630469,1.7863052794417933,1.619905897209481e-14,-5.412655502214049e-05,-0.0017044163063609837
798,-0.1558631986575867,2.0335160227248523,1.4211353471954338e-14,1.508800388888001e-05,0.0005131224950090038
799,0.15586319865758702,2.033516022724851,1.3833663476086939e-14,-1.5088003888994719e-05,-0.0005131224950091174
800,-6.953090004820202e-16,1.3759733792215887,1.3683011334652915e-14,4.767961628180416e-16,4.761414368644933e-16
801,8.876644462863896e-17,1.4496660537624662,1.4089183618235419e-14,2.932246873452837e-17,2.8186411172819847e-17
802,-0.007304108370602831,1.3862812871785466,1.3409025234640632e-14,2.602678032035885e-06,-0.0005570272577622663
803,0.00730410837060466,1.3862812871785433,1.3531525788101813e-14,-2.602678033309172e-06,0.0005570272577610641
804,3.991365752408623e-16,1.4089977403793374,1.2617996295370898e-14,1.8188851931439345e-16,1.9683636999351746e-16
805,-8.584439702806194e-17,1.4019453949960128,1.845031242920181e-14,-6.20664986122554e-17,-4.9287714219911894e-17
806,-7.259257627470333e-16,2.5626009312137907,6.1391176565019934e-15,-1.0081587916234773e-16,-8.511753602051523e-17
807,-1.3054364715952564e-15,2.583377795965236,8.322086958058029e-15,6.320414912377013e-16,5.957435171533304e-16
808,-1.5890701222458995e-16,2.595148451540921,7.162074054314826e-15,-4.0748948711283706e-17,-2.4594486408527838e-17
809,7.41045455627555e-16,2.6159751755837255,6.163029788821485e-15,9.412911992735082e-17,7.338075545866684e-17
810,-1.6107785578123438e-16,2.630601017262823,7.679320366882104e-15,1.1807868152144928e-16,-2.8084313319809365e-17
811,-0.008192650433441266,1.3383062638366672,1.398233877510261e-14,-4.736041174461386e-07,-0.00030021082812799714
812,0.008192650433441856,1.3383062638366665,1.3714314972529369e-14,4.736041175398137e-07,0.0003002108281282556
813,-1.3089943793784594e-15,2.590418674757282,8.818194570167258e-15,8.493852616133695e-16,8.640193184765596e-16
814,0.008192650433441874,1.3383062638366694,1.4007597498612153e-14,4.736041166186755e-07,0.00030021082812716447
815,-0.008192650433442477,1.338306263836671,1.4012592787001292e-14,-4.7360411606703345e-07,-0.0003002108281266822
816,-1.883174874871115e-15,2.589032858648449,6.087067346989856e-15,-3.0738027127142914e-16,-2.756686955878302e-16
817,0.027355671757059826,2.63465002915978,7.104598743771717e-15,1.0674251018447795e-06,-0.0033485835081618416
818,0.027355671757061047,2.634650029159785,7.072452915215567e-15,1.0674251020455737e-06,-0.003348583508161201
819,-0.027355671757057477,2.634650029159779,7.222618248778447e-15,-1.0674251023157569e-06,0.0033485835081613364
820,-0.02735567175706395,2.6346500291597827,7.273833306619024e-15,-1.0674251020408032e-06,0.003348583508162386
821,-0.15586319865758727,2.033516022724854,1.2755505300730733e-14,1.5088003889814159e-05,0.0005131224950101218
822,0.15586319865758824,2.0335160227248554,1.225520204314242e-14,-1.508800388937766e-05,-0.0005131224950096266
823,8.898132705826545e-17,1.4531753501534928,1.4571444126059247e-14,-1.113546743790451e-16,-1.177779081377252e-16
824,0.006116744062375047,1.4456914481083922,1.4763906022598778e-14,-5.696686205293455e-07,0.0001753956303086504
825,-0.006116744062374731,1.4456914481083933,1.5179983687318885e-14,5.696686199811729e-07,-0.00017539563030910814
826,-4.073701596903679e-16,1.438063234759488,1.602480982165465e-14,2.466480706020769e-16,2.371385696860027e-16
827,4.0598226481055607e-16,1.4331638071679205,1.2025723582885996e-14,1.897142711775229e-16,2.0549060792574626e-16
828,1.0062094168974715e-15,1.383360237963744,1.4483344658221285e-14,3.394332070191103e-16,3.2156856747746784e-16
829,-1.0062094168974715e-15,1.383360237963744,1.4545197805508387e-14,-4.1011032435227875e-16,-4.528702415955703e-16
830,8.541292769533103e-17,1.3948989660496207,1.4677968208141316e-14,-9.102656318075743e-17,-8.081565069157344e-17
831,-1.502727674611754e-16,2.454140533675524,6.201202143864598e-15,-2.1603065096017128e-17,1.461307692894526e-18
832,-0.007291114245504206,2.6714863244012093,7.142108933390832e-15,-2.4980546822015587e-06,7.275951370165276e-05
833,7.058794454130909e-16,2.491835139305577,6.096492037697168e-15,1.023400076418329e-16,1.4296949478470748e-16
834,-1.2450494807246477e-15,2.463875687073143,8.146390902304321e-15,2.8211857769449937e-16,3.031767906379818e-16
835,-0.007291114245503044,2.671486324401218,6.7175409236891945e-15,-2.498054682062781e-06,7.275951370180368e-05
836,0.006333376222082323,2.534147405779372,6.362596036174001e-15,-4.867069596827846e-06,0.0011144142455642774
837,-0.006333376222081198,2.534147405779372,6.331653504016322e-15,4.867069596763661e-06,-0.00111441424556434
838,7.197599195702415e-16,2.5408347999130187,5.934953655255898e-15,1.079888896913848e-16,1.1782588552006576e-16
839,0.03720280519357436,2.5518915149566292,8.773199340009113e-15,5.03715874948258e-06,-0.0015871677114910748
840,0.03720280519357273,2.5518915149566337,9.599112870196449e-15,5.0371587495567395e-06,-0.001587167711490334
841,-0.037202805193571595,2.5518915149566337,9.61292828904125e-15,-5.0371587494222984e-06,0.0015871677114912847
842,-0.037202805193574884,2.5518915149566257,9.107943057170277e-15,-5.0371587494834474e-06,0.0015871677114911503
843,-1.5329271067016263e-16,2.5034599490545517,7.160184611333507e-15,7.188461391135465e-17,1.4365815693981657e-16
844,-7.00273326146782e-16,2.4720448973971285,7.193979830609387e-15,-8.303316086033167e-17,2.3624083679902246e-17
845,-7.111465076848764e-16,2.5104284712619496,5.556262848463781e-15,-9.575133952165218e-17,-7.921059647198815e-17
846,-3.9514271752215536e-16,1.3948989660496265,1.5300024922289035e-14,1.9070389618569956e-16,1.7157429896411653e-16
847,-1.5509283412965665e-16,2.5328581961368504,6.156274028195006e-15,1.7156642134731733e-16,2.1639191377487456e-16
848,1.2778641256438875e-15,2.52881383374776,8.404996385272127e-15,-8.648530714524279e-16,-9.153354261736862e-16
849,7.0997168899680595e-16,2.5062812269863586,6.2844101121854964e-15,-2.734454330238172e-16,-2.714590152107964e-16
850,-7.409369235726538e-16,2.615592045022408,6.7042771608831005e-15,-1.2022470683629794e-16,1.0986814324748228e-16
851,6.998612962616456e-16,2.470590384798839,5.840106598702242e-15,1.1582047941091525e-16,1.5777560285775195e-16
852,1.5702135356291595e-16,2.564353308598697,8.326559297949498e-15,5.369005190135701e-18,1.9166231590422237e-17
853,-1.2741141235383283e-15,2.521392812208132,8.620177101717992e-15,3.608301204570912e-16,4.697998454832095e-16
854,-7.103203521849612e-16,2.5075120479001467,7.809363692947577e-15,-1.0451132810817385e-16,-1.328123047695511e-16
855,-1.3085006406758875e-15,2.589441596493432,8.095853438473551e-15,5.752919664017936e-16,5.361184528316257e-16
856,7.335291044060631e-16,2.589441596493439,9.125916044085065e-15,-3.394103371295344e-16,-3.0903637091570565e-16
857,-1.5702135356291576e-16,2.564353308598694,8.270909054701601e-15,-3.0333520390597377e-17,-1.0602881162788004e-16
858,1.5439078184319082e-16,2.521392812208119,8.137608602842613e-15,-1.799521496441761e-17,1.3378319941214933e-16
859,-7.40936923572655e-16,2.615592045022412,6.841421650341474e-15,-1.1769586329569547e-16,1.3715898635770479e-16
860,-1.5494857275514645e-16,2.5305022291003034,8.445695719014189e-15,7.920520386480237e-17,1.6147938015107448e-16
861,7.168329404776321e-16,2.5305022291002954,7.555039819770102e-15,-1.5586168559131655e-16,-1.3037719721317853e-16
862,0.013908978271313236,1.5564946939941253,1.1954602338679958e-14,1.182087332823878e-06,-0.00014092690071044328
863,-0.013908978271313219,1.5564946939941233,1.196875025442389e-14,-1.1820873330476572e-06,0.00014092690071015185
864,7.704653457060892e-16,1.5247031241784579,1.2647873059262303e-14,4.134840932357449e-16,4.1469973700183795e-16
865,9.33857769139082e-17,1.5251054749651414,1.1794117255100525e-14,1.9507522366080456e-17,8.588426773925872e-18
866,-4.059822648105544e-16,1.4331638071679145,1.2740273252140247e-14,-2.27967982425797e-16,-2.1162052158134266e-16
867,4.091670790605729e-16,1.4444065655623213,1.5145211498997192e-14,-3.831991053410322e-16,-3.719196873620641e-16
868,4.091670790605781e-16,1.4444065655623397,1.513218672277478e-14,-3.223971429233288e-16,-3.0992414891877793e-16
869,-1.5128003033740733e-16,2.470590384798856,8.455774619435712e-15,-1.907089386787137e-17,-7.317464691770697e-17
870,-1.267099874205711e-15,2.5075120479001574,9.148546692412653e-15,-1.9238802267796773e-16,-8.899378130106908e-17
871,-0.04078011816142405,1.6449376850426742,1.1735837228837082e-14,1.92170162489555e-06,0.005552281012772845
872,0.04078011816142445,1.6449376850426753,1.211270556202568e-14,-1.9217016251540237e-06,-0.005552281012773081
873,-0.05007323111390911,1.691310322422511,1.2403362070195715e-14,3.0404066105292615e-06,0.0006646708075006488
874,0.05007323111390835,1.691310322422511,1.2308951525752119e-14,-3.0404066104147698e-06,-0.000664670807500576
875,-9.628545640504579e-17,1.572460834782461,1.2289249635102215e-14,3.5609463639720005e-17,2.3356452029046782e-17
876,4.3710111893894677e-16,1.54301691978642,1.1231068186859617e-14,-4.170700813966503e-16,-4.188987200754992e-16
877,-9.891933290720465e-17,1.6154753023659743,1.0999744437874636e-14,-9.350759719802764e-17,-1.0218388476641998e-16
878,-4.637343310801325e-16,1.6370352033860345,1.019997797585846e-14,2.725608600152596e-16,2.5787797298343904e-16
879,4.604037111760914e-16,1.6252777343642482,1.2523247835336173e-14,2.6212523664313564e-16,2.1381690780007525e-16
880,0.049421858193810245,2.2172094208327904,9.103555571229797e-15,-5.717984885213884e-07,-0.0012142296378848533
881,-0.04942185819381171,2.21720942083279,8.868520735479369e-15,5.717984885101127e-07,0.0012142296378847492
882,9.691211393888188e-17,1.5826949289600212,9.169801411795387e-15,4.57288723381003e-17,5.94383581555309e-18
883,-4.503439826739397e-16,1.589765742711246,1.1584064994213427e-14,4.059145315806761e-16,4.2476606674240714e-16
884,-0.03087941155247645,2.2395438560887957,8.864703123268973e-15,4.751750662789628e-06,0.0004604108339343197
885,0.03087941155247596,2.239543856088796,8.88095022652684e-15,-4.75175066277575e-06,-0.00046041083393485137
886,0.013178441063068397,1.8332417431404553,9.336613787234879e-15,-9.001474772854512e-07,0.0006161802230215657
887,-0.013178441063066785,1.8332417431404575,9.486326118260165e-15,9.001474779099516e-07,-0.0006161802230209967
888,1.1498260040190925e-16,1.877808368616398,1.0066277966193168e-14,1.8193075768431448e-17,1.7864954440374287e-17
889,1.1557070102506516e-16,1.8874127806569205,7.75975146666723e-15,3.798594100630686e-17,2.291506767264148e-17
890,6.855752996141947e-16,2.4201591834408123,6.464683294443249e-15,-5.761115378525779e-16,-5.675543670655891e-16
891,-0.009173603852884482,2.1643800185521824,9.350095269651538e-15,3.37288897334434e-07,-0.0001596689969280453
892,1.2126114687864793e-16,1.980344813918179,9.713928270782793e-15,-1.161649610901752e-16,-1.2034729581771176e-16
893,1.1092949643052972e-16,1.8116161575364123,1.0494777414953532e-14,-1.0592934014276615e-16,-8.167907138306185e-17
894,0.00944621586012773,2.4035221495707892,6.9056546299796904e-15,1.9959427250783367e-06,-0.0008841930336412224
895,6.842769716263159e-16,2.4155759372171643,5.99995393800766e-15,-4.0649605728092467e-16,-4.3110716965488305e-16
896,-0.009446215860127177,2.4035221495707844,6.812166930971399e-15,-1.995942724031675e-06,0.0008841930336424188
897,1.1828059466208698e-16,1.931668702264825,9.472749301487105e-15,-9.505338711903059e-17,-1.1257811712068747e-16
898,-9.825569778849563e-16,1.9444193073883207,9.447457307000526e-15,-2.391237513298527e-16,-2.3434851487646233e-16
899,-1.8435488864694297e-15,1.9417821714328412,8.260121982118214e-15,-4.306633275196292e-16,-3.6886916301100395e-16
900,1.855328256609273e-15,1.9541892039211741,8.250169249498952e-15,-9.588130798004783e-16,-9.997009475153917e-16
901,-1.2190096304911284e-15,2.412344438814598,5.813851537962433e-15,-1.4154235140097856e-16,-1.5021480962508981e-16
902,1.184050372013582e-16,1.9337010031593829,8.931481476039877e-15,-1.2418228066759249e-16,-1.4860921401774842e-16
903,1.4430135629537032e-16,2.356619988650418,7.125895765753604e-15,2.150454260650088e-17,2.2349919273235536e-16
904,-6.689980581701851e-16,2.3616396260130395,8.19590784582376e-15,1.5008336631292034e-16,-3.5483814418833244e-17
905,1.2404454752192162e-16,2.0258011960393194,1.332963775563667e-14,-1.676720149452894e-16,-1.5782368909343103e-16
906,1.1842501817097892e-15,2.3435576459406637,7.3564734561418e-15,1.7147637923276092e-16,1.859443088056057e-15
907,5.546050137628275e-16,1.9578191017029962,8.264743503653943e-15,1.4337029210923883e-16,1.3084453953630432e-16
908,1.2166623770810881e-15,2.4076993699254228,7.389725739312056e-15,-6.865627352132095e-16,-1.0623780846538877e-15
909,9.430347476678723e-17,1.5400926182544221,1.2295210632270075e-14,-1.0030429165509456e-16,-1.7775191538923406e-16
910,-7.782419887033063e-16,1.5400926182544192,1.3711305243867212e-14,4.226017806145115e-16,3.302477737031606e-16
911,0.0042671035952917625,2.417172947582193,6.990932407906459e-15,-1.2895478686313425e-06,-0.0005669199362089584
912,0.004267103595291245,2.4171729475822037,6.9763418634493075e-15,-1.2895478686035869e-06,-0.0005669199362088075
913,-0.004267103595291779,2.4171729475822024,7.090538759377067e-15,1.2895478688447135e-06,0.0005669199362094233
914,-0.004267103595289625,2.4171729475821984,6.7291400313650326e-15,1.2895478688742038e-06,0.0005669199362091665
915,4.3337393003730115e-16,1.5298595168668392,1.146931182839254e-14,1.7713120452472113e-16,1.214247520605057e-16
916,9.367687802380451e-17,1.5298595168668387,1.0970558784497085e-14,5.88957096000288e-17,-1.144346540998684e-16
917,4.726108045143426e-16,1.668370169378043,9.343325305490387e-15,1.7819468796153142e-16,9.025062757144751e-17
918,-2.7990729112024723e-15,2.3893978343767186,6.609482622791295e-15,-2.186641632155646e-16,8.17686688490251e-18
919,1.7358459347663784e-15,2.386481586299343,6.458656113650384e-15,-2.105308163842471e-16,-1.9825164388740568e-16
920,-0.02293107520467006,1.762920129966575,1.1063353057182558e-14,2.4408641365186723e-06,0.0002636865926800413
921,0.022931075204670377,1.7629201299665693,1.095409831504181e-14,-2.440864135942744e-06,-0.00026368659267960327
922,-6.81080595973328e-16,2.404292365748562,6.387680823383101e-15,-1.1129108981769452e-16,-1.8871398255639087e-16
923,-5.102402481103037e-16,1.8012064071155787,1.1718267816515114e-14,-7.7691078185415e-17,-1.268286687300988e-16
924,-6.619541584361459e-16,2.33677385468469,7.640134093197126e-15,9.017596206270753e-17,-9.242617383263985e-16
925,0.009745043496967644,1.6989948131406327,1.0852409645798554e-14,3.090420612882061e-06,0.00039339275595646
926,-0.009745043496968399,1.6989948131406325,1.1080487279649463e-14,-3.0904206126695574e-06,-0.0003933927559561876
927,-1.4224930845403164e-16,2.3231075041893083,8.267769556768035e-15,-1.2472030907555814e-17,-6.966260907904034e-17
928,0.00917360385288257,2.164380018552185,9.459644533097971e-15,-3.3728889732229095e-07,0.0001596689969279412
929,-8.748821162853311e-16,1.731337435774774,8.892535064270808e-15,-3.4925814727143945e-16,-3.490522962595251e-16
930,5.750572299803089e-16,2.030017763072957,1.2206762808372651e-14,1.7480643526630458e-16,2.4209007593729356e-16
931,-6.473470783384604e-16,2.2852091920406843,9.108008455806821e-15,-2.5262013063227865e-16,-3.8629548593342096e-16
932,-1.0868912988161716e-15,2.1508904562458655,8.82664624600812e-15,-1.2915782116539054e-16,-2.0049792838020893e-16
933,-1.1558330635596624e-15,2.2873219319463645,8.453059276476006e-15,-2.97937754726621e-16,-3.0585927959547877e-16
934,-0.0011265653486065472,2.239549781313392,8.091965337807844e-15,5.935170588766518e-06,-0.0007877027489104544
935,0.001126565348608539,2.239549781313397,8.34035705985143e-15,-5.935170589447397e-06,0.0007877027489092119
936,-6.106046219298709e-16,2.1555041204760252,7.773048491406752e-15,-2.156671174499554e-16,-1.3372836193771726e-16
937,-5.161179054312456e-16,1.8219552093994427,1.2325822012232472e-14,6.093424733488388e-17,2.0987720243914252e-17
938,-1.0375978982859518e-16,1.6945259629280343,7.70990795318278e-15,-2.5491137259035227e-17,-9.409937049995382e-18
939,-1.2462983879622495e-16,2.035359727931304,1.1445014027902739e-14,-1.4169213740311713e-17,-1.2439611697427343e-17
940,-1.307939780969037e-16,2.136027762257127,9.749541336416943e-15,3.3697846290117685e-17,2.4271423885264464e-17
941,6.219198989304072e-16,2.1954483418641577,7.553314206947794e-15,1.2685220383002558e-16,1.439482082742963e-16
942,1.115443841993696e-16,1.8216580368646886,9.745496334412251e-15,-1.2589355251140793e-16,-1.4881732259347677e-16
943,0.004786733759366274,2.3063734658088446,7.737282694486006e-15,-7.433792739448136e-08,0.0006749322220482123
944,-1.6725202784293891e-15,2.2994199930082977,8.126635118509543e-15,1.2240888570517934e-15,1.2365580556969082e-15
945,1.1195072738971894e-15,2.215435447634907,7.615553046559008e-15,-5.6853918923105045e-16,-3.4060375923479112e-15
946,-0.004786733759366779,2.306373465808841,7.822788967879706e-15,7.433792702975575e-08,-0.0006749322220488364
947,5.803686804436711e-16,2.0487677904201074,1.0378514473084702e-14,3.107256620372607e-17,6.270502571325272e-17
948,-1.3545822678021694e-16,2.212200723907142,7.98101363765677e-15,-3.7352597973713765e-17,1.6053543296204198e-15
949,5.822958723950283e-16,2.055570998327328,8.00152670141516e-15,1.6502627114690522e-16,1.4344055903360385e-16
950,-0.026871279224330785,1.9230764702036043,9.692332084072206e-15,-7.242674506255722e-07,-0.0016337813261162945
951,-0.026871279224328665,1.9230764702036052,9.088198144457807e-15,-7.242674519240128e-07,-0.0016337813261175227
952,0.026871279224330375,1.9230764702036056,9.729811428800628e-15,7.242674512179803e-07,0.0016337813261168115
953,0.026871279224330344,1.9230764702036034,8.830408602856738e-15,7.242674513021144e-07,0.0016337813261168514
954,-5.818425315972493e-16,2.053970653484696,9.709004003687183e-15,1.0840693636917961e-16,2.0345741141601926e-16
955,-8.090383413669992e-16,1.601036689757859,1.1026933420032286e-14,-2.7357401763941765e-16,-1.7200367187648056e-16
956,1.1645399006147741e-15,1.6010366897578743,1.1645793619595022e-14,3.3564471567771435e-16,3.4340081522316783e-16
957,0.024219590773788463,1.8497449194058424,1.0195293267093346e-14,1.2926135289342139e-06,0.0013302028123550113
958,0.024219590773787256,1.8497449194058442,9.408376160279883e-15,1.2926135294182017e-06,0.001330202812355432
959,-0.024219590773787273,1.8497449194058455,1.0449791533598684e-14,-1.2926135284207357e-06,-0.001330202812354379
960,-0.02421959077378602,1.849744919405844,9.846334002769338e-15,-1.2926135283045093e-06,-0.0013302028123543547
961,-4.85709781143686e-16,1.714611054370577,1.0049068532606328e-14,-1.0471412764189034e-16,-1.1932927783821732e-16
962,1.084749983851124e-16,1.7715311624647518,9.205424764245236e-15,-1.0318656947502025e-16,-1.5273702822691633e-16
963,-0.0007879839742295847,1.7573439497065517,9.367436043369269e-15,-1.244491893768844e-07,-1.5884154443882676e-05
964,0.0007879839742288031,1.757343949706549,9.263199978124216e-15,1.2444918914746722e-07,1.5884154443654235e-05
965,1.049132456521098e-15,2.0761680496723427,6.7278883974453024e-15,-9.343343549751595e-16,-9.595746707651884e-16
966,6.291703700332916e-16,2.221043333740021,1.0006257657969614e-14,-5.558545586140802e-16,-5.863250412036413e-16
967,-5.671037129451802e-16,2.0019409386832048,9.752443201563669e-15,-2.1393481349620296e-16,-1.9830635386000895e-16
968,-1.7471289341554083e-15,2.401993717728087,6.937624683340298e-15,7.47084894146786e-16,7.004616336739379e-16
969,6.535417971371834e-16,2.307077257587969,8.820883144344217e-15,-3.86903796900319e-16,-3.807261685755697e-16
970,-1.0708743563198213e-16,1.7488705430258027,1.2155238879617078e-14,-5.5151985246619964e-18,-3.608193762349202e-18
971,-0.002899597028449035,1.5869405446052025,1.1510060710007833e-14,-3.69860903381633e-07,0.0002010257972931697
972,-0.002899597028450433,1.586940544605196,1.0973162561388319e-14,-3.6986090357331997e-07,0.0002010257972925206
973,-4.825540935963259e-16,1.7034711165663547,9.8675982446758e-15,4.830828846645523e-16,4.801579102783603e-16
974,-1.0442786932907081e-16,1.7054365291572648,9.409939621220833e-15,5.1334378753874775e-17,1.0383126710070762e-16
975,0.002899597028448687,1.586940544605205,1.1434120722898131e-14,3.6986090288723683e-07,-0.00020102579729373523
976,0.002899597028448664,1.5869405446051923,1.142479574485391e-14,3.69860904002664e-07,-0.00020102579729180177
977,-0.013010709092680296,2.3981341930807276,8.619944744471986e-15,-2.3884473636863295e-06,-0.0002755049835610115
978,5.549738340872238e-16,1.9591210796121032,9.66008596642432e-15,-3.351822428746451e-16,-3.07536058855703e-16
979,-5.840178527662536e-16,2.061649785896645,7.588251575859515e-15,-1.0700661048839469e-16,-9.007117109640675e-17
980,-0.013010709092676554,2.398134193080725,8.060829262474469e-15,-2.3884473640991936e-06,-0.0002755049835609048
981,1.2960694883989495e-16,2.1166421033416714,7.438214401301951e-15,1.0042299879971304e-17,7.448347868158579e-17
982,5.840717583422613e-16,2.0618400787425033,6.259911616962759e-15,1.3704261588863014e-16,1.4421830645887377e-16
983,5.993259980235381e-16,2.1156892887006578,7.546978990588832e-15,-3.985271636125415e-16,-3.628910270333478e-16
984,-1.2946298366275402e-16,2.1142909735752577,6.892521596888103e-15,-2.795603010718065e-17,-1.0041907583412035e-16
985,0.0028894936663316825,2.1074845365345665,7.742156964015484e-15,1.0281935117527688e-06,-0.0003134510521181238
986,-0.0028894936663330932,2.1074845365345714,7.76024312611467e-15,-1.028193510790431e-06,0.0003134510521191349
987,0.01301070909267707,2.398134193080722,8.455742311876843e-15,2.388447363658574e-06,0.0002755049835606177
988,0.013010709092677566,2.398134193080715,7.19267415606757e-15,2.3884473634998467e-06,0.00027550498356074347
989,1.4561440825714922e-15,2.0019409386831977,8.355849843363666e-15,4.89213725444733e-16,4.791260725861916e-16
990,1.1764897838151288e-16,1.9213536256073944,8.277364890417123e-15,3.3874660740602187e-17,2.1083925569664092e-17
991,-5.972225750619795e-16,2.1082639651804826,8.120956960974299e-15,1.0224085919995414e-16,1.1120249312727513e-16
992,0.010764485479585832,1.6682181143252441,1.1509126095526528e-14,-1.4335614830964655e-06,-0.0029339201281183263
993,-0.010764485479585082,1.668218114325243,1.1534912425540658e-14,1.4335614831701912e-06,0.0029339201281181598
994,-5.442751851007822e-16,1.9213536256073904,6.600534359259255e-15,-1.639053222166802e-16,-1.3735351276799766e-16
995,-0.010764485479585157,1.6682181143252546,9.388669884578416e-15,1.433561482459822e-06,0.0029339201281178597
996,0.010764485479585164,1.6682181143252557,9.271705603068418e-15,-1.4335614818058312e-06,-0.002933920128116843
997,8.599535161073472e-16,1.7017946621019058,9.137155649913123e-15,-5.380036886216784e-16,-6.940992669208898e-16
998,0.014570345984925416,2.2332580828564828,7.359617514947211e-15,1.812745574531708e-06,-0.002896520687101202
999,1.3932928435885963e-16,2.2754198917739563,6.610322715047215e-15,3.117833028995544e-17,2.9983856989896745e-18
1000,1.1227207597061198e-15,2.221794736705708,9.653253048568852e-15,-6.97342584898001e-16,-9.077039948983823e-16
1001,6.612380661743649e-16,2.3342459671360642,8.163353995691058e-15,1.2261733083908067e-16,9.256313617148004e-17
1002,1.116903467431625e-16,1.8240417861039717,9.603102875973051e-15,-1.212568844793586e-16,-1.4051930171304409e-16
1003,9.217276222675727e-16,1.8240417861039726,9.126250399777375e-15,-6.311932821843804e-16,-5.745403305402238e-16
1004,-5.549738340872274e-16,1.9591210796121161,1.0374429639492026e-14,3.115767286036397e-16,2.645051092563583e-16
1005,1.0948395538164627e-16,1.7880086806722275,7.757081691940121e-15,3.3953370956693305e-17,1.0540791135193153e-17
1006,-1.0885176648377204e-16,1.7776842524646106,9.449617475699027e-15,-5.350633177858653e-17,-2.8693046700795474e-17
1007,5.773336983774383e-16,2.038053956763462,9.94359864637151e-15,-3.73456826444421e-16,-4.247630546626023e-16
1008,5.035769640037255e-16,1.7776842524646084,8.641692547378246e-15,1.8636524784607523e-16,2.56410809472837e-16
1009,5.773336983774392e-16,2.038053956763465,9.675487073267583e-15,-3.5498007324948934e-16,-3.744866629983271e-16
1010,-0.014570345984926387,2.2332580828564796,7.14437540381414e-15,-1.812745574806228e-06,0.002896520687101051
1011,-0.014570345984922402,2.233258082856477,6.7680895747183214e-15,-1.8127455754905764e-06,0.002896520687099784
1012,0.006563751298478436,2.37764772773029,7.82468322891612e-15,2.4635131764729618e-06,0.001214558058830419
1013,0.006563751298480022,2.3776477277302908,7.0155889884871055e-15,2.4635131759230544e-06,0.0012145580588300894
1014,-0.006563751298479469,2.3776477277302814,7.891741837085098e-15,-2.4635131762786727e-06,-0.0012145580588298621
1015,-0.006563751298479486,2.3776477277302877,6.639160311384226e-15,-2.463513176689802e-06,-0.0012145580588305352
1016,5.065016364840369e-16,1.7880086806722255,7.428573867505578e-15,1.6106606777748379e-16,1.8455587959162164e-16
1017,0.004485537941414491,1.7071977315775233,8.112124915217348e-15,1.994608860430777e-07,0.00040507602596501365
1018,-0.004485537941414488,1.7071977315775224,8.178498437126857e-15,-1.994608859684846e-07,-0.0004050760259648452
1019,-0.004485537941411091,1.7071977315775277,7.732575073844573e-15,-1.994608861384875e-07,-0.00040507602596499717
1020,0.004485537941411825,1.7071977315775184,7.437235703263917e-15,1.994608844905002e-07,0.00040507602596336875
1021,-5.001788831171778e-16,1.765688638462352,8.443463115881611e-15,2.442665148487787e-16,2.0596348480698473e-16
1022,-1.0420486928745772e-16,1.701794662101909,8.208513697232136e-15,4.56381087282821e-17,1.829657075820497e-16
1023,1.2138432514510596e-15,2.4021204951849673,7.032354626643452e-15,-2.1194840232767858e-16,3.9379352006209656e-16
1024,-1.4708745877972571e-16,2.4021204951849584,8.17538704901701e-15,2.78365202016509e-17,3.5623147178482896e-16
1025,0.0009398453551403931,1.7469036056017317,9.565930938474271e-15,-2.782656177213261e-07,5.252138876928763e-05
1026,0.0009398453551322464,1.7469036056017297,8.608487490205307e-15,-2.7826561782226533e-07,5.252138876868937e-05
1027,-0.0009398453551400029,1.7469036056017273,9.594241592709289e-15,2.782656179866304e-07,-5.2521388768991427e-05
1028,-0.000939845355131467,1.746903605601723,8.526550235770363e-15,2.7826561825616304e-07,-5.252138876828995e-05
1029,-1.0811724696918793e-16,1.7656886384623447,8.73841673650766e-15,3.4740407822034887e-17,5.643400355345874e-17
1030,6.612380661743666e-16,2.33424596713607,7.220758267769324e-15,1.2071730922789037e-16,1.473689362154509e-16
1031,6.445739952663665e-16,2.2754198917739608,5.717355994168761e-15,1.2862675730556321e-16,1.1397963796812978e-16
1032,0.0145703459849239,2.2332580828564783,6.965764840669921e-15,1.8127455750759774e-06,-0.002896520687100737
1033,-1.4160354667534335e-16,2.312561414016405,6.259346063044314e-15,-1.465483465780187e-17,7.581074579846036e-17
1034,6.550953322154889e-16,2.312561414016409,6.1850240852572654e-15,1.037039377982385e-16,2.088757836940687e-16
1035,6.293832251697839e-16,2.221794736705697,7.938281787931303e-15,-3.902111381411111e-16,-3.541978647924796e-16
1036,-0.0004199395817837721,2.2025645847261477,6.917135331561961e-15,1.4444003828159536e-06,-0.0004542715621483227
1037,-0.00041993958178964124,2.2025645847261495,6.732070259762055e-15,1.444400382764725e-06,-0.000454271562153552
1038,-1.2733490241459316e-16,2.0795367693484956,7.490176580530346e-15,-2.932498539182577e-17,-1.7006635367051604e-16
1039,0.0021570358488081577,2.064012844306264,7.161899446333281e-15,-1.8679567655838746e-07,-0.00018234563808348507
1040,0.002157035848811815,2.064012844306255,6.639371750275398e-15,-1.8679567640117814e-07,-0.00018234563808359788
1041,0.00041993958178523797,2.2025645847261406,6.852398635954344e-15,-1.4444003835905619e-06,0.0004542715621467172
1042,0.0004199395817896394,2.2025645847261397,6.7200047358772136e-15,-1.444400383879556e-06,0.0004542715621524106
1043,-5.890848227916549e-16,2.0795367693484925,6.784257028017268e-15,-1.3522888943848785e-16,-4.3954265462655675e-16
1044,-0.0021570358488054095,2.0640128443062657,7.0412821545248615e-15,1.867956767398829e-07,0.00018234563808367017
1045,-0.002157035848812745,2.0640128443062684,6.584931579180972e-15,1.8679567730171646e-07,0.0001823456380847543
1046,0.006365865918983193,2.1188075121008043,7.443732351967922e-15,-3.2200465337091366e-06,-0.001439149461113176
1047,0.006365865918981318,2.1188075121008065,7.113800217255893e-15,-3.220046533235557e-06,-0.0014391494611122393
1048,-0.006365865918979455,2.1188075121008128,7.0034850770178406e-15,3.2200465331228e-06,0.0014391494611119488
1049,-0.006365865918983213,2.118807512100811,7.044901888505555e-15,3.2200465334385198e-06,0.0014391494611131254
1050,1.4118566096030868e-16,2.3057368223818924,7.898436689685677e-15,-6.615899065295482e-17,-4.346840736411061e-18
1051,-6.531620827471953e-16,2.3057368223819,8.16876356407106e-15,2.5108724710401313e-16,5.59157457829367e-16
1052,6.530472692991755e-16,2.305331517784777,8.328094073056781e-15,-3.244117129742657e-16,1.6708472821300945e-16
1053,-1.4116084321143138e-16,2.3053315177847695,7.703325011264455e-15,4.2032607109175764e-17,-4.661213044317554e-17
1054,0.0015428501123110432,2.106745150846785,6.773523949288698e-15,4.216265912155605e-07,0.0004930330954182056
1055,-0.001542850112309171,2.1067451508467836,6.59615657911109e-15,-4.216265912682527e-07,-0.0004930330954180524
1056,-0.0015428501123110393,2.1067451508467796,6.651586618951401e-15,-4.216265918741049e-07,-0.0004930330954185593
1057,0.0015428501123096363,2.10674515084678,6.3682170544883855e-15,4.2162659154407374e-07,0.0004930330954176611
